sample_id,tissue,age_mid,rin,ischemic_time,nuclear_z,mtdna_z,mitonuclear_score_v2,regen_score_v2
GTEX-1117F-0426-SM-5EGHI.1,MUSCLE,64.5,7.1,1220.0,-0.4068897453517821,-0.013370195909648462,-0.39351954944213363,0.1711138726277845
GTEX-1117F-0726-SM-5GIEN.1,HEART,64.5,6.3,1244.0,-0.202940486081983,-0.5260316323338703,0.3230911462518873,0.6960382825066348
GTEX-1117F-2926-SM-5GZYI.1,SKIN,64.5,7.7,1341.0,-0.08129212368559251,-1.1668286823777747,1.0855365586921821,0.13948877157607112
GTEX-1117F-3226-SM-5N9CT.1,BRAIN,64.5,6.2,1418.0,-0.152065128584196,0.17513262114400557,-0.3271977497282016,-0.20939396368773938
GTEX-111CU-1126-SM-5EGIM.1,SKIN,54.5,6.5,86.0,-1.1139402301276176,1.609161981059636,-2.7231022111872534,-0.37225066508530524
GTEX-111CU-1926-SM-5GZYZ.1,SKIN,54.5,5.9,141.0,-0.9434908287729868,1.2744761944428935,-2.2179670232158806,0.04294523222592161
GTEX-111CU-2026-SM-5GZZC.1,MUSCLE,54.5,8.1,144.0,0.029220488280167076,0.4912340823789934,-0.4620135940988263,-0.3301639425224683
GTEX-111FC-0126-SM-5N9DL.1,SKIN,64.5,7.2,1036.0,-0.34458022700758545,0.5295140312419563,-0.8740942582495417,-0.43185732118832176
GTEX-111FC-0326-SM-5GZZ1.1,MUSCLE,64.5,8.2,1045.0,0.1699772002354206,0.4704739789768287,-0.3004967787414081,-0.3953367152266709
GTEX-111FC-0626-SM-5N9CU.1,HEART,64.5,7.3,1054.0,0.9812047881289511,-0.7924818652215209,1.773686653350472,0.5810224009195447
GTEX-111FC-0826-SM-5GZWO.1,HEART,64.5,7.0,1060.0,0.3345919855090169,0.37464225782269556,-0.040050272313678636,0.0005305942430674121
GTEX-111FC-2526-SM-5GZXU.1,SKIN,64.5,7.0,1135.0,0.053318320487843754,1.0349380381156934,-0.9816197176278496,0.33967335325971004
GTEX-111FC-3126-SM-5GZZ2.1,BRAIN,64.5,6.1,1221.0,0.31531681538425643,0.003615093659921076,0.31170172172433536,0.20180355200439587
GTEX-111FC-3326-SM-5GZYV.1,BRAIN,64.5,7.1,1221.0,0.6976581245496555,-0.5554793141287215,1.253137438678377,0.1679210027057441
GTEX-111VG-0008-SM-5Q5BG.1,SKIN,64.5,9.2,1084.0,0.8924707547296132,-1.098163370789809,1.9906341255194224,-0.1539952298843825
GTEX-111VG-0326-SM-5GZX7.1,HEART,64.5,6.4,1006.0,-0.2378376134161099,0.564605057852402,-0.8024426712685119,0.24557800763765864
GTEX-111VG-1626-SM-5EGIO.1,SKIN,64.5,6.8,1046.0,-0.5623447503975253,0.8414230085972487,-1.403767758994774,-0.6525147944519895
GTEX-111VG-2426-SM-5GZXD.1,SKIN,64.5,7.4,1084.0,-0.16622246956796083,0.5293970789644088,-0.6956195485323696,0.27448558718973787
GTEX-111VG-2626-SM-5GZY2.1,MUSCLE,64.5,8.1,1088.0,0.6613960481836543,-0.7536521293135282,1.4150481774971824,-0.058669707276133506
GTEX-111YS-0008-SM-5Q5BH.1,SKIN,64.5,10.0,299.0,0.6330018684195505,-1.6827850381046732,2.315786906524224,-0.13364031874114443
GTEX-111YS-0326-SM-5GZZ3.1,HEART,64.5,8.5,120.0,0.07050417277640168,0.21042504631627273,-0.13992087353987104,-0.13149597159631046
GTEX-111YS-0426-SM-5987O.1,HEART,64.5,8.0,124.0,0.1908729342312234,0.5584001169433175,-0.36752718271209406,-0.6424973893386935
GTEX-111YS-1526-SM-5GZYW.1,SKIN,64.5,7.5,163.0,0.09004649204005988,0.952155618416466,-0.8621091263764061,-0.14857516919379155
GTEX-111YS-2326-SM-5987L.1,MUSCLE,64.5,7.1,294.0,0.01174268814167068,0.04379801622686681,-0.032055328085196136,0.22590499416328694
GTEX-1122O-0008-SM-5QGR2.1,SKIN,64.5,10.0,128.0,0.7731406715553812,-1.2828934798577656,2.056034151413147,-0.09505741876883878
GTEX-1122O-0626-SM-5N9B9.1,HEART,64.5,8.6,60.0,0.6472923505085223,-0.05722849719093839,0.7045208476994607,0.18985742622554075
GTEX-1122O-0826-SM-5GICV.1,HEART,64.5,8.0,62.0,0.3411682297796434,0.3612904113065394,-0.020122181526895988,-0.3207507883413722
GTEX-1122O-1026-SM-9WYSF.1,SKIN,64.5,7.5,94.0,-0.5445321122653927,0.7957255247672202,-1.340257637032613,-0.4124563042033712
GTEX-1122O-2126-SM-5EGIR.1,SKIN,64.5,7.1,128.0,0.33396433216432486,-1.3337465847380297,1.6677109169023545,-0.48670500389347887
GTEX-1122O-2426-SM-5GIDN.1,MUSCLE,64.5,7.0,131.0,-0.12492992450907942,0.27580860123346085,-0.40073852574254026,-0.029188392790305485
GTEX-1128S-0008-SM-5Q5DP.1,SKIN,64.5,8.9,886.0,0.2563100697893329,-0.8900581962107778,1.1463682660001107,0.010827040716245177
GTEX-1128S-2326-SM-5GZZY.1,SKIN,64.5,7.0,886.0,-0.6397981458349158,1.2392337626412337,-1.8790319084761495,-0.10018583674465668
GTEX-1128S-2426-SM-5H11B.1,MUSCLE,64.5,7.6,889.0,-0.23817049231647464,0.8801654122471481,-1.1183359045636228,-0.5771582383949766
GTEX-1128S-2726-SM-5H12C.1,BRAIN,64.5,6.3,1034.0,0.08208751056310876,0.38774842090260486,-0.3056609103394961,-0.08243056452999456
GTEX-1128S-2826-SM-5N9DI.1,BRAIN,64.5,6.3,1036.0,0.2846908756602478,-0.07786925570859198,0.3625601313688398,-0.271586119120151
GTEX-113IC-0008-SM-5QGRF.1,SKIN,64.5,10.0,94.0,0.3581154284529782,-1.3994774113059996,1.7575928397589777,-0.02807163476229127
GTEX-113IC-0126-SM-5HL6T.1,SKIN,64.5,7.2,94.0,-0.3620141751267087,0.7203837477469477,-1.0823979228736564,0.7677001654599704
GTEX-113JC-0008-SM-5QGR6.1,SKIN,54.5,10.0,681.0,0.2941528487173782,-0.7499593667594469,1.044112215476825,0.0655886253647317
GTEX-113JC-2326-SM-5EQ4E.1,SKIN,54.5,7.5,681.0,0.10263734104525417,0.18203683019126318,-0.07939948914600901,0.40565231780026617
GTEX-113JC-2726-SM-5EGIS.1,MUSCLE,54.5,7.7,686.0,0.17671793934192115,0.11384521566384037,0.06287272367808078,-0.1617627994528208
GTEX-117XS-0008-SM-5Q5DQ.1,SKIN,64.5,10.0,917.0,0.37342073555473715,-1.34512828983242,1.7185490253871571,-0.14435199998477247
GTEX-117XS-0726-SM-5H131.1,HEART,64.5,6.9,862.0,-0.014625510978492498,0.3064159543872104,-0.32104146536570294,0.044725840699172306
GTEX-117XS-2526-SM-5H11G.1,MUSCLE,64.5,8.3,914.0,-0.09743350232357686,0.24217601136764982,-0.3396095136912267,-0.39883284741938513
GTEX-117XS-2726-SM-5N9BL.1,SKIN,64.5,6.9,916.0,-0.5208703411047011,0.8949294336135368,-1.4157997747182378,-0.4592867757628422
GTEX-117XS-3026-SM-5N9CA.1,BRAIN,64.5,6.4,1017.0,0.41731986230878243,0.052873848198837795,0.36444601410994465,-0.04287682193156209
GTEX-117XS-3126-SM-5GIDP.1,BRAIN,64.5,7.2,1018.0,0.7338098676597612,-0.7522515109267947,1.4860613785865557,0.029817625066241023
GTEX-117YW-0008-SM-5QGRD.1,SKIN,54.5,9.9,980.0,0.31589477742668187,-1.5020210905394493,1.8179158679661311,-0.03955734431454237
GTEX-117YW-0326-SM-5N9CY.1,HEART,54.5,5.7,816.0,-1.3187294131529783,1.0201596374929152,-2.3388890506458937,-0.49167991099655356
GTEX-117YW-0426-SM-5GZZZ.1,HEART,54.5,5.8,817.0,-2.298484466811124,1.2287866277333603,-3.5272710945444845,-1.0863580721481232
GTEX-117YW-2426-SM-5Q5AE.1,MUSCLE,54.5,6.1,978.0,-0.03166177573554216,0.29304795993992744,-0.32470973567546957,-0.45064020091108153
GTEX-117YW-2626-SM-5GZZH.1,SKIN,54.5,6.8,982.0,0.04436075349338742,0.3454081360340367,-0.3010473825406493,0.4020208012477154
GTEX-117YW-2926-SM-5GIEQ.1,BRAIN,54.5,5.9,1045.0,-1.405586343249907,1.072691965353879,-2.4782783086037856,0.06511507648986213
GTEX-117YX-0626-SM-5EGJI.1,HEART,54.5,7.9,90.0,0.3264715654425621,0.038745956910920226,0.28772560853164186,0.11504545520479995
GTEX-117YX-1126-SM-5H128.1,HEART,54.5,8.1,102.0,0.10763858246973257,0.5340587272461783,-0.42642014477644574,-0.6864707143955456
GTEX-117YX-1926-SM-5GIEC.1,SKIN,54.5,6.6,116.0,-0.5949454174865869,1.7458258501216997,-2.340771267608287,-0.08250603182545094
GTEX-117YX-2326-SM-5H12W.1,SKIN,54.5,6.4,147.0,-0.3342013749256854,1.2343254300302833,-1.5685268049559686,0.06786898632887603
GTEX-117YX-2526-SM-5EQ4Q.1,MUSCLE,54.5,8.3,154.0,0.2810892603506113,0.5598309022734141,-0.2787416419228028,-0.1591077838008146
GTEX-1192W-0008-SM-5QGRE.1,SKIN,64.5,9.9,810.0,0.45118482350364864,-0.8408663035839309,1.2920511270875794,-0.10542811656143117
GTEX-1192W-0226-SM-5EGGT.1,HEART,64.5,6.8,675.0,-0.11175889827973547,0.10421620879184294,-0.2159751070715784,0.607184624900718
GTEX-1192W-2626-SM-5Q5AF.1,SKIN,64.5,5.8,810.0,0.2860885699634718,-0.33720931725029507,0.6232978872137669,0.509251796665683
GTEX-1192X-0008-SM-5Q5B7.1,SKIN,54.5,9.2,856.0,0.6880850229914578,-1.6429565568809572,2.331041579872415,-0.08247262021861648
GTEX-1192X-0011-R10a-SM-DO941.1,BRAIN,54.5,8.7,762.0,1.257402589222355,-1.2411660446826256,2.4985686339049806,0.17245949797168308
GTEX-1192X-0011-R11b-SM-DO935.1,BRAIN,54.5,8.3,762.0,1.3699881247933534,-1.3342976202431402,2.7042857450364934,-0.1181412817866552
GTEX-1192X-0011-R5a-SM-DNZZA.1,BRAIN,54.5,8.5,762.0,0.7386744212555635,-0.052917746096357195,0.7915921673519207,0.29809664550265186
GTEX-1192X-0011-R6a-SM-DNZZB.1,BRAIN,54.5,8.1,762.0,0.6276436013476405,-0.08519251250486848,0.712836113852509,0.13879399141146914
GTEX-1192X-0011-R7b-SM-DNZZC.1,BRAIN,54.5,8.4,762.0,0.37841531837085346,0.15205037810183314,0.22636494026902032,0.19312823869377177
GTEX-1192X-0011-R8b-SM-DO11U.1,BRAIN,54.5,8.2,762.0,1.1351965107031858,-1.1664625365742767,2.3016590472774627,1.024458358713861
GTEX-1192X-0011-R9b-SM-DO934.1,BRAIN,54.5,7.3,762.0,0.596533555676508,-0.7275067054831806,1.3240402611596886,0.7318095524457756
GTEX-1192X-0226-SM-5H12D.1,SKIN,54.5,6.0,856.0,-0.3109872062373599,0.4476968916460641,-0.758684097883424,0.2521135497295855
GTEX-1192X-0426-SM-5GIEE.1,MUSCLE,54.5,7.5,859.0,0.10458532438209718,-0.07403501886524638,0.17862034324734355,-0.021755399889020085
GTEX-1192X-0726-SM-5987R.1,HEART,54.5,6.5,882.0,-0.05042285968268419,-0.40555135109070595,0.3551284914080218,0.17336951301191073
GTEX-1192X-1026-SM-5H12P.1,LIVER,54.5,6.0,889.0,1.9087094378857474,-4.86162848062787,6.770337918513617,2.968879199483602
GTEX-1192X-2726-SM-5N9DN.1,SKIN,54.5,6.0,953.0,-0.158340229102179,0.5729886868876569,-0.731328915989836,-0.14525323650823088
GTEX-1192X-3126-SM-5N9BY.1,BRAIN,54.5,7.1,989.0,0.8359889999502917,-0.9222687038304318,1.7582577037807234,0.5260951611189875
GTEX-1192X-3226-SM-5987D.1,BRAIN,54.5,5.9,989.0,0.7501695036749703,-1.212779205605703,1.9629487092806732,0.005657241175516591
GTEX-11DXW-0008-SM-5Q59V.1,SKIN,44.5,9.1,1091.0,0.1986922305718186,-1.460837133125331,1.6595293636971495,0.08556630296335024
GTEX-11DXW-0011-R1a-SM-DNZZD.1,BRAIN,44.5,7.5,1080.0,-0.28990103774481446,0.4702542999634043,-0.7601553377082187,-0.31017441763125153
GTEX-11DXW-0011-R3b-SM-DNZZE.1,BRAIN,44.5,6.1,1080.0,0.359392779937071,0.08600864446243675,0.27338413547463425,-0.13269711393608932
GTEX-11DXW-0011-R5b-SM-DO11D.1,BRAIN,44.5,6.8,1080.0,-0.7591882229928514,1.017995183996705,-1.7771834069895562,-0.4612671258537288
GTEX-11DXW-0011-R6a-SM-DO11N.1,BRAIN,44.5,6.1,1080.0,-0.028157899297100178,0.47387153027223794,-0.5020294295693382,-0.14434299324245548
GTEX-11DXW-0011-R7b-SM-DO119.1,BRAIN,44.5,6.8,1080.0,-1.154486110940039,1.0966606801916656,-2.2511467911317045,-0.5948977060976726
GTEX-11DXW-0226-SM-5H122.1,SKIN,44.5,7.2,1089.0,0.1584457308041067,-0.09432243199326754,0.25276816279737424,0.37621419034251624
GTEX-11DXW-0726-SM-5H12J.1,MUSCLE,44.5,8.2,1105.0,-0.374942182119428,0.5936044149214283,-0.9685465970408563,-0.21031519290872472
GTEX-11DXW-0826-SM-5H118.1,SKIN,44.5,7.3,1107.0,-0.07684258290169807,0.42278977789370814,-0.4996323607954062,0.4696113799940455
GTEX-11DXW-1026-SM-5H11K.1,BRAIN,44.5,6.0,1135.0,0.6038764453101306,-0.5616379086998091,1.1655143540099397,-0.07518083449895743
GTEX-11DXW-1126-SM-5H12Q.1,BRAIN,44.5,6.6,1137.0,0.06952386682616689,0.4065459165536032,-0.3370220497274363,-0.11467328744115923
GTEX-11DXX-0008-SM-5Q5B8.1,SKIN,64.5,10.0,161.0,0.7943892705651912,-1.4294482794202124,2.2238375499854035,-0.2390630849842112
GTEX-11DXX-0326-SM-5PNWC.1,HEART,64.5,7.8,86.0,0.06310797803703867,0.4776451648954882,-0.41453718685844954,-0.561337143111538
GTEX-11DXX-0526-SM-5PNVR.1,HEART,64.5,6.4,86.0,0.12933934052259388,0.31065621290642503,-0.18131687238383115,0.08371875067055329
GTEX-11DXX-2126-SM-5PNYR.1,SKIN,64.5,7.9,136.0,-0.045739929580848264,0.9791024137360081,-1.0248423433168563,-0.4393529167136911
GTEX-11DXX-2426-SM-5GZZW.1,SKIN,64.5,6.8,161.0,-0.19287502427537595,1.0756877665040576,-1.2685627907794337,0.06270023719907314
GTEX-11DXX-2726-SM-5PNXO.1,MUSCLE,64.5,8.7,166.0,-0.298555389563074,0.057575726191653735,-0.3561311157547277,0.015634778268312468
GTEX-11DXY-0008-SM-5QGR4.1,SKIN,64.5,10.0,963.0,0.14654844488815014,-1.2266978099309755,1.3732462548191258,0.011273539121585689
GTEX-11DXY-0011-R10b-SM-DO12C.1,BRAIN,64.5,7.0,869.0,0.882137174198199,-0.3621112124313306,1.2442483866295295,-0.0015883821594821356
GTEX-11DXY-0011-R11a-SM-DNZZN.1,BRAIN,64.5,7.6,869.0,1.1965243965077752,-1.822984884700649,3.019509281208424,0.009049078504420329
GTEX-11DXY-0011-R5b-SM-DNZZL.1,BRAIN,64.5,5.6,869.0,0.6439684893353678,0.045643221087387616,0.5983252682479802,0.22301511871759575
GTEX-11DXY-0011-R6a-SM-DNZZF.1,BRAIN,64.5,8.3,869.0,0.7207138955420284,-0.01691051886979916,0.7376244144118275,0.07617484556796811
GTEX-11DXY-0011-R7a-SM-DO11L.1,BRAIN,64.5,7.3,869.0,0.21962830113556825,0.5521548792005272,-0.33252657806495894,-0.0935129210944778
GTEX-11DXY-0011-R8a-SM-DO11M.1,BRAIN,64.5,6.5,869.0,0.7985595971763033,-0.2847524635891623,1.0833120607654656,0.36579134110374517
GTEX-11DXY-0126-SM-5H11Q.1,SKIN,64.5,7.4,880.0,-0.28501553848991634,0.5846674449917854,-0.8696829834817017,-0.09202382491818996
GTEX-11DXY-0526-SM-5EGGQ.1,LIVER,64.5,6.8,891.0,-0.3223736951523851,0.7864376024337691,-1.1088112975861542,-0.5350063895415755
GTEX-11DXY-0826-SM-5EGGR.1,HEART,64.5,6.0,908.0,-1.9079265635763865,1.2077021142915427,-3.115628677867929,-1.1082400927098308
GTEX-11DXY-1026-SM-5987V.1,HEART,64.5,6.6,906.0,-0.536113092001002,0.7273321931717015,-1.2634452851727036,-0.2614621365456373
GTEX-11DXY-2626-SM-5GIE7.1,SKIN,64.5,6.6,963.0,0.05063848790224007,0.3139203691046941,-0.26328188120245405,0.18554036735618604
GTEX-11DXY-2726-SM-5GID2.1,MUSCLE,64.5,7.1,964.0,0.23607823010029075,0.18953274999025924,0.04654548011003151,-0.2045498662152902
GTEX-11DXY-3126-SM-5N9BT.1,BRAIN,64.5,7.3,1016.0,0.7670885705365171,-0.7777821023962085,1.5448706729327255,0.06228665237202002
GTEX-11DXY-3226-SM-5GIDE.1,BRAIN,64.5,7.7,1016.0,0.5314416309996106,0.045991796575801026,0.48544983442380957,0.2805552195453584
GTEX-11DXZ-0126-SM-5EGGY.1,LIVER,54.5,7.9,250.0,-0.33474893560930685,0.23736764699518278,-0.5721165826044896,-0.006398014512631722
GTEX-11DXZ-0326-SM-5EGH1.1,HEART,54.5,8.3,268.0,-0.048798553576758004,-0.10815502124159085,0.059356467664832845,-0.05573024026680049
GTEX-11DXZ-0626-SM-5GU77.1,HEART,54.5,6.3,279.0,0.8935221489349872,-0.6132510730198433,1.5067732219548304,-0.19656825274752615
GTEX-11DXZ-2026-SM-5987S.1,SKIN,54.5,7.2,320.0,-1.2711459509836567,1.4752674499800686,-2.7464134009637253,-0.4557022905253103
GTEX-11DXZ-2326-SM-5EGGV.1,SKIN,54.5,8.1,328.0,-1.0167858875238316,0.3771184108751574,-1.393904298398989,-0.30785200003643387
GTEX-11DXZ-2426-SM-5N9DT.1,MUSCLE,54.5,8.7,330.0,-0.4892827403768009,0.24212216364035058,-0.7314049040171515,-0.4782509095004001
GTEX-11DYG-0008-SM-5QGR5.1,SKIN,64.5,9.9,782.0,0.1882603073059896,-1.6052925601196446,1.7935528674256342,0.20905442891445444
GTEX-11DYG-0011-R10b-SM-DNZZO.1,BRAIN,64.5,6.4,686.0,0.7266764398109207,-0.6792137302444432,1.4058901700553639,-0.08568140256153266
GTEX-11DYG-0011-R11a-SM-DNZZP.1,BRAIN,64.5,7.3,686.0,1.240617472064349,-2.608877510476556,3.8494949825409046,-0.03853472881460747
GTEX-11DYG-0011-R5a-SM-DO928.1,BRAIN,64.5,8.4,686.0,0.3792411384715632,0.17774009367156862,0.2015010447999946,-0.47389594814082747
GTEX-11DYG-0011-R6a-SM-DO936.1,BRAIN,64.5,6.6,686.0,0.4211692326169965,-0.563191660121883,0.9843608927388796,0.0918891782555724
GTEX-11DYG-0011-R7b-SM-EXUS6.1,BRAIN,64.5,7.8,686.0,0.34736223697891433,0.0674430847927966,0.27991915218611774,-0.19448210652375375
GTEX-11DYG-0011-R8a-SM-DO93F.1,BRAIN,64.5,6.8,686.0,-0.11011705487903622,0.3084838171073055,-0.4186008719863417,-0.3558326038895839
GTEX-11DYG-0126-SM-59883.1,SKIN,64.5,7.7,781.0,-0.7787885589007609,0.12271146409433759,-0.9015000229950985,-0.4033613871916562
GTEX-11DYG-1026-SM-5A5JQ.1,HEART,64.5,6.2,851.0,0.9118674533347966,-1.4266624448331948,2.3385298981679914,0.35199805133578754
GTEX-11DYG-1526-SM-5A5JS.1,SKIN,64.5,6.9,863.0,-0.648152817435436,0.54732074088601,-1.195473558321446,-0.06364284643425211
GTEX-11DYG-2926-SM-5H132.1,BRAIN,64.5,7.0,915.0,0.6142772761450026,-0.9228858085268319,1.5371630846718345,-0.034774862897923794
GTEX-11DZ1-0008-SM-5QGR3.1,SKIN,54.5,10.0,1193.0,0.2519119665466141,-0.6356765941777396,0.8875885607243537,0.04946693040124765
GTEX-11DZ1-0011-R10b-SM-DO943.1,BRAIN,54.5,8.1,1060.0,0.5081692322345892,-0.19082690912693576,0.698996141361525,0.15912188578870642
GTEX-11DZ1-0011-R11b-SM-DO11W.1,BRAIN,54.5,6.3,1060.0,0.7070686946691304,-1.1020251909680976,1.8090938856372278,-0.2826368423037786
GTEX-11DZ1-0011-R2a-SM-DNZZM.1,BRAIN,54.5,6.8,1060.0,0.49688028652435473,0.028926615426214716,0.46795367109814,0.0063014703394548115
GTEX-11DZ1-0011-R3a-SM-DNZYY.1,BRAIN,54.5,7.1,1060.0,0.7582763928770808,-0.40805424230222076,1.1663306351793015,-0.12630104151733892
GTEX-11DZ1-0011-R5a-SM-DO11J.1,BRAIN,54.5,7.1,1060.0,0.09316019276414308,0.2197089988950943,-0.1265488061309512,0.00538464698895063
GTEX-11DZ1-0011-R6b-SM-DNZZG.1,BRAIN,54.5,7.3,1060.0,0.6688410174123476,-0.3806396816283871,1.0494806990407346,0.12451260531307169
GTEX-11DZ1-0011-R7a-SM-DNZZH.1,BRAIN,54.5,7.7,1060.0,0.3391964348539975,0.005395361946662343,0.33380107290733513,-0.18522024312576643
GTEX-11DZ1-0011-R8b-SM-DNZZI.1,BRAIN,54.5,7.1,1060.0,0.536823789487281,-0.11526201874484693,0.6520858082321279,-0.0457233635668351
GTEX-11DZ1-0011-R9a-SM-DO933.1,BRAIN,54.5,7.3,1060.0,0.16712568013644136,-0.3618980328727277,0.5290237130091691,0.7361419301785549
GTEX-11DZ1-0126-SM-5985Q.1,SKIN,54.5,7.7,1193.0,-0.6249167386582642,0.8728676311131073,-1.4977843697713715,0.1341869410100679
GTEX-11DZ1-0926-SM-5EQ5R.1,MUSCLE,54.5,7.6,1231.0,0.14050583842992348,-0.8081101319419235,0.948615970371847,0.14407625810960906
GTEX-11DZ1-2426-SM-5GZZX.1,SKIN,54.5,6.0,1276.0,-0.35958411818748776,-0.0014968690345773454,-0.3580872491529104,0.18036686377496558
GTEX-11DZ1-2926-SM-5A5KI.1,BRAIN,54.5,6.3,1314.0,0.4104516226634882,-0.7105694359306475,1.1210210585941356,0.17318685894248328
GTEX-11EI6-0008-SM-5QGR7.1,SKIN,64.5,10.0,970.0,-0.059434379320185866,-0.5685265552300389,0.509092175909853,0.09035267610825594
GTEX-11EI6-0011-R10a-SM-DO93R.1,BRAIN,64.5,6.7,902.0,0.17313815169764749,0.20291921804896113,-0.02978106635131364,-0.05310012733195046
GTEX-11EI6-0011-R11a-SM-DO11V.1,BRAIN,64.5,6.8,902.0,-0.27618807449171984,0.4814133082747795,-0.7576013827664994,-0.7230716517748955
GTEX-11EI6-0011-R1a-SM-DO93L.1,BRAIN,64.5,6.3,902.0,-0.684061335046044,0.6655773612863587,-1.3496386963324027,-0.32742180358051093
GTEX-11EI6-0011-R8a-SM-DO93M.1,BRAIN,64.5,5.7,902.0,-1.4474208799344632,1.1357737215156885,-2.5831946014501517,-0.7878225642495063
GTEX-11EI6-0126-SM-5985R.1,SKIN,64.5,7.4,969.0,-0.21751814330474137,0.31301413172991155,-0.530532275034653,0.08662642225245416
GTEX-11EI6-0326-SM-5EQ6G.1,MUSCLE,64.5,8.2,973.0,0.33677229518859164,0.3206929763620796,0.016079318826512035,-0.21310392030466813
GTEX-11EI6-2826-SM-5H11D.1,SKIN,64.5,7.8,1028.0,0.1128031928990964,-0.02996662174994187,0.14276981464903826,0.5971971711490538
GTEX-11EI6-2926-SM-5985U.1,BRAIN,64.5,6.2,1045.0,-0.36672626028831845,0.6025793861242392,-0.9693056464125577,-0.25973313032425194
GTEX-11EI6-3026-SM-5GZZO.1,BRAIN,64.5,6.4,1048.0,-0.15995503602310066,0.5596027256188412,-0.7195577616419419,-0.02325057263093073
GTEX-11EM3-0426-SM-5N9BZ.1,HEART,24.5,8.3,110.0,0.4478105869144514,-0.019038611000747285,0.4668491979151987,0.460292639646295
GTEX-11EM3-0626-SM-5H12Z.1,HEART,24.5,8.5,142.0,0.15706174720166638,-0.331336135267177,0.48839788246884336,0.11895857886279006
GTEX-11EM3-1226-SM-5N9DD.1,SKIN,24.5,7.6,165.0,-0.23282601055850116,0.8053016634521227,-1.038127674010624,0.39755519546079
GTEX-11EM3-2126-SM-5H11M.1,MUSCLE,24.5,7.9,233.0,-0.49726739908032164,0.7559568228781216,-1.2532242219584433,-0.17898486381869438
GTEX-11EM3-2426-SM-59861.1,SKIN,24.5,7.9,240.0,-0.4989890122716495,0.8611703396145245,-1.3601593518861739,-0.017366036786138267
GTEX-11EMC-0008-SM-5Q5DR.1,SKIN,64.5,10.0,809.0,0.6540429905252569,-1.213544677123027,1.8675876676482839,-0.1506687285080694
GTEX-11EMC-0011-R10a-SM-DNZZJ.1,BRAIN,64.5,7.5,640.0,0.6069775969364442,-0.11374377893011584,0.72072137586656,-0.13096928587981105
GTEX-11EMC-0011-R11b-SM-DNZZK.1,BRAIN,64.5,6.3,640.0,0.4388787282068921,-0.13547515746050437,0.5743538856673964,-0.6770700796028967
GTEX-11EMC-0011-R2b-SM-DO114.1,BRAIN,64.5,7.1,640.0,-1.2718651378521966,0.8585123329763533,-2.1303774708285497,-0.5629705010031614
GTEX-11EMC-0011-R8b-SM-DO91Z.1,BRAIN,64.5,5.7,640.0,-1.1382654582316991,0.7461086591664365,-1.8843741173981357,-0.6051288088596912
GTEX-11EMC-0011-R9b-SM-DO921.1,BRAIN,64.5,7.6,640.0,0.028739922935839792,-0.3928651096078123,0.42160503254365206,0.2594748923903349
GTEX-11EMC-0726-SM-5EGJO.1,HEART,64.5,6.5,710.0,-0.17996851285166487,0.6199945191456224,-0.7999630319972872,-0.47357090139867697
GTEX-11EMC-0826-SM-59862.1,HEART,64.5,6.5,713.0,0.01683152141812844,0.23014686278340182,-0.2133153413652734,0.1386840498733023
GTEX-11EMC-2626-SM-59864.1,MUSCLE,64.5,8.4,805.0,0.4165222325548168,-0.8752973768137439,1.2918196093685608,0.023698867568362984
GTEX-11EMC-2926-SM-5EQ4F.1,SKIN,64.5,6.4,809.0,0.598962738599244,-0.4524196697104162,1.0513824083096601,0.7650910794164425
GTEX-11EMC-3226-SM-5EGKW.1,BRAIN,64.5,6.0,864.0,-0.1971560532256828,0.5442904837604525,-0.7414465369861354,-0.12454437860593559
GTEX-11EMC-3326-SM-5P9JH.1,BRAIN,64.5,6.9,866.0,0.46286698499329976,-0.35626125141116627,0.8191282364044661,-0.08016749963042162
GTEX-11EQ8-0008-SM-5Q5DJ.1,SKIN,64.5,10.0,461.0,0.13299166806238547,-1.0918841083084982,1.2248757763708837,0.06709179136486196
GTEX-11EQ8-0126-SM-5EQ54.1,SKIN,64.5,6.8,460.0,0.41095201504111223,-0.3382095522946573,0.7491615673357696,0.8850711536467117
GTEX-11EQ8-0526-SM-5N9BC.1,MUSCLE,64.5,7.6,471.0,-0.5632400921295896,-1.0462754988500627,0.48303540672047307,-0.07012881280467018
GTEX-11EQ8-0926-SM-5H12V.1,SKIN,64.5,6.9,499.0,-0.505605406511522,0.2350034567917782,-0.7406088633033001,0.013785355936986345
GTEX-11EQ8-1326-SM-5EGJQ.1,HEART,64.5,6.2,509.0,-0.1802098901544803,0.0641447648162617,-0.244354654970742,0.38728814267886047
GTEX-11EQ8-2826-SM-5N9C1.1,BRAIN,64.5,6.4,557.0,0.31821628259474605,-1.2613235476346207,1.5795398302293668,-0.27603954904584377
GTEX-11EQ9-0008-SM-5Q5DK.1,SKIN,34.5,10.0,321.0,0.37028219299302156,-0.5811323666081237,0.9514145596011453,-0.514558279985232
GTEX-11EQ9-0526-SM-5A5JZ.1,LIVER,34.5,8.1,82.0,0.30524513836795,-0.30213792035107256,0.6073830587190225,0.14293415206695068
GTEX-11EQ9-1626-SM-5PNY8.1,SKIN,34.5,7.9,126.0,-0.2370097407212859,0.556644593633455,-0.7936543343547409,0.09854026354873797
GTEX-11EQ9-2126-SM-5PNVW.1,MUSCLE,34.5,8.7,318.0,0.2561258072504773,0.23503817680604555,0.021087630444431738,-0.1511488309688165
GTEX-11EQ9-2426-SM-5HL5T.1,SKIN,34.5,7.5,321.0,-0.30090589591169303,0.3250224547177172,-0.6259283506294102,-0.24198807163850777
GTEX-11GS4-0008-SM-5QGRA.1,SKIN,64.5,10.0,915.0,0.19509367245681725,-0.8672292174284644,1.0623228898852817,0.05289193176863414
GTEX-11GS4-0011-R1a-SM-DO129.1,BRAIN,64.5,6.1,689.0,-0.35162488109011447,0.6151661074749998,-0.9667909885651143,-0.18238999583114984
GTEX-11GS4-0011-R2a-SM-DO942.1,BRAIN,64.5,7.8,689.0,0.6136149319929309,-1.027495607110971,1.641110539103902,0.22914900487333426
GTEX-11GS4-0226-SM-5HL77.1,SKIN,64.5,7.4,785.0,-0.37280699134494427,0.6923050315811847,-1.065112022926129,-0.004853077335674033
GTEX-11GS4-0426-SM-5N9CD.1,HEART,64.5,6.5,796.0,-0.4045252015234922,0.5356890413301725,-0.9402142428536646,0.1215602382849476
GTEX-11GS4-0526-SM-5A5KQ.1,HEART,64.5,6.6,798.0,-0.9844386382276262,0.9757638019874949,-1.960202440215121,-0.34927116157390264
GTEX-11GS4-2526-SM-5A5KT.1,MUSCLE,64.5,8.5,913.0,-0.1972068129050644,1.118958287230634,-1.3161651001356984,-0.5770255958200393
GTEX-11GS4-2726-SM-5A5LE.1,SKIN,64.5,7.7,915.0,-0.18561989058823475,0.8981865330077999,-1.0838064235960347,0.15699319063845923
GTEX-11GS4-3126-SM-5A5LH.1,BRAIN,64.5,6.2,959.0,-0.07384715467551213,0.3844231335442706,-0.4582702882197827,-0.13114866647032267
GTEX-11GSO-0011-R1b-SM-57WD3.1,BRAIN,64.5,7.3,829.0,-0.5976981913826274,0.5412307686526729,-1.1389289600353003,0.09787014892777272
GTEX-11GSO-0011-R2a-SM-57WDF.1,BRAIN,64.5,6.6,829.0,-0.4526676092779459,0.5455396676600902,-0.9982072769380361,0.008955174947009162
GTEX-11GSO-0011-R3b-SM-57WB2.1,BRAIN,64.5,7.3,829.0,0.6453385116047042,-0.25121741369311845,0.8965559252978227,0.013100264198975354
GTEX-11GSO-2426-SM-5A5LY.1,SKIN,64.5,6.8,969.0,-0.188577351286417,-0.02520904112165133,-0.16336831016476566,0.11791349216399079
GTEX-11GSO-2526-SM-5PNVX.1,MUSCLE,64.5,8.6,971.0,-0.05353478028662763,0.13879086484539416,-0.19232564513202177,-0.4403861317575747
GTEX-11GSO-2926-SM-5HL73.1,BRAIN,64.5,6.8,1037.0,0.4189174748805642,0.04940038966288429,0.3695170852176799,0.08587438660550134
GTEX-11GSO-3026-SM-5Q5AL.1,BRAIN,64.5,7.1,1040.0,0.7303155743604791,-0.770249874734164,1.5005654490946432,0.07928981657430756
GTEX-11GSP-0008-SM-5Q5DM.1,SKIN,64.5,10.0,920.0,0.6787930027144222,-1.375737214781613,2.054530217496035,-0.026971292775778952
GTEX-11GSP-0011-R10a-SM-5NQ7J.1,BRAIN,64.5,6.6,711.0,-0.3204760479582999,0.31890375883495914,-0.639379806793259,-0.02656008261420689
GTEX-11GSP-0011-R11b-SM-5NQ7V.1,BRAIN,64.5,9.0,711.0,0.7709809754390884,-1.3581953313597535,2.1291763067988416,-0.023083748464583834
GTEX-11GSP-0011-R1a-SM-9QEJ3.1,BRAIN,64.5,6.7,711.0,-0.595061815833776,0.6963962188536483,-1.2914580346874245,-0.19029944717327194
GTEX-11GSP-0011-R2b-SM-9QEGE.1,BRAIN,64.5,7.0,711.0,0.7143424480846526,-0.5053572561073202,1.2196997041919728,0.553601306322053
GTEX-11GSP-0011-R3a-SM-9QEGF.1,BRAIN,64.5,5.9,711.0,-0.7443920620472756,0.6723871156273116,-1.416779177674587,-0.3493502727554444
GTEX-11GSP-0011-R5a-SM-57WBE.1,BRAIN,64.5,8.4,711.0,0.28548766283890686,0.15152220835807267,0.1339654544808342,0.49484404134344284
GTEX-11GSP-0011-R6b-SM-57WBQ.1,BRAIN,64.5,5.9,711.0,-0.2046782307111347,0.35896752628272277,-0.5636457569938574,0.1037932874765125
GTEX-11GSP-0011-R7b-SM-57WC3.1,BRAIN,64.5,7.8,711.0,0.14289050323049068,0.35761154586184296,-0.21472104263135228,0.14976605773667342
GTEX-11GSP-0011-R8b-SM-5NQ79.1,BRAIN,64.5,6.5,711.0,-0.1766601889074873,0.2668187059666267,-0.443478894874114,0.4994966219110058
GTEX-11GSP-0011-R9b-SM-5NQ77.1,BRAIN,64.5,7.7,711.0,-0.16613245569444376,0.2585237012579523,-0.4246561569523961,0.2772435527118709
GTEX-11GSP-0626-SM-5986T.1,LIVER,64.5,6.2,771.0,-1.2041068498676772,1.0429670526443842,-2.2470739025120614,-0.12061723142377702
GTEX-11GSP-1226-SM-5985M.1,HEART,64.5,7.9,779.0,-0.054513880902483235,-0.929225149849992,0.8747112689475088,0.5555885311111054
GTEX-11GSP-1326-SM-5A5KY.1,HEART,64.5,6.0,779.0,-1.4683088390330503,0.912988782005705,-2.3812976210387555,-0.6415662862049402
GTEX-11GSP-2326-SM-5HL63.1,SKIN,64.5,6.9,799.0,-0.024399470627812093,0.42081840433351003,-0.44521787496132215,-0.06135078842974724
GTEX-11GSP-2526-SM-5N9BP.1,SKIN,64.5,7.4,920.0,0.08548658138443002,0.14418166048256176,-0.058695079098131736,0.46266529925897265
GTEX-11GSP-2726-SM-5A5LJ.1,MUSCLE,64.5,8.4,921.0,0.004605626813900059,-0.0183292214820556,0.02293484829595566,-0.05881569025294767
GTEX-11GSP-3126-SM-5A5LL.1,BRAIN,64.5,6.9,961.0,0.6606003391644942,-0.9507647582293163,1.6113650973938105,0.058896576855074254
GTEX-11GSP-3226-SM-5986O.1,BRAIN,64.5,6.1,962.0,-0.4780209405512312,0.6574481010494436,-1.1354690416006747,-0.005890572793209468
GTEX-11H98-0008-SM-5QGR8.1,SKIN,54.5,10.0,733.0,0.2180169742863926,-1.3166490962935522,1.5346660705799449,0.15938155350705055
GTEX-11H98-0011-R10b-SM-5NQ98.1,BRAIN,54.5,8.1,613.0,0.7479169442032045,-0.32261113181571055,1.070528076018915,0.11558995346784208
GTEX-11H98-0011-R11b-SM-5NQ6U.1,BRAIN,54.5,9.2,613.0,1.0809427309554354,-1.668896301641702,2.749839032597137,0.10083839345107536
GTEX-11H98-0011-R5b-SM-57WCF.1,BRAIN,54.5,7.4,613.0,0.4065804045605221,0.08614223669467252,0.32043816786584955,0.1861127068772419
GTEX-11H98-0011-R8a-SM-5NQ8V.1,BRAIN,54.5,7.7,613.0,0.4057386680823865,-0.08118377764130852,0.48692244572369503,0.44532565865110896
GTEX-11H98-0126-SM-5EGHG.1,SKIN,54.5,7.8,733.0,-0.1881463085127212,-0.7052215514243548,0.5170752429116336,0.06831233050828893
GTEX-11H98-0326-SM-5HL4S.1,MUSCLE,54.5,8.1,744.0,0.8299990619859258,0.48826283213194066,0.3417362298539851,0.1903747765851407
GTEX-11I78-0008-SM-5Q5DI.1,SKIN,54.5,10.0,162.0,0.41523145148240875,-0.9760638887475774,1.3912953402299861,-0.19951162963273286
GTEX-11I78-0826-SM-5A5K4.1,HEART,54.5,8.4,90.0,0.4905562083797841,-0.13510124473070265,0.6256574531104867,0.005382378811122902
GTEX-11I78-2426-SM-5A5K9.1,MUSCLE,54.5,8.3,159.0,-0.2249415458467285,0.09963239025772228,-0.3245739361044508,-0.548418651524082
GTEX-11ILO-0008-SM-5QGR9.1,SKIN,44.5,10.0,373.0,0.4977406560777841,-0.8255608907583226,1.3233015468361067,0.007597433733076018
GTEX-11ILO-0126-SM-5A5LN.1,SKIN,44.5,7.1,372.0,-0.2225586167902001,0.9349778894680496,-1.1575365062582497,0.3230695432692684
GTEX-11ILO-0626-SM-5A5LO.1,SKIN,44.5,7.5,381.0,-0.04395274694729544,0.5762612696714952,-0.6202140166187906,0.19356336602714128
GTEX-11ILO-2526-SM-5A5LQ.1,HEART,44.5,6.2,453.0,0.4132542346131346,-1.0760503619894701,1.4893045966026048,0.6702737831325106
GTEX-11LCK-0008-SM-5Q5BB.1,SKIN,34.5,10.0,259.0,0.3795806173332176,-1.5507077114007641,1.9302883287339818,0.05425335169132393
GTEX-11LCK-0826-SM-5PNYD.1,HEART,34.5,8.3,249.0,0.0630292050425461,0.2877190755328712,-0.22468987049032507,0.10136211230690373
GTEX-11LCK-0926-SM-5A5KA.1,HEART,34.5,7.7,254.0,0.3454107668245472,0.04757703936527742,0.2978337274592698,-0.36579568079764224
GTEX-11LCK-1026-SM-5A5KB.1,SKIN,34.5,7.8,259.0,-0.0072513438696272066,0.16667440390952018,-0.17392574777914738,0.08869882075526905
GTEX-11LCK-1226-SM-5Q5AM.1,MUSCLE,34.5,8.1,273.0,-0.5985816300544778,0.6313563786323966,-1.2299380086868745,-0.06764964964297863
GTEX-11LCK-2226-SM-5HL4Q.1,SKIN,34.5,7.5,364.0,-0.3854882934538376,0.5828742369486882,-0.9683625304025258,0.004316534060541327
GTEX-11NSD-0008-SM-5Q5BC.1,SKIN,24.5,9.8,288.0,0.9546777583746152,-0.9689731988188358,1.923650957193451,-0.11733479555942529
GTEX-11NSD-0626-SM-5A5LU.1,SKIN,24.5,6.9,87.0,-1.048777922520246,1.679208789931977,-2.727986712452223,-0.0928648800076802
GTEX-11NSD-2026-SM-5HL5U.1,MUSCLE,24.5,8.5,288.0,-0.3856214969960407,0.015464072397362446,-0.4010855693934032,-0.6362150362203207
GTEX-11NSD-2226-SM-5986V.1,SKIN,24.5,7.2,287.0,-0.3614396177812487,0.7068283433433066,-1.0682679611245554,0.05236152721184163
GTEX-11NUK-0008-SM-5Q5B9.1,SKIN,54.5,10.0,887.0,0.8685611952472613,-0.9085401488827495,1.7771013441300108,-0.012461992013545881
GTEX-11NUK-0011-R4a-SM-DO12B.1,BRAIN,54.5,7.1,864.0,-0.018765367760267593,0.36302734095501044,-0.38179270871527804,-0.04383333018037799
GTEX-11NUK-0011-R5a-SM-DO93N.1,BRAIN,54.5,9.2,864.0,-0.03185181478562097,0.544389764214324,-0.5762415789999449,-0.021543480327568653
GTEX-11NUK-0011-R6a-SM-DO93O.1,BRAIN,54.5,8.1,864.0,0.3755570077289754,0.02399440639842968,0.3515626013305457,0.034063090283358445
GTEX-11NUK-0011-R7a-SM-DO93P.1,BRAIN,54.5,8.2,864.0,-0.20995351914000382,0.6206512915821857,-0.8306048107221895,-0.3153156222360702
GTEX-11NUK-0126-SM-5A5L3.1,SKIN,54.5,7.4,894.0,-0.022082817268738144,1.1271473418698799,-1.149230159138618,0.37251499730119947
GTEX-11NUK-0226-SM-5A5L4.1,MUSCLE,54.5,8.2,895.0,-0.18123137157529995,0.11385735331137463,-0.2950887248866746,-0.7199807082050088
GTEX-11NUK-0926-SM-5HL57.1,HEART,54.5,6.3,951.0,0.19162520172273556,0.06984383962984314,0.12178136209289242,0.3392709754365051
GTEX-11NUK-1226-SM-5P9GM.1,LIVER,54.5,6.1,956.0,-0.660620148646445,0.8074211296697512,-1.4680412783161962,-0.3604517031382826
GTEX-11NUK-2726-SM-5A5MC.1,SKIN,54.5,7.8,1003.0,-0.5367719014484275,1.1619834595807534,-1.698755361029181,-0.05848500732496492
GTEX-11NUK-2926-SM-5A5MD.1,BRAIN,54.5,7.1,1040.0,0.3741615068410574,0.047254977087924296,0.3269065297531331,0.13682151122706634
GTEX-11NUK-3026-SM-5986K.1,BRAIN,54.5,6.9,1042.0,0.774111311804795,-0.8587441645793003,1.6328554763840952,-0.10012604139673453
GTEX-11NV4-0008-SM-5Q5BA.1,SKIN,64.5,10.0,1459.0,0.4525330457744531,-1.699674658918101,2.1522077046925543,-0.08903740918286263
GTEX-11NV4-0011-R5a-SM-5NQ88.1,BRAIN,64.5,8.5,790.0,0.00804787715549464,0.6077468070706834,-0.5996989299151888,-0.12241519732209434
GTEX-11NV4-0011-R6a-SM-57WD5.1,BRAIN,64.5,6.9,790.0,0.32826265381667946,0.37420379523878533,-0.04594114142210587,-0.23020316323837495
GTEX-11NV4-0011-R7a-SM-57WDH.1,BRAIN,64.5,7.5,790.0,0.11940214366041202,0.5342131177905645,-0.41481097413015244,-0.20586579566118976
GTEX-11NV4-0326-SM-5HL58.1,MUSCLE,64.5,7.5,1020.0,-0.5030801525007637,0.5592138538591634,-1.062294006359927,-0.5377538438475444
GTEX-11NV4-0826-SM-5BC4S.1,HEART,64.5,6.7,1121.0,0.6799335045621089,-0.3697713742398646,1.0497048788019736,0.5542428058329874
GTEX-11NV4-1326-SM-5HL6V.1,LIVER,64.5,5.9,1152.0,-0.4577726468105361,0.7611241707912105,-1.2188968176017467,-0.3999793283145086
GTEX-11NV4-2126-SM-5N9DS.1,BRAIN,64.5,5.8,1269.0,-0.503811740168707,0.6707714561818902,-1.1745831963505973,-0.5277827804901187
GTEX-11NV4-2226-SM-5BC4T.1,BRAIN,64.5,6.9,1269.0,0.8217643944946927,-1.3325872868299078,2.1543516813246004,-0.057455370845768176
GTEX-11O72-0008-SM-5Q5DN.1,SKIN,44.5,10.0,923.0,0.3891035613030579,-1.5172310989781286,1.9063346602811864,-0.08603529866218745
GTEX-11O72-0011-R5a-SM-DO922.1,BRAIN,44.5,8.6,867.0,-0.6172095987051086,0.7620301886449704,-1.379239787350079,0.1579946086961923
GTEX-11O72-0011-R6a-SM-DNZZQ.1,BRAIN,44.5,8.2,867.0,-0.34766140569531095,0.6394872403578584,-0.9871486460531693,-0.07800722000733319
GTEX-11O72-0126-SM-59887.1,SKIN,44.5,7.5,922.0,0.26795952322787897,0.2023265021887717,0.06563302103910726,0.39647908773424817
GTEX-11O72-0326-SM-5986D.1,MUSCLE,44.5,7.7,946.0,0.5824973978212261,-1.4019514261753856,1.9844488239966118,0.3414267640442501
GTEX-11O72-0626-SM-5PNYE.1,SKIN,44.5,7.7,969.0,-0.3246727742177769,0.05554369281946281,-0.3802164670372397,0.21639188946735466
GTEX-11O72-1026-SM-5986B.1,HEART,44.5,6.2,983.0,0.13435347311979395,-0.48763336709043165,0.6219868402102255,0.48282330371015236
GTEX-11O72-1126-SM-5N9E2.1,HEART,44.5,5.7,985.0,-0.5214635237761452,0.5123548234795581,-1.0338183472557034,0.03495014767134084
GTEX-11O72-2826-SM-5HL6W.1,BRAIN,44.5,7.5,1037.0,0.7712965057326788,-1.3908727822370326,2.1621692879697116,0.05008754325978406
GTEX-11O72-2926-SM-5BC4V.1,BRAIN,44.5,6.3,1039.0,-0.36231431590155505,0.5773125366514623,-0.9396268525530174,0.01918906229070249
GTEX-11OC5-0008-SM-5S2OH.1,SKIN,64.5,10.0,1272.0,0.2846625302018429,-1.4669889058072116,1.7516514360090545,-0.022412232762198756
GTEX-11OC5-0126-SM-5HL6A.1,SKIN,64.5,6.5,1272.0,-0.27839550471694813,1.376571644606541,-1.6549671493234892,-0.07681942992971408
GTEX-11OC5-0326-SM-5PNW5.1,MUSCLE,64.5,9.0,1278.0,-0.5618821633566,0.18211361236394474,-0.7439957757205448,-0.0768608971922474
GTEX-11OC5-0626-SM-5HL6M.1,BRAIN,64.5,6.8,1426.0,0.2467445232178999,-0.8328363845951994,1.0795809078130993,0.4446386817611366
GTEX-11OC5-0726-SM-5P9JK.1,BRAIN,64.5,6.0,1425.0,0.7264670629723519,-0.9414985459434951,1.667965608915847,0.43551592198296235
GTEX-11OF3-0008-SM-5S2NH.1,SKIN,64.5,10.0,887.0,0.5899724946304746,-0.5799944821404379,1.1699669767709127,-0.19185200307431066
GTEX-11OF3-0011-R11a-SM-57WCR.1,BRAIN,64.5,8.2,739.0,0.9370273854822624,-1.549002321308658,2.4860297067909203,-0.295569490188486
GTEX-11OF3-0011-R5a-SM-57WB4.1,BRAIN,64.5,7.7,739.0,0.1855228597215214,0.6129354778231189,-0.4274126181015975,-0.04379755258062604
GTEX-11OF3-0011-R6b-SM-57WBG.1,BRAIN,64.5,7.0,739.0,0.3459062613694256,0.3760869770128804,-0.030180715643454814,-0.15974676405235452
GTEX-11OF3-0011-R7a-SM-57WCG.1,BRAIN,64.5,7.8,739.0,-0.015042111233980719,0.6820649973077425,-0.6971071085417232,-0.23759426704285744
GTEX-11OF3-0011-R8b-SM-57WCS.1,BRAIN,64.5,7.6,739.0,0.4992785154054149,0.05238050359752303,0.44689801180789185,0.285582825329604
GTEX-11OF3-0126-SM-5PNYF.1,SKIN,64.5,6.7,769.0,0.06369592748462746,-0.06387054131561229,0.12756646880023975,-0.20794098818757376
GTEX-11OF3-0726-SM-5BC4Z.1,LIVER,64.5,6.0,790.0,0.04360634983347096,0.3062370514426124,-0.2626307016091414,-0.02175074773641513
GTEX-11OF3-2526-SM-5P9JL.1,MUSCLE,64.5,7.7,887.0,1.1019963758249016,-0.11490463603161484,1.2169010118565164,-0.1944331485728125
GTEX-11OF3-2626-SM-5GU7F.1,SKIN,64.5,8.3,887.0,0.27916554425958395,-0.3483822265792116,0.6275477708387955,0.16319914905273442
GTEX-11OF3-2926-SM-5HL78.1,BRAIN,64.5,6.3,958.0,0.4262891034676341,-0.38041931868674034,0.8067084221543744,-0.3486367204713002
GTEX-11OF3-3126-SM-5GU5E.1,BRAIN,64.5,7.3,960.0,0.1845241832262894,0.21605415892810512,-0.031529975701815705,-0.04543940739679784
GTEX-11ONC-0008-SM-5S2MG.1,SKIN,64.5,10.0,736.0,0.35393877328779705,-1.247380175043932,1.601318948331729,0.01843213705038294
GTEX-11ONC-0011-R1a-SM-57WD4.1,BRAIN,64.5,5.9,587.0,-1.2423976800062586,0.9936793047651846,-2.2360769847714432,-0.269972314831025
GTEX-11ONC-0011-R4b-SM-DO93H.1,BRAIN,64.5,7.1,587.0,-0.4623443448600201,0.3945397584523128,-0.8568841033123329,-0.10352422386807522
GTEX-11ONC-0011-R5b-SM-DO93I.1,BRAIN,64.5,8.9,587.0,0.2015050157122224,0.15955326114898133,0.04195175456324107,0.2582417229704265
GTEX-11ONC-0011-R6a-SM-DO12A.1,BRAIN,64.5,8.4,587.0,-0.14768645853379125,0.5943709270429197,-0.742057385576711,-0.16349583347389446
GTEX-11ONC-0011-R7b-SM-DO93J.1,BRAIN,64.5,8.0,587.0,0.032456122011926776,0.505840136941064,-0.47338401492913723,-0.14985323844760998
GTEX-11ONC-0011-R8b-SM-5NQ87.1,BRAIN,64.5,7.6,587.0,-0.1292638987955547,0.406777480526622,-0.5360413793221767,0.30870368092976586
GTEX-11ONC-0011-R9b-SM-5NQ8J.1,BRAIN,64.5,7.2,587.0,-0.8722176594771616,0.6868350928523146,-1.5590527523294762,-0.16582837827911834
GTEX-11ONC-0126-SM-5PNW6.1,HEART,64.5,5.7,656.0,-0.9299401984898138,-0.4775295258361351,-0.4524106726536787,-0.39674539773370526
GTEX-11ONC-1026-SM-5GU64.1,HEART,64.5,6.9,668.0,-0.2687824146039756,0.26040092746663707,-0.5291833420706127,0.29413939667882455
GTEX-11ONC-2426-SM-5GU7H.1,MUSCLE,64.5,8.6,734.0,0.08837733675816335,-0.1256695345766472,0.21404687133481054,0.5092958840122109
GTEX-11ONC-2926-SM-5P9JM.1,BRAIN,64.5,6.7,921.0,0.2406919474162013,0.0890758894287001,0.15161605798750122,0.2614048895537666
GTEX-11ONC-3026-SM-5985W.1,BRAIN,64.5,6.1,922.0,0.478374361939708,-0.2352837276531939,0.7136580895929019,-0.08849291698888784
GTEX-11P7K-0008-SM-5S2O5.1,SKIN,34.5,10.0,351.0,0.9850637527565331,-1.0233692541381034,2.0084330068946366,-0.36105794011903536
GTEX-11P7K-1126-SM-5HL4L.1,SKIN,34.5,7.3,133.0,-0.9342670568109235,1.6515475757557556,-2.585814632566679,-0.28900067828649195
GTEX-11P7K-1926-SM-5GU6R.1,MUSCLE,34.5,9.0,346.0,0.1421575766765273,0.7516402001145107,-0.6094826234379834,-0.5193048109698659
GTEX-11P7K-2126-SM-5GU7G.1,SKIN,34.5,6.8,351.0,-0.856730950267481,1.4758609108658634,-2.3325918611333445,0.042699768647331104
GTEX-11P81-0008-SM-5S2OT.1,SKIN,34.5,10.0,350.0,0.8281688730187858,-0.9958859312237774,1.8240548042425633,-0.2577198812554563
GTEX-11P81-0526-SM-59873.1,HEART,34.5,8.3,243.0,-0.09907550757063148,0.6344517579203425,-0.7335272654909739,-0.2179321828101526
GTEX-11P81-2226-SM-5PNYI.1,SKIN,34.5,7.1,337.0,-0.6356784463688004,0.9125464023959975,-1.5482248487647978,-0.19332605675343678
GTEX-11P81-2326-SM-59875.1,SKIN,34.5,8.4,350.0,-0.47376519762069635,0.4150761911650435,-0.8888413887857398,0.05193464059987854
GTEX-11P81-2526-SM-5GU6H.1,MUSCLE,34.5,8.0,348.0,0.22110358160050889,0.7981932616313779,-0.577089680030869,-0.6074243196032193
GTEX-11P82-0008-SM-5S2MS.1,SKIN,24.5,10.0,202.0,0.6176533197158135,-0.45939693070754173,1.0770502504233552,0.009832654593672911
GTEX-11P82-1426-SM-5BC5L.1,SKIN,24.5,7.8,185.0,-0.7025777952808603,0.9291862317001406,-1.631764026981001,-0.3561862198598526
GTEX-11P82-1426-SM-DTXFY.1,SKIN,24.5,7.4,185.0,-0.34204347797867063,0.9904946030324804,-1.3325380810111511,-0.08563651588015177
GTEX-11P82-1626-SM-59879.1,SKIN,24.5,6.2,194.0,-0.7351071308481452,1.5673583530714248,-2.30246548391957,0.04744943172969505
GTEX-11P82-1826-SM-5PNYJ.1,MUSCLE,24.5,7.6,197.0,0.06655711185824045,0.8635133590629849,-0.7969562472047445,-0.8707080740400951
GTEX-11PRG-0008-SM-5S2N5.1,SKIN,54.5,10.0,845.0,0.515714315361961,-1.201835629396658,1.7175499447586189,-0.10273283613369195
GTEX-11PRG-0011-R10b-SM-DO93G.1,BRAIN,54.5,7.7,644.0,0.7530129998299526,-0.5358237041232159,1.2888367039531685,0.15492670279656112
GTEX-11PRG-0011-R11b-SM-DNZZY.1,BRAIN,54.5,8.4,644.0,1.02730765616126,-1.5970828990316646,2.6243905551929245,-0.08773876563497342
GTEX-11PRG-0011-R2a-SM-69LQ5.1,BRAIN,54.5,6.0,644.0,-1.042778492692282,0.7221585582879844,-1.7649370509802664,-0.45936268023157883
GTEX-11PRG-0011-R4a-SM-DNZZR.1,BRAIN,54.5,7.6,644.0,0.31534821561674403,-0.13977917366291273,0.4551273892796568,0.08904624105257165
GTEX-11PRG-0011-R5b-SM-DNZZS.1,BRAIN,54.5,7.1,644.0,0.49694057359090416,0.06459121017130737,0.4323493634195968,-0.1276843455565967
GTEX-11PRG-0011-R6b-SM-DO923.1,BRAIN,54.5,6.0,644.0,0.003043428166848526,0.08064299807719978,-0.07759956991035126,-0.027632451923746443
GTEX-11PRG-0011-R7a-SM-DNZZT.1,BRAIN,54.5,8.1,644.0,0.6432217630934336,-0.015564182842415612,0.6587859459358492,-0.11441104485299884
GTEX-11PRG-0326-SM-5GU53.1,MUSCLE,54.5,7.7,837.0,0.20482027496961414,-0.4632963463330316,0.6681166213026457,0.10673647879304143
GTEX-11PRG-0726-SM-5EGL1.1,SKIN,54.5,6.1,849.0,-0.8374759796579238,1.246210889822886,-2.0836868694808097,-0.7298081769464063
GTEX-11PRG-2826-SM-5BC54.1,BRAIN,54.5,6.7,995.0,0.6841525034615976,-0.9665772004595491,1.6507297039211468,0.21030328649495592
GTEX-11PRG-2926-SM-5987A.1,BRAIN,54.5,5.9,996.0,0.18423927142041352,0.19375885957869493,-0.009519588158281411,-0.05082955329552825
GTEX-11TT1-0008-SM-5S2P8.1,SKIN,24.5,10.0,134.0,1.194930309764987,-1.153003859537884,2.347934169302871,-0.43855328216594697
GTEX-11TT1-1326-SM-5PNYM.1,HEART,24.5,8.0,88.0,0.38781598642091825,-0.2202328878568904,0.6080488742778086,-0.35202075571084523
GTEX-11TT1-1426-SM-5EGIA.1,HEART,24.5,9.0,89.0,0.43528227007107945,-0.2568563921741605,0.6921386622452399,0.34027198588480906
GTEX-11TT1-1726-SM-5EQLJ.1,LIVER,24.5,9.1,98.0,1.143829374241065,-1.3419367343490423,2.4857661085901075,0.48947977078403865
GTEX-11TT1-1826-SM-5EQLV.1,SKIN,24.5,6.4,100.0,-0.5331382846606892,1.7400694641118977,-2.273207748772587,-0.07475328951309457
GTEX-11TT1-2326-SM-5GU6N.1,MUSCLE,24.5,8.7,132.0,-0.10615040441673497,-0.14292057621587492,0.03677017179913995,-0.2474578820575404
GTEX-11TT1-2526-SM-5EGIB.1,SKIN,24.5,7.7,135.0,-0.43567601231135195,0.6948727769868971,-1.130548789298249,-0.08197723260273374
GTEX-11TTK-0008-SM-5S2RU.1,SKIN,64.5,10.0,1123.0,0.6423018997556997,-1.2170368655239268,1.8593387652796265,-0.06105121422325208
GTEX-11TTK-0011-R10b-SM-DO925.1,BRAIN,64.5,7.1,720.0,0.20687900164296866,-0.31882493570143955,0.5257039373444082,0.3057527288251238
GTEX-11TTK-0011-R11b-SM-DO112.1,BRAIN,64.5,9.0,720.0,0.8313725644362709,-1.0310358646373694,1.8624084290736405,-0.11491834575067192
GTEX-11TTK-0011-R4a-SM-DNZZU.1,BRAIN,64.5,6.9,720.0,-0.07555679553588694,0.21359859746007714,-0.2891553929959641,0.3578713237358346
GTEX-11TTK-0011-R5a-SM-DNZZV.1,BRAIN,64.5,6.3,720.0,0.019626606396446183,0.5232803954041015,-0.5036537890076553,-0.02856489221627942
GTEX-11TTK-0011-R6b-SM-DNZZW.1,BRAIN,64.5,6.1,720.0,0.021560149034270806,0.5320357283927201,-0.5104755793584492,-0.08801408109235767
GTEX-11TTK-0011-R7b-SM-DNZZZ.1,BRAIN,64.5,9.3,720.0,0.48445092962642705,0.11636896735988031,0.36808196226654677,0.19306763162082752
GTEX-11TTK-0011-R8b-SM-DO111.1,BRAIN,64.5,7.8,720.0,-0.0016237033771135565,0.20535498409135713,-0.2069786874684707,0.4373187551116685
GTEX-11TTK-0126-SM-5987B.1,SKIN,64.5,6.8,1122.0,-0.48199003084769354,0.7287989866187096,-1.210789017466403,0.34778125376125407
GTEX-11TTK-0326-SM-5BC5N.1,MUSCLE,64.5,7.1,1126.0,0.3385900141795625,-1.1019006176199477,1.4404906317995103,0.6079848943577679
GTEX-11TTK-2826-SM-5GU5K.1,BRAIN,64.5,6.2,1186.0,0.3444134742096137,-0.14508756905910378,0.48950104326871746,0.1505587795373217
GTEX-11TTK-2926-SM-5PNYP.1,BRAIN,64.5,6.1,1189.0,-0.4238541493695799,0.5529519776482819,-0.9768061270178617,-0.054645336699380126
GTEX-11TUW-0008-SM-5SI6S.1,SKIN,64.5,10.0,824.0,0.12671009512285064,-0.8422849742280676,0.9689950693509182,-0.056766368605392685
GTEX-11TUW-0011-R10a-SM-DO924.1,BRAIN,64.5,5.6,655.0,-0.012604308710551166,-0.22330706674545608,0.21070275803490493,0.4403403802271352
GTEX-11TUW-0011-R11b-SM-DNZZX.1,BRAIN,64.5,5.7,655.0,-0.7625814642296478,0.6172804302408083,-1.379861894470456,-0.136627000115594
GTEX-11TUW-0011-R1a-SM-DO92S.1,BRAIN,64.5,5.8,655.0,-1.0140180863332187,0.6176570675168678,-1.6316751538500864,0.13047380275396298
GTEX-11TUW-0011-R2b-SM-DO92T.1,BRAIN,64.5,6.4,655.0,-0.15160715591878926,-0.05475354596518185,-0.09685360995360741,0.6427541447168879
GTEX-11TUW-0011-R3a-SM-DO92U.1,BRAIN,64.5,5.6,655.0,-0.8580216595743759,0.506489346076748,-1.3645110056511238,0.07031780019710655
GTEX-11TUW-0011-R5b-SM-5BC6Q.1,BRAIN,64.5,6.2,655.0,-1.6537499390487744,1.218839979931173,-2.8725899189799478,-0.31445520320482034
GTEX-11TUW-0626-SM-5LU9M.1,SKIN,64.5,7.3,729.0,-0.039889220794878104,0.4149664463514816,-0.4548556671463597,0.007558426775791562
GTEX-11TUW-1026-SM-5GU7D.1,HEART,64.5,6.4,739.0,0.027956278026288903,0.06134113126411789,-0.033384853237828985,0.383147072941092
GTEX-11TUW-1126-SM-5EQKJ.1,HEART,64.5,6.8,742.0,-0.39584014983119253,0.4683807782076471,-0.8642209280388397,0.44150882402673713
GTEX-11TUW-1726-SM-5BC5C.1,LIVER,64.5,6.1,755.0,-0.4888390321550732,0.4504588926171525,-0.9392979247722257,-0.06889695778706784
GTEX-11TUW-2526-SM-5EQKN.1,MUSCLE,64.5,8.5,819.0,-0.5281744430868411,0.5109808395577046,-1.0391552826445456,0.014614732038945184
GTEX-11TUW-2726-SM-5EQLC.1,SKIN,64.5,6.5,824.0,-0.006690698350627017,0.4808266265940259,-0.48751732494465294,0.4488536779385649
GTEX-11TUW-2726-SM-E9J4M.1,SKIN,64.5,8.0,824.0,0.14608616625755835,-0.0419864623437165,0.18807262860127485,0.19203411075525217
GTEX-11TUW-3126-SM-5GU4Y.1,BRAIN,64.5,5.8,863.0,-0.5447097626623061,0.3082848874716412,-0.8529946501339473,0.43678095104867604
GTEX-11UD1-0008-SM-5S2P6.1,SKIN,44.5,10.0,1354.0,0.8839657126712568,-1.6487321271485058,2.532697839819763,-0.08609709897080292
GTEX-11UD1-0011-R1b-SM-5BC7D.1,BRAIN,44.5,8.1,1267.0,-0.30053030010541515,0.0956675015863939,-0.39619780169180907,0.20580457990376258
GTEX-11UD1-0011-R2b-SM-5BC6O.1,BRAIN,44.5,8.1,1267.0,0.14576380198012837,-0.36559600352824817,0.5113598055083766,0.5023259668590921
GTEX-11UD1-0011-R3a-SM-5BC6S.1,BRAIN,44.5,6.3,1267.0,-0.5448630354635182,0.45614442052229615,-1.0010074559858144,-0.2681418021399552
GTEX-11UD1-0011-R5b-SM-5P9FP.1,BRAIN,44.5,7.2,1267.0,-1.4408931616966036,1.1521382077572258,-2.593031369453829,-0.6206736330647186
GTEX-11UD1-0126-SM-5PNYG.1,SKIN,44.5,5.7,1357.0,-0.535882335650676,1.0875986037836713,-1.6234809394343475,-0.2523994877259776
GTEX-11UD1-0326-SM-5EQKX.1,MUSCLE,44.5,6.3,1364.0,-0.22648986444036176,-1.3716694649112355,1.1451796004708739,0.8620558824021971
GTEX-11UD2-0008-SM-5S2P7.1,SKIN,54.5,10.0,845.0,0.7761802368065651,-0.8503424932535665,1.6265227300601315,-0.2739256965768869
GTEX-11UD2-0011-R9b-SM-DO926.1,BRAIN,54.5,6.4,834.0,0.4952066390867409,-2.287912188995494,2.7831188280822348,0.8011903137152369
GTEX-11UD2-0226-SM-5EQKY.1,SKIN,54.5,7.4,845.0,-0.03263792222458911,0.002463051979338612,-0.03510097420392772,-0.06053688116928555
GTEX-11UD2-0326-SM-5EQLE.1,MUSCLE,54.5,8.1,849.0,-0.10937038338129398,0.15440601690992212,-0.2637764002912161,-0.05240684667924456
GTEX-11UD2-0926-SM-5CVL6.1,HEART,54.5,6.1,897.0,0.12745288665478807,0.0619903545882536,0.06546253206653446,0.12214099035152849
GTEX-11UD2-1626-SM-5EQM3.1,LIVER,54.5,5.8,945.0,-1.0130741597594444,0.40866092640399787,-1.4217350861634421,1.304187503666448
GTEX-11UD2-2526-SM-5CVNU.1,SKIN,54.5,5.9,986.0,0.18021691746748786,-0.20259906380115342,0.38281598126864125,0.1710524863500249
GTEX-11VI4-1126-SM-5EQMD.1,SKIN,44.5,7.0,146.0,-0.43604185204364804,1.1796644407978207,-1.6157062928414687,-0.018939359288337537
GTEX-11VI4-1726-SM-5CVLH.1,SKIN,44.5,6.7,315.0,-0.3522741968508702,0.851860117894328,-1.2041343147451982,0.07164870164404212
GTEX-11VI4-1926-SM-5CVLI.1,MUSCLE,44.5,7.6,321.0,0.22464309622117304,-0.3467863230833184,0.5714294193044914,-0.2547372197208608
GTEX-11WQC-0008-SM-5SI6R.1,SKIN,64.5,10.0,818.0,0.31791826058280215,-1.3361983845553085,1.6541166451381106,-0.01423061050847756
GTEX-11WQC-0011-R10a-SM-57WCT.1,BRAIN,64.5,5.9,608.0,-0.1279368298828232,0.3902451296279544,-0.5181819595107776,-0.1515869359757001
GTEX-11WQC-0011-R11b-SM-57WD6.1,BRAIN,64.5,7.2,608.0,0.06337146871188788,0.19525940906615913,-0.13188794035427126,-0.47007946637604436
GTEX-11WQC-0011-R1b-SM-DO932.1,BRAIN,64.5,7.0,608.0,-1.2309640213313602,0.7684089490974821,-1.9993729704288423,-0.27264208535173784
GTEX-11WQC-0011-R2a-SM-DO927.1,BRAIN,64.5,6.0,608.0,-0.6274538930345672,0.6093038548490649,-1.2367577478836322,-0.05091341800635891
GTEX-11WQC-0011-R3a-SM-DO11T.1,BRAIN,64.5,6.6,608.0,-1.0591601177311891,0.9028594195079028,-1.962019537239092,-0.5165804719951941
GTEX-11WQC-0011-R5a-SM-5BC74.1,BRAIN,64.5,8.1,608.0,-0.9177190551704172,1.0325916556124592,-1.9503107107828765,-0.30088631450061704
GTEX-11WQC-0011-R6a-SM-5BC77.1,BRAIN,64.5,8.1,608.0,-1.1053547587861172,1.1398132749545327,-2.24516803374065,-0.6480078901989103
GTEX-11WQC-0011-R7b-SM-5BC7A.1,BRAIN,64.5,7.0,608.0,-1.7457736833899136,1.313262728393613,-3.0590364117835263,-0.7221875874586822
GTEX-11WQC-0011-R8b-SM-57WCH.1,BRAIN,64.5,7.5,608.0,-0.1787220008670236,0.5205883146253094,-0.699310315492333,0.1194050049738507
GTEX-11WQC-0726-SM-5EQMR.1,LIVER,64.5,6.6,696.0,-0.06732890038137004,0.461645518285779,-0.528974418667149,0.16039556604888622
GTEX-11WQC-1826-SM-5GU59.1,SKIN,64.5,7.3,732.0,-0.017553566087717007,-0.49508688371479936,0.47753331762708234,0.08020015914923649
GTEX-11WQC-2526-SM-5CVLE.1,SKIN,64.5,6.8,818.0,0.15633371861291362,0.10044048253067735,0.05589323608223627,0.3357862543444731
GTEX-11WQC-2626-SM-5CVLF.1,MUSCLE,64.5,7.0,819.0,1.1522913632112468,-0.9867994579780798,2.1390908211893267,0.5067329073301412
GTEX-11WQK-0008-SM-5SI6T.1,SKIN,54.5,10.0,731.0,0.2646375897168744,-0.7275286894860394,0.9921662792029138,0.10041647953019192
GTEX-11WQK-0011-R10a-SM-5BC6R.1,BRAIN,54.5,7.3,524.0,-0.3880293653750728,0.21666146768224578,-0.6046908330573186,0.1196170403155118
GTEX-11WQK-0011-R11a-SM-5BC6W.1,BRAIN,54.5,7.9,524.0,-0.21315560150280588,-0.6830476301053634,0.4698920286025575,-0.3066473780371654
GTEX-11WQK-0011-R3b-SM-DO93K.1,BRAIN,54.5,6.1,524.0,-0.48947253235927224,0.16288332329110833,-0.6523558556503806,-0.028114390191137525
GTEX-11WQK-0011-R8a-SM-5BC7C.1,BRAIN,54.5,6.4,524.0,-1.665383504609122,1.0521719103053913,-2.7175554149145134,-0.5177770265619018
GTEX-11WQK-0011-R9b-SM-5BC6N.1,BRAIN,54.5,7.6,524.0,-0.7045473948108694,0.3198634599275698,-1.0244108547384392,-0.07406487857510106
GTEX-11WQK-0226-SM-5EQLI.1,HEART,54.5,6.7,631.0,0.13421430238284682,-1.0383213652723549,1.1725356676552017,0.7749002322010395
GTEX-11WQK-0526-SM-5EQLD.1,SKIN,54.5,7.8,731.0,0.24993283228277546,-1.1857839075488383,1.4357167398316137,0.07598332444941618
GTEX-11WQK-0726-SM-5GU71.1,MUSCLE,54.5,8.3,738.0,-0.33402957560550256,-1.3372890945639677,1.0032595189584652,0.3194602127738986
GTEX-11WQK-1026-SM-5EQLX.1,SKIN,54.5,7.7,762.0,0.32028888755228074,-0.9516922670047094,1.2719811545569901,0.008154347854971706
GTEX-11WQK-3026-SM-5EQL6.1,BRAIN,54.5,6.6,860.0,-0.17820251087053857,0.0677044114687667,-0.24590692233930528,0.5219464380734086
GTEX-11WQK-3126-SM-5EGI2.1,BRAIN,54.5,6.1,861.0,-0.5319419294921457,0.04522046700572847,-0.5771623964978742,0.22098600893474946
GTEX-11XUK-0008-SM-5S2WD.1,SKIN,44.5,10.0,333.0,-0.024500381510713765,-0.7825574817676291,0.7580571002569153,0.11615889860788246
GTEX-11XUK-2026-SM-5EQLF.1,SKIN,44.5,7.5,334.0,-0.1679901297109943,0.6107680558251496,-0.7787581855361438,0.1135850947438196
GTEX-11XUK-2226-SM-5CVLL.1,MUSCLE,44.5,6.8,338.0,-0.49336905881528653,0.6053230074920652,-1.0986920663073518,0.1318594027348585
GTEX-11ZTS-0008-SM-5S2VC.1,SKIN,64.5,10.0,599.0,0.4482258116178989,-0.5606019050622701,1.0088277166801691,-0.3092225739028543
GTEX-11ZTS-0011-R10a-SM-DO93S.1,BRAIN,64.5,7.6,608.0,0.12190340785994452,0.21628139309858596,-0.09437798523864144,-0.1321897094049998
GTEX-11ZTS-0011-R11a-SM-DO113.1,BRAIN,64.5,7.4,608.0,0.7174787948612728,-0.5488838008707027,1.2663625957319753,-0.24215443846811044
GTEX-11ZTS-0011-R1a-SM-5BC71.1,BRAIN,64.5,7.9,608.0,-0.673725201030364,0.42196950272950634,-1.0956947037598703,0.013184975576978236
GTEX-11ZTS-0011-R2b-SM-5BC75.1,BRAIN,64.5,7.6,608.0,-0.33352809171666586,0.28515659591677667,-0.6186846876334425,0.28593524686861255
GTEX-11ZTS-0011-R3a-SM-5BC78.1,BRAIN,64.5,7.1,608.0,-1.1962503322543194,0.8812476183842074,-2.0774979506385267,-0.5510670018734872
GTEX-11ZTS-0011-R8a-SM-57WDI.1,BRAIN,64.5,6.3,608.0,-1.1358681948424751,0.9833956818606725,-2.1192638767031475,-0.42151374247248324
GTEX-11ZTS-0011-R9b-SM-DO93Q.1,BRAIN,64.5,7.3,608.0,-0.39851377097556073,0.3355044905675954,-0.7340182615431561,-0.24827428200709442
GTEX-11ZTS-0126-SM-5EQ6M.1,SKIN,64.5,7.4,599.0,-0.9005416259707405,1.3843890173265243,-2.284930643297265,-0.1150499094323691
GTEX-11ZTS-0526-SM-5CVL9.1,MUSCLE,64.5,7.2,605.0,-0.1646798791016062,0.5890314347048582,-0.7537113138064644,-0.6480791849035852
GTEX-11ZTS-1426-SM-5EQMM.1,LIVER,64.5,6.1,659.0,-0.7633097375922524,0.9029585581746974,-1.6662682957669497,-0.37247741216370034
GTEX-11ZTS-3226-SM-5EGID.1,BRAIN,64.5,6.1,776.0,0.11037664586719141,0.22967191550871796,-0.11929526964152655,-0.32069994167966637
GTEX-11ZTT-0008-SM-5S2TZ.1,SKIN,64.5,10.0,246.0,-0.023173356850429455,-0.8091127875449046,0.7859394306944751,0.030009173129343064
GTEX-11ZTT-0526-SM-5EQLA.1,HEART,64.5,6.9,168.0,-0.00932169801291232,0.0356276843613271,-0.04494938237423942,0.3006922952942588
GTEX-11ZTT-2126-SM-5CVLO.1,SKIN,64.5,7.7,227.0,-0.8381168157995406,1.1181433197523676,-1.9562601355519083,-0.07563811365795807
GTEX-11ZTT-2426-SM-5EQLS.1,SKIN,64.5,7.3,247.0,0.05101370423206323,0.6608551774022172,-0.609841473170154,0.3773163692816336
GTEX-11ZTT-2626-SM-5EQKK.1,MUSCLE,64.5,8.2,256.0,-0.3049522538521562,0.6621039793750553,-0.9670562332272115,-0.29797779779545225
GTEX-11ZU8-0008-SM-5S2VO.1,SKIN,64.5,10.0,1020.0,0.19824189086996805,-0.41985120999072933,0.6180931008606974,-0.10182825418292053
GTEX-11ZU8-0011-R3a-SM-5BC6U.1,BRAIN,64.5,6.0,781.0,-0.22577386058477594,-0.44071644571769375,0.2149425851329178,-0.1421667089188513
GTEX-11ZU8-0011-R4a-SM-5BC6Y.1,BRAIN,64.5,7.1,781.0,-1.3503797515954141,0.8787445219638855,-2.2291242735592998,-0.9977085642637178
GTEX-11ZU8-0126-SM-5EQ58.1,SKIN,64.5,6.5,806.0,-0.7740552053348693,0.7584654360605195,-1.5325206413953887,-0.4885583475269425
GTEX-11ZU8-2326-SM-5EQMJ.1,MUSCLE,64.5,7.1,1016.0,0.6547903176732335,-0.47279457861868157,1.127584896291915,0.537376340043963
GTEX-11ZU8-2526-SM-5EQKI.1,SKIN,64.5,7.9,1020.0,-0.11179132559801813,0.48996368474958363,-0.6017550103476017,0.1495348286163866
GTEX-11ZUS-0008-SM-5S2UO.1,SKIN,34.5,10.0,1360.0,0.27199614090891205,-0.5490022937438203,0.8209984346527324,0.001547602307709814
GTEX-11ZUS-0011-R10b-SM-5BC79.1,BRAIN,34.5,6.5,1268.0,-0.16189381829998423,0.5923530877628983,-0.7542469060628825,0.43525843872755854
GTEX-11ZUS-0011-R11b-SM-5BC7B.1,BRAIN,34.5,9.1,1268.0,1.1992142989838634,-1.5328654796021557,2.7320797785860194,-0.4216309786497821
GTEX-11ZUS-0011-R8a-SM-5BC73.1,BRAIN,34.5,8.8,1268.0,1.0355547942396688,-0.44640553501296776,1.4819603292526367,0.10456131810645189
GTEX-11ZUS-0011-R9b-SM-5BC76.1,BRAIN,34.5,8.3,1268.0,0.2808371104613113,-0.3360774958752015,0.6169146063365128,0.2908056644322785
GTEX-11ZUS-0226-SM-5FQT8.1,HEART,34.5,7.6,1347.0,0.8483024922351802,0.008223777129372313,0.8400787151058079,-0.39959020313564664
GTEX-11ZUS-0326-SM-5EQ4W.1,HEART,34.5,6.8,1349.0,0.19482858033028844,0.30926518750255894,-0.1144366071722705,0.25545055589891225
GTEX-11ZUS-0626-SM-59885.1,SKIN,34.5,8.4,1359.0,0.18316795877167083,1.065850121194831,-0.8826821624231602,0.36397252872528985
GTEX-11ZUS-1426-SM-5FQSP.1,MUSCLE,34.5,8.5,1383.0,0.09322988691925356,0.5136458784340545,-0.42041599151480097,-0.5922550784537315
GTEX-11ZUS-2526-SM-59872.1,LIVER,34.5,6.7,1426.0,-1.2075419852664695,1.2277538195234323,-2.435295804789902,-0.7070199406037435
GTEX-11ZUS-2626-SM-5FQUR.1,SKIN,34.5,6.4,1433.0,-0.6199224733525902,1.5732856047695958,-2.193208078122186,-0.3342633432213934
GTEX-11ZUS-2826-SM-5EQKW.1,BRAIN,34.5,6.7,1439.0,0.8717490336822634,-1.0648034518539675,1.936552485536231,-0.11898801444825377
GTEX-11ZUS-2926-SM-5FQSL.1,BRAIN,34.5,6.3,1440.0,0.11045274908564545,0.39432520169330854,-0.2838724526076631,-0.22189682961441884
GTEX-11ZVC-0011-R1b-SM-5BC6M.1,BRAIN,54.5,6.6,477.0,-1.3401791724986265,0.8047707644909181,-2.1449499369895446,-0.3715833417311653
GTEX-11ZVC-0011-R3a-SM-5BC6V.1,BRAIN,54.5,5.9,477.0,-1.752703288706064,0.9838057903556503,-2.7365090790617144,-0.8730062947565631
GTEX-11ZVC-0011-R4a-SM-5BC6Z.1,BRAIN,54.5,7.0,477.0,-1.1020220406343184,0.7762662418483139,-1.8782882824826324,-0.33513787506086123
GTEX-11ZVC-0011-R9a-SM-57WC5.1,BRAIN,54.5,6.1,477.0,-0.569174835734862,0.337413382164193,-0.906588217899055,-0.3080982103059314
GTEX-11ZVC-0426-SM-5CVLD.1,HEART,54.5,5.9,528.0,-0.4017990050884024,0.794161116200094,-1.1959601212884965,-0.7115440190580166
GTEX-11ZVC-0526-SM-5N9G1.1,HEART,54.5,5.7,530.0,-1.433624921834664,0.8038082210264365,-2.2374331428611005,0.09830443200956804
GTEX-11ZVC-0726-SM-5FQT9.1,LIVER,54.5,6.2,541.0,-0.6331977680384604,0.8338152515363156,-1.4670130195747761,-0.41371708360828763
GTEX-11ZVC-2526-SM-5FQTE.1,SKIN,54.5,8.2,640.0,-0.0677302621864305,0.05136716616120192,-0.11909742834763241,0.40912984280937775
GTEX-11ZVC-2726-SM-5FQSZ.1,MUSCLE,54.5,8.0,643.0,-0.2324981056524584,-0.3584259768881986,0.1259278712357402,0.39148473457374905
GTEX-11ZVC-3026-SM-59HJM.1,BRAIN,54.5,5.9,707.0,0.14867012404041552,0.30434284993568317,-0.15567272589526765,-0.302000448156272
GTEX-1211K-0008-SM-5S2W1.1,SKIN,64.5,10.0,145.0,0.413617084939495,-0.9716338564234596,1.3852509413629546,0.029116857588106795
GTEX-1211K-0226-SM-59HJY.1,HEART,64.5,8.6,66.0,0.14886307279200994,0.06428794804364842,0.08457512474836153,0.22984233738321552
GTEX-1211K-0626-SM-5FQUZ.1,HEART,64.5,8.5,84.0,0.2839863154175735,0.2314142559598817,0.05257205945769183,-0.0917161893796198
GTEX-1211K-1526-SM-5FQU4.1,SKIN,64.5,7.7,117.0,-0.6993820099613887,1.1109524942497224,-1.8103345042111112,0.1460180667427173
GTEX-1211K-2026-SM-5EQ4Z.1,SKIN,64.5,7.5,145.0,-0.5525077874490248,1.0353086094415334,-1.5878163968905583,-0.01609878845922789
GTEX-1211K-2126-SM-59HJZ.1,MUSCLE,64.5,8.6,147.0,-0.09129869346369315,-0.09910789848337263,0.00780920501967948,-0.0540269741377242
GTEX-12126-0008-SM-5S2UC.1,SKIN,24.5,10.0,928.0,0.18605090699229482,-0.7755722560581788,0.9616231630504737,0.08411753853498459
GTEX-12126-0011-R10b-SM-5BC6T.1,BRAIN,24.5,8.0,825.0,0.10322725287710643,0.23999081729013352,-0.1367635644130271,-0.11452296595822331
GTEX-12126-0011-R11a-SM-5BC6X.1,BRAIN,24.5,8.5,825.0,1.012697805734218,-1.469501883080841,2.482199688815059,-0.040765730794201406
GTEX-12126-0011-R9b-SM-5BC6P.1,BRAIN,24.5,8.5,825.0,0.5770440270558651,-1.1885434241529198,1.765587451208785,0.8142672796417947
GTEX-12126-0326-SM-5PNW3.1,SKIN,24.5,6.4,927.0,-0.5296149593263207,1.2934744366101385,-1.8230893959364591,-0.3370100895010939
GTEX-12126-0526-SM-5PNW4.1,MUSCLE,24.5,8.2,935.0,0.8994015141631284,-1.0178883504600351,1.9172898646231635,-0.53713517816753
GTEX-12126-0826-SM-5FQTZ.1,SKIN,24.5,7.5,955.0,0.08025950392916438,0.05350438054324172,0.02675512338592266,0.1539004523631386
GTEX-12126-0926-SM-5FQTW.1,BRAIN,24.5,7.0,996.0,0.7733899546071464,-1.0302421834359665,1.8036321380431128,0.02739313853693437
GTEX-12126-1026-SM-5P9JJ.1,BRAIN,24.5,6.9,998.0,0.1693828913615078,0.11267162561392484,0.056711265747582965,0.05708536494667308
GTEX-1212Z-0008-SM-5TDBW.1,SKIN,64.5,10.0,757.0,0.16775464448952881,-0.5904781976743114,0.7582328421638402,-0.06493634613274075
GTEX-1212Z-0011-R1b-SM-5BC72.1,BRAIN,64.5,7.2,537.0,-1.1781411643482842,0.8679813477497302,-2.046122512098014,-0.18423161914458916
GTEX-1212Z-0126-SM-59HK4.1,SKIN,64.5,6.4,602.0,-0.12442924816714843,0.820189581066441,-0.9446188292335894,-0.03404246788080598
GTEX-1212Z-0226-SM-59HLF.1,LIVER,64.5,6.4,604.0,0.04570774717737721,0.1354188565901837,-0.0897111094128065,-0.048765999345895844
GTEX-1212Z-0626-SM-5FQTB.1,HEART,64.5,6.9,621.0,-0.6563626446526122,0.5930955337305279,-1.24945817838314,-0.14893256709834346
GTEX-1212Z-0726-SM-5EGI5.1,HEART,64.5,6.9,624.0,-0.26803840583763333,0.227919315466284,-0.49595772130391735,0.06809023929051147
GTEX-1212Z-2526-SM-5EGKP.1,SKIN,64.5,7.6,757.0,-0.012198479103578958,-0.020575549281546708,0.00837707017796775,-0.19339768178220387
GTEX-1212Z-2626-SM-5YY8P.1,MUSCLE,64.5,8.2,761.0,-0.10365784294252535,-0.19242662465023158,0.08876878170770623,-0.379941229894061
GTEX-12584-0008-SM-664MB.1,SKIN,44.5,9.6,924.0,0.04022834917138381,-0.8401046955759822,0.8803330447473661,0.29737847073503726
GTEX-12584-0011-R6a-SM-5NQ7C.1,BRAIN,44.5,5.7,911.0,-1.7297840752557414,1.3514827396998836,-3.081266814955625,-0.9037272981881361
GTEX-12584-0126-SM-5EGKQ.1,SKIN,44.5,8.7,926.0,-0.3815925654695124,0.1581648073126797,-0.5397573727821922,0.39295585122132193
GTEX-12584-0526-SM-5FQTS.1,MUSCLE,44.5,8.6,947.0,0.5022034701185364,-1.311891961388527,1.8140954315070634,0.3880712035229306
GTEX-12584-0726-SM-5FQTK.1,SKIN,44.5,7.6,961.0,-0.3481373157741834,0.8711365756130599,-1.2192738913872434,0.3446620751353227
GTEX-12584-0926-SM-5FQTN.1,HEART,44.5,6.2,979.0,-0.7360137424206981,0.7558415679508694,-1.4918553103715675,-0.42893510938108015
GTEX-12584-1026-SM-59HK3.1,HEART,44.5,6.3,986.0,-0.2567709601963678,-0.5136201981703735,0.2568492379740057,1.263967593599939
GTEX-12696-0008-SM-5TDBX.1,SKIN,64.5,10.0,599.0,0.8166592106626954,-0.8253841808155647,1.6420433914782602,-0.18381013088851011
GTEX-12696-0126-SM-5EQ4L.1,SKIN,64.5,7.1,485.0,0.3121965281203433,0.8244627895652934,-0.51226626144495,-0.01491011451116677
GTEX-12696-0826-SM-5EGGE.1,LIVER,64.5,7.0,519.0,0.0395317331331304,0.17331867077508462,-0.1337869376419542,-0.4505121324822545
GTEX-12696-1126-SM-5FQTI.1,HEART,64.5,8.6,529.0,0.5969770124314002,0.046379271630974314,0.5505977408004259,-0.2993167546729174
GTEX-12696-1226-SM-5FQSM.1,HEART,64.5,7.8,533.0,0.15570622709307191,0.007127125295336721,0.1485791017977352,0.18352576158675024
GTEX-12696-2426-SM-5EQ6H.1,SKIN,64.5,7.1,600.0,-0.0635719047102328,0.7048268572987012,-0.768398762008934,-0.08376213956016763
GTEX-12696-2826-SM-5FQTY.1,MUSCLE,64.5,7.7,614.0,-0.7770566928687164,0.4659297003378028,-1.242986393206519,0.26259994580539403
GTEX-12696-2926-SM-5FQTG.1,BRAIN,64.5,7.9,750.0,0.06659599739068178,-0.2226293693083804,0.2892253666990622,0.34353370238574255
GTEX-12696-3026-SM-5FQTU.1,BRAIN,64.5,6.3,755.0,-0.5088263686635301,0.681883675989163,-1.1907100446526933,0.1042409662113082
GTEX-1269C-0008-SM-5TDBY.1,SKIN,64.5,10.0,265.0,0.5815380263647965,-0.45229617343130823,1.0338341997961047,-0.15457292097974162
GTEX-1269C-0011-R4b-SM-5P9ES.1,BRAIN,64.5,5.7,662.0,-2.855579345003886,0.5139218267706327,-3.3695011717745187,-1.4716228264787445
GTEX-1269C-0126-SM-5EQ5L.1,SKIN,64.5,7.4,758.0,-0.36627483030958263,0.38827768858968914,-0.7545525188992718,-0.1543275592560429
GTEX-1269C-0626-SM-5FQSS.1,LIVER,64.5,6.2,794.0,-0.1453756982605725,0.7914398810364452,-0.9368155792970178,0.042157010982602786
GTEX-1269C-0826-SM-5N9EM.1,HEART,64.5,5.7,798.0,-1.8026943921879748,0.9252059435785435,-2.727900335766518,-1.071939998066575
GTEX-1269C-2526-SM-5EGJ3.1,SKIN,64.5,7.5,985.0,0.13463541577176452,-0.4316040008158255,0.56623941658759,0.15680176026967807
GTEX-1269C-2626-SM-5EQ5C.1,MUSCLE,64.5,7.9,986.0,0.6663605330782848,0.010384380936909922,0.6559761521413748,-0.32822130299285357
GTEX-1269C-3126-SM-5EGI6.1,BRAIN,64.5,6.1,1041.0,-0.5995841629108289,0.8739677663267051,-1.473551929237534,-0.19962510864175514
GTEX-12BJ1-0008-SM-5TDBZ.1,SKIN,64.5,10.0,300.0,0.8185751242897533,-0.8702353607354502,1.6888104850252035,-0.21032229312440548
GTEX-12BJ1-0226-SM-5LUA2.1,HEART,64.5,6.0,103.0,0.18232835252675866,0.49095611624014424,-0.30862776371338557,-0.46599984622237794
GTEX-12BJ1-0326-SM-5FQUB.1,HEART,64.5,7.6,105.0,-0.3843965357642477,0.5174560803832318,-0.9018526161474795,0.005095994851331035
GTEX-12BJ1-0926-SM-5EQ62.1,SKIN,64.5,6.2,120.0,-0.46610311385598374,1.575637172367117,-2.0417402862231007,0.036240533797179265
GTEX-12BJ1-2526-SM-5FQUE.1,MUSCLE,64.5,7.9,306.0,-0.2976122422482279,0.15621865089290501,-0.4538308931411329,-0.07865907381572833
GTEX-12C56-0008-SM-5TDC1.1,SKIN,24.5,10.0,246.0,0.8340062875786709,-0.7532837232767946,1.5872900108554655,-0.355379817397602
GTEX-12C56-1526-SM-5FQUQ.1,SKIN,24.5,8.0,231.0,-0.5849146014384234,0.8033102939670724,-1.3882248954054959,0.23507022305579964
GTEX-12C56-1726-SM-5EQ61.1,SKIN,24.5,6.6,241.0,-0.5681149386857854,0.8540249180355285,-1.422139856721314,0.18681108660371226
GTEX-12C56-1926-SM-5FQUG.1,MUSCLE,24.5,8.1,250.0,-0.6162353718191149,0.8456786554126002,-1.4619140272317153,-0.2646801801663106
GTEX-12KS4-0008-SM-664MC.1,SKIN,34.5,9.9,465.0,-0.15106260826763024,-0.7212082006161598,0.5701455923485295,0.0003651565928531867
GTEX-12KS4-0326-SM-5EQ41.1,SKIN,34.5,8.4,464.0,-0.19509251148779994,0.11009711736371107,-0.305189628851511,0.33119307769472744
GTEX-12KS4-0826-SM-5BC5R.1,MUSCLE,34.5,6.5,491.0,-0.3325176675875016,0.585792158162877,-0.9183098257503786,-0.3361036685674809
GTEX-12KS4-1326-SM-5LUB3.1,LIVER,34.5,6.0,500.0,0.5296017652674576,-0.2453592008866724,0.77496096615413,0.3861594238144471
GTEX-12KS4-2126-SM-5FQUT.1,SKIN,34.5,7.9,536.0,-0.20859610880612894,0.10421755705330352,-0.3128136658594325,0.09429116325494592
GTEX-12WS9-0008-SM-5TDC2.1,SKIN,54.5,10.0,497.0,0.7219743334574292,-0.696410907566968,1.4183852410243971,-0.3560214584645009
GTEX-12WS9-0011-R10a-SM-57WBV.1,BRAIN,54.5,6.1,451.0,0.11864477225903804,-0.34237491287209054,0.46101968513112856,0.17718123423480106
GTEX-12WS9-0011-R2a-SM-5CVNE.1,BRAIN,54.5,8.7,451.0,-1.3434766654052264,1.063106281938802,-2.4065829473440283,-0.4375292961400697
GTEX-12WS9-0011-R3a-SM-5CVNF.1,BRAIN,54.5,6.8,451.0,-0.6154549707149908,0.8137037125951463,-1.429158683310137,-0.33049387028896837
GTEX-12WS9-0011-R4b-SM-5P9EU.1,BRAIN,54.5,6.1,451.0,-1.8593001473295934,1.1043035995079966,-2.96360374683759,-0.9217957133586613
GTEX-12WS9-0011-R5b-SM-5P9EV.1,BRAIN,54.5,7.8,451.0,-0.2698176843376194,0.6783793949036773,-0.9481970792412966,-0.014393878910897159
GTEX-12WS9-0011-R6a-SM-5P9EW.1,BRAIN,54.5,7.3,451.0,-0.321058422822472,0.7172189736170611,-1.038277396439533,-0.41155855157183496
GTEX-12WS9-0126-SM-5EGL7.1,SKIN,54.5,8.4,496.0,-0.57183521351592,-0.5207843026479311,-0.05105091086798896,-0.2947943982795646
GTEX-12WS9-0326-SM-59HJV.1,SKIN,54.5,7.0,501.0,-0.2645065413769106,-1.0290333087684145,0.7645267673915039,-0.0797720350429007
GTEX-12WS9-0626-SM-5FQT2.1,MUSCLE,54.5,8.3,507.0,-0.01631027951720398,0.16327304408369192,-0.1795833236008959,-0.14098767525933278
GTEX-12WS9-0826-SM-59HJX.1,HEART,54.5,6.5,510.0,0.23897318493428357,-1.6709826763085642,1.9099558612428478,1.0103744404490493
GTEX-12WS9-2826-SM-5FQU9.1,BRAIN,54.5,6.3,572.0,0.4476914890675984,-0.34210042785395,0.7897919169215484,0.2376055198739529
GTEX-12WS9-2926-SM-5EGL8.1,BRAIN,54.5,6.1,574.0,0.17115693531923323,0.23495308041669244,-0.0637961450974592,0.0999148620251447
GTEX-12WSA-0008-SM-5TDC3.1,SKIN,64.5,10.0,936.0,0.6242743852162245,-0.31477872517525085,0.9390531103914753,-0.2917637427681151
GTEX-12WSA-0011-R10b-SM-5P9ET.1,BRAIN,64.5,7.2,862.0,-0.3044241437922397,0.5209259959870419,-0.8253501397792816,-0.14506426280511958
GTEX-12WSA-0011-R2a-SM-57WDK.1,BRAIN,64.5,5.8,862.0,-0.2947261080701079,0.36809451691716194,-0.6628206249872699,0.1366655833927495
GTEX-12WSA-0011-R4a-SM-57WB7.1,BRAIN,64.5,6.5,862.0,-1.2848092236908304,0.9596253690201999,-2.2444345927110305,-0.5994053943819042
GTEX-12WSA-0011-R5b-SM-5GU5I.1,BRAIN,64.5,7.0,862.0,0.6175685076143967,0.03506558272206452,0.5825029248923322,0.03165805365798044
GTEX-12WSA-0011-R7b-SM-5GU5U.1,BRAIN,64.5,6.0,862.0,-0.036321601643360575,0.5562002517566231,-0.5925218533999838,-0.41727976050209914
GTEX-12WSA-0011-R8a-SM-5P9EX.1,BRAIN,64.5,6.9,862.0,0.5437591315564395,-0.07778955987296327,0.6215486914294028,0.18499539843992419
GTEX-12WSA-0226-SM-5BC5V.1,SKIN,64.5,6.2,934.0,0.13177259882637968,0.37554946196872935,-0.24377686314234967,-0.3190254727411502
GTEX-12WSA-0426-SM-5EQ5X.1,SKIN,64.5,6.1,940.0,-0.5042477515262687,1.3493597434915556,-1.8536074950178243,-0.09007534627135748
GTEX-12WSA-0726-SM-5FQU2.1,MUSCLE,64.5,7.4,955.0,-0.0699790823559682,-0.023784059584501773,-0.04619502277146642,0.30411244840895635
GTEX-12WSA-1126-SM-5EGKU.1,HEART,64.5,6.2,987.0,-0.12578578845364546,0.49371773141812747,-0.6195035198717729,-0.01972870320367988
GTEX-12WSA-2926-SM-5EQ4D.1,BRAIN,64.5,5.8,1036.0,-0.8158998246285253,0.9879601655439765,-1.8038599901725019,-0.2284590777907254
GTEX-12WSB-0008-SM-5TDC5.1,SKIN,64.5,10.0,1107.0,0.3171972588376505,-0.6611129905935034,0.9783102494311539,0.24281182279119107
GTEX-12WSB-0011-R11b-SM-57WBJ.1,BRAIN,64.5,6.0,1015.0,-0.6931213671122973,0.7226786780600603,-1.4158000451723576,-0.6941475471756666
GTEX-12WSB-0011-R1b-SM-5P9EY.1,BRAIN,64.5,6.1,1015.0,-1.2347684431509087,0.8189799432009044,-2.0537483863518133,-0.4898942457510736
GTEX-12WSB-0011-R5b-SM-5GU67.1,BRAIN,64.5,7.9,1015.0,0.17492971668617643,0.2698452538273205,-0.09491553714114406,0.29080142662711006
GTEX-12WSB-0011-R6b-SM-5GU6J.1,BRAIN,64.5,7.7,1015.0,0.26106863998921764,0.20731531609342363,0.053753323895794014,-0.2634344166458967
GTEX-12WSB-0011-R7b-SM-5GU6V.1,BRAIN,64.5,7.7,1015.0,0.44999063085688223,0.07282213145316117,0.37716849940372105,-0.13382281216013722
GTEX-12WSB-0126-SM-59HJN.1,SKIN,64.5,7.8,1106.0,0.13111007712751002,-0.6543407205314314,0.7854507976589414,0.43238670159282305
GTEX-12WSB-0326-SM-5GCP4.1,MUSCLE,64.5,7.6,1113.0,0.3289763157325951,-0.6911888308164411,1.0201651465490362,0.5531118187745108
GTEX-12WSB-2926-SM-59HKL.1,SKIN,64.5,7.3,1173.0,0.3013753679280734,-0.27457503229006314,0.5759504002181366,-0.06054986849928372
GTEX-12WSB-3026-SM-59HKM.1,BRAIN,64.5,6.7,1187.0,0.07397638237531406,0.30358971859734535,-0.22961333622203128,-0.11540928261717867
GTEX-12WSC-0008-SM-664MK.1,SKIN,54.5,10.0,788.0,0.4280951376783252,-0.8128143050161702,1.2409094426944955,-0.1319079814157921
GTEX-12WSC-0011-R10a-SM-5GU57.1,BRAIN,54.5,6.5,680.0,0.809919624561241,-0.25717977466448516,1.067099399225726,-0.1685352561957624
GTEX-12WSC-0011-R11a-SM-5GU5J.1,BRAIN,54.5,8.2,680.0,1.291506297267663,-1.3403517900521877,2.6318580873198507,-0.4255352592793876
GTEX-12WSC-0011-R3a-SM-5P9F1.1,BRAIN,54.5,6.3,680.0,0.4961391658142624,0.01034962467455154,0.48578954113971085,-0.38060584617679755
GTEX-12WSC-0011-R5b-SM-5CVNS.1,BRAIN,54.5,7.4,680.0,0.4926382870326698,0.19537270013959684,0.297265586893073,-0.09610969279632141
GTEX-12WSC-0011-R6b-SM-5LU99.1,BRAIN,54.5,6.7,680.0,0.6498249940074532,-0.11593220831878757,0.7657572023262408,-0.05010166490835663
GTEX-12WSC-0011-R7b-SM-5LU9L.1,BRAIN,54.5,7.6,680.0,0.5755511763865764,-0.0519045802028143,0.6274557565893907,0.16722581563546918
GTEX-12WSC-0011-R9a-SM-5GU4U.1,BRAIN,54.5,6.9,680.0,-0.21992873999355472,0.33066917005956,-0.5505979100531146,0.2782980621160375
GTEX-12WSC-0126-SM-5EQ4P.1,SKIN,54.5,8.3,787.0,0.03181389217762837,-0.15724495442775752,0.18905884660538588,0.08052970280395944
GTEX-12WSC-0326-SM-5EQ5E.1,MUSCLE,54.5,8.4,793.0,0.12197873645672813,0.022461630890935877,0.09951710556579225,-0.011990864895176276
GTEX-12WSC-1026-SM-5EQ5Y.1,HEART,54.5,7.4,840.0,0.9855663483871585,-0.8435172093259803,1.8290835577131388,0.6182899807465853
GTEX-12WSC-1126-SM-5EQ4G.1,HEART,54.5,6.4,842.0,0.9957912948477038,-0.5325924816441763,1.52838377649188,0.35490597039930377
GTEX-12WSC-2826-SM-5BC5Y.1,SKIN,54.5,6.8,879.0,0.1123572060433333,0.3018578328193282,-0.1895006267759949,0.4660464669501341
GTEX-12WSC-2926-SM-5BC5Z.1,BRAIN,54.5,7.0,887.0,0.7164269810272506,-0.7617639994229258,1.4781909804501763,-0.3285745883151559
GTEX-12WSC-3026-SM-5GCNF.1,BRAIN,54.5,6.7,889.0,0.24751889138528954,0.25667209437753813,-0.009153202992248588,-0.10884388518190623
GTEX-12WSD-0008-SM-664ME.1,SKIN,64.5,10.0,484.0,0.4151197471574794,-0.772141483190076,1.1872612303475554,-0.28558517421856355
GTEX-12WSD-0011-R10b-SM-5GU79.1,BRAIN,64.5,7.5,423.0,0.5099476506869078,-0.022803213252380446,0.5327508639392883,-0.3200927608509136
GTEX-12WSD-0011-R11a-SM-9OSVC.1,BRAIN,64.5,6.1,423.0,0.44421730677076526,-0.22793849536718427,0.6721558021379496,-0.5017242748026193
GTEX-12WSD-0011-R1b-SM-5LZVY.1,BRAIN,64.5,7.2,423.0,-0.2660771298018365,0.34894516609923715,-0.6150222959010736,-0.11415343642648368
GTEX-12WSD-0011-R2a-SM-5LZWB.1,BRAIN,64.5,5.8,423.0,-1.87463959862194,0.998044505418461,-2.8726841040404008,-0.953905253477238
GTEX-12WSD-0011-R3b-SM-5LZWN.1,BRAIN,64.5,6.8,423.0,-0.872274311391185,0.7125882744038476,-1.5848625857950327,-0.4886469703590912
GTEX-12WSD-0011-R4b-SM-5LZUA.1,BRAIN,64.5,7.2,423.0,-0.19749749784932824,0.2502857016227369,-0.44778319947206513,0.01208814440337403
GTEX-12WSD-0011-R5b-SM-5CVNG.1,BRAIN,64.5,8.4,423.0,-0.4790139668391254,0.9467162604683825,-1.4257302273075079,-0.1871167617285501
GTEX-12WSD-0011-R6b-SM-5P9JU.1,BRAIN,64.5,5.8,423.0,0.3274375123187159,0.22278834960850996,0.10464916271020591,0.2847537048439664
GTEX-12WSD-0011-R7b-SM-5PNWE.1,BRAIN,64.5,7.9,423.0,-0.41481251822357096,0.8389891446081601,-1.253801662831731,-0.26884571866919427
GTEX-12WSD-0011-R8b-SM-9QEGI.1,BRAIN,64.5,5.6,423.0,-1.335371512790805,0.7304622076282262,-2.065833720419031,-0.8012563758970591
GTEX-12WSD-0011-R9a-SM-5GU6W.1,BRAIN,64.5,7.5,423.0,0.18436144424634074,-0.23822168270004102,0.4225831269463818,0.5688195395000823
GTEX-12WSD-0126-SM-59HKN.1,SKIN,64.5,6.2,484.0,-0.362053004664048,1.1112683703123012,-1.4733213749763492,0.18570475115198484
GTEX-12WSD-0526-SM-5EQ6F.1,MUSCLE,64.5,8.5,496.0,-0.0746541104209546,0.3239180580135427,-0.3985721684344973,-0.026567536077722588
GTEX-12WSD-0626-SM-5GCMW.1,SKIN,64.5,7.7,501.0,0.10721605472137727,0.2664543641032991,-0.15923830938192182,0.2772965286891843
GTEX-12WSD-1126-SM-5EGJD.1,HEART,64.5,7.6,523.0,0.504086770193185,0.060878989617136996,0.44320778057604804,-0.20217581947725946
GTEX-12WSD-1226-SM-5HL9Q.1,HEART,64.5,6.4,524.0,0.5636136879062719,-0.9441897293956613,1.507803417301933,0.24811489458601207
GTEX-12WSD-1426-SM-5GCN9.1,LIVER,64.5,6.9,527.0,-0.13041737793852518,0.4416094491936169,-0.572026827132142,0.04591653964685442
GTEX-12WSD-3026-SM-5LZU7.1,BRAIN,64.5,7.0,567.0,0.5464841056958026,-0.4856049882040797,1.0320890938998823,-0.003644002456886666
GTEX-12WSD-3126-SM-5HL7P.1,BRAIN,64.5,5.8,570.0,-0.27714616162822625,0.6057056253173129,-0.8828517869455391,0.0029972907533254997
GTEX-12WSE-0008-SM-5YY9P.1,SKIN,24.5,10.0,1378.0,0.8654902335280044,-1.2116417877783905,2.0771320213063946,-0.2595745902225955
GTEX-12WSE-0011-R10b-SM-5P9JV.1,BRAIN,24.5,7.5,1350.0,0.7992368841652235,-0.606344642394472,1.4055815265596956,-0.10821382244323816
GTEX-12WSE-0011-R11b-SM-5P9JW.1,BRAIN,24.5,7.7,1350.0,1.028709535320488,-1.99612532253713,3.024834857857618,-0.378107719614811
GTEX-12WSE-0011-R1b-SM-5GU4V.1,BRAIN,24.5,7.7,1350.0,0.3507944872333486,0.03733143593722394,0.3134630512961247,-0.0036008336089807533
GTEX-12WSE-0011-R6b-SM-5LZV5.1,BRAIN,24.5,7.9,1350.0,-0.45825414034517714,0.7552814408099999,-1.2135355811551771,-0.5017741304580536
GTEX-12WSE-0011-R7a-SM-5PNWF.1,BRAIN,24.5,5.9,1350.0,-2.376671793946898,1.4914931251324706,-3.8681649190793683,-1.1008316990694504
GTEX-12WSE-0526-SM-793B2.1,SKIN,24.5,7.9,1376.0,-0.11866159984651069,-0.29316790103854967,0.17450630119203897,-0.4722851319224977
GTEX-12WSE-0926-SM-5S2VX.1,HEART,24.5,6.4,1387.0,0.375858579743171,0.23436929223366704,0.14148928750950396,0.07832223187656037
GTEX-12WSE-2926-SM-5RQJ9.1,BRAIN,24.5,6.6,1442.0,0.9165942909090177,-1.3907556638447418,2.3073499547537595,-0.35220500659213966
GTEX-12WSF-0008-SM-5YY8S.1,SKIN,74.5,10.0,825.0,-0.002303630689111433,-0.662996150594158,0.6606925199050465,-0.10465367443112712
GTEX-12WSF-0011-R10a-SM-5LZVH.1,BRAIN,74.5,8.1,766.0,0.8110285050404358,-0.5415760456920234,1.352604550732459,0.17023718453112627
GTEX-12WSF-0011-R11a-SM-5LZVT.1,BRAIN,74.5,6.9,766.0,0.5597752263030658,-0.47901692255590683,1.0387921488589726,-0.3602522906950926
GTEX-12WSF-0011-R1a-SM-5DUVI.1,BRAIN,74.5,8.2,766.0,0.3233111826548999,0.26332957244156285,0.05998161021333703,0.06714775636783667
GTEX-12WSF-0011-R2a-SM-5DUVU.1,BRAIN,74.5,5.9,766.0,-0.4964567163474529,0.7462836990265481,-1.242740415374001,0.10727919332048697
GTEX-12WSF-0011-R3a-SM-5DUW7.1,BRAIN,74.5,6.9,766.0,-0.019112308493242372,0.5889295586449464,-0.6080418671381889,-0.11835295994328994
GTEX-12WSF-0011-R4b-SM-5HL88.1,BRAIN,74.5,7.3,766.0,-0.27161408697208217,0.5358424419762767,-0.8074565289483588,0.12484750660170466
GTEX-12WSF-0011-R5a-SM-5HL8K.1,BRAIN,74.5,8.3,766.0,0.049763991622062624,0.39692315041128967,-0.34715915878922704,0.3061060722998898
GTEX-12WSF-0011-R6b-SM-5HL8W.1,BRAIN,74.5,5.9,766.0,0.21993965779928296,0.4245254273773403,-0.20458576957805732,-0.1705052833461899
GTEX-12WSF-0011-R7b-SM-5HL99.1,BRAIN,74.5,7.1,766.0,-0.29026513378347557,0.6843802284198588,-0.9746453622033344,-0.16341230621452052
GTEX-12WSF-0926-SM-6PALU.1,MUSCLE,74.5,7.7,857.0,0.3183162126868282,-0.4403425672904359,0.7586587799772642,-0.4315250623871809
GTEX-12WSF-1626-SM-7KUG5.1,SKIN,74.5,6.1,874.0,-0.21697871628455964,0.7400333674070759,-0.9570120836916356,0.06208975354911914
GTEX-12WSF-3126-SM-6M478.1,BRAIN,74.5,7.1,952.0,0.3251890678579179,0.1586301227949164,0.1665589450630015,-0.04626743533850818
GTEX-12WSG-0008-SM-5TDC4.1,SKIN,54.5,10.0,426.0,0.39119469851859207,-0.8578882869938543,1.2490829855124463,-0.0797915761157825
GTEX-12WSG-0526-SM-5FQTH.1,HEART,54.5,7.2,337.0,0.5048950551630047,-0.314262548673673,0.8191576038366777,-0.10295227222864231
GTEX-12WSG-0626-SM-5FQTQ.1,LIVER,54.5,6.6,338.0,0.8061780603679326,-0.9968322554833975,1.80301031585133,0.32428171205856804
GTEX-12WSG-1226-SM-5EQ4C.1,HEART,54.5,7.6,349.0,0.3196475652471228,-0.13989771685670507,0.45954528210382783,0.2284293903465778
GTEX-12WSG-2526-SM-5EQ4O.1,MUSCLE,54.5,8.4,419.0,-0.31716607562699284,1.0933523262518516,-1.4105184018788446,-0.19805471484784426
GTEX-12WSG-2826-SM-5FQUS.1,SKIN,54.5,7.7,427.0,-0.29247153328808295,0.11969676279321582,-0.4121682960812988,-0.30704862824980517
GTEX-12WSG-2826-SM-E9J4H.1,SKIN,54.5,7.2,427.0,-0.021292845908652422,0.20787056507042062,-0.22916341097907306,0.3085421423016944
GTEX-12WSG-5016-SM-7SB84.1,MUSCLE,54.5,6.1,421.0,0.46779323458541594,-0.03216474433483653,0.49995797892025245,-0.052002573736160344
GTEX-12WSH-0008-SM-5S2V1.1,SKIN,54.5,9.8,1007.0,0.17925193323556657,-0.42518137639450665,0.6044333096300732,-0.13451406623138054
GTEX-12WSH-0011-R10a-SM-5LZUS.1,BRAIN,54.5,6.8,795.0,0.4719537670302828,-0.3548792356019001,0.8268330026321828,0.02306037864235182
GTEX-12WSH-0011-R11a-SM-5LZVM.1,BRAIN,54.5,8.1,795.0,0.7467035298555446,-0.9481629271462626,1.6948664570018073,-0.33786096131699433
GTEX-12WSH-0011-R1a-SM-5GU5V.1,BRAIN,54.5,6.0,795.0,0.21416350752445273,-0.05430629307452103,0.26846980059897374,-0.04028165861876541
GTEX-12WSH-0011-R2a-SM-5GU68.1,BRAIN,54.5,6.0,795.0,-0.414686950311094,0.3447028811921039,-0.7593898315031979,-0.03619940232645124
GTEX-12WSH-0011-R4a-SM-5GU6K.1,BRAIN,54.5,6.0,795.0,0.17348242290712595,-0.17319320015244993,0.3466756230595759,-0.08689089540037888
GTEX-12WSH-0011-R5b-SM-5P9F3.1,BRAIN,54.5,6.2,795.0,-1.2045067317387645,0.7789557484339944,-1.983462480172759,-0.6166953462907231
GTEX-12WSH-0011-R6b-SM-5P9F4.1,BRAIN,54.5,8.4,795.0,0.17351838272015652,0.16232280546666325,0.011195577253493266,-0.3900370993301749
GTEX-12WSH-0011-R9b-SM-5LZUG.1,BRAIN,54.5,6.6,795.0,0.2470857905720457,-0.9633113233991636,1.2103971139712093,0.7250134664279496
GTEX-12WSH-1526-SM-5BC5W.1,SKIN,54.5,6.4,917.0,-0.5489392856471819,0.48733211011443645,-1.0362713957616183,-0.027619935808192633
GTEX-12WSH-2526-SM-5CVNH.1,MUSCLE,54.5,7.8,1009.0,0.2131593177191966,-0.1072317031094025,0.3203910208285991,-0.3997088050255886
GTEX-12WSH-3026-SM-5CVNI.1,BRAIN,54.5,6.4,1079.0,-0.06676887836831402,0.4114237451032143,-0.4781926234715283,-0.16321403878367197
GTEX-12WSH-3126-SM-5LZW8.1,BRAIN,54.5,6.7,1081.0,0.6315195227126331,-0.8471208408853751,1.478640363598008,-0.20012276111522476
GTEX-12WSI-0008-SM-664MD.1,SKIN,54.5,10.0,924.0,0.6528396398862962,-0.27173926624788386,0.92457890613418,-0.3174912813766014
GTEX-12WSI-0011-R11b-SM-5P9EZ.1,BRAIN,54.5,8.9,574.0,1.2761774715097653,-1.927499576652539,3.2036770481623043,-0.2519150245854307
GTEX-12WSI-0011-R7b-SM-5GU78.1,BRAIN,54.5,7.1,574.0,0.7599637617620344,-0.06090827401348501,0.8208720357755194,-0.05026218172587284
GTEX-12WSI-0226-SM-5GCNA.1,LIVER,54.5,5.8,744.0,-0.4111665159979321,0.9031487981589899,-1.314315314156922,0.3417059745256827
GTEX-12WSI-0426-SM-5EQ5J.1,HEART,54.5,5.8,746.0,-1.0343194679433239,0.8081918788810222,-1.8425113468243461,-0.6698544820244101
GTEX-12WSJ-0008-SM-664ML.1,SKIN,44.5,10.0,208.0,0.3660743679712251,-0.5924007848607963,0.9584751528320214,0.13377073756624802
GTEX-12WSJ-1126-SM-5LZVJ.1,SKIN,44.5,6.7,142.0,-1.2581833482635199,1.5236289367946965,-2.7818122850582165,-0.46906312474556655
GTEX-12WSJ-1726-SM-5LZVV.1,MUSCLE,44.5,8.7,202.0,-0.17849972497029684,0.3808886648192569,-0.5593883897895537,-0.2782665895758236
GTEX-12WSJ-1826-SM-5GCNY.1,SKIN,44.5,7.3,208.0,-0.5986708360128604,0.666382771691656,-1.2650536077045165,-0.09633378954275991
GTEX-12WSK-0008-SM-5YY9R.1,SKIN,44.5,10.0,208.0,0.592364475900577,-1.3309282945521335,1.9232927704527105,-0.2659503838100886
GTEX-12WSK-0526-SM-5CVNA.1,HEART,44.5,8.0,138.0,-0.14656781934838126,0.31703172423673104,-0.4635995435851123,-0.144062556428772
GTEX-12WSK-0626-SM-5LZUJ.1,HEART,44.5,9.0,148.0,0.39868557569572693,-0.4195749320682296,0.8182605077639565,0.1414205016331195
GTEX-12WSK-2126-SM-5CVNC.1,SKIN,44.5,7.0,196.0,-0.8622190140311817,0.8914965496732423,-1.7537155637044242,-0.1742862023656336
GTEX-12WSK-2326-SM-5GCOH.1,SKIN,44.5,7.7,208.0,-0.7200042287298813,0.8720081772319106,-1.592012405961792,-0.08339126912761329
GTEX-12WSL-0008-SM-664MM.1,SKIN,54.5,10.0,353.0,0.9499159033162331,-1.384452167411708,2.3343680707279413,-0.21719060332586562
GTEX-12WSL-0226-SM-5CVMJ.1,LIVER,54.5,6.7,209.0,-0.0359366943881591,0.1553782856559585,-0.1913149800441176,-0.3336271247970084
GTEX-12WSL-2026-SM-5GCML.1,SKIN,54.5,7.3,326.0,0.19976389187023663,0.3871948960416885,-0.18743100417145186,0.4719114092799245
GTEX-12WSL-2526-SM-5GCNJ.1,SKIN,54.5,8.1,353.0,0.23451156823542915,-0.595749219516022,0.8302607877514512,0.40775977844571787
GTEX-12WSL-2726-SM-5CVNL.1,MUSCLE,54.5,8.7,355.0,-0.5549982478401619,-0.425400292102729,-0.12959795573743293,0.13223518650175634
GTEX-12WSM-0008-SM-5S2VD.1,SKIN,64.5,10.0,839.0,-0.036529408865470105,-0.30367280762865606,0.26714339876318594,-0.02670478138735189
GTEX-12WSM-0011-R10a-SM-5DUWV.1,BRAIN,64.5,7.8,694.0,0.5766684424207013,-0.0913342757004424,0.6680027181211436,0.07630163786231237
GTEX-12WSM-0011-R11a-SM-5DUX8.1,BRAIN,64.5,8.5,694.0,1.0600318272623817,-1.281548684265029,2.3415805115274106,-0.04349880389909277
GTEX-12WSM-0011-R1a-SM-5LZW6.1,BRAIN,64.5,6.3,694.0,-0.6823332775177406,0.6680058238409837,-1.3503391013587245,-0.35763597027717176
GTEX-12WSM-0011-R3b-SM-5LZWI.1,BRAIN,64.5,6.3,694.0,0.1952598873092212,0.18161381268579385,0.013646074623427346,-0.21819635519267272
GTEX-12WSM-0011-R5a-SM-5EQ4Y.1,BRAIN,64.5,8.2,694.0,0.0653590290349012,0.5731661511117959,-0.5078071220768947,-0.3329959254677897
GTEX-12WSM-0011-R6b-SM-5EQ6N.1,BRAIN,64.5,8.4,694.0,-0.6604506474474281,0.9560183710188863,-1.6164690184663144,-0.5721670636768663
GTEX-12WSM-0011-R7b-SM-5EGLD.1,BRAIN,64.5,7.7,694.0,-0.7540498276027114,1.051571116736349,-1.8056209443390605,-0.626626858367655
GTEX-12WSM-0011-R8a-SM-5DUWJ.1,BRAIN,64.5,7.6,694.0,-0.28441672055729855,0.7311688278524472,-1.0155855484097458,0.11219003925845379
GTEX-12WSM-0326-SM-5LZVI.1,MUSCLE,64.5,8.1,845.0,0.04687212045787747,0.9888225839742635,-0.941950463516386,-0.2999774577295131
GTEX-12WSM-0726-SM-5GCOW.1,LIVER,64.5,5.9,971.0,-0.5691693643375032,0.983551069526528,-1.5527204338640312,-0.4396338229387794
GTEX-12WSM-1926-SM-5BC65.1,SKIN,64.5,6.3,1023.0,-0.27421869321788134,0.5536370574153329,-0.8278557506332143,-0.05928216125018591
GTEX-12WSM-2126-SM-5GCOC.1,BRAIN,64.5,6.4,1106.0,0.6084969302659781,-0.4861390245888232,1.0946359548548013,-0.16336187742817435
GTEX-12WSN-0008-SM-664MI.1,SKIN,44.5,10.0,297.0,0.6975447387445709,-0.9985950772987942,1.696139816043365,-0.1466363313664727
GTEX-12WSN-0226-SM-5DUXH.1,HEART,44.5,8.5,162.0,0.2811140035244085,-0.3408726589928752,0.6219866625172837,0.53221027923473
GTEX-12WSN-1426-SM-5GCO6.1,SKIN,44.5,8.0,250.0,0.13644384442192103,0.11034341878272488,0.02610042563919615,0.8876362645340848
GTEX-12WSN-2326-SM-5DUVG.1,SKIN,44.5,8.0,290.0,-0.4547698293129027,0.19629085333393986,-0.6510606826468426,0.3307111592822017
GTEX-12WSN-2526-SM-5LZU8.1,MUSCLE,44.5,8.0,299.0,-0.626505403318586,-0.1648478485873142,-0.4616575547312718,-0.21017296095612628
GTEX-12WSN-5001-SM-7DHMK.1,HEART,44.5,8.3,176.0,0.5066130010146187,-0.06887406361870835,0.575487064633327,-0.28159111484948735
GTEX-12WSN-5019-SM-79OM6.1,SKIN,44.5,7.1,292.0,0.17211538088300113,-0.33339476680150537,0.5055101476845065,0.5861497369147475
GTEX-12WSN-5022-SM-7DHN6.1,MUSCLE,44.5,8.4,297.0,-0.3752920757942954,-0.3474870842422134,-0.027804991552081992,0.06314920637906365
GTEX-12ZZW-0008-SM-5YY9L.1,SKIN,54.5,10.0,1091.0,0.9166974949029617,-0.7536836110572962,1.6703811059602578,-0.365096156182024
GTEX-12ZZW-0011-R10b-SM-5HL9X.1,BRAIN,54.5,6.2,982.0,-0.339633583936741,0.7144205421956783,-1.0540541261324192,-0.5516857248303925
GTEX-12ZZW-0011-R3a-SM-5DUWW.1,BRAIN,54.5,6.4,982.0,-1.5389771692319016,1.2184239550927973,-2.7574011243246987,-0.8457130760053139
GTEX-12ZZW-0011-R4a-SM-5DUX9.1,BRAIN,54.5,7.0,982.0,-1.065236789313956,0.9877072967454639,-2.05294408605942,-0.6944537956946328
GTEX-12ZZW-0011-R5a-SM-5DUVN.1,BRAIN,54.5,8.3,982.0,-0.5243868811816889,0.796185549408073,-1.320572430589762,-0.4958313037692723
GTEX-12ZZW-0011-R6a-SM-5DUVZ.1,BRAIN,54.5,6.0,982.0,-0.8023045047476403,0.9260124965942881,-1.7283170013419284,-0.8584402089219426
GTEX-12ZZW-0011-R7a-SM-5DUWC.1,BRAIN,54.5,7.0,982.0,-0.5996741181154598,0.8347446315445062,-1.434418749659966,-0.7753705924608832
GTEX-12ZZW-0126-SM-5DUVB.1,SKIN,54.5,6.0,1090.0,0.4165364865186985,0.1452944872367851,0.2712419992819134,0.544161260975757
GTEX-12ZZW-1026-SM-5GCMM.1,HEART,54.5,5.9,1169.0,-1.572691657857455,0.5253911794984331,-2.098082837355888,0.025879435891187012
GTEX-12ZZW-2926-SM-5LZUP.1,BRAIN,54.5,6.2,1224.0,0.023045143006911153,0.42459240061050363,-0.4015472576035925,-0.2537862049293369
GTEX-12ZZX-0008-SM-5YY9N.1,SKIN,44.5,10.0,586.0,0.4132204642403728,-1.5711306308278041,1.9843510950681769,-0.20954365670514746
GTEX-12ZZX-0011-R10b-SM-5DUWK.1,BRAIN,44.5,8.7,497.0,0.9437366767469723,-0.904586526140049,1.8483232028870211,0.1820011914274941
GTEX-12ZZX-0011-R11a-SM-5DUVJ.1,BRAIN,44.5,8.8,497.0,1.0570273486323318,-1.7492900668433575,2.8063174154756894,0.07477454009549182
GTEX-12ZZX-0011-R1a-SM-5EQ6B.1,BRAIN,44.5,8.5,497.0,0.6887899701000301,-0.3501209036232058,1.038910873723236,0.4439318568112918
GTEX-12ZZX-0011-R2a-SM-5EGLG.1,BRAIN,44.5,7.9,497.0,0.5852908590139816,-0.05869750533671725,0.6439883643506988,0.2422035804692836
GTEX-12ZZX-0011-R3b-SM-5EGLH.1,BRAIN,44.5,8.4,497.0,0.09000806365369425,0.18571682172694334,-0.09570875807324909,0.13593987093368612
GTEX-12ZZX-0011-R5a-SM-5HL89.1,BRAIN,44.5,7.4,497.0,-0.5562311702167648,0.9707307190093472,-1.5269618892261119,-0.2361571171522386
GTEX-12ZZX-0011-R6a-SM-5HL8L.1,BRAIN,44.5,8.4,497.0,0.671877312475804,-0.16010969196440025,0.8319870044402042,0.08785842796775324
GTEX-12ZZX-0011-R7b-SM-5DUVV.1,BRAIN,44.5,8.4,497.0,-0.3873070394206529,0.8209934296618753,-1.2083004690825283,-0.14453954750609088
GTEX-12ZZX-0011-R8a-SM-5DUW8.1,BRAIN,44.5,8.1,497.0,0.3960619738800715,0.03830204476394609,0.3577599291161254,0.4751537333721826
GTEX-12ZZX-0126-SM-5EGK9.1,SKIN,44.5,7.9,584.0,-0.04003121102982084,0.06453223218449587,-0.10456344321431671,0.08982851784827604
GTEX-12ZZX-0326-SM-5DUVH.1,MUSCLE,44.5,7.7,621.0,0.2081898940481886,-0.7730165668463373,0.9812064608945259,0.5999898626905273
GTEX-12ZZX-0726-SM-5EGKA.1,HEART,44.5,7.1,640.0,0.4602187576580438,-0.22862103417767976,0.6888397918357236,0.3849373578136321
GTEX-12ZZX-2426-SM-5GCOE.1,SKIN,44.5,8.2,691.0,-0.18732152696766985,0.055006585788225766,-0.2423281127558956,-0.10325265514979151
GTEX-12ZZX-2826-SM-5BC6K.1,BRAIN,44.5,7.3,709.0,0.8547869343770379,-1.2777073951777516,2.1324943295547896,0.023094092207551504
GTEX-12ZZX-2926-SM-5GCOQ.1,BRAIN,44.5,6.8,712.0,0.5264768003560574,-0.2751257341641737,0.8016025345202311,0.15296829215478397
GTEX-12ZZY-0008-SM-5YY9Q.1,SKIN,64.5,10.0,511.0,1.0021015806537767,-1.3404539412159773,2.342555521869754,-0.21362871649190596
GTEX-12ZZY-0011-R10b-SM-5HL7W.1,BRAIN,64.5,6.7,388.0,1.124503711753157,-0.635197549068261,1.759701260821418,0.0730593149633704
GTEX-12ZZY-0011-R5a-SM-5EGL9.1,BRAIN,64.5,7.0,388.0,0.2794731591992448,0.4758171236568216,-0.1963439644575768,0.028808157727727754
GTEX-12ZZY-0011-R6b-SM-5EGLA.1,BRAIN,64.5,7.8,388.0,0.36569819291105016,0.3334696582832485,0.032228534627801675,0.05429515475813405
GTEX-12ZZY-0011-R7a-SM-5EGLB.1,BRAIN,64.5,7.8,388.0,0.15892286062256555,0.4404057679509391,-0.28148290732837355,0.18969264456480991
GTEX-12ZZY-0226-SM-5LZVE.1,SKIN,64.5,8.7,510.0,0.21728565233907488,-0.19207389629416097,0.40935954863323587,-0.003692408932143561
GTEX-12ZZY-0626-SM-5EQ5T.1,MUSCLE,64.5,8.4,539.0,0.35420054785928906,-0.5431799416573438,0.8973804895166329,-0.014770207979026043
GTEX-12ZZY-0726-SM-5EQ66.1,SKIN,64.5,7.9,542.0,-0.3650634887681929,0.7163034645587415,-1.0813669533269343,-0.08322994783222662
GTEX-12ZZY-1126-SM-5DUWQ.1,HEART,64.5,6.2,563.0,-1.0452420331043772,0.9675188690801954,-2.0127609021845725,-0.8881891455909087
GTEX-12ZZY-1226-SM-5GCNK.1,HEART,64.5,6.5,565.0,0.254029096567365,0.08646516865212561,0.16756392791523939,0.3898564714155613
GTEX-12ZZY-2926-SM-5DUXO.1,BRAIN,64.5,6.5,610.0,0.9787930198607823,-1.3098033359543477,2.28859635581513,-0.062240046310829564
GTEX-12ZZY-3026-SM-5GCOU.1,BRAIN,64.5,6.7,614.0,0.6039082680578568,-0.3088303759078297,0.9127386439656865,0.24580135187564806
GTEX-12ZZZ-0008-SM-5YY9S.1,SKIN,64.5,10.0,821.0,0.5388254678304564,-1.3666898529919147,1.9055153208223712,-0.15795444503781494
GTEX-12ZZZ-0011-R10a-SM-5P9HC.1,BRAIN,64.5,6.6,640.0,0.38514154010760066,0.2520768384961144,0.13306470161148626,-0.12998191307312748
GTEX-12ZZZ-0011-R11a-SM-5EGLC.1,BRAIN,64.5,7.6,640.0,1.0633555476168186,-1.1838215038997222,2.247177051516541,-0.2932519892147151
GTEX-12ZZZ-0011-R3b-SM-5DUXK.1,BRAIN,64.5,6.5,640.0,-0.06083437429447474,0.5710730117467263,-0.631907386041201,-0.17473569281033166
GTEX-12ZZZ-0011-R4b-SM-5DUV7.1,BRAIN,64.5,6.1,640.0,-1.7537160699449739,1.1473826900067308,-2.9010987599517044,-0.7248362595296425
GTEX-12ZZZ-0011-R5a-SM-5EQ4M.1,BRAIN,64.5,9.0,640.0,0.06060192085889908,0.5686995462941788,-0.5080976254352798,0.2641706662593931
GTEX-12ZZZ-0011-R6b-SM-5EQ5B.1,BRAIN,64.5,7.7,640.0,-0.05249902735363572,0.7945099536003379,-0.8470089809539737,-0.37548167793545856
GTEX-12ZZZ-0011-R7b-SM-5EGLE.1,BRAIN,64.5,8.1,640.0,-0.2165056058077638,0.8711244672242413,-1.0876300730320052,-0.2493873929111138
GTEX-12ZZZ-0226-SM-59HKU.1,MUSCLE,64.5,6.6,814.0,0.7542256630477553,-0.5284072223881344,1.2826328854358897,0.283511199526975
GTEX-12ZZZ-0626-SM-5DUXI.1,SKIN,64.5,7.3,822.0,-0.17736065520639985,0.35140165755101105,-0.5287623127574109,-0.005100059324585414
GTEX-12ZZZ-0726-SM-5GCNZ.1,SKIN,64.5,7.5,839.0,-0.35979360572282104,0.289938121833891,-0.649731727556712,-0.03941856439189379
GTEX-12ZZZ-1326-SM-59HKW.1,LIVER,64.5,5.8,857.0,-3.504397459805683,1.6117693114898206,-5.116166771295504,-1.0122001136379657
GTEX-12ZZZ-1726-SM-59HK5.1,HEART,64.5,6.4,865.0,0.04944839238538948,0.47813652764084286,-0.42868813525545335,-0.42612613754072115
GTEX-12ZZZ-3026-SM-5BC67.1,BRAIN,64.5,6.2,935.0,0.25060775707707544,0.24050432943588704,0.010103427641188406,0.22606848006318483
GTEX-12ZZZ-3126-SM-5LZU6.1,BRAIN,64.5,6.7,936.0,0.6756148473112871,-0.7127315135179384,1.3883463608292255,-0.1723982044369788
GTEX-13111-0008-SM-5YY8R.1,SKIN,54.5,10.0,324.0,0.6834663580674447,-1.0368552792051668,1.7203216372726116,-0.4066537116473164
GTEX-13111-1626-SM-5EGJY.1,SKIN,54.5,7.4,321.0,-0.9558448351887189,0.8208461234342135,-1.7766909586229325,-0.6296363966768003
GTEX-13111-1826-SM-5GCP1.1,SKIN,54.5,6.6,330.0,0.4185441692104484,0.9004614700360164,-0.481917300825568,0.6190507603590959
GTEX-13111-2226-SM-5LZUE.1,MUSCLE,54.5,7.9,336.0,-0.5968902301445023,1.0988290799656657,-1.695719310110168,-0.4597846469678458
GTEX-13112-0008-SM-5YY9M.1,SKIN,54.5,10.0,1354.0,0.48976540521338374,-1.1471636832776988,1.6369290884910825,-0.11546810408794281
GTEX-13112-0011-R1b-SM-5HL7K.1,BRAIN,54.5,6.7,1176.0,-0.9319562358794575,0.9695912275584748,-1.9015474634379324,-0.5708033354799035
GTEX-13112-0011-R3b-SM-5HL9L.1,BRAIN,54.5,6.0,1176.0,-0.16525991369810292,0.4384117749531755,-0.6036716886512784,-0.18030587495046085
GTEX-13112-0011-R4b-SM-5DUXL.1,BRAIN,54.5,7.1,1176.0,-0.5093246367847079,0.7499082762647539,-1.2592329130494617,-0.2420301122359179
GTEX-13112-0011-R5b-SM-5DUV8.1,BRAIN,54.5,8.2,1176.0,-1.3814444199882516,1.2928856979780068,-2.6743301179662584,-0.6264512753628063
GTEX-13112-0011-R6b-SM-5DUVK.1,BRAIN,54.5,8.8,1176.0,-0.3205222166711034,0.8485524212698251,-1.1690746379409285,-0.3668774450269478
GTEX-13112-0011-R7b-SM-5DUVW.1,BRAIN,54.5,8.7,1176.0,-0.1516508160380795,0.6808163889792799,-0.8324672050173594,-0.12456811188163475
GTEX-13112-0011-R8b-SM-664OV.1,BRAIN,54.5,6.0,1176.0,-1.4683186783006774,1.0999927622119707,-2.568311440512648,-0.4333740744116628
GTEX-13112-0126-SM-5P9IU.1,SKIN,54.5,7.1,1194.0,0.27569547089512214,-0.09921458284802419,0.37491005374314634,-0.05208789388943245
GTEX-13112-0426-SM-5PNVC.1,HEART,54.5,7.1,1201.0,0.574594774183349,-0.13103301969671483,0.7056277938800639,0.40069716840932784
GTEX-13112-0526-SM-5EQ4S.1,HEART,54.5,5.9,1204.0,-0.23911862979510362,0.49710753884401093,-0.7362261686391145,0.13001588626179308
GTEX-13112-1426-SM-5EGH8.1,LIVER,54.5,5.7,1234.0,-0.9626636200323745,1.0880422631095,-2.0507058831418745,-0.4739791088819355
GTEX-13112-2626-SM-5BC66.1,MUSCLE,54.5,6.7,1351.0,0.2182140196332717,0.13141863466621106,0.08679538496706063,-0.2120883598522905
GTEX-13112-2826-SM-5DUWH.1,SKIN,54.5,8.0,1355.0,-0.1565931669256609,0.21708968153606104,-0.37368284846172195,0.0450604339223203
GTEX-13112-2926-SM-5DUWT.1,BRAIN,54.5,6.9,1383.0,0.9027192998399032,-0.808147913988737,1.71086721382864,-0.07778411434895592
GTEX-13113-0008-SM-5YY9T.1,SKIN,64.5,10.0,295.0,0.2661979559161831,-1.3573285448543972,1.6235265007705804,-0.15045037813156348
GTEX-13113-1326-SM-5GCOI.1,LIVER,64.5,7.0,254.0,-0.046590008762993344,0.3479159535786477,-0.39450596234164104,-0.39451479407239104
GTEX-13113-1626-SM-5EQ4I.1,SKIN,64.5,7.8,276.0,-0.15605621313547316,0.10277187412201595,-0.2588280872574891,0.4173094406324093
GTEX-13113-1926-SM-5LZWG.1,SKIN,64.5,7.5,296.0,-0.25101597455294616,0.14943416085238753,-0.4004501354053337,0.28456266460512797
GTEX-13113-5016-SM-7EPIP.1,SKIN,64.5,6.8,297.0,0.3212270951645287,-0.7542101727718941,1.0754372679364228,-0.25171560305547525
GTEX-13113-5019-SM-7EPH2.1,MUSCLE,64.5,6.9,304.0,0.4318603311748648,-0.48616507616144283,0.9180254073363077,0.6757726667266631
GTEX-1313W-0008-SM-5YYAP.1,SKIN,54.5,10.0,620.0,0.668281922250074,-1.0501168214020866,1.7183987436521606,-0.28550901651003935
GTEX-1313W-0011-R10b-SM-5DUXA.1,BRAIN,54.5,7.9,434.0,0.7105589535220018,-0.2145036937169721,0.9250626472389739,-0.1674929369812933
GTEX-1313W-0011-R11a-SM-5DUXN.1,BRAIN,54.5,8.2,434.0,1.1459442465563998,-1.5240920900213786,2.6700363365777786,-0.2825031341937482
GTEX-1313W-0011-R1b-SM-5EQ4A.1,BRAIN,54.5,7.2,434.0,0.43445215147283117,-0.026123566344948015,0.4605757178177792,0.1399376979350514
GTEX-1313W-0011-R2a-SM-5EGLF.1,BRAIN,54.5,7.0,434.0,0.7851461908433072,-0.09710013350482428,0.8822463243481314,0.14784715811913718
GTEX-1313W-0011-R3a-SM-5EGLI.1,BRAIN,54.5,7.4,434.0,0.3750958793479863,0.25344530912162777,0.12165057022635856,-0.22735693730929576
GTEX-1313W-0011-R4b-SM-5KLZV.1,BRAIN,54.5,6.9,434.0,0.15013431745090855,0.35435973130250675,-0.2042254138515982,-0.030907634018464747
GTEX-1313W-0011-R5b-SM-5L3EP.1,BRAIN,54.5,8.1,434.0,0.21492628668245015,0.5411157778795066,-0.3261894911970564,-0.2038571668706498
GTEX-1313W-0011-R6a-SM-5K7XO.1,BRAIN,54.5,8.7,434.0,0.44268230741108894,0.19998635682272958,0.24269595058835935,-0.08591354820034093
GTEX-1313W-0011-R7b-SM-5DUWL.1,BRAIN,54.5,8.9,434.0,-0.0017348815876994665,0.6435595958342945,-0.645294477421994,-0.32534765314171626
GTEX-1313W-0011-R8a-SM-5DUVM.1,BRAIN,54.5,6.8,434.0,0.5984476988215827,-0.11639802626641685,0.7148457250879995,0.1712493037983144
GTEX-1313W-0126-SM-5LZUN.1,SKIN,54.5,7.2,618.0,-0.3045143912396434,0.47485345516412825,-0.7793678464037717,0.07112600428624388
GTEX-1313W-0526-SM-5P9FZ.1,MUSCLE,54.5,8.6,635.0,1.2379041672715805,-0.8792049205100908,2.1171090877816714,-0.08880254703348961
GTEX-1313W-0626-SM-5EQ4H.1,SKIN,54.5,6.5,656.0,-0.858757696367542,0.8063660117217837,-1.6651237080893257,-0.4102643909843316
GTEX-1313W-1126-SM-5EQ5U.1,HEART,54.5,7.4,677.0,0.38209734837533693,-0.31519219658581726,0.6972895449611543,0.7093615999172147
GTEX-1313W-1426-SM-5KLZU.1,HEART,54.5,6.3,683.0,-0.0740323253088088,0.642260848929288,-0.7162931742380968,-0.46392294720704463
GTEX-1313W-3026-SM-5LZUZ.1,BRAIN,54.5,7.2,738.0,0.8917557673629072,-1.0991894128937312,1.9909451802566385,-0.20529012450062653
GTEX-1313W-3126-SM-5LZUI.1,BRAIN,54.5,6.9,740.0,0.3722122055366929,0.04018027986882296,0.33203192566786993,-0.10104605867344998
GTEX-1314G-0008-SM-5YY9K.1,SKIN,34.5,10.0,469.0,0.8451132968526694,-1.2205294576468098,2.0656427544994793,-0.2477029001094332
GTEX-1314G-0126-SM-5LZUL.1,HEART,34.5,5.8,309.0,-0.03793282744656601,0.5101287990427061,-0.5480616264892721,-0.2044594672200605
GTEX-1314G-1326-SM-5BC6E.1,SKIN,34.5,7.3,455.0,0.08998905436153588,-0.01933506908236099,0.10932412344389687,0.5639216403144119
GTEX-1314G-1526-SM-5EGK2.1,SKIN,34.5,8.0,477.0,0.0778296212396805,0.04819590178456985,0.029633719455110646,0.16970608755384542
GTEX-1314G-1726-SM-5LZUX.1,MUSCLE,34.5,8.2,518.0,-0.4149249718865467,-0.03076073144525079,-0.38416424044129593,-0.0824246705192287
GTEX-131XE-0326-SM-5LZVO.1,LIVER,54.5,6.3,173.0,0.13925933064650495,-0.7934301884166364,0.9326895190631413,0.9597990773145333
GTEX-131XE-0526-SM-5K7YT.1,HEART,54.5,7.4,176.0,0.2520401386368086,-1.9365364400128369,2.1885765786496454,0.6257903021094434
GTEX-131XE-0626-SM-5HL98.1,HEART,54.5,6.7,179.0,0.42458744746849714,-0.258125607470133,0.6827130549386302,-0.02377786491204119
GTEX-131XE-1626-SM-5K7VO.1,SKIN,54.5,6.4,217.0,-0.05457820094337037,0.6724750805401926,-0.727053281483563,0.5471644561454222
GTEX-131XE-2326-SM-5PNZ2.1,SKIN,54.5,7.1,240.0,0.25792926281260004,-1.780148211112554,2.038077473925154,-0.18303714999040238
GTEX-131XE-2726-SM-5P9G7.1,MUSCLE,54.5,8.2,248.0,-0.30079167696265596,-0.3624614306554683,0.06166975369281236,-0.2549654350761185
GTEX-131XF-0008-SM-664MH.1,SKIN,64.5,10.0,408.0,0.19807752114972713,-1.2874398713911508,1.485517392540878,-0.07696728526399613
GTEX-131XF-0326-SM-5DUVR.1,HEART,64.5,7.9,157.0,0.2883714467193946,-0.0013755733801387876,0.28974702009953335,-0.5110291083857464
GTEX-131XF-0426-SM-5HL7U.1,HEART,64.5,7.7,180.0,0.19229897639069118,-0.20862080097314845,0.40091977736383966,-0.08309259315945292
GTEX-131XF-2126-SM-5DUWS.1,SKIN,64.5,6.8,380.0,-0.3835283646770593,0.17380220381043157,-0.5573305684874909,-0.15693912559590503
GTEX-131XF-2326-SM-5BC6B.1,MUSCLE,64.5,7.9,400.0,0.10238371927126533,0.36133631580021314,-0.2589525965289478,-0.320146396119335
GTEX-131XF-2626-SM-5EQ6K.1,SKIN,64.5,7.3,410.0,-0.7751141027652748,0.6744153651967295,-1.4495294679620043,-0.28807298984281243
GTEX-131XF-5001-SM-7DHLY.1,HEART,64.5,8.0,157.0,0.5284974334531306,-0.2691463718399161,0.7976438052930467,-0.2902439567751489
GTEX-131XF-5016-SM-7MGWE.1,SKIN,64.5,5.7,383.0,0.5674808487499732,-1.3160590386031012,1.8835398873530744,-0.188848883212792
GTEX-131XG-0008-SM-5YY9O.1,SKIN,54.5,10.0,256.0,0.46870577031352123,-0.962011844622488,1.4307176149360092,-0.23582098791236764
GTEX-131XG-0326-SM-5L3DX.1,SKIN,54.5,7.3,101.0,-0.6533917992171148,1.0638186883562826,-1.7172104875733973,-0.28660272531232994
GTEX-131XG-0526-SM-5DUWF.1,HEART,54.5,8.5,92.0,0.41204431263035596,-0.03299565612411392,0.4450399687544699,-0.07680671366492786
GTEX-131XG-0626-SM-5GCMP.1,HEART,54.5,8.7,96.0,0.393057453481137,-0.6747260871996212,1.0677835406807583,0.1286533242780046
GTEX-131XG-2326-SM-5HL8F.1,MUSCLE,54.5,8.0,257.0,-0.15264092251685313,0.22263172535893389,-0.375272647875787,-0.4152382682710697
GTEX-131XG-2626-SM-5KM17.1,SKIN,54.5,6.1,258.0,-0.5804589744074092,1.2710461971501417,-1.8515051715575508,0.07575735238336397
GTEX-131XH-0008-SM-5YYAC.1,SKIN,54.5,10.0,1218.0,0.7434706152056938,-1.1379737679048862,1.88144438311058,-0.2028429408904701
GTEX-131XH-0011-R10a-SM-5EGLJ.1,BRAIN,54.5,7.7,948.0,0.7968994925273454,-1.3304186996534553,2.127318192180801,0.23408042605981993
GTEX-131XH-0011-R11a-SM-5EGLN.1,BRAIN,54.5,8.8,948.0,1.2006447684209172,-2.7452974754973187,3.945942243918236,-0.07582535792317327
GTEX-131XH-0011-R1a-SM-5DUWA.1,BRAIN,54.5,9.2,948.0,0.6761395978679147,-1.0728376402038715,1.7489772380717863,0.3049956360422671
GTEX-131XH-0011-R2b-SM-5DUVY.1,BRAIN,54.5,7.1,948.0,0.2720103318584646,-0.5092897658898153,0.78130009774828,0.24202002944615175
GTEX-131XH-0011-R3b-SM-5DUWM.1,BRAIN,54.5,8.3,948.0,0.695260718255898,-0.8166681520654789,1.511928870321377,0.03900447748610408
GTEX-131XH-0011-R4b-SM-5DUWB.1,BRAIN,54.5,7.7,948.0,0.44503310043998257,-0.8175086982597285,1.262541798699711,0.03980391972908523
GTEX-131XH-0011-R6a-SM-5KM2G.1,BRAIN,54.5,6.7,948.0,0.6911621959198845,-0.5860264304543255,1.27718862637421,0.1834076251260246
GTEX-131XH-0011-R8a-SM-5EGLL.1,BRAIN,54.5,6.9,948.0,0.7546973311050365,-0.6839248484985482,1.4386221796035845,0.41993629182992487
GTEX-131XH-0126-SM-5LZUY.1,SKIN,54.5,6.5,1042.0,-0.12594705082449473,0.5888625774305516,-0.7148096282550463,-0.12485663465111477
GTEX-131XH-0226-SM-5LZVB.1,HEART,54.5,6.3,1088.0,-1.066477221067354,0.3086767040534716,-1.3751539251208258,-0.7466576876571811
GTEX-131XH-0626-SM-5LZWH.1,LIVER,54.5,6.5,1109.0,-1.0448583884090201,0.7819292274522158,-1.826787615861236,-0.7006753008050363
GTEX-131XH-2226-SM-5DUXJ.1,SKIN,54.5,7.7,1217.0,0.06923501622466326,-0.5237598473703133,0.5929948635949766,-0.1386429402044964
GTEX-131XH-2726-SM-5GCO2.1,MUSCLE,54.5,7.9,1262.0,0.26600725719601176,-0.8645160126670638,1.1305232698630756,0.25533189272932166
GTEX-131XH-2926-SM-5LZU4.1,BRAIN,54.5,7.6,1325.0,0.8856539162769393,-1.7975864682182272,2.6832403844951664,-0.3082312057193092
GTEX-131XW-0008-SM-664MJ.1,SKIN,54.5,10.0,657.0,0.39884534243753383,-1.1543298479474557,1.5531751903849895,0.007134951049200033
GTEX-131XW-0011-R10a-SM-5DUVA.1,BRAIN,54.5,6.1,530.0,-1.235944797574259,0.8869431329789977,-2.1228879305532566,-0.8279835989298191
GTEX-131XW-0011-R11a-SM-5DUV9.1,BRAIN,54.5,6.8,530.0,-1.4609329646538698,1.0966844054648979,-2.5576173701187677,-1.1232181791590394
GTEX-131XW-0011-R6b-SM-5K7XY.1,BRAIN,54.5,5.8,530.0,-1.9546260338376003,1.3341698996519338,-3.288795933489534,-0.9725207721304205
GTEX-131XW-0011-R8a-SM-5DUWY.1,BRAIN,54.5,7.1,530.0,-1.7603279394412172,1.1922189413342024,-2.9525468807754196,-0.8677657557534777
GTEX-131XW-0011-R9a-SM-5N9EO.1,BRAIN,54.5,6.7,530.0,0.3857081405634586,-0.8497304586853561,1.2354385992488148,0.5282262032788348
GTEX-131XW-0326-SM-5KM1J.1,MUSCLE,54.5,8.6,650.0,-0.21663462531333177,0.22669732390351857,-0.4433319492168504,-0.07013843091982128
GTEX-131XW-0426-SM-5LZWP.1,SKIN,54.5,7.1,655.0,-0.11905607545258896,0.6554404924079964,-0.7744965678605854,0.21926553043103075
GTEX-131XW-0626-SM-5PNVD.1,SKIN,54.5,7.5,676.0,-0.056495567868559395,0.5405142216672443,-0.5970097895358036,0.09179506794683673
GTEX-131XW-3126-SM-5LZUC.1,BRAIN,54.5,6.2,775.0,-0.3734801200333125,0.6550564081422122,-1.0285365281755248,-0.26903360248301705
GTEX-131YS-0008-SM-5YY9Z.1,SKIN,64.5,10.0,943.0,0.6423420234173746,-1.036758620910873,1.6791006443282477,-0.2657516608815259
GTEX-131YS-0011-R10b-SM-5EQ5N.1,BRAIN,64.5,8.5,890.0,0.594629769493685,-0.13331775625854445,0.7279475257522294,0.18662081474444459
GTEX-131YS-0011-R11b-SM-5EGLM.1,BRAIN,64.5,8.9,890.0,0.9945209702453437,-1.923093392612716,2.9176143628580595,0.09041451274556789
GTEX-131YS-0011-R1a-SM-5DUXC.1,BRAIN,64.5,6.3,890.0,-0.4130777198591234,0.6672877951253489,-1.0803655149844722,0.10257535033989912
GTEX-131YS-0011-R3b-SM-5DUXB.1,BRAIN,64.5,7.1,890.0,0.906143497670761,-0.5011880204616753,1.4073315181324362,0.14165652725791464
GTEX-131YS-0011-R4a-SM-5DUVL.1,BRAIN,64.5,7.1,890.0,0.42771919520823376,-0.05414239151865749,0.4818615867268913,0.2843807472484086
GTEX-131YS-0011-R5b-SM-5K7YB.1,BRAIN,64.5,8.8,890.0,0.5915175591412237,-0.06104803975250491,0.6525655988937287,0.2708233290562909
GTEX-131YS-0011-R7a-SM-5IJDA.1,BRAIN,64.5,7.8,890.0,0.902701942585151,-0.6119767636443788,1.51467870622953,0.3629396396257737
GTEX-131YS-0011-R9b-SM-5EQLY.1,BRAIN,64.5,7.8,890.0,0.7236835287546091,-1.2120296313309118,1.9357131600855209,0.9790773647656589
GTEX-131YS-0126-SM-5KM1M.1,SKIN,64.5,7.2,942.0,-0.2903292404644883,0.5612822118373154,-0.8516114523018037,-0.15449769661070129
GTEX-131YS-0526-SM-5EGKJ.1,MUSCLE,64.5,8.4,953.0,0.46027156399846303,-0.7801403976285304,1.2404119616269935,-0.05798175069191415
GTEX-131YS-0826-SM-5PNYV.1,HEART,64.5,8.0,982.0,0.23981939192063093,-0.5709878078032861,0.810807199723917,0.44637517020382494
GTEX-131YS-1626-SM-5HL6C.1,LIVER,64.5,6.0,997.0,-0.4274772349696292,0.8359034377409944,-1.2633806727106236,-0.24275428617904324
GTEX-131YS-2826-SM-5EQ47.1,SKIN,64.5,7.9,1021.0,0.3300455101153396,-0.2552585638935506,0.5853040740088902,0.6353982695750083
GTEX-131YS-3026-SM-5EGHY.1,BRAIN,64.5,6.9,1026.0,0.7287633452583828,-0.7046281972170265,1.4333915424754093,-0.14316359939139855
GTEX-131YS-3126-SM-5KLYT.1,BRAIN,64.5,6.6,1029.0,0.28661680218696,0.20829404489212183,0.07832275729483817,-0.0353947176175625
GTEX-132AR-0008-SM-62LDH.1,SKIN,54.5,10.0,80.0,0.6299023101839272,-0.9743923852808845,1.6042946954648116,-0.21909511272207122
GTEX-132AR-0326-SM-5KM2C.1,SKIN,54.5,6.3,85.0,-0.3658934686187083,1.5644038095296569,-1.9302972781483652,0.0946759221928364
GTEX-132AR-0426-SM-5IFH8.1,LIVER,54.5,6.8,86.0,1.292719034524118,-1.275232211904407,2.567951246428525,1.1599559083935829
GTEX-132AR-1026-SM-5PNVL.1,MUSCLE,54.5,8.7,97.0,-0.18258790899554833,-0.5877690110893586,0.4051811020938103,0.7215996193515416
GTEX-132AR-1926-SM-5EGK5.1,HEART,54.5,8.2,116.0,0.3127446003881173,-1.1532771359258676,1.466021736313985,0.2844184792537643
GTEX-132AR-2026-SM-5IJG4.1,HEART,54.5,7.3,118.0,0.12975179085387514,-0.24462945300828196,0.3743812438621571,-0.22245726286128314
GTEX-132NY-0008-SM-62LFX.1,SKIN,64.5,10.0,493.0,0.6726317985256549,-0.7352025529588757,1.4078343514845306,-0.2707546073473522
GTEX-132NY-0326-SM-5IJBL.1,SKIN,64.5,6.7,492.0,-0.48111372700583854,0.9609831523457323,-1.442096879351571,0.06321232385713035
GTEX-132NY-0726-SM-5KLZM.1,MUSCLE,64.5,7.0,500.0,0.3169202382746844,-0.0032935143050509307,0.32021375257973533,0.23743943768212514
GTEX-132NY-0926-SM-5P9G3.1,LIVER,64.5,7.4,576.0,0.37059321097749975,-0.723098707325595,1.0936919183030946,-0.3004666634599018
GTEX-132NY-1426-SM-5J1MJ.1,HEART,64.5,6.8,585.0,1.148970492696997,-1.9665555231809178,3.115526015877915,0.8936593666349583
GTEX-132NY-1726-SM-5EGKK.1,HEART,64.5,7.6,592.0,1.1599662054612385,-0.6064175902448562,1.7663837957060946,-0.02381194701510377
GTEX-132Q8-0008-SM-5ZZUC.1,SKIN,64.5,10.0,780.0,0.07647854367470898,-1.427789474824914,1.504268018499623,-0.04134576018940775
GTEX-132Q8-0011-R10b-SM-5DUWZ.1,BRAIN,64.5,9.1,725.0,0.78095601031343,-0.613928010361778,1.394884020675208,0.2652863952418811
GTEX-132Q8-0011-R11b-SM-5DUW9.1,BRAIN,64.5,7.7,725.0,0.4533857582264022,-0.6382909459646968,1.091676704191099,-0.5527161465293416
GTEX-132Q8-0011-R1a-SM-5EGLK.1,BRAIN,64.5,6.9,725.0,-0.8437654547747092,0.7301296088700245,-1.5738950636447337,0.06821725935268103
GTEX-132Q8-0011-R2b-SM-5EQ5Z.1,BRAIN,64.5,7.9,725.0,0.277503699994588,-0.22037185558981198,0.4978755555844,0.6809492079931668
GTEX-132Q8-0011-R5a-SM-5IJDM.1,BRAIN,64.5,7.7,725.0,0.5913278062373997,-0.29547038361422745,0.8867981898516271,0.6525521783557523
GTEX-132Q8-0011-R6a-SM-5K7YN.1,BRAIN,64.5,6.4,725.0,0.5656496948695019,-0.20193671028839125,0.7675864051578931,0.32421490422460447
GTEX-132Q8-0011-R7b-SM-5N9F1.1,BRAIN,64.5,5.7,725.0,0.1847699535065343,0.03671127474529543,0.14805867876123888,0.09217062513403598
GTEX-132Q8-0011-R8b-SM-5DUWX.1,BRAIN,64.5,6.0,725.0,-0.5053567338372369,0.8219438407877455,-1.3273005746249824,-0.1209356036326527
GTEX-132Q8-0626-SM-5L3F3.1,MUSCLE,64.5,6.8,795.0,-0.5112110458468624,-0.14863769650631647,-0.3625733493405459,0.39540961452909223
GTEX-132Q8-1126-SM-5K7XS.1,HEART,64.5,7.3,807.0,-0.05902570530136407,-0.5000935597693993,0.4410678544680352,0.34324126633625995
GTEX-132Q8-2926-SM-5IFFP.1,BRAIN,64.5,6.6,841.0,0.30690817137031773,-0.43129883227506477,0.7382070036453825,0.12337030687227869
GTEX-132Q8-3026-SM-5PNVG.1,BRAIN,64.5,6.9,844.0,0.23950416847084197,0.021656166377038717,0.21784800209380326,0.4890220887478072
GTEX-132QS-0008-SM-5ZZUB.1,SKIN,64.5,10.0,1678.0,0.5507957426021226,-0.8439025817196039,1.3946983243217264,-0.07126827358931348
GTEX-132QS-0426-SM-5KLZ6.1,HEART,64.5,8.2,1543.0,0.41915597775272057,0.12597971153983425,0.2931762662128863,-0.1974435608384914
GTEX-132QS-0526-SM-5IJC7.1,HEART,64.5,7.2,1544.0,0.16850253649047822,0.19917677279167142,-0.030674236301193203,0.0653315124127321
GTEX-1339X-0008-SM-5ZZUL.1,SKIN,44.5,10.0,197.0,0.13770920984789908,-1.8798445813742044,2.0175537912221033,0.012594075079000344
GTEX-1339X-0326-SM-5K7Z8.1,HEART,44.5,6.5,101.0,-0.2218928987558583,0.3225318381782515,-0.5444247369341098,-0.3664152358925315
GTEX-1339X-0426-SM-5KLZY.1,HEART,44.5,6.7,104.0,0.1361536793863619,0.3424373267025275,-0.20628364731616564,-0.32314204338333596
GTEX-1339X-2426-SM-5KLYU.1,MUSCLE,44.5,8.1,199.0,-0.8911291120313517,1.013083976973431,-1.9042130890047826,-0.6033037212562541
GTEX-133LE-0008-SM-62LDD.1,SKIN,24.5,10.0,302.0,0.14655514160832883,-1.4133255756236536,1.5598807172319824,-0.05014767329864352
GTEX-133LE-1826-SM-5J1MV.1,SKIN,24.5,6.7,301.0,-0.056270304400132,0.03445351143643483,-0.09072381583656683,-0.2606021302722277
GTEX-133LE-2026-SM-5K7WM.1,MUSCLE,24.5,8.4,308.0,0.050428045884819396,0.3242827398585432,-0.2738546939737238,-0.3375252251928449
GTEX-133LE-2326-SM-5K7W3.1,SKIN,24.5,6.4,318.0,-0.18805282596579787,0.11423515608451791,-0.30228798205031576,-0.0261022746971055
GTEX-1399Q-0008-SM-62LDE.1,SKIN,44.5,10.0,495.0,0.6795881501093574,-0.7331434167982919,1.4127315669076492,-0.204034508932435
GTEX-1399Q-2326-SM-5KM2X.1,SKIN,44.5,5.9,547.0,0.3687532166556799,-0.43384927072075413,0.802602487376434,-0.5755841969163874
GTEX-1399Q-2426-SM-5J2MO.1,MUSCLE,44.5,6.6,549.0,0.07174606748629334,0.38222762202917643,-0.31048155454288306,0.29140611545634
GTEX-1399R-0008-SM-5ZZUF.1,SKIN,34.5,10.0,334.0,0.773876992229467,-1.1636155041668201,1.9374924963962872,-0.011754162521044196
GTEX-1399R-1226-SM-5P9GF.1,LIVER,34.5,8.6,122.0,0.25108092349500083,-0.5795731690264971,0.830654092521498,0.12737508928724314
GTEX-1399R-1326-SM-5PNYS.1,SKIN,34.5,5.7,128.0,-0.5387875340453198,1.494528192947021,-2.033315726992341,0.28113123626680087
GTEX-1399R-1726-SM-5K7YJ.1,HEART,34.5,6.2,139.0,-0.18735440279042603,0.4222460488872259,-0.6096004516776519,-0.11856231245930073
GTEX-1399R-1926-SM-5K7X8.1,HEART,34.5,8.4,149.0,0.017878884978438477,0.5238881524834594,-0.506009267505021,-0.6194824580872824
GTEX-1399R-2526-SM-5IFG2.1,MUSCLE,34.5,7.9,329.0,0.34747780435249426,0.26527180581054716,0.0822059985419471,-0.2734995969468497
GTEX-1399R-2726-SM-5IJBA.1,SKIN,34.5,7.6,334.0,-0.6958694754286658,0.9872657363498848,-1.6831352117785507,-0.41322347938274084
GTEX-1399S-0008-SM-62LDF.1,SKIN,34.5,10.0,158.0,0.6306882328402582,-0.9457446279227628,1.576432860763021,-0.32538834574668707
GTEX-1399S-0126-SM-5IJCF.1,SKIN,34.5,5.8,60.0,-1.3057720968843238,1.7475971539066981,-3.0533692507910217,-0.8476315126097115
GTEX-1399S-0826-SM-5KM23.1,HEART,34.5,6.2,80.0,0.22437200681145836,-0.2980495050878931,0.5224215118993514,-0.03472655955581248
GTEX-1399S-1026-SM-5KLZ9.1,HEART,34.5,8.4,89.0,0.21293192214021298,0.4173202129802106,-0.20438829083999763,-0.46819243751557715
GTEX-1399S-2726-SM-5KM22.1,MUSCLE,34.5,7.2,155.0,0.021866567538422234,-0.24785640034963216,0.2697229678880544,-0.1767508069070505
GTEX-1399T-0008-SM-62LDB.1,SKIN,64.5,10.0,947.0,0.8834808244475563,-0.9932293690399658,1.876710193487522,-0.2263680820657285
GTEX-1399T-0011-R11a-SM-5J2O1.1,BRAIN,64.5,7.9,745.0,1.0338848902305962,-1.3606989128038083,2.394583803034404,-0.10613725841129887
GTEX-1399T-0011-R1b-SM-5DUWN.1,BRAIN,64.5,7.8,745.0,-0.19255267848835203,0.41179493408891066,-0.6043476125772627,-0.21832789214452852
GTEX-1399T-0011-R2b-SM-5DUXM.1,BRAIN,64.5,7.4,745.0,0.3717109432504191,0.0936942846937463,0.2780166585566728,0.208628458805389
GTEX-1399T-0011-R4b-SM-5DUVX.1,BRAIN,64.5,7.4,745.0,-0.6339077808169525,0.7734146633355651,-1.4073224441525176,-0.3901965445405733
GTEX-1399T-0011-R5b-SM-5IJDK.1,BRAIN,64.5,8.6,745.0,0.5305046712009986,0.19739972255972552,0.33310494864127316,0.311855141222632
GTEX-1399T-0011-R6b-SM-5K7YL.1,BRAIN,64.5,7.1,745.0,0.10436531221721033,0.3434010522831343,-0.23903574006592393,0.18386675866020133
GTEX-1399T-0011-R8b-SM-5IJD8.1,BRAIN,64.5,6.8,745.0,0.509110401051533,0.13129192992779204,0.377818471123741,0.40185042595566683
GTEX-1399T-0426-SM-5PNVJ.1,HEART,64.5,5.7,756.0,-3.104951848719919,1.170719705511466,-4.275671554231385,-1.1105426154819908
GTEX-1399T-0726-SM-5J1MH.1,HEART,64.5,6.3,768.0,0.696060199799359,-0.9310089163755516,1.6270691161749107,0.6338747647077557
GTEX-1399T-0826-SM-5IFES.1,LIVER,64.5,6.2,771.0,0.33965100188713165,0.03209672496170489,0.30755427692542675,0.3279115448939063
GTEX-1399T-2426-SM-5L3FJ.1,MUSCLE,64.5,6.1,938.0,0.44685878874858337,0.03437562388471578,0.4124831648638676,-0.36958612856554063
GTEX-1399T-2826-SM-5KLYZ.1,SKIN,64.5,7.5,947.0,-0.11944298831122477,0.22011470043758255,-0.3395576887488073,-0.10870173880806687
GTEX-1399T-3026-SM-5KLZC.1,BRAIN,64.5,6.7,1014.0,0.20791300657326145,0.37997378717532787,-0.17206078060206642,0.07968718623444201
GTEX-1399T-3126-SM-5IJFS.1,BRAIN,64.5,6.3,1012.0,0.4984431484320087,-0.16679209245630663,0.6652352408883153,-0.21306777097200244
GTEX-1399U-0008-SM-5S2VE.1,SKIN,54.5,9.9,362.0,0.9071335206649155,-1.0240127578068132,1.9311462784717288,-0.32043056591019076
GTEX-1399U-0526-SM-5K7YM.1,HEART,54.5,8.0,162.0,0.11438966012849232,0.3240503624306301,-0.2096607023021378,-0.25240350493326835
GTEX-1399U-0726-SM-5KM1D.1,HEART,54.5,8.2,169.0,0.020091802082123075,0.2825321068396858,-0.26244030475756275,-0.06121411041712678
GTEX-1399U-1126-SM-5L3DB.1,SKIN,54.5,6.8,198.0,-0.6542296489743015,1.180726583160738,-1.8349562321350397,-0.3858328276433035
GTEX-1399U-2326-SM-5K7WY.1,SKIN,54.5,5.8,362.0,-1.0869819879913059,1.4115065517024317,-2.4984885396937377,-0.485358697778168
GTEX-1399U-2526-SM-5L3DL.1,MUSCLE,54.5,7.5,365.0,-1.1419510085118503,1.187949885968622,-2.329900894480472,-0.6186778118647883
GTEX-139D8-0008-SM-5ZZUH.1,SKIN,34.5,10.0,418.0,0.7076009051276145,-1.3152852551579863,2.022886160285601,-0.16988283434955614
GTEX-139D8-0226-SM-5KLZO.1,SKIN,34.5,7.5,417.0,-0.24962648109695665,0.4243518766958579,-0.6739783577928146,-0.06709807138611407
GTEX-139D8-0726-SM-5P9GJ.1,MUSCLE,34.5,8.0,427.0,0.8963052063715801,-0.951061581844281,1.847366788215861,0.19165604688468302
GTEX-139D8-1126-SM-5LU8W.1,SKIN,34.5,6.9,436.0,-0.2061702271596162,0.32853207648660043,-0.5347023036462166,-0.12440032963776872
GTEX-139T4-0008-SM-5S2WF.1,SKIN,54.5,9.9,1355.0,0.7244787829951288,-0.7429876633076937,1.4674664463028226,-0.19789987066321746
GTEX-139T4-0011-R9b-SM-5HL6S.1,BRAIN,54.5,7.6,1330.0,0.013983117865802875,-0.10073395647841657,0.11471707434421945,0.6341294617426791
GTEX-139T4-0226-SM-5HL5S.1,SKIN,54.5,6.4,1352.0,0.3440852591106428,0.6714425988134207,-0.3273573397027779,0.6154964014503135
GTEX-139T4-0326-SM-5K7XN.1,MUSCLE,54.5,6.8,1355.0,0.07203242154411411,0.04134002704360816,0.030692394500505954,1.2964881062323599
GTEX-139T6-2026-SM-5IFFL.1,MUSCLE,54.5,8.5,334.0,-0.5716096041318579,0.7459483561580778,-1.3175579602899357,-0.23183993922803856
GTEX-139T8-0008-SM-5ZZUD.1,SKIN,64.5,10.0,565.0,0.07986714548415333,-1.2326076750924742,1.3124748205766275,0.11514331980401295
GTEX-139T8-0011-R1a-SM-5HL75.1,BRAIN,64.5,6.6,487.0,-1.8210074331876156,1.1596306981484596,-2.9806381313360752,-0.8839888640717853
GTEX-139T8-0011-R3b-SM-5HL4R.1,BRAIN,64.5,6.3,487.0,-0.7946822876699187,0.6158406465259764,-1.4105229341958951,-0.32812859188621074
GTEX-139T8-0011-R4a-SM-5HL54.1,BRAIN,64.5,6.3,487.0,-0.6422652030742516,0.644450041272808,-1.2867152443470595,-0.21149480554566363
GTEX-139T8-0011-R5b-SM-5J1MO.1,BRAIN,64.5,6.0,487.0,-0.8958210921280482,0.8384194584701292,-1.7342405505981775,-0.5397422577236317
GTEX-139T8-0126-SM-5K7XZ.1,SKIN,64.5,7.2,574.0,-0.295565794607629,0.7848957037401265,-1.0804614983477556,0.15037359972472022
GTEX-139T8-0526-SM-5KLZL.1,MUSCLE,64.5,8.2,600.0,0.10921889140092135,-0.5276690022472758,0.6368878936481971,0.4376260149051239
GTEX-139T8-0626-SM-5KLZX.1,SKIN,64.5,7.7,627.0,-0.19303141055095777,-0.0211503059695203,-0.17188110458143746,0.14815320054507253
GTEX-139T8-1026-SM-5J2MC.1,BRAIN,64.5,6.1,671.0,-0.18527197344470497,0.48412499914706103,-0.669396972591766,-0.1720716422435915
GTEX-139TS-0008-SM-62LDG.1,SKIN,64.5,10.0,1303.0,0.3675580218958458,-1.0967763196153095,1.4643343415111554,-0.211416410602011
GTEX-139TS-0011-R10a-SM-5K7TU.1,BRAIN,64.5,6.4,1064.0,0.03247505818723033,0.48265372187322975,-0.4501786636859994,-0.46075385857867013
GTEX-139TS-0011-R2b-SM-5J1MX.1,BRAIN,64.5,6.3,1064.0,-0.6439552352764536,0.3384191122829479,-0.9823743475594016,-0.12520341558672848
GTEX-139TS-0011-R5b-SM-5J2MZ.1,BRAIN,64.5,6.1,1064.0,-0.9871138523222035,1.0417097372727726,-2.028823589594976,-0.005485167090419025
GTEX-139TS-0011-R6a-SM-5J2OB.1,BRAIN,64.5,6.4,1064.0,-1.7465980291039425,1.209598940264941,-2.956196969368883,-0.8350288072396094
GTEX-139TS-0011-R7a-SM-5K7X7.1,BRAIN,64.5,6.0,1064.0,-2.3443257979870284,1.3725807851150444,-3.716906583102073,-1.0810266862828108
GTEX-139TS-0011-R8a-SM-5J1NP.1,BRAIN,64.5,5.9,1064.0,-0.6761763855710717,0.7793178682842778,-1.4554942538553495,-0.8117169943535231
GTEX-139TS-1426-SM-5IFJD.1,LIVER,64.5,6.2,1181.0,0.4398769976356133,-0.3994970403799583,0.8393740380155716,-0.052359922212365476
GTEX-139TS-2126-SM-5K7XC.1,SKIN,64.5,7.0,1199.0,-0.11754004611636618,0.8163916979728764,-0.9339317440892425,-0.033421966722858715
GTEX-139TS-2626-SM-5J1MT.1,MUSCLE,64.5,8.0,1298.0,0.4315671059107025,-0.4169182479666942,0.8484853538773967,-0.2551392003796453
GTEX-139TS-2826-SM-5J1OO.1,SKIN,64.5,7.3,1302.0,-0.09222736591735257,-0.21641482106573526,0.12418745514838268,-0.08513472382174482
GTEX-139TS-3126-SM-5LZWX.1,BRAIN,64.5,6.6,1344.0,0.2616642766184461,0.0273657145012293,0.2342985621172168,-0.22735913403364932
GTEX-139TT-0011-R11b-SM-5LZV1.1,BRAIN,64.5,6.0,1145.0,1.1212542149473892,-1.8332342805055961,2.9544884954529853,-0.23168259507237415
GTEX-139TT-0011-R1a-SM-5LZVD.1,BRAIN,64.5,6.9,1145.0,0.1300687957810599,0.2981851737229713,-0.16811637794191142,-0.10125433374606249
GTEX-139TT-0011-R3b-SM-5K7VL.1,BRAIN,64.5,6.6,1145.0,0.8381859949596989,-0.04567383211482589,0.8838598270745248,-0.19309573258466511
GTEX-139TT-0011-R5b-SM-5K7W8.1,BRAIN,64.5,6.6,1145.0,0.780261126382361,0.028420104906671313,0.7518410214756897,-0.20866706929700451
GTEX-139TT-0011-R6b-SM-5J2ON.1,BRAIN,64.5,6.4,1145.0,0.38110676134551136,0.3406514120734766,0.04045534927203476,-0.04636012693278529
GTEX-139TT-0011-R7b-SM-5J2MN.1,BRAIN,64.5,7.1,1145.0,0.45571531492053124,0.24960504913958512,0.20611026578094613,0.03165938315461024
GTEX-139TT-0126-SM-5K7Y5.1,SKIN,64.5,8.0,1165.0,0.031455790023338065,0.31576131548661157,-0.2843055254632735,0.39784767427723444
GTEX-139TT-0426-SM-5IJFA.1,MUSCLE,64.5,8.2,1182.0,0.17112486042738392,0.10199991718975336,0.06912494323763056,-0.046377117852745064
GTEX-139TT-2126-SM-5LZWC.1,SKIN,64.5,6.9,1241.0,0.3659261269412778,-0.38842809857838567,0.7543542255196635,0.1943454315885024
GTEX-139TT-2626-SM-5LZUB.1,BRAIN,64.5,7.1,1283.0,0.8590292003195422,-1.172158588781573,2.031187789101115,0.3274944765084
GTEX-139TU-0008-SM-5ZZUK.1,SKIN,64.5,10.0,529.0,0.27087618638350797,-1.5536449022351992,1.8245210886187073,0.025636990245382057
GTEX-139TU-0011-R5b-SM-5L3E1.1,BRAIN,64.5,6.4,385.0,-1.7665680201588525,1.3420145969813793,-3.1085826171402315,-0.31723955130141257
GTEX-139TU-0126-SM-5K7WH.1,SKIN,64.5,7.7,527.0,0.43322641854735155,-0.525009645746772,0.9582360642941236,0.23143137951843162
GTEX-139TU-0526-SM-5J2M8.1,MUSCLE,64.5,7.1,535.0,0.03909723001224497,-0.6474837055408817,0.6865809355531267,-0.1578389459872442
GTEX-139TU-0726-SM-5L3EK.1,SKIN,64.5,6.4,564.0,-0.43941177108278584,0.6958133969629576,-1.1352251680457435,-0.01602403169722034
GTEX-139TU-0826-SM-5IJFG.1,LIVER,64.5,6.2,568.0,0.01846444785782156,0.2991081024571524,-0.2806436545993308,-0.07150703126451173
GTEX-139TU-1926-SM-5J2OC.1,HEART,64.5,7.2,602.0,0.6470770906071207,-2.936135701103733,3.583212791710854,1.25821343379289
GTEX-139UC-0008-SM-5ZZUG.1,SKIN,64.5,10.0,878.0,0.7572509168984988,-0.969871695277347,1.7271226121758456,-0.2485249846686745
GTEX-139UC-0011-R11a-SM-5KM3J.1,BRAIN,64.5,7.9,627.0,1.2943055374101122,-0.6241528161062575,1.9184583535163697,-0.2946650585291842
GTEX-139UC-0011-R3b-SM-5K7VZ.1,BRAIN,64.5,7.5,627.0,0.7374355831754663,-0.14092256133492084,0.8783581445103872,-0.11208149228956282
GTEX-139UC-0011-R4a-SM-5K7XM.1,BRAIN,64.5,6.8,627.0,-1.0072442191949165,0.7700632700784459,-1.7773074892733622,-0.3545421413692887
GTEX-139UC-0011-R5b-SM-5K7VY.1,BRAIN,64.5,8.4,627.0,0.6009482628917628,0.26849424070685507,0.33245402218490777,-0.021953246808083422
GTEX-139UC-0011-R6b-SM-5K7Z1.1,BRAIN,64.5,7.7,627.0,0.13589684317606288,0.5004617217208926,-0.3645648785448298,-0.02542390378592755
GTEX-139UC-0011-R7a-SM-5IJCV.1,BRAIN,64.5,6.1,627.0,0.29419688755295526,0.13568031453322116,0.1585165730197341,0.24498463658029795
GTEX-139UC-0011-R8b-SM-5IJCL.1,BRAIN,64.5,6.3,627.0,-0.5722320732118218,0.7443271853457539,-1.3165592585575756,0.16270701803480792
GTEX-139UC-0011-R9a-SM-5K7W7.1,BRAIN,64.5,7.8,627.0,0.6613602750944003,-1.73128231466922,2.3926425897636205,1.8869149353373236
GTEX-139UC-0426-SM-5K7UR.1,HEART,64.5,6.4,697.0,-1.3210617702939451,0.9941651442645267,-2.3152269145584716,-0.6753981128254062
GTEX-139UC-1426-SM-5IJGH.1,LIVER,64.5,6.4,724.0,-0.2176247690463278,0.45851653468638653,-0.6761413037327143,-0.30253799180113744
GTEX-139UC-2926-SM-5J1N6.1,MUSCLE,64.5,7.5,882.0,0.24439277441212692,-0.10324156523208951,0.3476343396442164,-0.2135707972580951
GTEX-139UC-3126-SM-5J1OY.1,BRAIN,64.5,6.2,912.0,-0.01586275595586571,0.4065271892204138,-0.42238994517627954,-0.13467074585546163
GTEX-139UC-3226-SM-5N9EZ.1,BRAIN,64.5,5.7,914.0,0.6183438740927194,-0.6337345151576106,1.25207838925033,0.025222365258749227
GTEX-139UW-0011-R11a-SM-5IJGN.1,BRAIN,64.5,5.8,575.0,-1.4540386055094368,1.124585184428702,-2.578623789938139,-0.8256077379800907
GTEX-139UW-0011-R9b-SM-5LZYT.1,BRAIN,64.5,7.0,575.0,0.695531819130599,-2.777313437448848,3.472845256579447,0.47978794350108417
GTEX-139UW-0326-SM-5J1ML.1,SKIN,64.5,7.6,606.0,-0.10254185377920742,-0.3766434490785548,0.27410159529934736,-0.08775402650628428
GTEX-139UW-2626-SM-5K7W1.1,MUSCLE,64.5,7.0,840.0,1.059477347879493,-1.2835853093508862,2.343062657230379,0.1971094116649074
GTEX-139UW-2826-SM-5L3E7.1,SKIN,64.5,7.7,845.0,-0.10082259235321804,-0.3988925298849179,0.29806993753169986,-0.31970623869886755
GTEX-139YR-0008-SM-5ZZUM.1,SKIN,54.5,10.0,325.0,0.07802235072253078,-0.9724744156809989,1.0504967664035296,-0.016914141839713934
GTEX-139YR-0226-SM-5IFEM.1,LIVER,54.5,5.9,162.0,0.35778903642726756,-0.8857638419451923,1.2435528783724599,0.1935718022476308
GTEX-139YR-0526-SM-5L3DG.1,HEART,54.5,7.8,167.0,-0.010573347070664903,0.30816960612469335,-0.3187429531953583,0.011072439464269467
GTEX-139YR-0826-SM-5LZXY.1,HEART,54.5,7.0,173.0,0.19623711399871163,0.4079365259118842,-0.21169941191317254,-0.379980559497375
GTEX-139YR-1026-SM-5LZYN.1,SKIN,54.5,7.7,183.0,-0.8056299736125174,1.032777906823698,-1.8384078804362154,0.2832782523655257
GTEX-139YR-2526-SM-5IJC6.1,MUSCLE,54.5,7.8,320.0,-0.3233294349400917,0.7902060806964067,-1.1135355156364986,-0.36123835142525124
GTEX-13CF2-0008-SM-62LDC.1,SKIN,64.5,10.0,1424.0,0.7044019564967076,-0.7319500523090867,1.4363520088057942,-0.21413569415250058
GTEX-13CF2-0011-R11b-SM-5LZXO.1,BRAIN,64.5,8.0,1327.0,0.7678297161449883,-0.7454096510039528,1.513239367148941,-0.23017853137706165
GTEX-13CF2-0011-R1a-SM-5LZY1.1,BRAIN,64.5,6.5,1327.0,-2.0814945897201995,1.1779100867325083,-3.259404676452708,-0.7593700056162325
GTEX-13CF2-0011-R2a-SM-5L3DC.1,BRAIN,64.5,6.1,1327.0,-1.082264043108393,0.8971983266741995,-1.9794623697825924,-0.4924794013853415
GTEX-13CF2-0011-R3b-SM-5LZZ6.1,BRAIN,64.5,6.5,1327.0,-0.36364990017151977,0.63493880017424,-0.9985887003457597,-0.17343264342809134
GTEX-13CF2-0011-R5a-SM-5LZWS.1,BRAIN,64.5,6.8,1327.0,-1.7053685774962526,1.323039478427991,-3.0284080559242437,-0.7667668444977237
GTEX-13CF2-0011-R7b-SM-5K7UV.1,BRAIN,64.5,7.0,1327.0,-0.19583512159836994,0.6372858996210019,-0.8331210212193718,-0.6090538433207856
GTEX-13CF2-0011-R8b-SM-5IJCX.1,BRAIN,64.5,8.2,1327.0,-0.005723784160401382,0.48402967250099227,-0.48975345666139364,0.33831542860448455
GTEX-13CF2-0226-SM-5L3DV.1,HEART,64.5,6.4,1350.0,1.0017729339264554,-1.768877593163459,2.7706505270899147,0.9401821075420072
GTEX-13CF2-0426-SM-5KM1H.1,HEART,64.5,5.9,1353.0,-0.9577307309301403,0.9455208160135331,-1.9032515469436735,-1.0024824029289623
GTEX-13CF2-2526-SM-5LZYX.1,SKIN,64.5,7.3,1427.0,-0.7488867420691181,0.39101517142947073,-1.1399019134985888,0.08235793353817888
GTEX-13CF2-2726-SM-5LZWW.1,MUSCLE,64.5,7.6,1428.0,-0.07494639188443328,0.39161565344841054,-0.46656204533284384,0.1465947975501919
GTEX-13CF2-3026-SM-5IFFX.1,BRAIN,64.5,5.8,1477.0,0.5248826228693458,-0.21285339231092332,0.7377360151802692,-0.23185051165049314
GTEX-13CF3-0726-SM-5J2MY.1,HEART,64.5,7.6,142.0,0.4108049824765538,-0.11859537662204042,0.5294003590985942,-0.09420747103573995
GTEX-13CF3-0826-SM-5LZYZ.1,HEART,64.5,8.0,147.0,0.178411825817041,-1.229460823602873,1.407872649419914,1.6463597671498376
GTEX-13CF3-1826-SM-5J1NK.1,MUSCLE,64.5,7.4,198.0,-1.258109201914127,0.23248285472751848,-1.4905920566416453,0.018200584509179104
GTEX-13CF3-2426-SM-5IFGX.1,SKIN,64.5,7.5,213.0,0.06375435996360616,0.18761124238339638,-0.12385688241979022,0.0886222139046756
GTEX-13CIG-0011-R3b-SM-5K7XF.1,BRAIN,54.5,5.8,826.0,-0.5099728680926613,0.5981993065568838,-1.1081721746495452,-0.1252679053787484
GTEX-13CIG-0011-R5b-SM-5L3F2.1,BRAIN,54.5,7.6,826.0,-0.7599854454511931,0.953823034427722,-1.713808479878915,-0.49217039767789905
GTEX-13CIG-0011-R8b-SM-5LZX5.1,BRAIN,54.5,7.7,826.0,0.6169546010551167,-0.36163452800858276,0.9785891290636994,0.6801782303961471
GTEX-13CIG-0011-R9a-SM-5K7VU.1,BRAIN,54.5,7.6,826.0,-1.107934071405487,0.7934414943856614,-1.9013755657911484,0.013555825381749924
GTEX-13CZU-0008-SM-5ZZUI.1,SKIN,24.5,10.0,207.0,0.9123817003207384,-1.224839649939511,2.1372213502602495,-0.16339405275720706
GTEX-13CZV-0008-SM-5ZZUE.1,SKIN,64.5,10.0,1008.0,0.059451627110239255,-0.9964203600837025,1.0558719871939417,-0.12528393153793685
GTEX-13CZV-0011-R10b-SM-5LZYD.1,BRAIN,64.5,7.1,1021.0,0.7955020885417006,-0.580123671005932,1.3756257595476327,0.18500050388155917
GTEX-13CZV-0011-R11b-SM-5N9FN.1,BRAIN,64.5,5.7,1021.0,-0.5932729271052806,0.7711023597398106,-1.3643752868450911,-0.6675632565382398
GTEX-13CZV-0011-R3a-SM-5KM27.1,BRAIN,64.5,6.9,1021.0,0.052884779316604666,0.4106915566146926,-0.3578067772980879,-0.12873158513721744
GTEX-13CZV-0011-R4b-SM-5J2NY.1,BRAIN,64.5,6.8,1021.0,-1.3648913005747445,0.910631882827617,-2.2755231834023615,-0.6086398382359719
GTEX-13CZV-0011-R5a-SM-5K7XA.1,BRAIN,64.5,8.5,1021.0,-0.17502099683680955,0.7695445071898229,-0.9445655040266325,-0.15980595925632224
GTEX-13CZV-0011-R7b-SM-5LZXH.1,BRAIN,64.5,6.9,1021.0,-0.9827648361006256,1.0894237915983118,-2.0721886276989374,-0.38026670056883566
GTEX-13CZV-0011-R9a-SM-5LZXT.1,BRAIN,64.5,5.9,1021.0,-0.14990676634713357,0.05576358331941505,-0.20567034966654862,0.5997417572366883
GTEX-13D11-0926-SM-5J2NC.1,SKIN,54.5,7.1,110.0,-0.09964821834755261,0.3495806669373599,-0.4492288852849125,-0.2215123319387881
GTEX-13D11-1526-SM-5J2NA.1,HEART,54.5,8.9,128.0,0.2132255662960132,-0.5466975968437509,0.759923163139764,0.29249112229160984
GTEX-13D11-1726-SM-5IFGQ.1,HEART,54.5,8.0,138.0,0.30614782998929235,0.3824921356500228,-0.07634430566073047,-0.3009592318501167
GTEX-13D11-2426-SM-5KM1V.1,SKIN,54.5,8.0,166.0,-0.19446958231538142,0.15394206682777153,-0.3484116491431529,0.06198073231449675
GTEX-13D11-2526-SM-5KM28.1,MUSCLE,54.5,8.4,169.0,-0.38631041892100293,0.28472292860155,-0.671033347522553,0.25416805042258644
GTEX-13FH7-0008-SM-5ZZUJ.1,SKIN,54.5,10.0,256.0,0.6259773037976833,-0.7574513265645291,1.3834286303622125,-0.3089827649091146
GTEX-13FH7-0826-SM-5J2NW.1,HEART,54.5,7.5,129.0,0.6194270164013379,-0.6395328735518551,1.2589598899531929,0.452976063030676
GTEX-13FH7-0926-SM-5J2MR.1,HEART,54.5,8.1,134.0,0.5330696314492018,-0.12430229299169285,0.6573719244408947,-0.23414081212100182
GTEX-13FH7-1126-SM-5K7UG.1,SKIN,54.5,6.9,132.0,-0.5269815665961237,1.2330848042175897,-1.7600663708137134,0.1891092610938037
GTEX-13FH7-2026-SM-5IJCR.1,SKIN,54.5,7.3,256.0,-0.2112241144589141,0.6417824530192315,-0.8530065674781456,0.043392056785880664
GTEX-13FH7-2026-SM-E9J4I.1,SKIN,54.5,5.9,256.0,-0.1830424835123353,0.6398824465814748,-0.8229249300938101,0.05790866564505795
GTEX-13FH7-2126-SM-5L3DJ.1,MUSCLE,54.5,8.7,261.0,-0.11674332112962459,0.2191407438218792,-0.3358840649515038,-0.4287374038362436
GTEX-13FHO-0011-R10b-SM-5J2MM.1,BRAIN,64.5,8.5,485.0,0.7563684596170445,-0.616910708048523,1.3732791676655673,0.37062413654118986
GTEX-13FHO-0011-R11b-SM-5LZYQ.1,BRAIN,64.5,7.3,485.0,0.8640791033598239,-1.724346486977379,2.588425590337203,-0.06953801897281746
GTEX-13FHO-0011-R1b-SM-5KLZG.1,BRAIN,64.5,7.2,485.0,-0.14629685875030504,0.30275593677796164,-0.4490527955282667,0.37642446691975706
GTEX-13FHO-0011-R3b-SM-5K7YA.1,BRAIN,64.5,6.7,485.0,-0.03252169475776099,0.360327043729774,-0.392848738487535,0.05155337986923857
GTEX-13FHO-0011-R5b-SM-5LZZ3.1,BRAIN,64.5,7.6,485.0,0.33784913954769913,0.053612938398678756,0.2842362011490204,0.2556280922868245
GTEX-13FHO-0011-R6b-SM-5LZX1.1,BRAIN,64.5,5.8,485.0,-0.40937973662771365,0.6938944466514426,-1.1032741832791562,-0.531531582142988
GTEX-13FHO-0011-R7b-SM-5LZXD.1,BRAIN,64.5,6.1,485.0,-0.40805520911800636,0.461728300043885,-0.8697835091618913,-0.22314553705061907
GTEX-13FHO-0226-SM-5IFGY.1,SKIN,64.5,7.2,631.0,0.331170006922238,-0.006898756400230941,0.338068763322469,0.3711917196832803
GTEX-13FHO-0426-SM-5L3F5.1,SKIN,64.5,8.0,647.0,-0.5168082599650883,0.293298228390035,-0.8101064883551232,-0.0258967737210663
GTEX-13FHO-0726-SM-5IJDG.1,MUSCLE,64.5,7.5,673.0,0.2021956711570994,0.5596608952758249,-0.35746522411872544,0.10143444917475311
GTEX-13FHO-1226-SM-5L3EF.1,HEART,64.5,7.4,710.0,-0.13649540786773315,0.07766862111909448,-0.21416402898682763,0.11543441778861065
GTEX-13FHO-2926-SM-5L3ES.1,BRAIN,64.5,7.3,791.0,0.5900291542743851,-0.7357767315924432,1.3258058858668282,0.07651704671127076
GTEX-13FHO-3026-SM-5J1O9.1,BRAIN,64.5,6.8,793.0,0.834052574237962,-0.6791446661456233,1.5131972403835854,0.3194932705871101
GTEX-13FHP-0011-R11b-SM-5LZXP.1,BRAIN,54.5,7.0,782.0,0.5173939860974223,-0.44128283233280263,0.9586768184302249,-0.3479186817089184
GTEX-13FHP-0011-R1b-SM-5K7XL.1,BRAIN,54.5,6.3,782.0,-1.8162164952382,1.0853246188474497,-2.9015411140856497,-0.9047956760921008
GTEX-13FHP-0011-R5b-SM-5LZY2.1,BRAIN,54.5,6.0,782.0,-1.538623652791816,1.2091811499149425,-2.7478048027067583,-0.5924674748367179
GTEX-13FHP-0011-R6b-SM-5LZY6.1,BRAIN,54.5,7.1,782.0,-1.116510663081006,1.0509550255180449,-2.1674656885990506,-0.8054063588589716
GTEX-13FHP-0011-R7b-SM-5LZYI.1,BRAIN,54.5,6.7,782.0,-1.5616018796213358,1.3070463056055068,-2.8686481852268426,-0.8441865868703446
GTEX-13FHP-0126-SM-5IJBG.1,SKIN,54.5,8.0,827.0,-0.24997972302081256,0.1625256150321418,-0.41250533805295436,-0.2835396884013949
GTEX-13FHP-0526-SM-5K7UY.1,MUSCLE,54.5,6.9,841.0,0.02903124322147285,-0.1917057165349216,0.22073695975639446,-0.41613787188977086
GTEX-13FHP-0826-SM-5K7V5.1,HEART,54.5,7.3,876.0,0.44052030583559154,-0.2890984376868173,0.7296187435224089,0.5884512887866079
GTEX-13FHP-1026-SM-5K7Y2.1,HEART,54.5,6.1,879.0,-2.7660467529182253,1.3144443500107421,-4.080491102928967,-1.1356606422669189
GTEX-13FHP-2926-SM-5IJG9.1,BRAIN,54.5,6.6,931.0,0.4516710940292394,-0.24834352569375684,0.7000146197229962,-0.14265971721341805
GTEX-13FHP-3026-SM-5IJBS.1,BRAIN,54.5,6.1,934.0,0.1473001428708947,0.20336942978710254,-0.05606928691620783,0.007468202518490639
GTEX-13FLV-0011-R10b-SM-5LZZ2.1,BRAIN,54.5,6.5,1011.0,0.27576056264282495,-0.08539964080056142,0.3611602034433864,0.29640286541092586
GTEX-13FLV-0011-R11a-SM-5LZZ7.1,BRAIN,54.5,6.3,1011.0,1.0708718354358486,-1.7652898248679691,2.8361616603038176,-0.26506041485995296
GTEX-13FLV-0011-R3b-SM-5LZYP.1,BRAIN,54.5,6.1,1011.0,-0.11530933588558767,0.3825439818420561,-0.4978533177276438,-0.08217628528348536
GTEX-13FLV-0011-R4a-SM-5LZYU.1,BRAIN,54.5,5.9,1011.0,-0.0047971311228085884,0.06276765786528835,-0.06756478898809694,-0.05585069310918926
GTEX-13FLV-0011-R5a-SM-5LZWT.1,BRAIN,54.5,7.6,1011.0,0.04722791206340667,0.4439462427384862,-0.39671833067507956,0.09790949376214426
GTEX-13FLV-0011-R6a-SM-5KLZ4.1,BRAIN,54.5,7.8,1011.0,0.5981147854196136,-0.21013688780818643,0.8082516732278,0.004747944589380559
GTEX-13FLV-0011-R7b-SM-5K7WW.1,BRAIN,54.5,7.9,1011.0,0.26874201005441567,0.24798959757063538,0.02075241248378029,0.1781949203331304
GTEX-13FLV-0011-R8a-SM-5LZZE.1,BRAIN,54.5,7.3,1011.0,0.2456264875816835,0.1288500663031171,0.11677642127856641,0.5166916969202217
GTEX-13FLV-0011-R9b-SM-5L3DA.1,BRAIN,54.5,6.8,1011.0,-0.4259845103890145,0.4417473421893473,-0.8677318525783618,0.034999347197608104
GTEX-13FLV-0126-SM-5K7WT.1,SKIN,54.5,7.5,1026.0,-0.08301482102732846,0.42646768873958785,-0.5094825097669163,0.019900333882694434
GTEX-13FLV-0326-SM-5N9DJ.1,LIVER,54.5,5.7,1045.0,0.3011892923278346,0.16795769806548927,0.13323159426234532,0.19853398018853574
GTEX-13FLV-0926-SM-5L3DZ.1,HEART,54.5,6.6,1085.0,0.4544808364435996,-0.039956431470541315,0.4944372679141409,0.0465650808355062
GTEX-13FLW-0011-R10b-SM-5LZZF.1,BRAIN,54.5,6.8,1307.0,0.6740772267579324,-0.39423765057329274,1.068314877331225,0.07297279226292787
GTEX-13FLW-0011-R1b-SM-5LZX2.1,BRAIN,54.5,6.3,1307.0,-0.08856690987768022,0.48489204088155613,-0.5734589507592364,-0.3225886056567803
GTEX-13FLW-0011-R5a-SM-5LZX6.1,BRAIN,54.5,7.8,1307.0,-0.05042303843517225,0.6006053914292315,-0.6510284298644038,-0.17175075676424645
GTEX-13FLW-0011-R6b-SM-5L3EN.1,BRAIN,54.5,7.4,1307.0,0.5032352116496063,0.09474898672856794,0.40848622492103837,0.0163293257612428
GTEX-13FLW-0011-R7b-SM-5L3EZ.1,BRAIN,54.5,7.5,1307.0,-0.045296319680175154,0.5608319914743732,-0.6061283111545483,-0.1194747643106933
GTEX-13FLW-0011-R8b-SM-5J1MZ.1,BRAIN,54.5,6.4,1307.0,0.2038943864159738,0.31300550610895594,-0.10911111969298215,-0.00914394608590098
GTEX-13FLW-1426-SM-5K7YE.1,BRAIN,54.5,6.8,1431.0,0.47436356056083134,-0.08071348605533915,0.5550770466161705,0.02696227242763541
GTEX-13FTW-0326-SM-5K7UW.1,SKIN,44.5,7.2,138.0,-0.3230769309139506,0.4742947053390647,-0.7973716362530153,0.14353617186262274
GTEX-13FTW-0826-SM-5K7XR.1,HEART,44.5,6.8,150.0,-0.1612763116486079,0.24977175360481885,-0.41104806525342674,0.0936998744923848
GTEX-13FTW-1026-SM-5L3E3.1,HEART,44.5,7.1,158.0,0.24876644663449476,0.3540499218217649,-0.10528347518727016,-0.3878492739344079
GTEX-13FTW-1126-SM-5J2NV.1,LIVER,44.5,7.7,163.0,0.46606576786352316,-0.193799425486297,0.6598651933498202,0.049097075030683744
GTEX-13FTW-2326-SM-5K7YS.1,MUSCLE,44.5,7.1,366.0,-0.22416443980236805,0.7202692082544473,-0.9444336480568154,-0.21587221186418318
GTEX-13FTW-2626-SM-5K7WL.1,SKIN,44.5,6.4,371.0,-0.914001583069713,1.1452491169140697,-2.0592506999837825,-0.43091265566073106
GTEX-13FTX-1526-SM-5K7VJ.1,SKIN,24.5,7.4,187.0,-0.665234575099435,0.9652509504139721,-1.6304855255134072,-0.21340692540398432
GTEX-13FTX-1826-SM-5J1NX.1,SKIN,24.5,6.2,213.0,-0.006415774158142729,0.24004777448104095,-0.24646354863918368,0.13203070842376147
GTEX-13FTX-2026-SM-5L3D6.1,MUSCLE,24.5,6.2,218.0,0.6482389571657964,-0.8194503574480773,1.4676893146138736,-0.00018778632295581764
GTEX-13FTY-0011-R11a-SM-5IJEA.1,BRAIN,44.5,7.0,579.0,0.45072662888318077,-0.24448566265194357,0.6952122915351243,-0.35908152046389286
GTEX-13FTY-0011-R1a-SM-5LZXE.1,BRAIN,44.5,5.9,579.0,-2.432714946453299,1.2404567355493858,-3.673171682002685,-1.1229562976690717
GTEX-13FTY-0011-R9b-SM-5KM2U.1,BRAIN,44.5,6.8,579.0,-0.13017761716301096,0.06696726027784677,-0.19714487744085774,-0.20862250355787898
GTEX-13FTY-0226-SM-5IJBW.1,MUSCLE,44.5,7.5,719.0,0.5244693128249724,-0.6159378965886535,1.140407209413626,0.9063566207801824
GTEX-13FTY-0526-SM-5L3EV.1,SKIN,44.5,6.0,727.0,-0.4480669273352673,1.0780125829152476,-1.526079510250515,-0.039924045660532384
GTEX-13FTY-2126-SM-5IFFB.1,SKIN,44.5,5.8,758.0,0.07468718809152902,-0.08596509766456657,0.16065228575609558,-0.14920399354906977
GTEX-13FTZ-0011-R10b-SM-5KLZS.1,BRAIN,64.5,8.2,970.0,-0.2960592331520217,0.6354881590806015,-0.9315473922326232,-0.203518576278363
GTEX-13FTZ-0226-SM-5K7X6.1,HEART,64.5,6.0,1025.0,-0.8056435262630347,0.841845671524733,-1.6474891977877677,-0.6560471797569086
GTEX-13FTZ-0326-SM-5J1O1.1,HEART,64.5,6.1,1031.0,-0.21668430233534947,-0.1604079825668166,-0.05627631976853287,1.1390564253388409
GTEX-13FTZ-0726-SM-5IFFY.1,LIVER,64.5,5.8,1026.0,-0.3761783042757342,0.8607789207956807,-1.236957225071415,-0.5073524807491101
GTEX-13FTZ-2226-SM-5LZXI.1,MUSCLE,64.5,7.7,1298.0,0.36323595587761603,-0.11571781012391515,0.47895376600153117,0.06424178924119738
GTEX-13FXS-0011-R10a-SM-5J2MA.1,BRAIN,54.5,6.2,502.0,0.599846920471435,-0.08916772011572147,0.6890146405871564,-0.018234149898099027
GTEX-13FXS-0011-R11a-SM-5L3DM.1,BRAIN,54.5,8.8,502.0,0.9539090641232585,-1.3952184664272198,2.3491275305504784,-0.05608227674432774
GTEX-13FXS-0011-R1a-SM-5K7U6.1,BRAIN,54.5,6.9,502.0,0.5510963607339758,-0.2760767485707071,0.8271731093046829,0.04911343301526123
GTEX-13FXS-0011-R2b-SM-5K7XX.1,BRAIN,54.5,6.5,502.0,-0.01729383351462038,0.3792066073220854,-0.39650044083670577,0.2052973500937606
GTEX-13FXS-0011-R5b-SM-5LZYE.1,BRAIN,54.5,7.6,502.0,0.017255029957202316,0.5571708664179854,-0.5399158364607831,-0.06745933123147761
GTEX-13FXS-0011-R6b-SM-5L3F7.1,BRAIN,54.5,7.1,502.0,0.15724249443926555,0.397944630548488,-0.24070213610922245,0.1295690562892784
GTEX-13FXS-0011-R7a-SM-5L3FC.1,BRAIN,54.5,8.1,502.0,-0.3687499215515531,0.903003523018789,-1.271753444570342,-0.10200800586301029
GTEX-13FXS-0011-R8a-SM-5J1MN.1,BRAIN,54.5,7.8,502.0,0.5138015825841441,-0.05238600264665693,0.566187585230801,0.24973455924435228
GTEX-13FXS-0011-R9a-SM-5K7UI.1,BRAIN,54.5,8.2,502.0,0.5316628711491475,-1.0039026156705115,1.5355654868196589,0.996215150998295
GTEX-13FXS-0226-SM-5IJCK.1,SKIN,54.5,6.8,566.0,-0.8128096849311686,0.5148831291027396,-1.3276928140339082,-0.3505614587188091
GTEX-13FXS-0326-SM-5K7TV.1,MUSCLE,54.5,8.3,567.0,0.5307884698494806,-0.9692850192425961,1.5000734890920766,0.25130530689067526
GTEX-13FXS-1026-SM-62LFQ.1,HEART,54.5,6.7,665.0,-0.37289816532363146,0.5693021586329144,-0.942200323956546,-0.10892772484857295
GTEX-13FXS-3026-SM-5LZYO.1,BRAIN,54.5,7.4,766.0,0.754913100809497,-0.8131890403467156,1.5681021411562126,-0.03626945379417144
GTEX-13FXS-3126-SM-5J2NN.1,BRAIN,54.5,7.0,767.0,0.6387508691702284,-0.3084298331454968,0.9471807023157253,0.1719441204311423
GTEX-13G51-0011-R10b-SM-5LZYF.1,BRAIN,64.5,5.9,725.0,0.02314012370148908,0.50871735403723,-0.48557723033574085,-0.16121272910577053
GTEX-13G51-0011-R11b-SM-5J2NE.1,BRAIN,64.5,8.5,725.0,1.202820452761991,-1.9388003380877958,3.141620790849787,-0.01653687995775744
GTEX-13G51-0011-R1a-SM-5LZYR.1,BRAIN,64.5,8.0,725.0,0.4836114235208851,-0.37062474905894505,0.8542361725798302,0.8035031837418245
GTEX-13G51-0011-R2b-SM-5LZXS.1,BRAIN,64.5,6.1,725.0,0.09966062291838589,0.29522298429937344,-0.19556236138098754,0.1808084543218949
GTEX-13G51-0011-R5a-SM-5L3EB.1,BRAIN,64.5,8.2,725.0,0.671629573875264,-0.2159232367260893,0.8875528106013533,0.3257341903996102
GTEX-13G51-0011-R6b-SM-5LZX4.1,BRAIN,64.5,7.1,725.0,0.31532526923691157,0.09117651238602478,0.22414875685088678,0.07302358716724854
GTEX-13G51-0011-R7b-SM-5LZXG.1,BRAIN,64.5,7.9,725.0,0.37921002611930343,0.2681828711319476,0.11102715498735582,-0.14859892470819033
GTEX-13G51-0011-R8b-SM-5LZZ4.1,BRAIN,64.5,7.9,725.0,0.5910892232147167,-0.33612215713509624,0.927211380349813,0.7076178901414951
GTEX-13G51-1826-SM-5KLZH.1,SKIN,64.5,7.7,807.0,-0.17867266999638248,0.4299106494242925,-0.608583319420675,-0.32603634495510253
GTEX-13G51-2526-SM-5LZYK.1,SKIN,64.5,8.2,925.0,0.02817475387995401,0.22995177783630347,-0.20177702395634944,0.13371414211861757
GTEX-13G51-2726-SM-5LZZ9.1,MUSCLE,64.5,8.1,927.0,0.09580675373605221,0.597615243342756,-0.5018084896067038,-0.1864974031381836
GTEX-13G51-3026-SM-5IJB8.1,BRAIN,64.5,5.9,983.0,0.2978312544063316,-0.20953823811793684,0.5073694925242684,0.1516671334308762
GTEX-13G51-3126-SM-5IJG7.1,BRAIN,64.5,7.1,984.0,0.6133058061907041,-0.6606482575600036,1.2739540637507076,-0.09198309225102115
GTEX-13IVO-0011-R10a-SM-5LZY3.1,BRAIN,74.5,5.8,480.0,-1.305723720319757,0.7083150099073757,-2.0140387302271328,-0.6680471559082118
GTEX-13IVO-0011-R11b-SM-5LZXQ.1,BRAIN,74.5,6.7,480.0,-0.02138709948608501,-0.9491117392693819,0.9277246397832969,-0.6312623609281363
GTEX-13IVO-0011-R3b-SM-5IJBJ.1,BRAIN,74.5,5.8,480.0,-1.6778504040378308,0.8479606497001831,-2.525811053738014,-0.824636117581227
GTEX-13IVO-0011-R5a-SM-5L3CY.1,BRAIN,74.5,6.2,480.0,-1.9127285197773713,0.9658131466229408,-2.878541666400312,-0.9155160372669172
GTEX-13IVO-0011-R6b-SM-5K7X9.1,BRAIN,74.5,5.9,480.0,-1.8313313156189497,0.9617256815810571,-2.793056997200007,-1.2122834646112446
GTEX-13IVO-0011-R8a-SM-5L3DY.1,BRAIN,74.5,7.3,480.0,-0.45505710841173724,0.25491328640108135,-0.7099703948128187,-0.1402734002135897
GTEX-13IVO-0126-SM-5J1NG.1,SKIN,74.5,6.7,556.0,0.6198154486182949,-0.7742864875657153,1.3941019361840101,0.12177341971921578
GTEX-13IVO-0626-SM-5LZYJ.1,MUSCLE,74.5,7.1,577.0,0.5520805889101897,-0.47481128852183646,1.0268918774320261,0.8173555411084229
GTEX-13IVO-0726-SM-5LZYV.1,SKIN,74.5,6.4,584.0,-0.038804182545234475,-0.9677334331298216,0.9289292505845872,-0.2548371138174409
GTEX-13IVO-2926-SM-5L3CZ.1,BRAIN,74.5,6.1,666.0,-0.550358136198862,0.3090165985266834,-0.8593747347255454,-0.09409433097462945
GTEX-13JUV-0011-R10b-SM-5LZXR.1,BRAIN,44.5,5.9,367.0,0.4217118099320654,-0.21296531270756436,0.6346771226396297,0.1726944501894681
GTEX-13JUV-0011-R11a-SM-5LZYH.1,BRAIN,44.5,6.6,367.0,0.9346100812215569,-1.4527681877001415,2.3873782689216982,0.04324387584978329
GTEX-13JUV-0011-R1a-SM-5LZY4.1,BRAIN,44.5,7.5,367.0,0.5835873500766181,-0.7695628499183874,1.3531501999950055,0.7746694077660146
GTEX-13JUV-0011-R5a-SM-5LZY5.1,BRAIN,44.5,8.5,367.0,0.18607839108352012,-0.006716990772080591,0.19279538185560072,0.5155527830100365
GTEX-13JUV-0011-R6b-SM-5LZYG.1,BRAIN,44.5,7.1,367.0,-0.38929672163153567,0.5557044569187011,-0.9450011785502368,0.04177681633458683
GTEX-13JUV-0011-R7b-SM-5LZZG.1,BRAIN,44.5,5.8,367.0,-1.813648509441066,1.0721118989562788,-2.8857604083973447,-0.6519025288839465
GTEX-13JUV-0011-R9a-SM-5LZX3.1,BRAIN,44.5,8.1,367.0,0.23201353582346682,-0.5139068531431199,0.7459203889665867,0.8349532650204803
GTEX-13JUV-0226-SM-5IJCC.1,HEART,44.5,6.1,448.0,0.06274964005992724,-0.11916209214158882,0.18191173220151607,0.3862945718574849
GTEX-13JUV-2026-SM-5K7UA.1,SKIN,44.5,6.7,523.0,0.1769338091702201,0.34849583639393267,-0.17156202722371255,0.6600076070834097
GTEX-13JUV-2326-SM-5IJCE.1,MUSCLE,44.5,7.4,597.0,0.32694818575274137,0.037060737295483266,0.2898874484572581,0.05876051652138477
GTEX-13JUV-2726-SM-5LZZ8.1,SKIN,44.5,7.8,586.0,-0.014117972263857121,0.02785849245838171,-0.04197646472223883,-0.29918390467782197
GTEX-13JUV-2926-SM-5LZX7.1,BRAIN,44.5,5.8,654.0,-0.1677339948745363,0.3315521797258834,-0.4992861746004197,0.11903435372242743
GTEX-13JUV-3026-SM-5K7WX.1,BRAIN,44.5,6.2,656.0,0.6395555754726904,-0.999728102270959,1.6392836777436495,0.4962718422560949
GTEX-13JVG-0011-R10b-SM-5KM2P.1,BRAIN,64.5,5.9,527.0,-0.06647777555009395,-0.2605783727639906,0.19410059721389666,0.20367521686473936
GTEX-13JVG-0011-R11a-SM-5KM53.1,BRAIN,64.5,6.7,527.0,0.38929940389431933,-0.7524608970258423,1.1417603009201616,-0.20243947335252976
GTEX-13JVG-0011-R1a-SM-5KM32.1,BRAIN,64.5,5.9,527.0,-0.7503424234549143,0.46035130667305457,-1.2106937301279688,0.06986956937717205
GTEX-13JVG-0011-R3b-SM-5LZXF.1,BRAIN,64.5,6.4,527.0,-0.7025474107350049,0.40960178625147914,-1.112149196986484,-0.19185353231077085
GTEX-13JVG-0011-R4a-SM-5MR4C.1,BRAIN,64.5,6.0,527.0,-1.4836422256147204,0.7266535069698944,-2.2102957325846146,-0.47704818392852744
GTEX-13JVG-0011-R5a-SM-5MR4O.1,BRAIN,64.5,7.5,527.0,-0.23360303878533625,0.4598192296921347,-0.6934222684774709,0.09909870232396742
GTEX-13JVG-0011-R6a-SM-5MR3E.1,BRAIN,64.5,6.3,527.0,-0.5602273448873816,0.5522069652968509,-1.1124343101842324,-0.4063174131019409
GTEX-13JVG-0011-R7b-SM-5MR3Q.1,BRAIN,64.5,5.9,527.0,-0.6455084086254053,0.5598813707638196,-1.205389779389225,-0.3694417283598083
GTEX-13JVG-0011-R8a-SM-5KM3E.1,BRAIN,64.5,6.8,527.0,-0.41990028311484257,0.31691819595468274,-0.7368184790695254,0.27565610853543293
GTEX-13JVG-0126-SM-5L3D3.1,MUSCLE,64.5,8.3,824.0,0.7108877036375253,-0.4976122428800913,1.2084999465176165,0.37454314305718567
GTEX-13JVG-0726-SM-5KM16.1,SKIN,64.5,6.1,829.0,-0.3181907593313083,-0.016928670340186337,-0.30126208899112195,-0.38858013969544253
GTEX-13JVG-1126-SM-5KM2M.1,HEART,64.5,6.9,836.0,0.6277764478776418,-0.7658815002751365,1.3936579481527782,0.2469755482680553
GTEX-13JVG-1326-SM-5N9F8.1,HEART,64.5,5.7,845.0,-2.437590417718849,0.776358375312663,-3.213948793031512,-0.6547418886020037
GTEX-13JVG-3126-SM-5L3FH.1,BRAIN,64.5,6.0,933.0,-0.06294704762091828,0.03760465330850538,-0.10055170092942367,0.6645166598289913
GTEX-13JVG-3226-SM-5IJGJ.1,BRAIN,64.5,6.5,932.0,0.45749383530334164,-1.2918332185747894,1.749327053878131,0.14318544441634284
GTEX-13N11-0426-SM-5KM3O.1,HEART,54.5,6.8,159.0,0.24679787908742273,0.06664198155422925,0.1801558975331935,-0.46551400615448874
GTEX-13N11-0726-SM-5L3DP.1,HEART,54.5,8.4,168.0,0.13904603411975217,-0.7093782067665035,0.8484242408862557,0.17316014200016197
GTEX-13N11-0926-SM-5IJG2.1,LIVER,54.5,8.8,170.0,1.2749703881112275,0.201817113886302,1.0731532742249255,0.017497494238056008
GTEX-13N11-2326-SM-5IJBF.1,SKIN,54.5,7.6,208.0,-0.23237721831272865,0.5868212439921645,-0.8191984623048931,0.22471020309286385
GTEX-13N11-2526-SM-5K7UE.1,SKIN,54.5,7.2,228.0,0.21102377148459797,-0.35924843392761496,0.5702722054122129,0.40594847892855
GTEX-13N11-2726-SM-5L3ER.1,MUSCLE,54.5,8.2,231.0,-0.6625409627105988,0.42997041116857126,-1.09251137387917,-0.491254612992684
GTEX-13N1W-0011-R10b-SM-5MR4H.1,BRAIN,74.5,8.1,549.0,0.62530608385102,-0.6035153468266684,1.2288214306776886,0.25060034975528317
GTEX-13N1W-0011-R11a-SM-5MR3D.1,BRAIN,74.5,6.3,549.0,-0.6700299389413323,0.4872372486382469,-1.1572671875795792,-0.4391216373330416
GTEX-13N1W-0011-R1b-SM-5MR4T.1,BRAIN,74.5,8.2,549.0,0.4229257450085895,-0.581669965685199,1.0045957106937884,0.9774777205053181
GTEX-13N1W-0011-R3a-SM-5MR5E.1,BRAIN,74.5,7.2,549.0,0.5580223027009475,-0.44796213279523833,1.005984435496186,0.3310316544875182
GTEX-13N1W-0011-R4a-SM-5MR52.1,BRAIN,74.5,6.3,549.0,0.11149714845884365,-0.04975533266989989,0.16125248112874355,0.36372655857216746
GTEX-13N1W-0011-R5b-SM-5MR5Q.1,BRAIN,74.5,8.1,549.0,0.1813846842782985,0.05278211101987586,0.12860257325842267,0.7542339577097894
GTEX-13N1W-0011-R6a-SM-5MR43.1,BRAIN,74.5,6.5,549.0,0.45083425520008413,-0.3399564469844029,0.7907907021844871,0.6971145452133419
GTEX-13N1W-0011-R7b-SM-5MR4F.1,BRAIN,74.5,7.1,549.0,0.26952550421633714,0.08131945215354217,0.18820605206279498,0.3500634850893438
GTEX-13N1W-0011-R8a-SM-5MR56.1,BRAIN,74.5,7.8,549.0,0.4709023826170629,-0.03844860947893169,0.5093509920959945,0.5109906161067346
GTEX-13N1W-0011-R9b-SM-5MR4R.1,BRAIN,74.5,7.6,549.0,0.4973499957459183,-1.4152587617424,1.9126087574883184,0.5916478826341722
GTEX-13N1W-0126-SM-5K7VT.1,SKIN,74.5,7.4,612.0,0.1890888516560003,-0.16263839646510203,0.35172724812110234,0.655487881841655
GTEX-13N1W-0526-SM-5MR4I.1,MUSCLE,74.5,8.0,624.0,0.1793864929047088,-0.0028112817096850574,0.18219777461439385,-0.1934873986216524
GTEX-13N1W-0926-SM-5MR36.1,HEART,74.5,7.1,660.0,0.31019687083930697,-0.4271943068985621,0.737391177737869,0.38960610591886674
GTEX-13N1W-1026-SM-5IJC5.1,HEART,74.5,6.2,661.0,-0.9304031250752167,0.7237394404745375,-1.6541425655497544,-0.18436602168464836
GTEX-13N1W-2426-SM-5IJD1.1,SKIN,74.5,6.9,692.0,-0.06867609710563868,0.09866931717118403,-0.1673454142768227,0.3238317183685311
GTEX-13N2G-0011-R10a-SM-5MR34.1,BRAIN,64.5,8.1,498.0,0.5833925174636858,-1.3686343344197278,1.9520268518834136,1.1482612656866926
GTEX-13N2G-0011-R11a-SM-5MR3F.1,BRAIN,64.5,8.3,498.0,0.907671550063107,-1.3120265925607486,2.2196981426238556,0.1196269357643945
GTEX-13N2G-0011-R1b-SM-5MR3G.1,BRAIN,64.5,7.3,498.0,0.3219774473711191,0.03900708648925186,0.2829703608818672,0.3418335090505142
GTEX-13N2G-0011-R2a-SM-5MR4Q.1,BRAIN,64.5,5.8,498.0,0.3465036890673482,0.09967925640240013,0.24682443266494805,0.3561149968208771
GTEX-13N2G-0011-R3b-SM-5MR5G.1,BRAIN,64.5,5.7,498.0,0.32134283544780406,-0.6053887274679133,0.9267315629157173,0.5444938299894045
GTEX-13N2G-0011-R4b-SM-5MR54.1,BRAIN,64.5,6.3,498.0,0.3975056660265938,-0.3514869948045342,0.748992660831128,0.8291751460369349
GTEX-13N2G-0011-R5a-SM-5MR33.1,BRAIN,64.5,8.4,498.0,0.6701037612615512,-1.598827382198534,2.268931143460085,1.5665089758759576
GTEX-13N2G-0011-R6b-SM-5MR3P.1,BRAIN,64.5,7.0,498.0,0.3190843396545721,-0.046031635737059276,0.3651159753916314,0.21455196990341802
GTEX-13N2G-0011-R7a-SM-5MR42.1,BRAIN,64.5,6.8,498.0,0.4804476190644044,-1.1257149342541948,1.6061625533185993,0.8399732626034788
GTEX-13N2G-0011-R9b-SM-5MR4E.1,BRAIN,64.5,7.6,498.0,0.6138386925583559,-1.807410048487911,2.421248741046267,1.1353450972684178
GTEX-13N2G-0226-SM-5K7VF.1,SKIN,64.5,6.8,515.0,0.09259077263059172,0.47323447687485143,-0.3806437042442597,0.45436660610951685
GTEX-13N2G-0926-SM-5IFGJ.1,LIVER,64.5,6.0,534.0,-0.5570148873444737,0.6906672261457347,-1.2476821134902085,-0.23777313745423878
GTEX-13N2G-2326-SM-5J1ON.1,MUSCLE,64.5,8.2,579.0,0.6018198317509764,-0.4477235159372812,1.0495433476882576,-0.2900953327164275
GTEX-13N2G-2626-SM-5J1OT.1,SKIN,64.5,7.1,589.0,0.17797573060763805,-0.4326375610788825,0.6106132916865206,0.1385237550080481
GTEX-13N2G-3126-SM-5IJGL.1,BRAIN,64.5,6.5,633.0,0.4021451867631815,-0.23389713735219037,0.6360423241153719,-0.12067250890234518
GTEX-13NYB-0011-R10a-SM-5KM43.1,BRAIN,44.5,7.3,983.0,0.36453042709613737,-0.11841792537943648,0.4829483524755738,-0.24188752701343533
GTEX-13NYB-0011-R11a-SM-5KM3Q.1,BRAIN,44.5,7.6,983.0,0.8557436577206043,-1.505591277291116,2.3613349350117203,-0.0657965863003547
GTEX-13NYB-0011-R1b-SM-5KM4F.1,BRAIN,44.5,6.3,983.0,0.1664712749041362,0.03894505110412693,0.12752622380000928,-0.34095623619565757
GTEX-13NYB-0011-R2a-SM-5MR3C.1,BRAIN,44.5,7.7,983.0,0.45352105125572284,-1.3551196280498397,1.8086406793055625,0.5217047338715838
GTEX-13NYB-0011-R3b-SM-A9SM4.1,BRAIN,44.5,5.6,983.0,0.19558101354078647,-0.04072444611827487,0.23630545965906133,-0.22570798024241517
GTEX-13NYB-0011-R4b-SM-9QEGJ.1,BRAIN,44.5,5.8,983.0,0.10132694296904109,-0.10992923902313548,0.21125618199217655,-0.23641411875337792
GTEX-13NYB-0011-R5a-SM-5MR45.1,BRAIN,44.5,7.2,983.0,0.0637314531713436,-0.005809816308486059,0.06954126947982966,-0.17802077349661977
GTEX-13NYB-0011-R6b-SM-5MR51.1,BRAIN,44.5,6.8,983.0,0.37258739686696696,-0.28603017282750953,0.6586175696944765,-0.11564902530518999
GTEX-13NYB-0011-R7a-SM-5MR5D.1,BRAIN,44.5,7.1,983.0,-0.3392948255089536,0.33210975563438117,-0.6714045811433348,-0.24905307292751958
GTEX-13NYB-0011-R8a-SM-5KM4R.1,BRAIN,44.5,7.0,983.0,0.5972116112123893,-0.5093745734970149,1.1065861847094043,0.169867136166301
GTEX-13NYB-0011-R9b-SM-5MR5P.1,BRAIN,44.5,7.3,983.0,-0.3601614940057779,0.02257219319746336,-0.38273368720324125,-0.05979998942500157
GTEX-13NYB-0126-SM-5J1MD.1,SKIN,44.5,7.6,997.0,0.25735529129567974,-0.6438198923707208,0.9011751836664006,-0.08880361943887921
GTEX-13NYB-0226-SM-5N9G4.1,HEART,44.5,5.7,1014.0,-3.3077716496862535,0.6616068420111625,-3.969378491697416,-1.2423129203743002
GTEX-13NYB-0326-SM-5IJDP.1,HEART,44.5,7.0,1016.0,-0.31799974426872024,0.016714331280040903,-0.33471407554876115,0.22560227865231192
GTEX-13NYB-1026-SM-5IFH3.1,LIVER,44.5,6.1,1034.0,-0.004632889196371781,0.21691403215983648,-0.22154692135620827,-0.025767927328872453
GTEX-13NYB-2526-SM-5K7Z6.1,SKIN,44.5,7.1,1153.0,-0.21981099904443405,0.28207982005132437,-0.5018908190957584,-0.6301668579458545
GTEX-13NYB-2726-SM-5J2MT.1,MUSCLE,44.5,7.8,1178.0,1.422241826755347,-1.4264441464295792,2.848685973184926,-0.06788785588421861
GTEX-13NYB-3026-SM-5IJD7.1,BRAIN,44.5,6.1,1231.0,0.37920994199024316,-0.37331106361589284,0.752521005606136,-0.04685281468809649
GTEX-13NYB-3226-SM-5J2ND.1,BRAIN,44.5,7.1,1233.0,0.8805444533288357,-1.867532890281646,2.7480773436104817,-0.17929418436742883
GTEX-13NYC-0126-SM-5L3F4.1,SKIN,64.5,6.1,965.0,-0.1630961078161685,0.35823930269009263,-0.5213354105062611,-0.06630340778736762
GTEX-13NYC-0326-SM-5K7WP.1,SKIN,64.5,6.7,970.0,0.5109346956576741,-0.03860307664123537,0.5495377722989095,0.6393942067823039
GTEX-13NYC-0326-SM-E9J4S.1,SKIN,64.5,8.1,970.0,0.16547189851944025,-0.3851457464690208,0.550617644988461,0.1890264563591576
GTEX-13NYC-0726-SM-5J2NQ.1,MUSCLE,64.5,7.2,985.0,0.0707255267870902,-0.3388877275723773,0.4096132543594675,0.38974385521850613
GTEX-13NYC-2826-SM-5K7WR.1,BRAIN,64.5,7.1,1075.0,0.6525573781317765,-0.8295951194667285,1.482152497598505,0.6174040886882927
GTEX-13NYS-0011-R10a-SM-5MR4S.1,BRAIN,64.5,7.3,615.0,1.0214566306800859,-1.6443171121007052,2.6657737427807913,0.22426659859537432
GTEX-13NYS-0011-R11b-SM-5MR4P.1,BRAIN,64.5,6.6,615.0,0.6044041603202966,-2.1378774094969986,2.7422815698172953,0.27047171453068597
GTEX-13NYS-0011-R1b-SM-5MR55.1,BRAIN,64.5,6.8,615.0,-0.0063729438070514,-0.3294023838028375,0.3230294399957861,0.48085301217428816
GTEX-13NYS-0011-R2b-SM-5MR4G.1,BRAIN,64.5,6.7,615.0,0.09040985828808863,-0.19584071312582008,0.2862505714139087,0.3843959477180929
GTEX-13NYS-0011-R3b-SM-5MR41.1,BRAIN,64.5,6.1,615.0,-0.005933158772810661,-0.2548973726555774,0.2489642138827667,0.22199625343919163
GTEX-13NYS-0011-R4b-SM-5MR3O.1,BRAIN,64.5,6.3,615.0,-0.38992248638072036,0.08898410869193561,-0.478906595072656,0.1340063280782971
GTEX-13NYS-0011-R5a-SM-5MR4D.1,BRAIN,64.5,7.2,615.0,0.16556073145110814,-0.02439340983623552,0.18995414128734367,0.13638188048564098
GTEX-13NYS-0011-R6b-SM-5MR3R.1,BRAIN,64.5,7.2,615.0,0.49325122437727437,-0.5022593098893584,0.9955105342666328,0.14675874496558855
GTEX-13NYS-0011-R8a-SM-5MR5H.1,BRAIN,64.5,6.6,615.0,0.04774850330548465,-0.1067651441724721,0.15451364747795676,0.2985791519392242
GTEX-13NYS-0011-R9b-SM-5MR44.1,BRAIN,64.5,6.9,615.0,0.3105295647748929,-0.8797460536359013,1.1902756184107943,0.8465762574902213
GTEX-13NYS-0126-SM-5MR3W.1,SKIN,64.5,7.7,846.0,-0.15444339655357012,-0.5770424438831028,0.4225990473295327,-0.014502916216147155
GTEX-13NYS-0326-SM-5MR4L.1,MUSCLE,64.5,8.3,853.0,-0.3240674914895815,-1.2536570913659884,0.9295895998764068,0.9397851411003522
GTEX-13NYS-0626-SM-5L3F1.1,SKIN,64.5,7.1,872.0,-0.16719043358230962,-0.7879875261898672,0.6207970926075577,-0.05639135580015912
GTEX-13NYS-1926-SM-5IJCB.1,HEART,64.5,6.0,981.0,0.46733715204246046,-0.7130005002474804,1.180337652289941,0.4514489316566473
GTEX-13NYS-3126-SM-5KLYV.1,BRAIN,64.5,6.9,1115.0,0.4628689457607027,-0.3950677593567868,0.8579367051174895,0.30029431675311397
GTEX-13NZ8-0011-R1b-SM-5KM3V.1,BRAIN,64.5,6.0,1273.0,-1.8414916729938766,0.9397853024301848,-2.7812769754240616,-0.7776182289762379
GTEX-13NZ8-0011-R8b-SM-5KM48.1,BRAIN,64.5,6.3,1273.0,-1.2939555162233385,0.9519096951424354,-2.245865211365774,-0.6740034095407835
GTEX-13NZ8-0826-SM-5MR3I.1,SKIN,64.5,7.3,1345.0,-0.5274819244252593,0.4118768929735242,-0.9393588173987835,-0.15146072425175205
GTEX-13NZ8-1226-SM-5KM4A.1,SKIN,64.5,6.1,1353.0,0.29632323967820823,-0.6518732617062433,0.9481965013844516,-0.3017967025312903
GTEX-13NZ8-2126-SM-5L3EO.1,MUSCLE,64.5,6.4,1371.0,-2.2119274757665677,0.9571519960663549,-3.1690794718329225,-0.11609367067203077
GTEX-13NZ8-3026-SM-5L3D4.1,BRAIN,64.5,6.0,1415.0,-0.281044737642153,-0.315609995147947,0.034565257505794034,-0.6037162770216575
GTEX-13NZ9-0126-SM-5K7XV.1,HEART,54.5,8.4,369.0,0.4469153450197574,-0.9750571436284011,1.4219724886481586,0.9411496800002281
GTEX-13NZ9-0626-SM-5IJCO.1,MUSCLE,54.5,8.1,417.0,-0.08193388315734806,-0.07584543566357729,-0.006088447493770771,0.07753597283545434
GTEX-13NZ9-1326-SM-5MR3V.1,LIVER,54.5,5.7,472.0,0.9766087332226859,-0.34735873167966097,1.323967464902347,0.0017758260596637907
GTEX-13NZ9-2626-SM-5L3FK.1,SKIN,54.5,7.3,504.0,0.05170030667277417,0.6314625325743363,-0.5797622259015621,0.33573804834808807
GTEX-13NZA-0011-R10b-SM-5KM54.1,BRAIN,64.5,6.6,1155.0,-0.957595683710102,0.93108300089309,-1.888678684603192,-0.5903292710160504
GTEX-13NZA-0011-R11b-SM-5KM4W.1,BRAIN,64.5,7.3,1155.0,0.009339858744160604,0.33156500869934863,-0.32222514995518803,-0.6383670939066318
GTEX-13NZA-0011-R1b-SM-5LUAF.1,BRAIN,64.5,5.7,1155.0,-1.7551461352377173,1.1209099770541284,-2.8760561122918458,-0.44023429484953414
GTEX-13NZA-0011-R5b-SM-5KM4K.1,BRAIN,64.5,6.6,1155.0,-2.2560569397496066,1.4737379586640955,-3.729794898413702,-0.9207841297485619
GTEX-13NZA-0011-R8b-SM-5KM2Q.1,BRAIN,64.5,6.9,1155.0,-0.19075022469231795,0.6986701197856444,-0.8894203444779624,0.11621751789248365
GTEX-13NZA-0011-R9b-SM-5MR5I.1,BRAIN,64.5,7.8,1155.0,-0.08203316097850012,-0.07762225189132424,-0.004410909087175882,0.6745774465013943
GTEX-13NZA-0226-SM-5K7Z7.1,SKIN,64.5,6.5,1327.0,-0.011692860564220578,0.45824689824272397,-0.46993975880694455,0.39134087686516067
GTEX-13NZA-0526-SM-5L3D7.1,MUSCLE,64.5,7.6,1333.0,0.5278057284115856,-0.01856229168226183,0.5463680200938474,-0.22203311897893255
GTEX-13NZA-0826-SM-5K7WS.1,HEART,64.5,5.8,1358.0,-0.28234243091236444,0.2509335675476383,-0.5332759984600027,0.5405127953198497
GTEX-13NZB-0226-SM-5KM1T.1,HEART,34.5,6.4,300.0,0.2636899459652483,0.349102658069861,-0.08541271210461271,-0.4402870909781108
GTEX-13NZB-0426-SM-5KM26.1,HEART,34.5,7.7,316.0,0.537197319504913,-0.43297842903572664,0.9701757485406397,0.013847850682993138
GTEX-13NZB-0626-SM-5IFH6.1,LIVER,34.5,5.9,323.0,-0.8988997644710096,0.712593222367608,-1.6114929868386176,-0.40581911961355455
GTEX-13NZB-2526-SM-5J1OM.1,SKIN,34.5,6.7,395.0,-0.5655007279226593,0.9856523382476153,-1.5511530661702746,-0.20563418634977532
GTEX-13NZB-2626-SM-5J2M7.1,MUSCLE,34.5,7.7,399.0,0.13517397255665375,-0.16297337279006377,0.2981473453467175,-0.45966929538245377
GTEX-13O1R-0011-R9b-SM-5KM33.1,BRAIN,64.5,6.4,660.0,-2.0581590363765714,1.224273545534332,-3.2824325819109035,-0.7763946933973949
GTEX-13O1R-0126-SM-5L3EH.1,SKIN,64.5,8.4,801.0,-0.11819256068511981,0.16048360362553493,-0.27867616431065473,0.5202718717575793
GTEX-13O1R-0526-SM-5K7XU.1,MUSCLE,64.5,8.0,809.0,-0.5673527247434463,1.2828703186144432,-1.8502230433578895,-0.18564266231252685
GTEX-13O1R-0926-SM-5L3DS.1,HEART,64.5,8.2,826.0,0.19391108772266072,0.1283501082764047,0.06556097944625602,0.07017129563579541
GTEX-13O1R-1226-SM-5J1NU.1,HEART,64.5,6.4,840.0,-0.08510928583684764,-0.016631341588776334,-0.0684779442480713,0.5093281399877774
GTEX-13O1R-2026-SM-5KM3N.1,LIVER,64.5,6.6,855.0,0.430273142629508,-0.5321894075548965,0.9624625501844045,0.22495982118476016
GTEX-13O21-0326-SM-5J1N9.1,HEART,54.5,8.0,152.0,0.14628854683972758,-0.04312463470422564,0.18941318154395323,0.5721527769336326
GTEX-13O21-1426-SM-5K7XI.1,SKIN,54.5,6.0,222.0,-0.5694867986771077,1.2235232842698769,-1.7930100829469846,-0.1171234209852268
GTEX-13O21-1726-SM-5MR5A.1,MUSCLE,54.5,8.2,224.0,-0.1873922849618354,0.4712317210762991,-0.6586240060381345,0.24405440014688656
GTEX-13O21-2326-SM-5MR3X.1,HEART,54.5,7.4,151.0,0.2169136513452654,0.6212879279479939,-0.4043742766027285,-0.7101410348348902
GTEX-13O3O-0011-R10a-SM-5LUA9.1,BRAIN,64.5,5.7,679.0,0.794375797656041,-0.6668113992405172,1.4611871968965584,-0.10954433446498953
GTEX-13O3O-0011-R11b-SM-5KM4G.1,BRAIN,64.5,8.6,679.0,0.7077903016522225,-1.0007495043798094,1.7085398060320318,-0.046820304486935846
GTEX-13O3O-0011-R1b-SM-5KM2K.1,BRAIN,64.5,6.9,679.0,0.38831658982758543,-0.15874297889966313,0.5470595687272486,-0.11145878941720108
GTEX-13O3O-0011-R2b-SM-5P9H1.1,BRAIN,64.5,6.7,679.0,-0.26054565486519426,0.529788412226477,-0.7903340670916712,-0.0435776622792075
GTEX-13O3O-0011-R3b-SM-5KM3R.1,BRAIN,64.5,7.3,679.0,-0.005998428207100307,0.3583921843835177,-0.364390612590618,-0.13636630317845425
GTEX-13O3O-0011-R4b-SM-5KM3F.1,BRAIN,64.5,7.0,679.0,-0.020505822909506692,0.3669967215833946,-0.3875025444929013,-0.04516271906298026
GTEX-13O3O-0011-R5b-SM-5KM44.1,BRAIN,64.5,8.4,679.0,-0.03975404375117766,0.6041050229952398,-0.6438590667464175,-0.20065861645062877
GTEX-13O3O-0011-R6b-SM-5P9GY.1,BRAIN,64.5,7.8,679.0,0.21036140666925915,0.31212537935766094,-0.10176397268840179,-0.08078498100783431
GTEX-13O3O-0011-R7b-SM-5P9GZ.1,BRAIN,64.5,7.6,679.0,-0.3287674372398988,0.78033191880528,-1.1090993560451787,-0.3851054318502223
GTEX-13O3O-0011-R8b-SM-5LUAL.1,BRAIN,64.5,5.7,679.0,-0.2461438851071062,0.43676287945682013,-0.6829067645639263,0.16945048891049289
GTEX-13O3O-0126-SM-5KM4E.1,SKIN,64.5,6.6,778.0,-0.07926983534282556,0.21362733490318556,-0.29289717024601114,-0.11862485506805069
GTEX-13O3O-0126-SM-E9J49.1,SKIN,64.5,6.9,778.0,-0.1634719285836182,0.4293468406950012,-0.5928187692786193,0.36001495984671406
GTEX-13O3O-0526-SM-5J1NL.1,MUSCLE,64.5,8.5,806.0,0.39363837465184276,-0.1716808684922541,0.5653192431440969,-0.07022920863804528
GTEX-13O3O-1426-SM-5KM2S.1,HEART,64.5,6.3,846.0,0.23585015738227297,-0.07640008212115879,0.3122502395034318,0.565799751313754
GTEX-13O3O-1526-SM-5KM1C.1,HEART,64.5,6.9,849.0,-0.2308239701737298,0.6693502829646074,-0.9001742531383372,-1.0706601099516926
GTEX-13O3O-1826-SM-5IFGW.1,LIVER,64.5,6.5,857.0,-1.1653920619860962,1.032210249667125,-2.1976023116532213,-0.5708303679356065
GTEX-13O3O-2326-SM-5IJD6.1,SKIN,64.5,8.2,863.0,0.06402701962734153,0.15072247381758347,-0.08669545419024194,0.09448645097458695
GTEX-13O3O-3026-SM-5KM42.1,BRAIN,64.5,7.1,886.0,0.5563067311647328,-0.7058429022918532,1.262149633456586,-0.050999268374941384
GTEX-13O3O-3126-SM-5KM3H.1,BRAIN,64.5,6.3,889.0,0.1226556821595769,0.42534497636283913,-0.30268929420326224,-0.23184766492985562
GTEX-13O3P-0126-SM-5KM4S.1,SKIN,54.5,7.4,405.0,-0.47818169112680126,0.13942860257787928,-0.6176102937046806,-0.04293351706995153
GTEX-13O3P-0626-SM-5L3D5.1,MUSCLE,54.5,8.2,453.0,-0.5962105789033054,0.18876098306144373,-0.7849715619647492,-0.0668545304669148
GTEX-13O3P-1426-SM-5L3DT.1,HEART,54.5,7.4,477.0,0.6057801235110267,-1.270098300362875,1.8758784238739017,0.590441541453996
GTEX-13O3P-1626-SM-5K7X3.1,HEART,54.5,6.1,485.0,-0.8132206880200608,0.7210802089944731,-1.5343008970145338,-0.5892433475437749
GTEX-13O3Q-0011-R10b-SM-5KM39.1,BRAIN,54.5,7.4,1036.0,0.9014880524940545,-0.44382507905407714,1.3453131315481317,0.056188587518624246
GTEX-13O3Q-0011-R11b-SM-5KM2W.1,BRAIN,54.5,8.0,1036.0,1.1464354599196647,-2.017508763568517,3.1639442234881816,-0.2109260025048652
GTEX-13O3Q-0011-R1b-SM-5KM3L.1,BRAIN,54.5,6.8,1036.0,0.06851982036350718,0.4974694713478491,-0.4289496509843419,-0.3023780472327218
GTEX-13O3Q-0011-R2b-SM-5KM3K.1,BRAIN,54.5,6.9,1036.0,0.7750161352857887,-0.025793412061900514,0.8008095473476893,0.09655427040972628
GTEX-13O3Q-0011-R3a-SM-5P9H3.1,BRAIN,54.5,6.1,1036.0,0.35705889808942937,0.21455399929757618,0.14250489879185319,-0.17914452669221295
GTEX-13O3Q-0011-R4a-SM-5P9H2.1,BRAIN,54.5,6.7,1036.0,0.232027573144725,0.09533627590566986,0.13669129723905515,-0.11604259789503289
GTEX-13O3Q-0011-R5b-SM-5P9H4.1,BRAIN,54.5,8.5,1036.0,0.5122939563931084,0.17371761469613853,0.3385763416969698,0.032945460804878535
GTEX-13O3Q-0011-R6a-SM-5KM2V.1,BRAIN,54.5,8.4,1036.0,0.6505278174810177,-0.05343768637743852,0.7039655038584562,0.020735231756864436
GTEX-13O3Q-0011-R7a-SM-5KM38.1,BRAIN,54.5,8.5,1036.0,0.29115993739712365,0.48656113565544423,-0.19540119825832059,-0.2652340248704602
GTEX-13O3Q-0011-R8b-SM-5KM2J.1,BRAIN,54.5,8.7,1036.0,0.8092394890689651,-0.4746762959111932,1.2839157849801583,0.6412286495090475
GTEX-13O3Q-0126-SM-5KM34.1,SKIN,54.5,7.0,1069.0,0.21333015000012906,-0.43044428852642397,0.643774438526553,0.00529584937523455
GTEX-13O3Q-0326-SM-5L3FE.1,HEART,54.5,6.6,1091.0,0.3969774281477628,-2.4899950790360514,2.886972507183814,1.3366607615919783
GTEX-13O3Q-2426-SM-5IJBR.1,SKIN,54.5,5.8,1157.0,0.009027885158191362,0.9003149740064593,-0.891287088848268,-0.1222710525216129
GTEX-13O3Q-2726-SM-5KM51.1,MUSCLE,54.5,8.1,1163.0,0.2362686875428835,0.5665993487276461,-0.33033066118476256,-0.3661945891055113
GTEX-13O3Q-2926-SM-5KM45.1,BRAIN,54.5,6.1,1208.0,0.2436411945504644,0.35961240286570734,-0.11597120831524294,-0.12697247398769781
GTEX-13O3Q-3026-SM-5IJGD.1,BRAIN,54.5,6.4,1209.0,0.7506672425379083,-0.9809105075857875,1.7315777501236957,-0.15187217587906912
GTEX-13O61-0426-SM-5L3ET.1,HEART,64.5,9.2,132.0,0.3002860049246679,-0.19130186285154166,0.49158786777620955,0.049847139447609046
GTEX-13O61-0526-SM-5J2M1.1,HEART,64.5,8.5,135.0,0.461465275361756,0.23442205590562834,0.22704321945612768,-0.3447097318279535
GTEX-13O61-1426-SM-5KM3D.1,SKIN,64.5,6.7,179.0,-0.8974743790280035,0.866020460533568,-1.7634948395615715,-0.18782582278878016
GTEX-13O61-2326-SM-5J1NJ.1,MUSCLE,64.5,8.5,334.0,0.11751224617252955,0.583781071297292,-0.4662688251247624,-0.302028778691281
GTEX-13OVG-0426-SM-5KM2T.1,HEART,64.5,8.5,443.0,-0.041997909633693424,-0.26940192729503554,0.2274040176613421,0.38691533529047056
GTEX-13OVG-0526-SM-5K7YD.1,HEART,64.5,7.6,450.0,0.3912878053102169,0.22092002985255046,0.17036777545766643,-0.18591292107340368
GTEX-13OVG-1626-SM-5J1NF.1,SKIN,64.5,7.5,515.0,0.43196000408077856,0.8094786912260804,-0.37751868714530185,0.275986989927269
GTEX-13OVG-1926-SM-5L3DK.1,SKIN,64.5,7.6,644.0,0.11777951105075124,0.11625496379230672,0.0015245472584445169,0.5387490173029574
GTEX-13OVG-2126-SM-5KM1K.1,MUSCLE,64.5,7.6,645.0,-0.33227771707912457,0.47712956699177067,-0.8094072840708952,-0.1070741440111732
GTEX-13OVH-0011-R11b-SM-5KM4X.1,BRAIN,74.5,8.5,504.0,1.0618490512351202,-1.8954012989163582,2.9572503501514786,-0.10925432407261365
GTEX-13OVH-0011-R3a-SM-5KM49.1,BRAIN,74.5,6.6,504.0,0.04645766282804099,0.3451359237122137,-0.2986782608841727,-0.05733875212261742
GTEX-13OVH-0011-R4a-SM-5KM3W.1,BRAIN,74.5,6.3,504.0,-1.3351069671520646,0.9021983236677554,-2.23730529081982,-0.6265607992266311
GTEX-13OVH-0011-R5b-SM-5KM4L.1,BRAIN,74.5,7.8,504.0,-0.2703675558537432,0.6457331183902997,-0.916100674244043,-0.1472546727665176
GTEX-13OVH-0011-R6b-SM-5LUAX.1,BRAIN,74.5,5.7,504.0,-0.46739737552445,0.5167449670355617,-0.9841423425600118,0.0005246572562931163
GTEX-13OVH-0011-R8b-SM-5MR35.1,BRAIN,74.5,6.1,504.0,0.26706045856055954,0.06881154181044508,0.19824891675011447,0.14180250514428938
GTEX-13OVH-0126-SM-5MR4B.1,SKIN,74.5,7.6,562.0,-0.25511319197091803,-0.5073532753311485,0.25224008336023046,-0.2678557124593947
GTEX-13OVH-0526-SM-5L3E6.1,SKIN,74.5,6.3,585.0,-0.02285953955876167,0.45015672133209517,-0.47301626089085685,-0.12330359920384683
GTEX-13OVH-0626-SM-5L3EI.1,MUSCLE,74.5,8.1,592.0,-0.18704445306856013,0.48213131486906485,-0.669175767937625,-0.3118563807698383
GTEX-13OVH-2926-SM-5IJFH.1,BRAIN,74.5,7.0,655.0,0.8325523756031977,-0.9774412495823803,1.809993625185578,-0.019281266402091296
GTEX-13OVH-3026-SM-5MR4N.1,BRAIN,74.5,6.3,657.0,0.44807262432521916,0.022596303484233686,0.42547632084098547,0.06296918434503006
GTEX-13OVI-0326-SM-5K7X1.1,HEART,64.5,8.4,147.0,-0.2222797516192044,-0.07141974119507416,-0.15086001042413025,0.031275936506957674
GTEX-13OVI-1426-SM-5L3EY.1,SKIN,64.5,8.7,187.0,-0.3418607622475536,0.1087466508149204,-0.450607413062474,0.16533559273816995
GTEX-13OVI-1726-SM-5L3DW.1,MUSCLE,64.5,8.4,206.0,-0.5199257180230665,-1.1744609420569867,0.6545352240339202,0.39863235918137535
GTEX-13OVI-2726-SM-5KM56.1,SKIN,64.5,6.3,261.0,-0.18998616496825152,0.57576436764093,-0.7657505326091815,0.29068941373582907
GTEX-13OVJ-0011-R10b-SM-5L3HT.1,BRAIN,54.5,7.2,868.0,0.3644694365545628,-0.25321030309748915,0.6176797396520519,0.7668961654585021
GTEX-13OVJ-0011-R11a-SM-5P9H8.1,BRAIN,54.5,7.8,868.0,0.6119730257164,-1.7678262125261301,2.37979923824253,0.32262107936916634
GTEX-13OVJ-0011-R1b-SM-5L3I6.1,BRAIN,54.5,7.3,868.0,0.375894921385422,-0.4350534058537804,0.8109483272392024,0.9478984876776164
GTEX-13OVJ-0011-R2b-SM-5L3GP.1,BRAIN,54.5,6.6,868.0,0.3197385596409274,-0.2010273377129865,0.5207658973539139,0.707074411312617
GTEX-13OVJ-0011-R3b-SM-5P9H6.1,BRAIN,54.5,6.5,868.0,0.5987697055887689,-2.0153306523628873,2.6141003579516564,1.0897930946348169
GTEX-13OVJ-0011-R4b-SM-5P9H5.1,BRAIN,54.5,6.7,868.0,0.19597995456676695,-0.21993181961787717,0.4159117741846441,0.9003736226487671
GTEX-13OVJ-0011-R5a-SM-5P9H7.1,BRAIN,54.5,7.2,868.0,0.14983733144156455,0.055965652400404305,0.09387167904116026,0.6514417701331445
GTEX-13OVJ-0011-R6b-SM-5L3GH.1,BRAIN,54.5,7.8,868.0,0.3127533698661111,-0.16397000096983275,0.47672337083594385,0.7299738488406945
GTEX-13OVJ-0011-R7a-SM-5L3G1.1,BRAIN,54.5,7.6,868.0,0.19458779849949498,-0.11416042086965063,0.3087482193691456,0.8055251907046992
GTEX-13OVJ-0011-R8b-SM-5L3FS.1,BRAIN,54.5,7.2,868.0,0.3255624839892459,-0.12775378373372967,0.4533162677229756,0.7876416025126588
GTEX-13OVJ-0011-R9b-SM-5L3GD.1,BRAIN,54.5,7.6,868.0,0.20188330172277807,0.003821354193642157,0.19806194752913592,0.7904512171482543
GTEX-13OVJ-0126-SM-5KM36.1,SKIN,54.5,6.7,1117.0,-0.4665322961543405,0.27238991039691546,-0.738922206551256,0.4425647325874216
GTEX-13OVJ-0226-SM-5L3GK.1,MUSCLE,54.5,7.8,1118.0,-0.032211328472162286,0.1565695681023837,-0.188780896574546,0.1536135092743582
GTEX-13OVJ-0826-SM-5J1OK.1,SKIN,54.5,7.4,1126.0,-0.1443286669096922,0.19490673221807658,-0.3392353991277688,0.28420376046927154
GTEX-13OVJ-1026-SM-5IFGI.1,LIVER,54.5,6.2,1129.0,1.1502897938457521,-1.3700576423069677,2.52034743615272,1.9146798570624193
GTEX-13OVJ-2726-SM-5IJG6.1,BRAIN,54.5,7.5,1215.0,0.42433416220083076,-1.0544099531734525,1.4787441153742833,0.3811596052912682
GTEX-13OVJ-2826-SM-5L3GW.1,BRAIN,54.5,6.4,1216.0,0.3381721133838219,-0.16729399429369143,0.5054661076775133,0.6936944927153114
GTEX-13OVK-1426-SM-6PAN7.1,SKIN,44.5,6.6,229.0,-0.57026411103253,0.5805369299958639,-1.150801041028394,0.15425025902419395
GTEX-13OVK-1926-SM-6M48G.1,MUSCLE,44.5,8.2,272.0,-0.6149786113824073,1.192588369745944,-1.8075669811283515,-0.3047225137144516
GTEX-13OVK-2026-SM-7KUEO.1,SKIN,44.5,7.8,278.0,-0.06198183041107102,-0.07115096519749835,0.009169134786427328,-0.2868387947577234
GTEX-13OVL-0011-R10a-SM-5L3GS.1,BRAIN,54.5,7.1,669.0,0.47353873718244927,-0.06979426549687172,0.5433330026793209,0.1839782556525551
GTEX-13OVL-0011-R11b-SM-5L3G7.1,BRAIN,54.5,7.3,669.0,0.8210038887286647,-1.1360995398932003,1.9571034286218651,-0.3061023969448798
GTEX-13OVL-0011-R1a-SM-5L3H5.1,BRAIN,54.5,7.1,669.0,-0.45021886070514044,0.5913283510106307,-1.0415472117157711,0.19520518802562886
GTEX-13OVL-0011-R3b-SM-5L3I8.1,BRAIN,54.5,6.6,669.0,0.03099636968827323,0.3984540248601757,-0.3674576551719025,0.0020105308351388465
GTEX-13OVL-0011-R4b-SM-5L3HV.1,BRAIN,54.5,6.1,669.0,-1.4333628137313248,1.01306724984345,-2.446430063574775,-0.6115033357234501
GTEX-13OVL-0011-R5b-SM-5L3FU.1,BRAIN,54.5,8.9,669.0,-0.24011276573093251,0.8462505252099584,-1.086363290940891,-0.11808464461755759
GTEX-13OVL-0011-R6a-SM-5L3G4.1,BRAIN,54.5,8.2,669.0,0.348522684265243,0.2301846583469168,0.11833802591832623,0.028729923367207963
GTEX-13OVL-0011-R7a-SM-5P9GW.1,BRAIN,54.5,6.0,669.0,-1.7265015195722857,1.3086672654015064,-3.0351687849737923,-0.749579730908087
GTEX-13OVL-0011-R8a-SM-5L3HH.1,BRAIN,54.5,6.5,669.0,-0.6171220636192788,0.9340732751192041,-1.551195338738483,-0.318303783916285
GTEX-13OVL-0011-R9a-SM-5P9GX.1,BRAIN,54.5,7.9,669.0,0.029540556787130898,0.04579337660767253,-0.01625281982054163,0.15170620230084714
GTEX-13OVL-0126-SM-5L3GJ.1,SKIN,54.5,7.5,844.0,0.10895782430057042,0.33021858437187984,-0.2212607600713094,0.27091296699109046
GTEX-13OVL-0226-SM-5L3E9.1,SKIN,54.5,8.4,855.0,-0.003209860792061898,0.16276328273651325,-0.16597314352857515,0.41046117090845946
GTEX-13OVL-0526-SM-5KLZQ.1,HEART,54.5,7.8,876.0,1.019036223719894,-0.4498019703058168,1.468838194025711,-0.17345705293335828
GTEX-13OVL-1426-SM-5IJC1.1,MUSCLE,54.5,8.3,914.0,-0.02537885941159757,0.21428153657646323,-0.2396603959880608,0.22164382929134818
GTEX-13OVL-3026-SM-5IJF1.1,BRAIN,54.5,7.4,1099.0,0.8173585862873046,-0.8311209466811421,1.6484795329684467,0.050571048187206015
GTEX-13OW5-0011-R11b-SM-5L3GG.1,BRAIN,64.5,8.8,667.0,0.6366295458402187,-1.3139344600371268,1.9505640058773455,0.24260285005057228
GTEX-13OW5-0011-R1b-SM-5L3GE.1,BRAIN,64.5,6.3,667.0,0.28423962880434517,-1.0212123905366495,1.3054520193409946,0.9863704998050066
GTEX-13OW5-0011-R3a-SM-5L3I5.1,BRAIN,64.5,6.7,667.0,0.19226758192959223,-0.19646148215471065,0.38872906408430286,0.08901463734285438
GTEX-13OW5-0011-R4b-SM-5L3HS.1,BRAIN,64.5,6.9,667.0,-0.3372519825927416,0.46785401015692984,-0.8051059927496714,0.34580774138074
GTEX-13OW5-0011-R5b-SM-5L3FR.1,BRAIN,64.5,7.7,667.0,-0.3678078801614854,0.716065074944654,-1.0838729551061395,0.07882664304427905
GTEX-13OW5-0011-R6b-SM-5O9BW.1,BRAIN,64.5,7.0,667.0,-0.19388988173025087,-0.0902040063122877,-0.10368587541796317,0.3025765717761424
GTEX-13OW5-0011-R7a-SM-5O9C9.1,BRAIN,64.5,7.3,667.0,-1.009248884703437,1.0191685425132726,-2.0284174272167097,-0.29691693714303397
GTEX-13OW5-0011-R8a-SM-5L3GQ.1,BRAIN,64.5,6.5,667.0,-0.3539062775523277,0.3894759660212761,-0.7433822435736037,0.10467296024310778
GTEX-13OW5-0011-R9b-SM-5O9CL.1,BRAIN,64.5,7.5,667.0,0.19387975038882108,-0.7164805193446434,0.9103602697334645,1.709437550770744
GTEX-13OW5-0126-SM-5MR3A.1,SKIN,64.5,7.8,843.0,0.06896098892743362,0.27658473531617545,-0.20762374638874181,-0.10943769671895993
GTEX-13OW5-0126-SM-DTXFS.1,SKIN,64.5,8.2,843.0,0.18178831060702252,-0.35013077752258864,0.5319190881296112,-0.021936092207898873
GTEX-13OW5-0326-SM-5L3HK.1,MUSCLE,64.5,5.9,851.0,-0.1964865693105043,-0.1868944808864381,-0.009592088424066197,-0.20896003992087908
GTEX-13OW5-0926-SM-5L3GZ.1,HEART,64.5,6.6,891.0,-0.1524437157834175,-0.1807652002812358,0.028321484497818294,0.3715296466794714
GTEX-13OW5-1126-SM-5J1NR.1,HEART,64.5,6.1,903.0,-2.072778876273274,0.982957027651561,-3.055735903924835,-0.7482213958664903
GTEX-13OW5-2326-SM-5L3HO.1,SKIN,64.5,8.0,968.0,0.0313953333759391,0.07833871660463908,-0.04694338322869998,0.07819933772222766
GTEX-13OW5-3126-SM-5MR3Y.1,BRAIN,64.5,7.0,1042.0,0.3793827877550142,-0.279967455674903,0.6593502434299172,0.06767695924450423
GTEX-13OW6-0011-R10a-SM-5L3HE.1,BRAIN,54.5,7.3,457.0,0.6435106414821824,-0.3859183065151684,1.0294289479973509,0.11767621939582357
GTEX-13OW6-0011-R11a-SM-5L3H2.1,BRAIN,54.5,8.4,457.0,1.065840900616161,-2.5763843353066913,3.6422252359228526,-0.08434678148456029
GTEX-13OW6-0011-R1a-SM-5L3HQ.1,BRAIN,54.5,7.1,457.0,0.3271959213799229,-0.05304219810144647,0.3802381194813694,0.2878271487360212
GTEX-13OW6-0011-R2a-SM-5L3HG.1,BRAIN,54.5,6.5,457.0,0.5612874747080908,-0.01971931978877324,0.5810067944968641,0.46332350276872625
GTEX-13OW6-0011-R4a-SM-5O9DX.1,BRAIN,54.5,5.9,457.0,-1.0728682686533977,0.7804028230331373,-1.8532710916865351,-0.47759808435031803
GTEX-13OW6-0011-R5a-SM-5O9BK.1,BRAIN,54.5,8.5,457.0,0.2028391626047122,0.3397387451652248,-0.1368995825605126,0.47408572774257823
GTEX-13OW6-0011-R6b-SM-5L3GR.1,BRAIN,54.5,8.1,457.0,0.6379096308058708,-0.3016903682375699,0.9395999990434407,0.35021919685371117
GTEX-13OW6-0011-R7b-SM-5L3H4.1,BRAIN,54.5,8.0,457.0,0.18380732902771935,0.3803297468541865,-0.19652241782646718,0.039337472279027126
GTEX-13OW6-0011-R8a-SM-5L3GF.1,BRAIN,54.5,7.7,457.0,0.7179114975250499,-0.6102951547540694,1.3282066522791194,0.7453211838260783
GTEX-13OW6-0426-SM-5L3HM.1,SKIN,54.5,7.8,558.0,0.17026507675494346,-0.014308677281324369,0.18457375403626783,-0.04996864702217314
GTEX-13OW6-0626-SM-5L3IB.1,MUSCLE,54.5,7.7,563.0,0.18023949727140423,-0.04738620425434286,0.2276257015257471,-0.2660613323873014
GTEX-13OW6-0926-SM-5L3GM.1,HEART,54.5,7.9,611.0,0.38371385215889003,-0.38400887717208676,0.7677227293309767,0.6881868892168905
GTEX-13OW6-1126-SM-5L3HL.1,HEART,54.5,6.6,613.0,-0.581373510629297,0.743285341349164,-1.324658851978461,-0.4445576844832263
GTEX-13OW6-2626-SM-5IFF2.1,LIVER,54.5,6.8,643.0,0.3339760755710959,-0.11006249150414549,0.44403856707524136,0.11351281870799482
GTEX-13OW6-2726-SM-5J2OE.1,SKIN,54.5,7.8,646.0,0.12604090503983495,-0.004019019736483975,0.13005992477631892,-0.05376191820012012
GTEX-13OW6-2926-SM-5KM29.1,BRAIN,54.5,6.5,651.0,0.8665385435585703,-1.3818543801100804,2.248392923668651,0.1523170041081797
GTEX-13OW6-3026-SM-5J2MI.1,BRAIN,54.5,6.5,654.0,0.6953668881159686,-0.4035558842101613,1.09892277232613,0.21646570478083593
GTEX-13OW7-0011-R10a-SM-5L3H3.1,BRAIN,54.5,6.3,610.0,0.6127573617039618,-0.27160898207533696,0.8843663437792988,-0.09822161936133804
GTEX-13OW7-0011-R11a-SM-5O9DY.1,BRAIN,54.5,8.2,610.0,0.7910931557051023,-0.8623605144452164,1.6534536701503186,-0.37190140820450635
GTEX-13OW7-0011-R1b-SM-5L3HF.1,BRAIN,54.5,6.8,610.0,-0.6330524624035462,0.6420029206654535,-1.2750553830689997,-0.11417910507102955
GTEX-13OW7-0011-R3a-SM-5O9DA.1,BRAIN,54.5,5.7,610.0,-0.8820298944037228,0.8499599650211438,-1.7319898594248666,-0.3972952385873171
GTEX-13OW7-0011-R4b-SM-5O9CX.1,BRAIN,54.5,5.8,610.0,-1.2300476576793595,0.9036936307094682,-2.1337412883888276,-0.5702972115868236
GTEX-13OW7-0011-R5b-SM-5O9DM.1,BRAIN,54.5,8.0,610.0,-0.29351540723201763,0.7974448032321206,-1.0909602104641383,-0.1770579124727477
GTEX-13OW7-0011-R8b-SM-5L3HR.1,BRAIN,54.5,6.7,610.0,0.5266014597434525,-0.21966338774354396,0.7462648474869965,0.463758032615575
GTEX-13OW7-0126-SM-5MR3B.1,SKIN,54.5,7.3,802.0,-0.09291008526412113,0.6918010621786833,-0.7847111474428045,0.4614067765625451
GTEX-13OW7-0326-SM-5J1MP.1,MUSCLE,54.5,8.2,807.0,-0.0769382714399781,0.30975850536089455,-0.38669677680087267,-0.3286805796109695
GTEX-13OW7-0426-SM-5K7VK.1,SKIN,54.5,7.9,809.0,-0.1506062201351357,-0.03398875483465539,-0.11661746530048031,0.04440906126696674
GTEX-13OW7-1626-SM-5IJDH.1,HEART,54.5,7.0,911.0,1.0921752592902219,-1.3492699342936527,2.4414451935838746,0.8374367218867453
GTEX-13OW7-2926-SM-5MR3Z.1,BRAIN,54.5,6.2,942.0,0.3884242367981994,-0.17413330754556722,0.5625575443437666,-0.24410618768979825
GTEX-13OW7-3026-SM-5L3GY.1,BRAIN,54.5,6.0,945.0,-0.4424052023637245,0.7418554603455513,-1.1842606627092758,-0.17679512135515155
GTEX-13OW8-0011-R10a-SM-5L3H6.1,BRAIN,64.5,7.2,745.0,0.2905076802759559,0.12175048889150478,0.16875719138445114,0.11848675767796561
GTEX-13OW8-0011-R11a-SM-5L3GT.1,BRAIN,64.5,7.5,745.0,0.28433773634116,-0.1008430443947524,0.3851807807359124,-0.2965253916372732
GTEX-13OW8-0011-R1a-SM-5L3HI.1,BRAIN,64.5,6.5,745.0,-1.173643632225207,0.9056833315495516,-2.0793269637747587,-0.06199794988720602
GTEX-13OW8-0011-R2a-SM-5L3G2.1,BRAIN,64.5,6.7,745.0,-0.6881400063816542,0.6890643656069149,-1.3772043719885692,-0.08862258735668781
GTEX-13OW8-0011-R3a-SM-5L3I4.1,BRAIN,64.5,6.6,745.0,-0.1633698458602384,0.2093218480124587,-0.37269169387269707,-0.03193632472620875
GTEX-13OW8-0011-R4a-SM-9WG6V.1,BRAIN,64.5,6.3,745.0,-0.9062186278140502,0.7707066153455624,-1.6769252431596127,-0.2948548675116876
GTEX-13OW8-0011-R5b-SM-5L3FQ.1,BRAIN,64.5,7.3,745.0,-0.08114868550885182,0.46480392280835753,-0.5459526083172094,-0.007931301939362947
GTEX-13OW8-0011-R6b-SM-5L3I3.1,BRAIN,64.5,6.9,745.0,-0.8731173904490225,0.8554504260557125,-1.728567816504735,-0.35014549761015223
GTEX-13OW8-0011-R7a-SM-5L3FP.1,BRAIN,64.5,7.0,745.0,-0.8086033306154683,0.9506633106353615,-1.7592666412508298,-0.361522301082308
GTEX-13OW8-0011-R8a-SM-5L3G5.1,BRAIN,64.5,6.7,745.0,-1.4525523705724244,1.1167702201301566,-2.5693225907025807,-0.4226422146546493
GTEX-13OW8-1026-SM-5J1NQ.1,SKIN,64.5,7.3,1078.0,0.07961809562422102,-0.18532478374452946,0.2649428793687505,0.3600220644068127
GTEX-13OW8-1326-SM-5J1OW.1,SKIN,64.5,7.4,1093.0,0.08516346298250317,0.03857316422932037,0.0465902987531828,0.040276117345921174
GTEX-13OW8-1426-SM-5IJDT.1,MUSCLE,64.5,8.4,1096.0,-0.1537670889348704,-0.1190626770725681,-0.0347044118623023,0.49802887638573223
GTEX-13OW8-2126-SM-5J1OS.1,HEART,64.5,6.6,1127.0,-1.4701391061554239,0.903580573517493,-2.373719679672917,-0.705092506066604
GTEX-13OW8-2826-SM-5L3GC.1,BRAIN,64.5,5.9,1245.0,0.42525390047382905,-0.08733187060109504,0.5125857710749241,0.14846323999558747
GTEX-13OW8-2926-SM-5L3FV.1,BRAIN,64.5,5.9,1241.0,0.3351444550629465,-0.12424096104014389,0.45938541610309036,-0.21571733357278697
GTEX-13PDP-0011-R1a-SM-5PNX5.1,BRAIN,64.5,7.1,789.0,-1.2332997710244182,0.9074488989233095,-2.140748669947728,-0.6245333532638419
GTEX-13PDP-0011-R2b-SM-5O9DH.1,BRAIN,64.5,5.9,789.0,-1.5586965580196657,1.1065025006928049,-2.6651990587124708,-0.5402414503757158
GTEX-13PDP-0011-R6b-SM-5O9D5.1,BRAIN,64.5,6.5,789.0,-2.2501041447885117,1.278553041251519,-3.5286571860400304,-1.037940561196999
GTEX-13PDP-0011-R8b-SM-5O9CS.1,BRAIN,64.5,6.7,789.0,-0.8853522994053903,0.8942704225367929,-1.7796227219421832,-0.36052185924559993
GTEX-13PDP-0126-SM-5L3HD.1,SKIN,64.5,6.7,842.0,0.15957099458194682,-0.5500578497542518,0.7096288443361985,-0.14941739173456153
GTEX-13PDP-0326-SM-5K7XP.1,MUSCLE,64.5,6.9,848.0,0.15674285716630898,-0.3189885535900035,0.4757314107563125,0.506057134289409
GTEX-13PDP-0726-SM-5L3HP.1,SKIN,64.5,7.5,854.0,-0.35392312182806784,-0.1385085495308634,-0.21541457229720445,-0.4952671519391576
GTEX-13PDP-1326-SM-5K7U9.1,HEART,64.5,5.8,864.0,-0.5268826859149643,0.012660147061937393,-0.5395428329769018,-0.013060711807273303
GTEX-13PDP-2926-SM-5N9E8.1,BRAIN,64.5,5.7,898.0,-0.35329869967055816,0.16509110714171757,-0.5183898068122758,-0.5317268694023228
GTEX-13PL6-0011-R5b-SM-5O9BI.1,BRAIN,44.5,6.7,565.0,-1.5742281657943986,1.1426783958040132,-2.716906561598412,-0.3956436574618234
GTEX-13PL6-0011-R6a-SM-5O9C5.1,BRAIN,44.5,6.8,565.0,-2.2754265801018563,1.335616985372978,-3.6110435654748345,-1.0979901119294069
GTEX-13PL6-0011-R9b-SM-5O9CH.1,BRAIN,44.5,6.1,565.0,-1.5829612997379254,0.8516130139323038,-2.4345743136702294,-0.5134835259364615
GTEX-13PL6-0326-SM-5IJCP.1,MUSCLE,44.5,8.6,653.0,0.9744885812290541,-0.40008197689940056,1.3745705581284546,-0.3275644808544311
GTEX-13PL6-0826-SM-5IJBI.1,HEART,44.5,5.9,681.0,-0.22444390798369313,-0.2839891886501861,0.05954528066649295,0.5662588733050854
GTEX-13PL6-1126-SM-5L3IE.1,SKIN,44.5,7.0,711.0,-0.30094282427340713,0.21645890909684093,-0.5174017333702481,-0.4147944559737684
GTEX-13PL6-3126-SM-5LUAR.1,BRAIN,44.5,5.7,772.0,-0.015998535405224334,0.3256526183045952,-0.3416511537098195,-0.0879524354047934
GTEX-13PL7-0626-SM-5IJCD.1,MUSCLE,64.5,8.5,154.0,-0.6080940980665522,1.2349407554007865,-1.8430348534673389,-0.32362150997126726
GTEX-13PL7-0726-SM-5KM1S.1,HEART,64.5,8.9,156.0,-0.16158211450580873,0.641612519324635,-0.8031946338304438,-0.3366278669933293
GTEX-13PLJ-0011-R11b-SM-5O9BS.1,BRAIN,64.5,7.2,1128.0,-0.6816970028116377,0.7987797492705879,-1.4804767520822257,-0.6485642651400194
GTEX-13PLJ-0011-R3a-SM-5O9DT.1,BRAIN,64.5,6.3,1128.0,-1.6557772702816849,1.0211535546593349,-2.67693082494102,-0.8245325779721566
GTEX-13PLJ-0011-R5a-SM-5O9BG.1,BRAIN,64.5,7.8,1128.0,-1.248598327053195,1.1794837691806817,-2.4280820962338767,-0.1979029724784937
GTEX-13PLJ-0011-R9b-SM-5O9DV.1,BRAIN,64.5,7.2,1128.0,0.34810269645731134,-1.2722591789181634,1.6203618753754747,0.3293979578213508
GTEX-13PLJ-0326-SM-5L3I7.1,MUSCLE,64.5,7.3,986.0,-0.3487460529439985,0.5367135297014949,-0.8854595826454934,0.17006094801243316
GTEX-13PVQ-0011-R11a-SM-5O9DU.1,BRAIN,54.5,6.8,730.0,-0.4626284711767527,0.37390591988753913,-0.8365343910642918,-0.36815122541189427
GTEX-13PVQ-0011-R3b-SM-5O9D6.1,BRAIN,54.5,6.5,730.0,-0.9296160628793043,0.73709544980406,-1.6667115126833645,-0.03588014710974647
GTEX-13PVQ-0011-R4a-SM-5O9CT.1,BRAIN,54.5,6.3,730.0,-1.2048660491676346,0.7286502884510534,-1.9335163376186881,-0.052881873006695015
GTEX-13PVQ-0011-R5b-SM-5O9DI.1,BRAIN,54.5,7.0,730.0,-0.9913616244658036,0.9254479136124675,-1.916809538078271,-0.020699980132295053
GTEX-13PVQ-0011-R7a-SM-5L3G3.1,BRAIN,54.5,6.7,730.0,-0.4386308015567616,0.6015395697856063,-1.0401703713423678,0.22291661002179636
GTEX-13PVQ-0011-R9b-SM-5LU3B.1,BRAIN,54.5,6.0,730.0,-0.6500560039552459,0.2994686861958,-0.9495246901510459,0.2183440881559812
GTEX-13PVQ-0126-SM-5SIB4.1,SKIN,54.5,7.4,846.0,0.44557675250121825,-1.1715018158567594,1.6170785683579776,-0.2636442378238253
GTEX-13PVQ-0326-SM-5K7YF.1,MUSCLE,54.5,8.4,869.0,-0.22139404195233123,0.3305202016920546,-0.5519142436443858,-0.26577454055142696
GTEX-13PVQ-0626-SM-5LU47.1,SKIN,54.5,7.1,890.0,-0.08131555595299103,0.6500106065535639,-0.7313261625065549,0.2477850807366808
GTEX-13PVQ-1226-SM-5IJDC.1,HEART,54.5,7.3,908.0,-0.10162553770528422,0.3454760859927956,-0.4471016236980798,-0.23009718107998367
GTEX-13PVQ-1326-SM-5LU4J.1,HEART,54.5,6.7,910.0,0.4691816718812597,-0.76760910145986,1.2367907733411196,0.3851346524469211
GTEX-13PVQ-1526-SM-5IFEQ.1,LIVER,54.5,6.2,913.0,-0.27784789295144185,0.09282860174970192,-0.3706764947011438,0.1432822038363234
GTEX-13PVQ-2926-SM-5L3HJ.1,BRAIN,54.5,5.8,938.0,-0.358539210619273,0.3788665572133458,-0.7374057678326188,-0.25074509845744997
GTEX-13PVQ-3026-SM-5SI93.1,BRAIN,54.5,5.8,940.0,-0.3752084605682908,0.4690147548674919,-0.8442232154357827,0.22105137427990315
GTEX-13PVR-0126-SM-5S2PY.1,LIVER,64.5,8.7,106.0,0.03918873540522573,-0.48675430327859875,0.5259430386838245,-0.13709965079327632
GTEX-13PVR-0426-SM-5RQK2.1,SKIN,64.5,8.1,113.0,-0.03898331089158284,0.6879702271606226,-0.7269535380522054,0.11576678633045362
GTEX-13PVR-0926-SM-5S2RB.1,HEART,64.5,7.9,121.0,0.09429830788082037,0.1756289875449376,-0.08133067966411724,0.05709978760768841
GTEX-13PVR-1026-SM-5QGQW.1,HEART,64.5,8.6,124.0,0.18300389461627825,0.48800382355932564,-0.3049999289430474,-0.6355740699932997
GTEX-13PVR-2326-SM-5QGR1.1,SKIN,64.5,7.6,242.0,-0.34224282206445744,0.22294139726704196,-0.5651842193314994,-0.15181088194131606
GTEX-13PVR-2526-SM-5RQIT.1,MUSCLE,64.5,7.9,246.0,-0.5886539007494203,0.1273832339505542,-0.7160371346999744,-0.2706168989930806
GTEX-13QBU-0226-SM-5LU48.1,HEART,44.5,8.3,105.0,0.019157175542592542,0.22350321614430776,-0.2043460406017152,0.027085207930042498
GTEX-13QBU-0426-SM-5J2O4.1,HEART,44.5,9.2,114.0,0.6628518286614646,-0.05463232330930822,0.7174841519707729,-0.1812036240878079
GTEX-13QBU-1226-SM-5LU4G.1,SKIN,44.5,6.7,187.0,-0.6446030537656483,0.2059381541924867,-0.850541207958135,0.4865530473967612
GTEX-13QBU-2426-SM-5LU4L.1,MUSCLE,44.5,7.6,276.0,0.0025053621865619366,0.29474563187571934,-0.2922402696891574,-0.30985270941823256
GTEX-13QIC-0011-R10a-SM-5O9C7.1,BRAIN,64.5,7.9,619.0,0.7101428281080612,-0.49080971866075795,1.2009525467688191,0.2081205387750586
GTEX-13QIC-0011-R11b-SM-5O9BU.1,BRAIN,64.5,7.3,619.0,0.1425808740856414,0.14327916069548421,-0.0006982866098428075,-0.49391300308081887
GTEX-13QIC-0011-R1a-SM-5O9CJ.1,BRAIN,64.5,7.3,619.0,-0.2686667853870274,-0.03414445573066703,-0.23452232965636033,0.2560951792218022
GTEX-13QIC-0011-R3a-SM-5P9HT.1,BRAIN,64.5,6.3,619.0,0.1551645900521841,0.1534769320479851,0.0016876580041990108,0.009644590663565574
GTEX-13QIC-0011-R4a-SM-5PNX8.1,BRAIN,64.5,5.9,619.0,-0.30276759318097224,0.2406898647600764,-0.5434574579410486,0.06834408215013395
GTEX-13QIC-0011-R8b-SM-5O9CV.1,BRAIN,64.5,7.1,619.0,0.3381804463672495,0.11366560285610586,0.22451484351114362,-0.039156520049930775
GTEX-13QIC-1226-SM-5K7YR.1,MUSCLE,64.5,7.9,820.0,0.010793868766289773,-0.41414334625647287,0.42493721502276266,0.1408011865326028
GTEX-13QIC-2926-SM-5J2NF.1,BRAIN,64.5,6.2,880.0,0.13828434692504604,0.19942663623936388,-0.06114228931431784,0.12433756157475775
GTEX-13QIC-3026-SM-5LU58.1,BRAIN,64.5,6.8,881.0,0.7971753990821968,-1.1474390147855562,1.944614413867753,-0.028491255707172865
GTEX-13QJ3-0326-SM-5S2RA.1,SKIN,54.5,6.6,619.0,-0.21232940645010298,0.8036171102156167,-1.0159465166657196,0.11878023887725142
GTEX-13QJ3-0726-SM-5SI68.1,MUSCLE,54.5,8.1,661.0,-0.6096917458943937,0.5980412960194477,-1.2077330419138415,-0.024689081480488585
GTEX-13QJC-0011-R10a-SM-5SI63.1,BRAIN,64.5,7.5,1010.0,0.23458876300567064,-0.09514669732909625,0.32973546033476686,0.23047822481399877
GTEX-13QJC-0011-R1b-SM-5S2UU.1,BRAIN,64.5,6.7,1010.0,-0.8036313099750433,0.6022427249931837,-1.4058740349682268,-0.03712204192660114
GTEX-13QJC-0011-R2b-SM-5PNUN.1,BRAIN,64.5,6.7,1010.0,-0.31967243007189083,0.4466543619082683,-0.7663267919801591,0.25572849711707524
GTEX-13QJC-0011-R6a-SM-5S2VI.1,BRAIN,64.5,6.6,1010.0,-0.15630468714594675,0.5623089465432881,-0.7186136336892348,-0.16517238667012457
GTEX-13QJC-0011-R7b-SM-5PNUM.1,BRAIN,64.5,7.1,1010.0,-1.1505712365847338,1.0605491340682707,-2.2111203706530045,-0.32256071443632633
GTEX-13QJC-0011-R8b-SM-5S2U6.1,BRAIN,64.5,6.3,1010.0,-1.4609240673370159,1.1441384454054964,-2.605062512742512,-0.5115238275394811
GTEX-13QJC-0011-R9b-SM-5PNX3.1,BRAIN,64.5,6.8,1010.0,-0.7157202513690166,0.5124619553872147,-1.2281822067562314,0.15604211325851736
GTEX-13QJC-0126-SM-5ZZWJ.1,SKIN,64.5,7.4,1037.0,-0.24519721957547988,-0.06330994316144276,-0.18188727641403712,-0.3619601653285727
GTEX-13QJC-0726-SM-5RQJK.1,LIVER,64.5,6.7,1063.0,-0.48195026133037716,0.9572195264949138,-1.439169787825291,-0.6436332404377183
GTEX-13QJC-3226-SM-5ZZWI.1,BRAIN,64.5,6.5,1164.0,-0.6154835632883082,0.004849204020629767,-0.6203327673089379,-0.3391660605523629
GTEX-13RTJ-0011-R10b-SM-5O9CW.1,BRAIN,64.5,7.5,835.0,0.8942566807650449,-0.600353544125711,1.494610224890756,0.040234766015690177
GTEX-13RTJ-0011-R11a-SM-5O9CK.1,BRAIN,64.5,7.7,835.0,0.6711258797763687,-0.852685908404173,1.5238117881805417,-0.21492203737047888
GTEX-13RTJ-0011-R1a-SM-5O9D9.1,BRAIN,64.5,7.6,835.0,0.4800067000377417,-0.9342215527458142,1.414228252783556,0.9889804903261589
GTEX-13RTJ-0011-R2a-SM-5PNW9.1,BRAIN,64.5,7.0,835.0,0.19127992989310358,0.3238071851399196,-0.132527255246816,0.3577243670798495
GTEX-13RTJ-0011-R3a-SM-5PNX7.1,BRAIN,64.5,7.5,835.0,0.19846797446072328,0.17297751705129677,0.025490457409426515,0.2526275673366461
GTEX-13RTJ-0011-R4b-SM-5PNX1.1,BRAIN,64.5,7.2,835.0,-0.1847561415314979,0.420820767175312,-0.6055769087068099,0.30445439223818893
GTEX-13RTJ-0011-R5a-SM-5P9HR.1,BRAIN,64.5,8.1,835.0,0.42482064480217513,0.0665428870354537,0.35827775776672144,0.03036386556278144
GTEX-13RTJ-0011-R6a-SM-5SI74.1,BRAIN,64.5,8.5,835.0,0.5089676821147104,-0.1290919325672746,0.638059614681985,0.24877361413547128
GTEX-13RTJ-0011-R7b-SM-5P9JS.1,BRAIN,64.5,9.1,835.0,0.6109968868933601,-0.20441769983145883,0.8154145867248189,0.28345236577882205
GTEX-13RTJ-0011-R8b-SM-5O9DL.1,BRAIN,64.5,7.6,835.0,0.5460976553701552,-0.22125961037597552,0.7673572657461307,0.49292382426068754
GTEX-13RTJ-0011-R9a-SM-5Q5AY.1,BRAIN,64.5,7.6,835.0,0.6890332341121781,-1.613576880907054,2.302610115019232,0.8547891201625011
GTEX-13RTJ-0126-SM-5S2NN.1,SKIN,64.5,4.6,854.0,-0.07488870620611783,0.2925115230836988,-0.36740022928981664,-0.08615413318841103
GTEX-13RTJ-0526-SM-62LDP.1,HEART,64.5,5.7,878.0,-0.7672892246628981,0.6696512436894188,-1.4369404683523168,-0.5284255007104582
GTEX-13RTJ-0726-SM-5QGQN.1,HEART,64.5,6.7,886.0,-0.5680886359367189,0.6324768119476473,-1.2005654478843661,-0.887226765688344
GTEX-13RTJ-2426-SM-5S2Q2.1,SKIN,64.5,6.7,930.0,-0.031148474388936746,0.753126188085538,-0.7842746624744747,0.17654109186531705
GTEX-13RTJ-2726-SM-73KVG.1,MUSCLE,64.5,8.2,933.0,-0.09446907385868816,-0.8757322965397982,0.78126322268111,0.8327629765198294
GTEX-13RTJ-3126-SM-5S2Q4.1,BRAIN,64.5,6.6,987.0,0.4056332598109848,-0.2736902251168366,0.6793234849278214,-0.22660949603922648
GTEX-13RTK-1426-SM-5QGQJ.1,SKIN,24.5,7.7,1729.0,-0.26638116218971003,0.7831479978378652,-1.0495291600275751,-0.1675269759505576
GTEX-13RTK-1626-SM-5QGQS.1,MUSCLE,24.5,8.5,1738.0,-0.8149484252504346,0.8161300490305539,-1.6310784742809885,-0.48502441747503205
GTEX-13RTL-0011-R1a-SM-5PNZ8.1,BRAIN,44.5,6.0,1290.0,-1.3972854752692139,0.7532988731404936,-2.1505843484097076,-0.1445368127805054
GTEX-13RTL-0011-R3a-SM-5P9JP.1,BRAIN,44.5,6.2,1290.0,-1.9225121270463776,1.0736083527348093,-2.9961204797811867,-0.6993524666026987
GTEX-13RTL-0011-R9a-SM-5Q5BR.1,BRAIN,44.5,5.7,1290.0,-2.421817630186433,1.1335128572689175,-3.5553304874553504,-1.0508567328700715
GTEX-13RTL-0126-SM-7LG5S.1,SKIN,44.5,7.6,1310.0,0.05865620248685304,0.2574017907422681,-0.19874558825541505,0.32863527718741103
GTEX-13RTL-0326-SM-7LT89.1,MUSCLE,44.5,7.8,1318.0,-0.20053537832524806,0.1127546942520137,-0.31329007257726177,0.5013474492566998
GTEX-13S7M-0011-R10b-SM-5PNZB.1,BRAIN,64.5,7.6,505.0,0.6096860732157927,-0.22209058905029538,0.831776662266088,0.09042245902056217
GTEX-13S7M-0011-R11b-SM-5P9HU.1,BRAIN,64.5,8.1,505.0,0.7907819353260196,-0.961314808882645,1.7520967442086646,-0.28422771138891595
GTEX-13S7M-0011-R1b-SM-5PNZE.1,BRAIN,64.5,6.3,505.0,-0.6010755606291961,0.7008037552506691,-1.3018793158798652,0.06411213162026677
GTEX-13S7M-0011-R3a-SM-5PNX2.1,BRAIN,64.5,7.2,505.0,-0.2331339532053929,0.5814416102348698,-0.8145755634402627,-0.12278777595103076
GTEX-13S7M-0011-R5b-SM-5P9HS.1,BRAIN,64.5,7.3,505.0,-0.4204468141259125,0.8995590268280498,-1.3200058409539623,-0.2457361496339836
GTEX-13S7M-0011-R6b-SM-5O9D8.1,BRAIN,64.5,6.4,505.0,-0.7457237029489353,0.976800968302719,-1.7225246712516542,-0.6139180033901632
GTEX-13S7M-0011-R7a-SM-5O9DK.1,BRAIN,64.5,7.0,505.0,-0.8788588074215303,1.051282996110035,-1.9301418035315652,-0.5323971343009254
GTEX-13S7M-0011-R9a-SM-5O9DW.1,BRAIN,64.5,6.3,505.0,-0.8878561476811231,0.733813027731424,-1.621669175412547,0.042878633659212254
GTEX-13S7M-0126-SM-5SI6A.1,SKIN,64.5,7.3,575.0,-0.22208551716793368,0.6280485367155904,-0.850134053883524,0.041512616030481723
GTEX-13S7M-0326-SM-5S2PH.1,MUSCLE,64.5,8.5,581.0,-0.30757524148335896,-0.7941933605412453,0.4866181190578864,0.5291277728302435
GTEX-13S7M-3026-SM-5S2QQ.1,BRAIN,64.5,6.7,641.0,0.7872321393896906,-0.9217832994818835,1.7090154388715741,-0.2802055053673297
GTEX-13S7M-3126-SM-5RQJQ.1,BRAIN,64.5,8.0,645.0,-0.1586022130146767,0.4953096550711295,-0.6539118680858063,-0.06900092607782841
GTEX-13S86-0226-SM-5S2PJ.1,HEART,44.5,8.1,142.0,0.45311601473641155,-0.35404302688998635,0.8071590416263978,-0.36858629615565575
GTEX-13S86-0326-SM-5SI6K.1,HEART,44.5,9.6,147.0,0.48279368025231983,-0.7788356095204179,1.2616292897727377,0.8906680028423336
GTEX-13S86-2326-SM-5RQK1.1,MUSCLE,44.5,8.2,261.0,0.4094496588726564,-0.5093014096052179,0.9187510684778742,0.6845239337708513
GTEX-13SLW-0011-R10a-SM-5S2UI.1,BRAIN,74.5,7.0,1015.0,0.06626206909501538,0.1159988604182216,-0.04973679132320623,-0.06867509058889569
GTEX-13SLW-0011-R11a-SM-5SI8Q.1,BRAIN,74.5,7.4,1015.0,0.621798256504096,-0.9423344533734122,1.5641327098775082,-0.2616076242445969
GTEX-13SLW-0011-R1a-SM-5S2W7.1,BRAIN,74.5,6.8,1015.0,-1.1724396606273664,0.7563547077908234,-1.9287943684181896,-0.251967818935166
GTEX-13SLW-0011-R2b-SM-5O9C6.1,BRAIN,74.5,6.2,1015.0,-0.9574159224366315,0.8819095464354678,-1.8393254688720995,-0.39640300420080854
GTEX-13SLW-0011-R3b-SM-5SI6Y.1,BRAIN,74.5,7.6,1015.0,-0.6475193121329894,0.6522141331463746,-1.2997334452793639,-0.2950432826759661
GTEX-13SLW-0011-R4b-SM-5S2W2.1,BRAIN,74.5,6.8,1015.0,-0.967936762338378,0.7851419887540463,-1.7530787510924242,0.058277296118716994
GTEX-13SLW-0011-R5b-SM-5SI6Z.1,BRAIN,74.5,8.0,1015.0,-0.16122175995430546,0.554544807083831,-0.7157665670381365,0.3414681306179691
GTEX-13SLW-0011-R6a-SM-5O9BH.1,BRAIN,74.5,6.4,1015.0,-1.324553545373085,1.091805084048013,-2.416358629421098,-0.6984610992117702
GTEX-13SLW-0011-R8b-SM-5SI64.1,BRAIN,74.5,8.0,1015.0,0.3316145659431534,-0.013240331757650197,0.34485489770080363,0.49108872753884314
GTEX-13SLW-0011-R9a-SM-5O9BT.1,BRAIN,74.5,7.6,1015.0,-0.37726555368328535,0.29345704811314327,-0.6707226017964286,0.36400240150036167
GTEX-13SLW-0126-SM-5SI6C.1,SKIN,74.5,6.1,1187.0,-0.4695716507183681,0.5006595282524112,-0.9702311789707794,-0.15332404817844444
GTEX-13SLW-0326-SM-5RQK5.1,MUSCLE,74.5,7.4,1188.0,0.20636330169371483,-0.06477529948082897,0.2711386011745438,1.1945938862646184
GTEX-13SLW-0626-SM-5Q5ER.1,SKIN,74.5,7.0,1232.0,-0.17541708113475807,0.48357391106017367,-0.6589909921949317,-0.45530349405161225
GTEX-13SLW-0826-SM-5QGP7.1,HEART,74.5,7.4,1236.0,0.02285553491123452,-0.25178068775814516,0.2746362226693797,0.41982820927461606
GTEX-13SLX-0011-R10a-SM-5P9HV.1,BRAIN,54.5,6.9,934.0,0.801946744246563,-0.5903459947268224,1.3922927389733855,-0.09756524252724176
GTEX-13SLX-0011-R11b-SM-5O9C8.1,BRAIN,54.5,8.3,934.0,0.7452859049858143,-2.6087588001822235,3.3540447051680378,-0.32170313735730455
GTEX-13SLX-0011-R2b-SM-5S2VP.1,BRAIN,54.5,6.5,934.0,0.2699181490619789,0.1574144260014495,0.11250372306052941,0.38270289144898173
GTEX-13SLX-0011-R4a-SM-5O9BJ.1,BRAIN,54.5,6.1,934.0,-0.5907986934515591,0.4036541894424902,-0.9944528828940493,-0.2693835031465596
GTEX-13SLX-0011-R5a-SM-5O9BV.1,BRAIN,54.5,7.9,934.0,0.0871819584426399,0.3619006544097243,-0.2747186959670844,0.005035245529229442
GTEX-13SLX-0011-R6a-SM-5PNX4.1,BRAIN,54.5,7.8,934.0,0.3522488844427503,-0.0806047910062771,0.4328536754490274,0.4137383707004684
GTEX-13SLX-0011-R8b-SM-5PNWZ.1,BRAIN,54.5,6.7,934.0,0.30783905807046325,-0.1113304468604337,0.41916950493089694,0.2663451005111067
GTEX-13SLX-0011-R9b-SM-5SI6X.1,BRAIN,54.5,8.1,934.0,0.4259693880999173,-0.5576328926370101,0.9836022807369273,0.807831751028164
GTEX-13SLX-0326-SM-5Q5E4.1,MUSCLE,54.5,8.2,1061.0,0.5194608271980852,-0.38031290097415604,0.8997737281722412,0.016709140239748253
GTEX-13SLX-0526-SM-5S2ON.1,SKIN,54.5,8.0,1063.0,0.3081016343103686,-1.1361349323990089,1.4442365667093775,0.45600718936502105
GTEX-13SLX-0926-SM-5S2NM.1,HEART,54.5,7.1,1081.0,0.8827018530465436,-1.8252465572507657,2.707948410297309,1.1334865718369067
GTEX-13SLX-1026-SM-5ZZUQ.1,HEART,54.5,6.5,1082.0,0.8150029750552183,-0.17776636618327918,0.9927693412384975,0.1712815335884223
GTEX-13SLX-1226-SM-5S2Q6.1,LIVER,54.5,6.1,1101.0,1.3383063548186156,-1.4835618746792902,2.821868229497906,0.4245787482814808
GTEX-13SLX-2226-SM-62LEP.1,SKIN,54.5,6.6,1149.0,0.014860190240973065,0.4564080659613009,-0.44154787572032783,0.034328121854004565
GTEX-13SLX-3126-SM-5S2Q5.1,BRAIN,54.5,5.7,1205.0,0.5315280819443787,-0.1414583966716774,0.6729864786160561,-0.02658548655497536
GTEX-13SLX-3226-SM-5YYA6.1,BRAIN,54.5,7.0,1206.0,0.6433956696609654,-1.5556870972628902,2.1990827669238557,-0.341665409892502
GTEX-13U4I-0126-SM-5LU38.1,SKIN,44.5,7.1,396.0,-0.014491213345683174,0.1192896269433778,-0.13378084028906098,0.27112207240499336
GTEX-13U4I-0626-SM-5LU5L.1,HEART,44.5,6.8,416.0,0.31403060938156135,-0.45865309292993095,0.7726837023114923,0.5452789663348077
GTEX-13U4I-0826-SM-5SIBD.1,HEART,44.5,8.9,421.0,0.7077428067722787,-0.3646862424517697,1.0724290492240485,-0.025005916289695833
GTEX-13U4I-1826-SM-5IJD2.1,MUSCLE,44.5,8.6,446.0,-0.14840119811649247,0.6056226489808251,-0.7540238470973175,0.029090062793283567
GTEX-13U4I-2226-SM-5LU5H.1,SKIN,44.5,6.7,457.0,-0.31667217367991657,1.108234894403608,-1.4249070680835245,0.22666163180788698
GTEX-13VXT-0126-SM-5LU4I.1,SKIN,24.5,7.5,438.0,0.0820948196355232,0.13634571209622942,-0.05425089246070622,0.5126125415520356
GTEX-13VXT-0326-SM-5LU4U.1,MUSCLE,24.5,8.6,462.0,0.6505586179548088,0.3095384348349036,0.34102018311990523,-0.17377623219572494
GTEX-13VXT-0726-SM-5SIAD.1,HEART,24.5,6.7,473.0,-0.40795881108819404,0.707000216918595,-1.1149590280067891,-0.5239086538330315
GTEX-13VXT-1126-SM-5LU3A.1,HEART,24.5,8.6,503.0,0.30369784897959406,0.24537054709484846,0.05832730188474561,-0.5755069213089868
GTEX-13VXT-1926-SM-5K7UO.1,SKIN,24.5,6.9,553.0,-0.5791975672348,0.1654190539253898,-0.7446166211601898,0.04671521044863478
GTEX-13VXU-0011-R11b-SM-5O9DJ.1,BRAIN,54.5,9.5,758.0,1.0548847445896097,-1.6480599548522503,2.70294469944186,-0.16823210023623852
GTEX-13VXU-0011-R3b-SM-5O9CU.1,BRAIN,54.5,7.3,758.0,0.5024735539844538,0.04862539847960149,0.4538481555048523,0.0100384181311905
GTEX-13VXU-0011-R4b-SM-5O9CI.1,BRAIN,54.5,7.3,758.0,0.07417106905020339,0.3489336144745691,-0.27476254542436573,0.040628621912637705
GTEX-13VXU-0011-R5a-SM-5O9D7.1,BRAIN,54.5,8.8,758.0,0.015031305805976058,0.6770297413304205,-0.6619984355244444,-0.05659387008951036
GTEX-13VXU-0011-R6a-SM-5SI71.1,BRAIN,54.5,9.0,758.0,0.5389572814571774,-0.015766244217620264,0.5547235256747977,0.14988746840212958
GTEX-13VXU-0011-R7b-SM-5SI72.1,BRAIN,54.5,8.3,758.0,-0.17986528933914497,0.6668910407162106,-0.8467563300553556,0.05408352276661428
GTEX-13VXU-0011-R9b-SM-5SI73.1,BRAIN,54.5,8.1,758.0,0.36644118430751127,-0.4240146824342691,0.7904558667417804,0.9393190730897555
GTEX-13VXU-0126-SM-5SI9F.1,SKIN,54.5,7.2,920.0,-0.3064480490760386,0.509016092314413,-0.8154641413904516,0.15037758026744275
GTEX-13VXU-0326-SM-5LU36.1,MUSCLE,54.5,8.5,926.0,0.6644423600803043,-0.0655276423141903,0.7299700023944946,-0.17214942074504774
GTEX-13VXU-0626-SM-5L3F9.1,SKIN,54.5,7.6,966.0,0.1747033001367472,0.103432144840009,0.0712711552967382,0.17238545800715693
GTEX-13VXU-0926-SM-5IFFH.1,LIVER,54.5,6.1,978.0,-0.4611815524670479,0.8538015632835378,-1.3149831157505858,-0.46473466235860283
GTEX-13VXU-2926-SM-5LU5C.1,BRAIN,54.5,6.0,1132.0,0.4241542036883229,0.1018265767087454,0.3223276269795775,0.05299841860126036
GTEX-13VXU-3026-SM-5LU3K.1,BRAIN,54.5,6.0,1136.0,0.7861313468489537,-0.9824519413417315,1.768583288190685,-0.12730178968448613
GTEX-13W3W-0426-SM-5SI9D.1,HEART,64.5,8.4,189.0,0.3165766241975755,-0.4340518303309532,0.7506284545285287,0.0805386477040135
GTEX-13W3W-0526-SM-5LU3X.1,HEART,64.5,8.3,190.0,0.3198181733814866,0.23249278083077884,0.08732539255070776,-0.061255066952841816
GTEX-13W3W-0726-SM-5IJDQ.1,SKIN,64.5,6.9,196.0,-0.7493363921408304,1.338185730252633,-2.0875221223934632,-0.3341032612866567
GTEX-13W3W-2426-SM-5LU5B.1,SKIN,64.5,6.5,497.0,-0.051555302762776055,0.9807349524353424,-1.0322902551981183,0.06144851062192625
GTEX-13W3W-2626-SM-5SIA2.1,MUSCLE,64.5,7.6,497.0,0.5353337661894492,0.6128543761972733,-0.07752061000782418,-0.5408162224000619
GTEX-13W46-0226-SM-5SIAG.1,SKIN,54.5,7.4,493.0,-0.03740383293928165,0.250333101957822,-0.2877369348971036,0.24978413376101327
GTEX-13W46-0726-SM-5LU3Z.1,MUSCLE,54.5,7.7,544.0,0.6526009989490636,-0.08877798788342452,0.7413789868324882,0.2599636736275471
GTEX-13X6H-0426-SM-5LU4E.1,HEART,54.5,6.7,183.0,0.25148153311298377,0.35323468951173626,-0.10175315639875249,-0.54009138146127
GTEX-13X6H-0926-SM-5SIB2.1,SKIN,54.5,7.9,208.0,-0.5810877209582377,0.23466175552511215,-0.8157494764833498,-0.10510929651504151
GTEX-13X6H-2126-SM-7EWD5.1,SKIN,54.5,8.3,399.0,-0.19818285479071449,-0.2959720539153664,0.09778919912465192,0.04261248365952081
GTEX-13X6H-2326-SM-7EWEB.1,MUSCLE,54.5,8.2,398.0,-0.20413952989384132,0.25797339109701956,-0.4621129209908609,-0.43817008444318223
GTEX-13X6I-0011-R10a-SM-5PNWI.1,BRAIN,64.5,7.2,670.0,0.48441451729260737,-0.051408541103630544,0.5358230583962379,0.2508978167955314
GTEX-13X6I-0011-R11a-SM-5P9HN.1,BRAIN,64.5,8.5,670.0,0.5992730667792776,-0.6495135169584773,1.248786583737755,-0.1448708387613747
GTEX-13X6I-0011-R1b-SM-5PNZC.1,BRAIN,64.5,6.9,670.0,-0.30605479101161265,0.6057024411434646,-0.9117572321550773,0.13768988527264395
GTEX-13X6I-0011-R2b-SM-5PNWQ.1,BRAIN,64.5,8.4,670.0,-0.2672511775016626,0.5491198886390838,-0.8163710661407464,0.29480182658276116
GTEX-13X6I-0011-R3b-SM-5P9HM.1,BRAIN,64.5,6.9,670.0,0.17743888357194235,0.25378054771646535,-0.07634166414452301,0.11482358341385254
GTEX-13X6I-0011-R4b-SM-5PNU9.1,BRAIN,64.5,7.8,670.0,-0.07664880341639678,0.3404567973895481,-0.4171056008059449,0.369542206057748
GTEX-13X6I-0011-R5a-SM-5PNWW.1,BRAIN,64.5,8.5,670.0,0.28433375899306623,0.14429949574676498,0.14003426324630125,0.6701334476974435
GTEX-13X6I-0011-R7b-SM-5PNWP.1,BRAIN,64.5,6.5,670.0,0.09678108223334124,0.43247136311598366,-0.3356902808826424,0.1684717740406124
GTEX-13X6I-0011-R8a-SM-5PNZF.1,BRAIN,64.5,6.7,670.0,0.01756554307084112,0.4850886999179505,-0.4675231568471094,0.39396412731967306
GTEX-13X6I-0011-R9b-SM-5PNZJ.1,BRAIN,64.5,8.3,670.0,-0.4781490970822379,0.5266243587193981,-1.004773455801636,0.20004982456516868
GTEX-13X6I-0526-SM-5QGP8.1,MUSCLE,64.5,7.1,805.0,-0.11410112380606545,0.058120708996436,-0.17222183280250145,1.5038363211503223
GTEX-13X6I-0626-SM-5QGP9.1,SKIN,64.5,7.8,807.0,0.25517385420248156,-0.4204094267877344,0.675583280990216,0.3778371412762818
GTEX-13X6I-1426-SM-5SI9Z.1,HEART,64.5,6.8,824.0,-0.10261038020713603,0.5042965893210792,-0.6069069695282152,0.019060804962046547
GTEX-13X6I-1826-SM-5SIAO.1,SKIN,64.5,6.9,833.0,0.022822772665212234,0.31128743026336625,-0.28846465759815404,0.018836474544256968
GTEX-13X6I-2926-SM-5Q5C3.1,BRAIN,64.5,7.0,861.0,0.7573890888109452,-1.1524853088487288,1.909874397659674,0.26578752776067477
GTEX-13X6J-0011-R10b-SM-5PNWA.1,BRAIN,54.5,8.8,1174.0,0.42552579177219396,0.2556236234291543,0.16990216834303967,-0.278457261181004
GTEX-13X6J-0011-R11a-SM-5P9HE.1,BRAIN,54.5,9.1,1174.0,1.1744788396348855,-1.1769038530787053,2.3513826927135906,-0.2691221087232249
GTEX-13X6J-0011-R3b-SM-5P9K5.1,BRAIN,54.5,7.4,1174.0,0.2388162884693877,0.29288588165202245,-0.05406959318263474,0.12398044870649064
GTEX-13X6J-0011-R4b-SM-5P9K4.1,BRAIN,54.5,6.5,1174.0,-0.24773497079459303,0.617918925280738,-0.865653896075331,-0.19408021755036428
GTEX-13X6J-0011-R5b-SM-5PNWT.1,BRAIN,54.5,8.5,1174.0,-0.03795745358255435,0.8121465358662441,-0.8501039894487984,-0.25437386822087343
GTEX-13X6J-0011-R6a-SM-5PNUB.1,BRAIN,54.5,8.3,1174.0,0.3339543824239669,0.45252417942383616,-0.11856979699986925,-0.1291674398077266
GTEX-13X6J-0011-R7b-SM-5PNUC.1,BRAIN,54.5,8.7,1174.0,-0.04793362200828539,0.7820873347583686,-0.830020956766654,-0.23041905286127318
GTEX-13X6J-0011-R8b-SM-5PNUA.1,BRAIN,54.5,7.4,1174.0,-0.33449465481392116,0.7725775963953274,-1.1070722512092486,-0.09534543028975151
GTEX-13X6J-0126-SM-5QGOU.1,SKIN,54.5,7.8,1251.0,-0.45521187366872395,0.8207772217708024,-1.2759890954395263,-0.05490971814833183
GTEX-13X6J-0326-SM-7EPGD.1,MUSCLE,54.5,8.9,1257.0,0.24278183761478048,0.2621284348994729,-0.01934659728469243,-0.2105126400932086
GTEX-13X6J-0626-SM-5LU5F.1,SKIN,54.5,7.2,1308.0,0.1485169986451956,0.0572521242419359,0.0912648744032597,0.3805513499423743
GTEX-13X6J-1226-SM-79OMF.1,HEART,54.5,7.3,1326.0,-0.681599631942392,0.449576637762919,-1.131176269705311,0.4593833057472766
GTEX-13X6J-1826-SM-5TDCT.1,LIVER,54.5,5.7,1338.0,-2.4298753286025625,1.485703279126833,-3.9155786077293957,-0.7729850205730312
GTEX-13X6J-2926-SM-7EPGP.1,BRAIN,54.5,7.6,1386.0,0.8312081611211958,-0.9464699646153533,1.777678125736549,0.021400188323284768
GTEX-13X6J-3026-SM-5Q5CU.1,BRAIN,54.5,6.2,1389.0,-0.17066510101612214,0.72623422175957,-0.8968993227756921,-0.2420639692495684
GTEX-13X6K-0011-R10a-SM-5P9JR.1,BRAIN,64.5,9.1,875.0,0.9232700646924896,-1.1333275237729479,2.0565975884654373,0.5269530385186223
GTEX-13X6K-0011-R11a-SM-5P9F5.1,BRAIN,64.5,8.4,875.0,1.1332961831573503,-1.925690893884802,3.0589870770421523,0.21881384503843246
GTEX-13X6K-0011-R2b-SM-5P9K3.1,BRAIN,64.5,6.7,875.0,-0.43873822934249584,0.39085612339239684,-0.8295943527348927,0.3964241200203644
GTEX-13X6K-0011-R3b-SM-5PNUD.1,BRAIN,64.5,8.2,875.0,0.7334784400756066,-0.8779620791380716,1.6114405192136783,0.7069117711648615
GTEX-13X6K-0011-R4b-SM-5P9HO.1,BRAIN,64.5,6.7,875.0,0.03461877316996474,0.14453101023891413,-0.10991223706894938,0.3583926411070086
GTEX-13X6K-0011-R5b-SM-5PNUE.1,BRAIN,64.5,8.1,875.0,0.44065998759906216,-0.010825050651765512,0.4514850382508277,0.13176493790281618
GTEX-13X6K-0011-R6a-SM-5P9K6.1,BRAIN,64.5,8.3,875.0,0.5950178303035547,-0.4191941455340897,1.0142119758376444,0.4883467573247824
GTEX-13X6K-0011-R7b-SM-5P9K7.1,BRAIN,64.5,8.2,875.0,-0.04188171837323909,0.3956011014270902,-0.4374828198003293,-0.03674856520122136
GTEX-13X6K-0011-R8b-SM-5PNZ4.1,BRAIN,64.5,9.2,875.0,0.9321524293300144,-0.9824243125288141,1.9145767418588284,0.934085654783947
GTEX-13X6K-0326-SM-5Q5D6.1,MUSCLE,64.5,8.7,967.0,0.5541405944327517,-0.05616514035407349,0.6103057347868251,0.313111461548163
GTEX-13X6K-0626-SM-5LU5D.1,SKIN,64.5,7.8,972.0,0.20522498285421018,-0.20581428015092834,0.4110392630051385,0.13503479743591412
GTEX-13X6K-1726-SM-7IGLG.1,HEART,64.5,7.1,994.0,0.5361322401216685,-0.4115535393646679,0.9476857794863364,0.2899135912243332
GTEX-13X6K-1826-SM-5O9CR.1,HEART,64.5,6.9,995.0,-0.47321587848280583,0.5841718672684034,-1.0573877457512093,-0.07038095110472826
GTEX-13X6K-2826-SM-5O9DS.1,BRAIN,64.5,7.1,1017.0,0.6812359568996489,-0.7407192687043024,1.4219552256039512,0.0400672297401573
GTEX-13X6K-2926-SM-5Q5D5.1,BRAIN,64.5,6.5,1020.0,-0.11807922312075823,0.31316107461393256,-0.4312402977346908,0.0896207079571093
GTEX-13YAN-0226-SM-5TDC6.1,SKIN,64.5,5.7,477.0,-0.35037240160639876,-1.5989392232102715,1.2485668216038728,0.11759248884621168
GTEX-13YAN-0326-SM-5O9DF.1,SKIN,64.5,8.2,601.0,-0.4303217567554282,-0.45882036334073223,0.02849860658530401,0.15973574042449476
GTEX-13YAN-0526-SM-5O9BE.1,MUSCLE,64.5,7.3,608.0,-0.5367192883555453,-0.6441045750554905,0.10738528669994518,1.9626208121157973
GTEX-13YAN-1326-SM-5Q5F1.1,HEART,64.5,6.3,635.0,-1.8306165098348848,0.9605825875760244,-2.7911990974109093,-1.2564555692071833
GTEX-13YAN-1426-SM-7EPG8.1,HEART,64.5,5.8,635.0,-0.5119690283055546,0.3536695997280089,-0.8656386280335635,-0.5974312853015498
GTEX-1445S-0011-R10a-SM-5PNWB.1,BRAIN,64.5,7.4,618.0,-0.43024425546562545,0.6381756772025962,-1.0684199326682216,-0.04363905274735503
GTEX-1445S-0011-R2b-SM-5PNUH.1,BRAIN,64.5,7.0,618.0,-0.24551499606496793,0.56796210418703,-0.8134771002519979,0.03694236884257969
GTEX-1445S-0011-R3a-SM-5P9HY.1,BRAIN,64.5,6.0,618.0,-0.9647546701647665,0.865668304128831,-1.8304229742935973,-0.23318287355826595
GTEX-1445S-0011-R4a-SM-5PNWN.1,BRAIN,64.5,6.5,618.0,-1.219864440523465,0.9967028389397943,-2.216567279463259,-0.049071506766560385
GTEX-1445S-0011-R5a-SM-5PNUS.1,BRAIN,64.5,7.1,618.0,-1.0448139685862738,1.1894801553392786,-2.2342941239255527,-0.27373546263338483
GTEX-1445S-0011-R6b-SM-5PNUF.1,BRAIN,64.5,7.4,618.0,-0.989457862001993,1.0383670548141881,-2.027824916816181,-0.27778854506127876
GTEX-1445S-0011-R7b-SM-5PNUG.1,BRAIN,64.5,7.5,618.0,-0.6908720742435185,0.9786889182653578,-1.6695609925088761,-0.19631637716601583
GTEX-1445S-0011-R8a-SM-5PNWX.1,BRAIN,64.5,7.0,618.0,-0.940501258401099,0.847415070879926,-1.787916329281025,0.10120247854123582
GTEX-1445S-0626-SM-5LU3C.1,MUSCLE,64.5,7.9,773.0,0.26348162157185145,-0.935853867106106,1.1993354886779575,-0.05164411099950579
GTEX-1445S-1226-SM-5O9BF.1,HEART,64.5,7.4,810.0,0.9741638507033143,-1.4038421951204576,2.378006045823772,0.7662072126237522
GTEX-1445S-3026-SM-5O9BR.1,BRAIN,64.5,6.1,894.0,-0.5942687924440189,0.6812857438362319,-1.2755545362802507,-0.06215466127024751
GTEX-144FL-0126-SM-5TDC8.1,SKIN,54.5,7.9,985.0,-0.643068016983144,0.7264552177183983,-1.3695232347015422,-0.16094013592122744
GTEX-144FL-0326-SM-5O99O.1,MUSCLE,54.5,7.7,992.0,0.6137192091866301,-0.031218066496681605,0.6449372756833117,1.209978460528089
GTEX-144FL-0626-SM-5LU43.1,SKIN,54.5,6.3,1008.0,-0.7210982654611726,0.6018246033513943,-1.322922868812567,-0.40316614518798494
GTEX-144FL-3026-SM-5O99C.1,BRAIN,54.5,6.5,1122.0,0.28381334877984116,-0.27897986814109144,0.5627932169209326,0.5549872015708223
GTEX-144FL-3126-SM-5TDCX.1,BRAIN,54.5,7.0,1125.0,1.4301010581492097,-5.042834680240797,6.472935738390007,0.8962533967383591
GTEX-144GL-0011-R11b-SM-5P9F6.1,BRAIN,54.5,7.9,549.0,1.009783482075536,-1.2734725526928643,2.2832560347684003,-0.14096640527192095
GTEX-144GL-0011-R1a-SM-5PNZ5.1,BRAIN,54.5,7.3,549.0,0.40663977329112533,-0.30609130813687446,0.7127310814279998,-0.30846340582221293
GTEX-144GL-0011-R3a-SM-5P9HP.1,BRAIN,54.5,7.0,549.0,-0.06942550171860476,0.252953768291635,-0.3223792700102398,-0.0098466863317853
GTEX-144GL-0011-R4a-SM-5PNUI.1,BRAIN,54.5,6.1,549.0,-1.940247681227237,1.021141268875248,-2.961388950102485,-0.7749375226995134
GTEX-144GL-0011-R5b-SM-5PNUJ.1,BRAIN,54.5,7.4,549.0,-1.2492561813319905,1.1181587341270016,-2.3674149154589923,-0.4758517178855967
GTEX-144GL-0011-R6a-SM-5P9HW.1,BRAIN,54.5,7.2,549.0,-0.20777814080038517,0.4638064448564419,-0.6715845856568271,-0.09771212908820831
GTEX-144GL-0011-R7b-SM-5P9HX.1,BRAIN,54.5,6.8,549.0,-0.7147998923135862,0.9082898863771086,-1.6230897786906948,-0.19746199391498198
GTEX-144GL-0011-R8a-SM-5Q5B1.1,BRAIN,54.5,6.2,549.0,0.04374877831495964,0.357495392003266,-0.31374661368830636,-0.30935904205052955
GTEX-144GL-0126-SM-5TDE2.1,SKIN,54.5,7.8,648.0,0.1930327686318241,-0.3265420242001686,0.5195747928319927,-0.10942905333789
GTEX-144GL-0326-SM-5QGOY.1,MUSCLE,54.5,8.0,660.0,0.07666963186987714,0.26200498176522147,-0.18533534989534434,-0.12556620445709119
GTEX-144GL-0626-SM-5LU4D.1,SKIN,54.5,7.7,690.0,0.22632185882022485,-0.7158351595387115,0.9421570183589363,-0.1736817709383235
GTEX-144GL-1026-SM-5O99R.1,HEART,54.5,5.7,745.0,0.5235537435310248,0.019778871919319128,0.5037748716117056,0.018969231928830925
GTEX-144GL-1426-SM-79OMA.1,LIVER,54.5,6.4,750.0,-1.2221578369693011,1.1341390912271079,-2.356296928196409,-0.5332425377004675
GTEX-144GL-2926-SM-5O99F.1,BRAIN,54.5,7.0,800.0,0.5002738282022393,-0.2853086200431475,0.7855824482453868,0.02025929821979702
GTEX-144GL-3026-SM-5Q5CW.1,BRAIN,54.5,6.7,803.0,0.13564639787130534,0.20527722923707684,-0.0696308313657715,-0.0412474303014819
GTEX-144GM-0526-SM-79OJO.1,SKIN,24.5,7.2,201.0,-0.2997488058320687,0.49386750136336566,-0.7936163071954343,0.16789744555431727
GTEX-144GM-1326-SM-5LU5E.1,LIVER,24.5,7.3,265.0,-0.14234428061734875,-1.0740181392499593,0.9316738586326105,-0.0287433825512847
GTEX-144GM-2026-SM-5LU3D.1,MUSCLE,24.5,7.4,353.0,-1.2630310891573375,0.9027377448168574,-2.165768833974195,-0.018174080160992787
GTEX-144GN-2326-SM-5LU4F.1,SKIN,54.5,6.8,251.0,-0.4258485648013679,1.378679321735692,-1.80452788653706,0.3578963623381466
GTEX-144GN-2426-SM-5LU4R.1,MUSCLE,54.5,8.2,257.0,-0.5771672212801955,0.7257998363481026,-1.3029670576282981,-0.12438335050565107
GTEX-144GO-0011-R1a-SM-5PNWO.1,BRAIN,64.5,6.1,1195.0,-2.2640045349375497,1.4089773696536545,-3.672981904591204,-0.9612558790215983
GTEX-144GO-0011-R5a-SM-5PNUR.1,BRAIN,64.5,6.9,1195.0,-0.4079913210263558,0.9385423351795394,-1.3465336562058954,0.095345884225043
GTEX-144GO-0011-R6b-SM-5S2V7.1,BRAIN,64.5,5.8,1195.0,0.1317787991220733,0.45175531811388725,-0.31997651899181395,-0.10252233394437218
GTEX-144GO-0011-R7b-SM-5S2TT.1,BRAIN,64.5,5.7,1195.0,-1.9927753785761153,1.4256719429630849,-3.4184473215392,-0.9796311064059323
GTEX-144GO-1326-SM-5Q5EL.1,MUSCLE,64.5,8.2,1308.0,0.4368659856711778,-0.8978886102491194,1.334754595920297,0.33357953605653645
GTEX-144GO-2026-SM-5O99P.1,SKIN,64.5,7.2,1318.0,0.4097699020289769,0.0498173592416213,0.3599525427873556,-0.037719175558777115
GTEX-145LS-0011-R10a-SM-5PNUQ.1,BRAIN,64.5,7.2,767.0,0.3372704681380491,0.004454441320356986,0.3328160268176921,0.05451019042232954
GTEX-145LS-0011-R1b-SM-5PNUP.1,BRAIN,64.5,6.5,767.0,-0.3706833609951469,0.47831819886996974,-0.8490015598651166,0.28990653688087586
GTEX-145LS-0011-R2a-SM-5PNZI.1,BRAIN,64.5,7.2,767.0,0.3587548666292901,-0.053784413833553105,0.4125392804628432,0.549624726282856
GTEX-145LS-0011-R3a-SM-5S2VJ.1,BRAIN,64.5,6.4,767.0,0.2799441885467187,0.001684139190833442,0.2782600493558853,0.21434724523696602
GTEX-145LS-0011-R4b-SM-5S2UT.1,BRAIN,64.5,5.7,767.0,-0.11342252923376411,0.1963465953990838,-0.3097691246328479,0.24084020134851566
GTEX-145LS-0011-R5a-SM-5SI65.1,BRAIN,64.5,8.2,767.0,0.07144575717774501,0.37445991232589115,-0.3030141551481461,0.20380805918111217
GTEX-145LS-0011-R6b-SM-5PNWL.1,BRAIN,64.5,8.0,767.0,0.67803885450827,-0.2916924988066705,0.9697313533149404,0.26173437544799794
GTEX-145LS-0011-R7a-SM-5PNWM.1,BRAIN,64.5,8.7,767.0,0.21512463143096577,0.31495025540554306,-0.09982562397457728,0.10815447893527295
GTEX-145LS-0011-R8b-SM-5PNXA.1,BRAIN,64.5,7.9,767.0,0.646006602153818,-0.4112154696018963,1.0572220717557144,0.8761583669241455
GTEX-145LS-0126-SM-5QGP1.1,SKIN,64.5,7.6,848.0,0.3865623033239968,-0.9167575027474525,1.3033198060714493,-0.3209730183500977
GTEX-145LS-0526-SM-5LU8Y.1,MUSCLE,64.5,7.8,866.0,0.703293496063298,-0.41078660512236864,1.1140801011856667,0.17329676546070874
GTEX-145LS-0626-SM-7EPG7.1,SKIN,64.5,6.1,869.0,0.15071587534424521,-0.02826092100253846,0.17897679634678368,0.25840130603954414
GTEX-145LS-1326-SM-5Q5EP.1,HEART,64.5,7.6,887.0,0.2842424845289541,-0.4930093798209123,0.7772518643498665,0.4976798690181653
GTEX-145LS-3026-SM-5O99S.1,BRAIN,64.5,7.9,922.0,0.7968355224516644,-1.3853667285900357,2.1822022510417,0.09281551724171994
GTEX-145LS-3126-SM-5Q5BY.1,BRAIN,64.5,6.8,925.0,0.49093853589399505,-0.1532346001641306,0.6441731360581257,0.34099716624428505
GTEX-145LT-0526-SM-5LUB2.1,SKIN,44.5,6.9,139.0,-0.18753484704457504,1.4790307517067576,-1.6665655987513326,0.15444341930615246
GTEX-145LT-1626-SM-5O992.1,MUSCLE,44.5,8.7,430.0,-0.33461610816227216,0.6637016568217289,-0.998317764984001,-0.28011432828315064
GTEX-145LT-1726-SM-5QGP3.1,SKIN,44.5,7.2,441.0,0.32582339222332296,0.17768550535229746,0.1481378868710255,0.03400903355218948
GTEX-145LU-0011-R10a-SM-5PNWJ.1,BRAIN,54.5,7.0,854.0,-0.08113414809639566,0.4675512520753794,-0.548685400171775,-0.1561267743671116
GTEX-145LU-0011-R11b-SM-5P9JX.1,BRAIN,54.5,7.8,854.0,0.4476747558555372,-0.7825875967231919,1.230262352578729,-0.408254383738365
GTEX-145LU-0011-R1a-SM-5Q5CE.1,BRAIN,54.5,5.8,854.0,-1.284884474146383,0.9405407908676555,-2.2254252650140387,-0.9108678755852196
GTEX-145LU-0011-R3a-SM-5P9K2.1,BRAIN,54.5,6.6,854.0,-0.5385936139411176,0.669758475493158,-1.2083520894342756,-0.2658383226287106
GTEX-145LU-0011-R6a-SM-5S2V6.1,BRAIN,54.5,5.9,854.0,-0.8336221798797323,0.9174677128998271,-1.7510898927795595,-0.5222673111065086
GTEX-145LU-0011-R8b-SM-5PNZG.1,BRAIN,54.5,6.5,854.0,-0.038354269429460484,0.41629164652506634,-0.4546459159545268,0.007435233314049361
GTEX-145LU-0011-R9b-SM-5SI66.1,BRAIN,54.5,7.8,854.0,0.4701661284078637,-1.1836424186025327,1.6538085470103965,0.6104957111638892
GTEX-145LU-0126-SM-5TDCB.1,SKIN,54.5,10.0,951.0,0.15311284153253146,-0.06882278449390383,0.2219356260264353,0.3805293382226533
GTEX-145LU-1326-SM-5LU9N.1,LIVER,54.5,5.8,1033.0,-1.153174542753272,1.0347694262570812,-2.1879439690103535,-0.3240144716807334
GTEX-145LU-1926-SM-79OJN.1,SKIN,54.5,7.3,1047.0,-0.23145158169563212,-0.08744860971287606,-0.14400297198275608,0.053992608906792354
GTEX-145LU-2026-SM-5Q5E8.1,MUSCLE,54.5,8.3,1056.0,0.8730217765465272,-0.20102724298324268,1.0740490195297698,-0.06983851158144026
GTEX-145LU-2626-SM-5LU9Z.1,BRAIN,54.5,6.2,1103.0,0.6336399446334544,-0.6592963392181486,1.292936283851603,-0.19624245088464934
GTEX-145LV-0226-SM-5S2QG.1,HEART,54.5,7.2,404.0,0.055300119636851,0.39842209054444466,-0.34312197090759367,-0.06876130077222467
GTEX-145LV-0326-SM-5Q5BW.1,HEART,54.5,6.0,409.0,-0.3460894430758235,0.7624216893787243,-1.1085111324545478,-0.8729258046579008
GTEX-145LV-2126-SM-5LU8N.1,SKIN,54.5,6.9,476.0,-0.40619970501583713,0.9903039137767917,-1.3965036187926287,-0.02612659420867673
GTEX-145LV-2326-SM-5LU8Z.1,MUSCLE,54.5,7.9,491.0,0.9261247894823559,0.11943796368267377,0.8066868257996821,-0.2731100652910142
GTEX-145ME-1726-SM-5Q5EU.1,SKIN,44.5,5.7,310.0,-0.6043157179507608,1.2709452897285105,-1.8752610076792713,-0.01504782742526374
GTEX-145ME-1826-SM-5SI9G.1,SKIN,44.5,7.5,315.0,-0.37466045105386114,0.03127188693524114,-0.4059323379891023,-0.2284502057696254
GTEX-145ME-2026-SM-5SIA5.1,MUSCLE,44.5,8.0,327.0,-0.004928609579544178,0.6143404312986938,-0.619269040878238,-0.2645282480428402
GTEX-145ME-5016-SM-7938P.1,MUSCLE,44.5,8.6,327.0,0.38299914176744776,0.010797783380585013,0.37220135838686275,0.023151295596442332
GTEX-145MF-0626-SM-5LUAI.1,SKIN,54.5,6.3,934.0,-0.23264399533643546,0.4652343069706322,-0.6978783023070677,-0.2673430398575558
GTEX-145MF-0826-SM-5QGQA.1,LIVER,54.5,6.4,955.0,0.7446652460631654,-0.5310750963379174,1.275740342401083,-0.2503377696263768
GTEX-145MF-0926-SM-5Q5EA.1,SKIN,54.5,7.6,958.0,0.06674988784716392,-0.14062579035586065,0.20737567820302455,0.0348454304945779
GTEX-145MF-2726-SM-5O995.1,BRAIN,54.5,6.5,1069.0,0.09948176491430226,0.3613634775845862,-0.26188171267028393,-0.12031563097188472
GTEX-145MF-2826-SM-7EPGU.1,BRAIN,54.5,6.7,1070.0,0.9407437146706532,-1.265957317067883,2.206701031738536,0.14316963788340575
GTEX-145MG-0011-R10a-SM-5PNWG.1,BRAIN,54.5,7.9,1070.0,0.8572561796244573,-0.5938492138778938,1.4511053935023512,0.07702154811604467
GTEX-145MG-0011-R3b-SM-5SI67.1,BRAIN,54.5,8.6,1070.0,-0.624639781017441,0.7630607334753954,-1.3877005144928365,-0.43292885759771527
GTEX-145MG-0011-R5b-SM-5S2VU.1,BRAIN,54.5,5.9,1070.0,-2.1209418018812354,1.4354765433032435,-3.556418345184479,-1.0265236375289952
GTEX-145MG-0011-R7b-SM-5P9JY.1,BRAIN,54.5,6.8,1070.0,-1.0570829467759226,1.159544423984661,-2.216627370760584,-0.5722894703586211
GTEX-145MG-0226-SM-5TDDB.1,MUSCLE,54.5,8.0,1142.0,0.6098696701334225,-0.41437341616460566,1.024243086298028,0.030034159724982697
GTEX-145MG-1526-SM-5Q5EM.1,SKIN,54.5,5.9,1259.0,0.15225616615609525,0.5499692304367909,-0.39771306428069564,0.20900544457174974
GTEX-145MG-3026-SM-5RQJA.1,BRAIN,54.5,7.1,1318.0,0.41265373601093464,-0.04046288694926397,0.4531166229601986,0.013865498818481368
GTEX-145MG-3126-SM-5Q5D3.1,BRAIN,54.5,6.3,1320.0,0.1898110622169186,0.17102492691596705,0.01878613530095155,-0.30634233646132314
GTEX-145MH-0011-R10b-SM-5PNUK.1,BRAIN,54.5,8.2,1076.0,0.8630625877048469,-0.5200321361103523,1.3830947238151992,0.09341516751878348
GTEX-145MH-0011-R11a-SM-5P9HQ.1,BRAIN,54.5,8.1,1076.0,1.1236177010764414,-1.5971367653508088,2.72075446642725,-0.28833021604158576
GTEX-145MH-0011-R1b-SM-5PNWY.1,BRAIN,54.5,6.8,1076.0,0.22948651571408152,0.3003859283754195,-0.07089941266133798,-0.0543336450810099
GTEX-145MH-0011-R3b-SM-5P9JQ.1,BRAIN,54.5,8.4,1076.0,0.7315690929711365,-0.3544434753687247,1.0860125683398612,0.08929361635002148
GTEX-145MH-0011-R5a-SM-5P9JT.1,BRAIN,54.5,8.3,1076.0,0.30421155268306205,0.4563707117491664,-0.15215915906610433,-0.11017754189581984
GTEX-145MH-0011-R6a-SM-5PNZ7.1,BRAIN,54.5,6.6,1076.0,0.4450886035278606,0.17429280957992227,0.27079579394793835,0.06664429062161113
GTEX-145MH-0011-R7a-SM-5PNWH.1,BRAIN,54.5,8.4,1076.0,0.3572827705910349,0.3172592684815007,0.040023502109534204,0.033661348244940964
GTEX-145MH-0011-R8a-SM-5PNUL.1,BRAIN,54.5,6.4,1076.0,0.14763523509014226,0.5618506049070878,-0.41421536981694557,0.014435896552446256
GTEX-145MH-0326-SM-5LU8H.1,MUSCLE,54.5,7.3,1247.0,0.36494560539903204,0.4121275235092657,-0.047181918110233645,-0.3167292131740046
GTEX-145MH-2826-SM-5RQJF.1,SKIN,54.5,8.4,1374.0,-0.2137745437802895,0.3431627020128781,-0.5569372457931676,-0.24181874825377186
GTEX-145MH-2926-SM-5Q5D2.1,BRAIN,54.5,7.7,1377.0,0.9101204336282599,-1.0276087492729529,1.9377291829012129,-0.1866911070816932
GTEX-145MH-3026-SM-5Q5DZ.1,BRAIN,54.5,6.8,1380.0,0.3093558888289399,0.26237549910674784,0.04698038972219204,-0.06916203878025069
GTEX-145MI-0011-R10a-SM-5PNZD.1,BRAIN,64.5,5.9,670.0,-0.11308242185830814,-0.4502719392392355,0.33718951738092734,0.26826083243905263
GTEX-145MI-0011-R11a-SM-5P9JZ.1,BRAIN,64.5,7.0,670.0,-0.5238974912064719,-0.018885434721299516,-0.5050120564851723,-0.45372037000268456
GTEX-145MI-0011-R3b-SM-5PNWK.1,BRAIN,64.5,6.2,670.0,-0.6777413442231256,0.20366568214370295,-0.8814070263668285,0.008965023608566698
GTEX-145MI-0011-R4b-SM-5PNZH.1,BRAIN,64.5,5.7,670.0,-0.9723781254769154,0.3937179441711735,-1.3660960696480888,-0.22105022614196698
GTEX-145MI-0011-R5a-SM-5Q5B4.1,BRAIN,64.5,6.0,670.0,-2.0855341877369313,1.3118230669615618,-3.397357254698493,-0.9372265083563377
GTEX-145MI-0011-R6a-SM-5PNZA.1,BRAIN,64.5,6.0,670.0,-0.9451048861905809,0.6396817769567122,-1.584786663147293,-0.27815125561315773
GTEX-145MI-0011-R7b-SM-5Q5AZ.1,BRAIN,64.5,6.0,670.0,-2.75253211510135,1.4961745270719458,-4.248706642173296,-1.534464618261469
GTEX-145MI-0011-R8b-SM-5PNZ9.1,BRAIN,64.5,6.1,670.0,-0.9264267112922829,0.12569850187328008,-1.052125213165563,-0.24149366465445146
GTEX-145MI-0326-SM-5Q5EV.1,MUSCLE,64.5,7.1,696.0,-0.5739650716610424,0.2881843050075454,-0.8621493766685877,-0.3665012843598016
GTEX-145MI-0526-SM-5O9A8.1,SKIN,64.5,7.8,702.0,-0.045517757972709946,0.19492529541893974,-0.24044305339164967,0.10426709187137756
GTEX-145MI-0626-SM-5SI8S.1,SKIN,64.5,7.1,707.0,0.13007927151413273,-0.09432632195792039,0.22440559347205313,-0.14465919698070515
GTEX-145MI-3126-SM-5Q5CF.1,BRAIN,64.5,6.0,852.0,-0.20830887453166075,-0.6217635729424447,0.4134546984107839,-0.08677325387448981
GTEX-145MN-0626-SM-5QGRH.1,HEART,34.5,9.1,129.0,0.5148739076553269,-0.6260418689226294,1.1409157765779563,0.28694439771717006
GTEX-145MN-0726-SM-5NQBH.1,HEART,34.5,8.6,130.0,0.5181348393182997,-0.10382212781034622,0.621956967128646,-0.040708450766391006
GTEX-145MN-1526-SM-5SI9T.1,SKIN,34.5,7.3,224.0,-0.0368417509058954,0.8812672027577734,-0.9181089536636687,0.07404294455984267
GTEX-145MN-2226-SM-5SIAU.1,SKIN,34.5,6.6,237.0,-0.7687182933822999,0.9211066634360392,-1.689824956818339,-0.24925491254473203
GTEX-145MN-2426-SM-5NQA5.1,MUSCLE,34.5,8.4,257.0,0.284267833495278,0.15529269864140238,0.12897513485387563,0.014192642142508123
GTEX-145MO-0326-SM-5Q5B3.1,SKIN,64.5,7.6,658.0,0.041754307814455605,-0.5080380764840201,0.5497923842984758,0.008755096614091972
GTEX-145MO-0726-SM-5NQB9.1,MUSCLE,64.5,9.0,666.0,0.00830475864570812,-0.032528964586005085,0.040833723231713207,-0.13272735755071255
GTEX-145MO-1126-SM-5NQBX.1,HEART,64.5,7.0,677.0,-0.5931837726697561,0.8716975204589219,-1.4648812931286779,-0.6181518057619735
GTEX-145MO-2326-SM-5NQ9K.1,LIVER,64.5,6.8,698.0,-0.40786148770771186,0.17236026801399867,-0.5802217557217105,-0.5271062032518865
GTEX-145MO-2826-SM-5LU96.1,SKIN,64.5,6.7,710.0,0.0044346768005682855,-0.2529699215269491,0.2574045983275174,0.2983015331403863
GTEX-146FH-0126-SM-5QGPP.1,SKIN,54.5,8.1,396.0,0.03524626061829047,0.3308755708351023,-0.2956293102168118,0.39854098860020043
GTEX-146FH-0526-SM-5QGQ3.1,MUSCLE,54.5,8.6,426.0,-0.6367564586000031,0.3701596318019191,-1.006916090401922,-0.13895781396681517
GTEX-146FH-1026-SM-5RQIF.1,HEART,54.5,7.6,465.0,0.8877759264435626,-0.7150483067779592,1.6028242332215217,0.27231513756462855
GTEX-146FH-1126-SM-5NQAT.1,HEART,54.5,8.0,466.0,0.7779381346542967,-1.033543026301203,1.8114811609554997,0.773267459669638
GTEX-146FH-1526-SM-5NQBU.1,LIVER,54.5,8.3,471.0,0.7103334129523895,-0.9930682629918859,1.7034016759442754,0.18103478134787324
GTEX-146FQ-0126-SM-5NQA9.1,SKIN,34.5,6.3,474.0,-0.2583660180052604,0.9051679074106272,-1.1635339254158876,0.020608249647118895
GTEX-146FQ-0326-SM-5NQAX.1,MUSCLE,34.5,8.0,478.0,0.8245073923746401,-0.05212912738326309,0.8766365197579032,0.6638478287387982
GTEX-146FQ-2126-SM-5RQHU.1,SKIN,34.5,7.4,551.0,-0.2881880911510407,0.6589627818590329,-0.9471508730100736,0.3341606139333896
GTEX-146FR-0626-SM-5RQJ1.1,HEART,64.5,8.0,1617.0,0.2739091879886877,0.15047920200042816,0.12342998598825952,-0.3767045441471075
GTEX-146FR-0926-SM-5QGPE.1,HEART,64.5,8.3,1626.0,-0.054117829498185194,0.14998266160628326,-0.20410049110446846,0.18103965218480025
GTEX-146FR-1326-SM-5SIAJ.1,SKIN,64.5,8.0,1635.0,-0.269543146601758,0.28958907613889706,-0.559132222740655,0.21087323620884738
GTEX-146FR-1326-SM-E9J48.1,SKIN,64.5,8.0,1635.0,0.043090936133200024,0.16049057376263093,-0.1173996376294309,0.7632514561031619
GTEX-146FR-1726-SM-5Q5DT.1,MUSCLE,64.5,8.4,1642.0,-0.27648507780023834,-0.2828124188387496,0.006327341038511236,0.31688005322198554
GTEX-14753-0011-R10b-SM-5S2WE.1,BRAIN,64.5,7.2,633.0,-1.1362000230013891,0.9986435091628076,-2.1348435321641968,-0.5679855384972952
GTEX-14753-0011-R5a-SM-5S2VW.1,BRAIN,64.5,5.7,633.0,-2.781333357108458,1.5317069403457277,-4.313040297454186,-1.2274183982790172
GTEX-14753-0011-R6b-SM-5S2UD.1,BRAIN,64.5,5.8,633.0,-1.9084213000060168,1.083614399885417,-2.992035699891434,-1.2998837417238227
GTEX-14753-0011-R8b-SM-5S2U1.1,BRAIN,64.5,5.9,633.0,-2.246130498675948,1.2999640811564936,-3.5460945798324417,-1.222139946099178
GTEX-14753-0426-SM-5NQAM.1,SKIN,64.5,5.9,808.0,0.12410221229887117,-0.38797200145068095,0.5120742137495521,-0.006746461982547488
GTEX-14753-0526-SM-5QGPR.1,MUSCLE,64.5,8.3,809.0,0.13176649840606122,0.06006949086956505,0.07169700753649617,-0.4537584301994207
GTEX-14753-0726-SM-5QGQO.1,SKIN,64.5,7.4,827.0,-0.12215560886132645,0.29803656066912726,-0.4201921695304537,-0.24807473333403227
GTEX-14753-1626-SM-5NQ9L.1,LIVER,64.5,6.6,893.0,-0.42933815019010596,0.09139380567525827,-0.5207319558653642,-0.6305415057023064
GTEX-1477Z-0011-R10b-SM-5S2RF.1,BRAIN,64.5,6.6,605.0,-0.7219101980957252,0.5873953205448826,-1.309305518640608,-0.4659399539770735
GTEX-1477Z-0011-R3b-SM-5PNX9.1,BRAIN,64.5,6.0,605.0,-1.6900454095641075,0.9751073412252276,-2.665152750789335,-0.72626303502528
GTEX-1477Z-0011-R5b-SM-5PNUO.1,BRAIN,64.5,7.2,605.0,-1.9004900027121123,1.3094361044662093,-3.2099261071783216,-0.6314201127226522
GTEX-1477Z-0011-R8b-SM-5S2RG.1,BRAIN,64.5,6.8,605.0,-1.1442555930159402,0.8298103105640291,-1.9740659035799693,-0.27024990523831977
GTEX-1477Z-0326-SM-7IGLA.1,SKIN,64.5,6.0,650.0,0.1272717725337149,0.02149094507814511,0.1057808274555698,0.464451837178811
GTEX-1477Z-1126-SM-5P9GK.1,HEART,64.5,7.1,693.0,0.25852716908777457,-1.142295313891015,1.4008224829787896,0.7759280065022891
GTEX-1477Z-1626-SM-5SIA8.1,MUSCLE,64.5,7.7,712.0,0.4661645283646021,-0.7399951410283278,1.20615966939293,0.35452557512534877
GTEX-147F3-0226-SM-5NQBV.1,MUSCLE,54.5,8.3,480.0,-0.15218029466948182,0.9844759532215382,-1.13665624789102,-0.05245551789372738
GTEX-147F3-0526-SM-5SI98.1,SKIN,54.5,7.0,486.0,-0.0409739193186959,0.13459997863094367,-0.17557389794963957,0.2064717180299673
GTEX-147F3-1726-SM-5SIAW.1,SKIN,54.5,7.6,530.0,-0.2435257742666938,0.5809613600272037,-0.8244871342938975,0.16897329067830072
GTEX-147F4-0011-R10b-SM-5S2WC.1,BRAIN,54.5,5.9,1020.0,-0.010130277592027477,0.2516300242980774,-0.2617603018901049,-0.17414940126178907
GTEX-147F4-0011-R6b-SM-5S2UP.1,BRAIN,54.5,6.6,1020.0,0.0014705554210228246,0.35051735562147346,-0.34904680020045065,-0.5931992799348227
GTEX-147F4-0011-R8b-SM-5S2UN.1,BRAIN,54.5,5.9,1020.0,-0.7709413473350437,0.8019309599576001,-1.5728723072926438,-0.02075236107492928
GTEX-147F4-0226-SM-5QGPW.1,SKIN,54.5,7.0,1225.0,0.08875386749753443,0.6404259825553927,-0.5516721150578583,0.2941405406365642
GTEX-147F4-0326-SM-5TDCK.1,MUSCLE,54.5,7.7,1226.0,0.34949020693032373,-0.13198547422176515,0.4814756811520889,-0.394529838175237
GTEX-147F4-0726-SM-5TDDD.1,SKIN,54.5,6.3,1254.0,-0.8514802631740708,1.0814613855983404,-1.9329416487724111,-0.36609860906076025
GTEX-147F4-1126-SM-5TDDE.1,HEART,54.5,6.6,1259.0,0.3305794365500971,-0.5480047812026925,0.8785842177527896,0.6725243171096118
GTEX-147F4-1226-SM-5NQAY.1,HEART,54.5,6.5,1261.0,-1.6588211297724054,0.9653559764972659,-2.6241771062696713,-1.0224441391543189
GTEX-147F4-1426-SM-5LUA8.1,LIVER,54.5,7.0,1268.0,0.06607689392500758,0.4014989042675513,-0.3354220103425437,0.29471540260516393
GTEX-147F4-3026-SM-5Q5BJ.1,BRAIN,54.5,6.5,1357.0,0.3659502331200707,-0.2055583239973369,0.5715085571174076,-0.17208791920920624
GTEX-147GR-0011-R10b-SM-5S2UM.1,BRAIN,64.5,6.4,872.0,0.6440080705539561,-0.16592819316234075,0.8099362637162969,-0.04561750587551978
GTEX-147GR-0011-R2b-SM-5S2RQ.1,BRAIN,64.5,6.9,872.0,-0.2026803127195415,0.4336018668657164,-0.6362821795852579,-0.031165420839549852
GTEX-147GR-0011-R4a-SM-5S2V2.1,BRAIN,64.5,6.2,872.0,-0.23802788330353933,0.254764921954353,-0.4927928052578924,-0.18013442564799093
GTEX-147GR-0011-R6b-SM-5S2RO.1,BRAIN,64.5,7.8,872.0,0.14427723544363985,0.26911875011978575,-0.1248415146761459,-0.03896924442775401
GTEX-147GR-0011-R7a-SM-5S2RP.1,BRAIN,64.5,7.2,872.0,-0.8483040348978984,0.9641222021139833,-1.8124262370118815,-0.4310350714471019
GTEX-147GR-0011-R9a-SM-5S2UY.1,BRAIN,64.5,7.6,872.0,0.38083384990822466,-0.8678682989878671,1.2487021488960917,0.7944183342001104
GTEX-147GR-0126-SM-62LER.1,MUSCLE,64.5,9.6,985.0,-0.7780125915064829,0.985578870431683,-1.7635914619381658,-0.8771642429282586
GTEX-147GR-0526-SM-5S2MY.1,SKIN,64.5,7.0,999.0,-0.26207549140879605,0.569427585022787,-0.831503076431583,0.2729214640348899
GTEX-147GR-1326-SM-7IGLB.1,LIVER,64.5,6.1,1160.0,-0.4277342445356086,0.7210303841381557,-1.1487646286737643,0.6792346706076159
GTEX-147GR-2426-SM-5ZZWQ.1,SKIN,64.5,7.6,1230.0,-0.19711759060713113,0.7637639903636584,-0.9608815809707896,-0.39311479059367654
GTEX-147GR-3026-SM-5S2ML.1,BRAIN,64.5,6.1,1310.0,-0.5287423968696059,0.6317572396979894,-1.1604996365675952,-0.41605614889477155
GTEX-147GR-3126-SM-5S2PM.1,BRAIN,64.5,6.7,1313.0,0.6648149961650728,-0.7612640409316415,1.4260790370967142,-0.09143693404935165
GTEX-147JS-0226-SM-5S2U9.1,SKIN,64.5,6.0,467.0,-0.2739665423557883,-0.0013940005551537028,-0.2725725418006346,0.4915240226522858
GTEX-147JS-0526-SM-5TDD3.1,MUSCLE,64.5,8.3,510.0,-0.041072025823761564,-0.5458971302759019,0.5048251044521403,0.2439652023457776
GTEX-147JS-1126-SM-5RQIW.1,LIVER,64.5,6.2,547.0,-0.07446070968919037,0.4589670964874924,-0.5334278061766827,-0.14657175916602233
GTEX-147JS-1326-SM-5SI6D.1,HEART,64.5,6.8,550.0,0.9715628175477073,-1.3384056967923401,2.3099685143400475,0.8213368438660088
GTEX-147JS-1526-SM-5ZZWF.1,HEART,64.5,6.3,556.0,-1.4973899528679013,0.9170491002374929,-2.414439053105394,-0.37448297205946623
GTEX-148VI-0326-SM-5RQK7.1,HEART,64.5,6.0,244.0,-0.49418816292400575,0.8023612868571329,-1.2965494497811387,-0.7445061337557976
GTEX-148VI-0626-SM-5TDDH.1,LIVER,64.5,6.6,252.0,0.2711701664091815,0.04226963780095138,0.22890052860823012,0.017252223389245994
GTEX-148VI-1626-SM-5SI6E.1,SKIN,64.5,7.2,417.0,0.03862037019774157,0.2812429621665354,-0.24262259196879382,0.2001034917805226
GTEX-148VJ-0011-R3b-SM-69LQJ.1,BRAIN,74.5,6.0,903.0,-1.7461791966243967,1.1103038898951278,-2.8564830865195248,-0.8291823668946073
GTEX-148VJ-0011-R9b-SM-5SI77.1,BRAIN,74.5,6.5,903.0,-0.5199428644728968,0.151505611622861,-0.6714484760957579,-0.36710639779560483
GTEX-148VJ-0126-SM-5TDDN.1,SKIN,74.5,8.1,1014.0,-0.0629420365267333,-0.9950503534117973,0.9321083168850639,0.3904669470370001
GTEX-148VJ-0326-SM-5QGQE.1,MUSCLE,74.5,8.2,1016.0,0.2058352377778114,0.6287873705431706,-0.42295213276535915,0.0466020532653549
GTEX-148VJ-0626-SM-5LUAW.1,SKIN,74.5,7.2,1046.0,-0.16890693591705597,0.12417557312609809,-0.293082509043154,-0.3697275110780059
GTEX-148VJ-1426-SM-5TDE3.1,HEART,74.5,6.7,1090.0,0.030101134241034107,-0.15981006103393416,0.18991119527496828,0.2966592822857315
GTEX-148VJ-1526-SM-5Q5DU.1,HEART,74.5,5.9,1093.0,-2.0693700671223314,1.1331763436539732,-3.2025464107763044,-0.7649567022812344
GTEX-1497J-0226-SM-5QGPU.1,SKIN,64.5,8.1,210.0,-0.3374789002140027,0.3288949774666473,-0.66637387768065,0.18756090095277408
GTEX-1497J-0726-SM-5Q5D1.1,LIVER,64.5,6.3,238.0,0.41705533525836147,0.07966878784243242,0.33738654741592905,0.39882011921758914
GTEX-1497J-1226-SM-5Q5BL.1,HEART,64.5,6.0,274.0,-0.48381280524376025,0.867918810529652,-1.3517316157734123,-0.43212763242556695
GTEX-1497J-2426-SM-7IGNX.1,SKIN,64.5,6.6,322.0,-0.003645150277988173,-0.05162929265413758,0.047984142376149404,0.2706636627258646
GTEX-1497J-2626-SM-5SI9K.1,MUSCLE,64.5,8.0,329.0,0.5045976038357775,0.3912559718886139,0.11334163194716357,-0.25651422872516205
GTEX-14A5H-0326-SM-5RQIB.1,MUSCLE,64.5,8.1,521.0,-0.06492090593282832,-0.40684828290639685,0.34192737697356856,0.6023708862299931
GTEX-14A5H-0426-SM-5QGQF.1,SKIN,64.5,7.3,525.0,-0.12387370827458914,0.7115544546245404,-0.8354281628991295,-0.04628115993765959
GTEX-14A5H-0826-SM-5QGPJ.1,SKIN,64.5,7.6,605.0,0.5737271565636202,-0.8260044981856542,1.3997316547492744,0.6019349024292647
GTEX-14A5I-0126-SM-5TDEA.1,SKIN,54.5,6.0,881.0,0.017316756420710268,-0.24705950092657708,0.26437625734728737,-0.01808980164215783
GTEX-14A5I-0326-SM-5NQ9J.1,MUSCLE,54.5,8.4,886.0,0.40192192470523513,0.3192953273644789,0.08262659734075622,-0.10215456793236546
GTEX-14A5I-1026-SM-5Q5E3.1,HEART,54.5,6.6,899.0,0.14250081424215502,-0.34033193980525944,0.48283275404741444,0.6726619791370062
GTEX-14A5I-1226-SM-5NQBW.1,HEART,54.5,6.0,905.0,-3.145920550279424,1.3995316763273657,-4.545452226606789,-1.611696944139194
GTEX-14A5I-1726-SM-5QGQ5.1,LIVER,54.5,6.7,918.0,-0.31311148926488924,0.5177405052932482,-0.8308519945581374,-0.5572976512142427
GTEX-14A5I-2826-SM-5SIBF.1,BRAIN,54.5,6.5,951.0,0.10334118976420717,0.49833835253153747,-0.3949971627673303,-0.2649176388967362
GTEX-14A5I-2926-SM-5Q5CQ.1,BRAIN,54.5,6.6,954.0,0.03948003891266639,0.5238372475155392,-0.4843572086028728,-0.17952050310691
GTEX-14A6H-0126-SM-5QGPK.1,SKIN,34.5,6.5,477.0,-0.1309392758259021,1.0405828075154564,-1.1715220833413584,0.558121137602144
GTEX-14A6H-0226-SM-5Q5DX.1,HEART,34.5,7.4,549.0,1.1436257611134948,-0.5737071675568082,1.717332928670303,-0.06022559027574019
GTEX-14A6H-0326-SM-5NQAN.1,HEART,34.5,8.0,554.0,0.4327548379990953,-0.11185899454578627,0.5446138325448816,0.6433396318409634
GTEX-14A6H-2026-SM-5Q5DD.1,SKIN,34.5,7.4,641.0,0.1713172844789022,-0.3139556908794364,0.48527297535833863,-0.14734118387088546
GTEX-14A6H-2826-SM-5QGPM.1,MUSCLE,34.5,7.1,736.0,-0.5163783987397591,0.5593581573034037,-1.0757365560431627,0.5699728609069732
GTEX-14A6H-5006-SM-7EWE9.1,HEART,34.5,6.5,551.0,1.5048504457879943,-1.5081873926958735,3.013037838483868,0.5898958980930417
GTEX-14A6H-5019-SM-793DH.1,MUSCLE,34.5,7.7,736.0,0.3382763145985397,-0.7647374125175893,1.1030137271161289,0.8863529171870762
GTEX-14ABY-0011-R11a-SM-5SI7C.1,BRAIN,54.5,7.4,1167.0,1.0507422002785338,-1.8810101171855071,2.931752317464041,-0.06847129113048887
GTEX-14ABY-0011-R1a-SM-6EU2W.1,BRAIN,54.5,6.8,1167.0,0.4515096547319319,0.05397188653085479,0.3975377682010771,0.05644153535983184
GTEX-14ABY-0011-R4b-SM-5S2VN.1,BRAIN,54.5,5.8,1167.0,0.09362768270009711,0.24585402930592404,-0.15222634660582693,0.2634190728174507
GTEX-14ABY-0011-R5b-SM-5SI7B.1,BRAIN,54.5,7.9,1167.0,0.018609777683472502,0.6441805756665224,-0.6255707979830499,-0.05018945047452069
GTEX-14ABY-0011-R6a-SM-5PNWR.1,BRAIN,54.5,7.1,1167.0,0.4496415883869243,0.05606888990045925,0.39357269848646503,0.12384986781239307
GTEX-14ABY-0011-R7b-SM-5PNWS.1,BRAIN,54.5,5.7,1167.0,0.046653647292787655,0.5121074547921324,-0.46545380749934473,-0.028916416880350484
GTEX-14ABY-0011-R9a-SM-5PNZK.1,BRAIN,54.5,8.2,1167.0,0.741215533810208,-2.325060843516444,3.066276377326652,1.072016773729214
GTEX-14ABY-0126-SM-62LDI.1,MUSCLE,54.5,7.0,1289.0,-0.11340942033146634,-0.22513533558500815,0.11172591525354181,-0.22689231315999567
GTEX-14ABY-0226-SM-5TDCQ.1,SKIN,54.5,6.2,1291.0,0.08972868372121372,0.1920235977961758,-0.10229491407496209,0.5919747605039439
GTEX-14ABY-2026-SM-62LDL.1,SKIN,54.5,6.9,1367.0,-0.04180421199022862,0.799703421779811,-0.8415076337700397,0.009898725501436697
GTEX-14ABY-3026-SM-664NE.1,BRAIN,54.5,6.5,1423.0,0.6898703984897654,-0.8425385090708128,1.5324089075605782,-0.15142373479542873
GTEX-14AS3-0126-SM-5Q5F4.1,LIVER,44.5,6.8,98.0,0.9488240620337302,-0.47208990897725084,1.420913971010981,0.017506167489408735
GTEX-14AS3-1526-SM-5Q5ED.1,SKIN,44.5,5.8,135.0,-0.22795662583203222,0.4577165951110406,-0.6856732209430728,0.065788536205568
GTEX-14AS3-2126-SM-5S2MK.1,MUSCLE,44.5,8.4,263.0,0.5564177552766746,-0.48332346670795306,1.0397412219846276,-0.3368948859435495
GTEX-14ASI-0011-R10b-SM-5S2VZ.1,BRAIN,64.5,5.9,1177.0,1.0461397061500586,-1.0816967347610378,2.1278364409110964,0.15803510416943417
GTEX-14ASI-0011-R11b-SM-6AJBJ.1,BRAIN,64.5,7.1,1177.0,0.9642525064947276,-0.8890313450338814,1.853283851528609,-0.28463360623503425
GTEX-14ASI-0011-R1b-SM-5S2TY.1,BRAIN,64.5,5.9,1177.0,-0.26938641524796686,0.28418037561163706,-0.5535667908596039,0.14490241470049986
GTEX-14ASI-0011-R2b-SM-5YY9H.1,BRAIN,64.5,5.8,1177.0,-0.6537447574486391,0.5787228561319163,-1.2324676135805555,-0.09563946750453815
GTEX-14ASI-0011-R4a-SM-69LQ4.1,BRAIN,64.5,6.5,1177.0,-0.6306575271179804,0.46023637085016567,-1.090893897968146,-0.2671138902503408
GTEX-14ASI-0011-R5b-SM-6EU2M.1,BRAIN,64.5,7.8,1177.0,-0.8546947334777678,1.0099409610486396,-1.8646356945264073,-0.4517206780875732
GTEX-14ASI-0011-R6a-SM-5S2UZ.1,BRAIN,64.5,6.9,1177.0,-0.07672022190025495,0.45132313329500556,-0.5280433551952605,-0.16307289633791242
GTEX-14ASI-0011-R7b-SM-5YY9G.1,BRAIN,64.5,7.1,1177.0,-0.4232871581384276,0.8002760042990916,-1.2235631624375192,-0.28027392484310726
GTEX-14ASI-0011-R8b-SM-5S2UB.1,BRAIN,64.5,6.9,1177.0,0.2449842583649514,0.08333870804240158,0.16164555032254985,0.30663255694978797
GTEX-14ASI-0526-SM-5QGQP.1,MUSCLE,64.5,5.7,1301.0,0.21953607031401773,-0.33630879439402567,0.5558448647080434,1.6168371983456888
GTEX-14ASI-0826-SM-5Q5EB.1,HEART,64.5,6.4,1328.0,1.133472487131249,-1.0952772448661725,2.2287497319974214,0.4428808472632102
GTEX-14ASI-2926-SM-5Q5DG.1,BRAIN,64.5,6.9,1365.0,0.9121915884521119,-1.3308839965325332,2.243075584984645,0.02244716515342513
GTEX-14ASI-3026-SM-5S2PN.1,BRAIN,64.5,6.7,1368.0,0.5930606848627091,-0.43366868041520645,1.0267293652779155,0.24245827634559067
GTEX-14B4R-1326-SM-5Q5EZ.1,SKIN,34.5,7.9,260.0,-0.28574736039581705,0.8674402401318665,-1.1531876005276835,-0.17612960247921133
GTEX-14BIL-0011-R10a-SM-5SI75.1,BRAIN,54.5,8.7,622.0,0.5344346834003001,-0.18106242407483364,0.7154971074751337,0.10012573908030199
GTEX-14BIL-0011-R8b-SM-69LQK.1,BRAIN,54.5,5.9,622.0,-1.1285531416254364,1.0431572719752022,-2.1717104136006387,-0.45109257352644694
GTEX-14BIL-0011-R9a-SM-5SI7A.1,BRAIN,54.5,7.2,622.0,0.6408790484771877,-2.06701934450294,2.7078983929801277,1.4544036721314062
GTEX-14BIL-0126-SM-5SI92.1,SKIN,54.5,8.2,759.0,-0.12608339177364153,0.18792615539777507,-0.3140095471714166,0.48577635545197684
GTEX-14BIL-0326-SM-5SI9Q.1,MUSCLE,54.5,8.4,761.0,0.4938740965963047,-0.3320952672379824,0.8259693638342871,-0.3170329466467481
GTEX-14BIL-0926-SM-7DHKN.1,HEART,54.5,6.9,812.0,0.37610030833883834,-1.0710781215018164,1.4471784298406547,1.3730101916170716
GTEX-14BIL-1126-SM-79OMC.1,HEART,54.5,5.9,819.0,-2.7417255608144857,0.9497421425199695,-3.691467703334455,-0.8568015014369856
GTEX-14BIL-1326-SM-79OMR.1,LIVER,54.5,6.6,821.0,0.3756775588824415,0.09700530186973912,0.2786722570127024,0.11531920770980607
GTEX-14BIL-3026-SM-7EWD4.1,BRAIN,54.5,7.2,882.0,-0.2029038907207357,0.5369755998237342,-0.7398794905444699,-0.11230805047452508
GTEX-14BIM-0011-R11b-SM-5S2RN.1,BRAIN,64.5,8.0,1045.0,0.6211975079646233,-0.817770633271295,1.438968141235918,-0.1990452311208293
GTEX-14BIM-0011-R1a-SM-69LQI.1,BRAIN,64.5,5.7,1045.0,-1.6372897135263162,1.1744427967571147,-2.8117325102834307,-0.6868236487279907
GTEX-14BIM-0011-R2b-SM-69LQ6.1,BRAIN,64.5,5.8,1045.0,0.012211749929219765,0.2674120384429416,-0.25520028851372184,0.1655884502571265
GTEX-14BIM-0011-R3b-SM-5S2RL.1,BRAIN,64.5,7.1,1045.0,0.766180231217112,-0.5387129709539484,1.3048932021710604,0.17432111420196525
GTEX-14BIM-0011-R4b-SM-5S2RK.1,BRAIN,64.5,6.8,1045.0,-0.3309487039854828,0.3510533853851382,-0.682002089370621,-0.07401192429834526
GTEX-14BIM-0011-R5b-SM-5S2RM.1,BRAIN,64.5,8.3,1045.0,0.4016271122314363,0.03296887783520363,0.3686582343962327,0.15320417358819335
GTEX-14BIM-0011-R6b-SM-5S2VB.1,BRAIN,64.5,6.4,1045.0,0.3360730416262169,0.29701556095509757,0.039057480671119305,0.09320164866417215
GTEX-14BIM-0011-R9a-SM-6LLJL.1,BRAIN,64.5,7.2,1045.0,0.4736939613188268,-0.7936864990709522,1.267380460389779,0.63280937359913
GTEX-14BIM-0226-SM-7IGLD.1,SKIN,64.5,6.3,1143.0,0.5068806797721245,-0.2815873749727004,0.7884680547448248,0.429124120871901
GTEX-14BIM-0326-SM-5SI9B.1,MUSCLE,64.5,7.9,1144.0,0.7012150266787816,-0.6856429993967736,1.3868580260755552,0.17489799273949033
GTEX-14BIM-2726-SM-5Q5EG.1,HEART,64.5,6.0,1292.0,0.6144438187277778,-0.7874268921483405,1.4018707108761181,0.29672499040186023
GTEX-14BIM-3026-SM-7EWCY.1,BRAIN,64.5,6.3,1305.0,0.6766002440191249,-0.5012024672303471,1.177802711249472,0.4613935610985678
GTEX-14BIM-3126-SM-5Q5C7.1,BRAIN,64.5,6.3,1303.0,0.6301465937417564,-0.7386781817843138,1.36882477552607,0.11242840042994606
GTEX-14BIN-0011-R10a-SM-5S2UA.1,BRAIN,54.5,6.6,821.0,0.6707591271348884,-0.06340026915812967,0.7341593962930181,-0.21319349605202598
GTEX-14BIN-0011-R11a-SM-5SI79.1,BRAIN,54.5,7.4,821.0,0.29679518995847354,-0.08479565111478801,0.3815908410732616,-0.22607949801029567
GTEX-14BIN-0011-R2a-SM-5S2RJ.1,BRAIN,54.5,6.4,821.0,-0.8409706159707652,0.8517599128427995,-1.6927305288135646,-0.33774706067316196
GTEX-14BIN-0011-R3b-SM-6AJBL.1,BRAIN,54.5,7.0,821.0,0.4219739448993909,0.135449614164782,0.2865243307346089,-0.19943389053175498
GTEX-14BIN-0011-R5b-SM-5SI78.1,BRAIN,54.5,8.1,821.0,-0.9273945652591788,1.1524272122329842,-2.079821777492163,-0.4039882089626926
GTEX-14BIN-0011-R6a-SM-5S2RH.1,BRAIN,54.5,9.2,821.0,0.36957761445907794,0.22314662675027683,0.1464309877088011,-0.17674930160876298
GTEX-14BIN-0011-R7b-SM-5S2RI.1,BRAIN,54.5,8.0,821.0,-0.5874442670344096,0.9514491703524119,-1.5388934373868215,-0.3839867718638535
GTEX-14BIN-0011-R9a-SM-5SI76.1,BRAIN,54.5,7.7,821.0,-0.12868689878587675,0.184538740603474,-0.3132256393893508,0.27662275703148304
GTEX-14BIN-0626-SM-793DP.1,SKIN,54.5,8.4,981.0,-0.03456146518609472,-0.5995197456921535,0.5649582805060588,0.09341893859597498
GTEX-14BIN-1126-SM-5RQJZ.1,SKIN,54.5,7.7,990.0,-0.1046098615954561,0.029947924186430032,-0.13455778578188612,-0.01616750062362297
GTEX-14BIN-2126-SM-793AX.1,HEART,54.5,6.4,1017.0,-0.45932624609525835,0.23787136654557114,-0.6971976126408295,0.7417290240702239
GTEX-14BIN-2226-SM-5YYA1.1,HEART,54.5,5.8,1018.0,-3.2379051012125757,1.2017969359866665,-4.439702037199242,-1.539236624443132
GTEX-14BIN-3226-SM-62LDR.1,BRAIN,54.5,7.4,1080.0,0.19549757545811863,0.4218373931046194,-0.22633981764650074,0.08394168696501204
GTEX-14BIN-3326-SM-5Q5E6.1,BRAIN,54.5,6.5,1082.0,0.4911067207233599,-0.30554111568245823,0.7966478364058182,-0.2846028661162844
GTEX-14BMU-1226-SM-5S2OR.1,SKIN,24.5,7.2,1562.0,-0.34949686938391367,0.7390787377421216,-1.0885756071260353,0.4211684548633692
GTEX-14BMU-2026-SM-5S2W6.1,MUSCLE,24.5,7.5,1638.0,0.03936256720306644,0.896780847566345,-0.8574182803632786,-0.6118043310927637
GTEX-14BMU-2226-SM-5TDE9.1,SKIN,24.5,6.9,1641.0,0.1278435511372485,0.4001076703057045,-0.272264119168456,-0.05930822773008881
GTEX-14BMV-0011-R3a-SM-5ZZU7.1,BRAIN,54.5,5.9,498.0,-0.2871570577591533,0.4375735802195822,-0.7247306379787355,-0.28007112858306826
GTEX-14BMV-0011-R5b-SM-62LFT.1,BRAIN,54.5,7.7,498.0,0.1267017036015735,0.5590857451602586,-0.43238404155868504,-0.0008339820423151928
GTEX-14BMV-0011-R6b-SM-5YY9I.1,BRAIN,54.5,8.1,498.0,0.646935749142198,-0.08804294129549464,0.7349786904376926,0.15219672789886263
GTEX-14BMV-0011-R7b-SM-5YY9J.1,BRAIN,54.5,6.2,498.0,-0.9658994596969454,1.0707591845712765,-2.036658644268222,-0.24812731058584506
GTEX-14BMV-0011-R9b-SM-5ZZUA.1,BRAIN,54.5,8.2,498.0,0.6236611777760325,-1.0451891343860618,1.6688503121620943,0.943339921857898
GTEX-14BMV-0126-SM-5S2PO.1,SKIN,54.5,8.1,591.0,0.2421405072672101,-0.3833138264881783,0.6254543337553884,-0.06299878364649655
GTEX-14BMV-0326-SM-5RQHW.1,MUSCLE,54.5,7.8,595.0,0.018675784484047626,0.8686823675687575,-0.8500065830847099,-0.787457941076066
GTEX-14BMV-1026-SM-5SI6B.1,HEART,54.5,7.6,613.0,0.10663923015533837,0.3081282666618801,-0.2014890365065417,-0.10226148348656519
GTEX-14BMV-2826-SM-5TDED.1,SKIN,54.5,6.6,673.0,0.2538654763343401,0.23900536882371123,0.014860107510628856,0.19197602370135405
GTEX-14BMV-2926-SM-5TDEE.1,BRAIN,54.5,6.1,677.0,0.717138091251266,-0.8748956563053176,1.5920337475565836,0.3971238205984634
GTEX-14BMV-3026-SM-5S2PQ.1,BRAIN,54.5,6.5,679.0,0.7786690534732187,-0.4713321032771004,1.250001156750319,0.20117937792997825
GTEX-14C38-0426-SM-5TDDZ.1,MUSCLE,54.5,6.6,509.0,0.14445497157506595,-0.5451324434405478,0.6895874150156137,0.08440189804706781
GTEX-14C38-0726-SM-5SI6M.1,SKIN,54.5,7.6,523.0,0.04561065141764376,0.199950463312731,-0.15433981189508725,-0.0973285235149774
GTEX-14C38-1326-SM-62LDK.1,HEART,54.5,6.6,570.0,-0.369239216776201,0.12572739420185386,-0.49496661097805483,0.4229833987307169
GTEX-14C38-1426-SM-5RQHZ.1,HEART,54.5,6.9,578.0,-0.20177281761612287,0.4298399253636914,-0.6316127429798143,-0.2743149813606249
GTEX-14C38-1526-SM-5RQJ7.1,LIVER,54.5,6.3,584.0,0.24729675450116292,-0.20320972650359095,0.4505064810047539,0.1342234728275053
GTEX-14C39-0011-R10b-SM-5YYBE.1,BRAIN,44.5,7.3,663.0,0.33359092511906085,0.20479588002645469,0.12879504509260617,-0.01587492424351715
GTEX-14C39-0011-R11b-SM-5YYAF.1,BRAIN,44.5,5.8,663.0,-0.8076876909657227,0.8306871296895154,-1.6383748206552382,-0.4314156665873209
GTEX-14C39-0011-R3b-SM-5YYA3.1,BRAIN,44.5,5.7,663.0,-0.1726363794079715,0.5511873384699413,-0.7238237178779128,-0.1720508229532771
GTEX-14C39-0011-R5b-SM-5ZZV1.1,BRAIN,44.5,7.8,663.0,-0.3574606557105733,0.8039193052943513,-1.1613799610049247,-0.29298565017976275
GTEX-14C39-0011-R6b-SM-5YYAZ.1,BRAIN,44.5,6.3,663.0,0.4405304240925456,0.012333021487826048,0.42819740260471956,-0.04972746922777907
GTEX-14C39-0726-SM-5RQIK.1,HEART,44.5,6.3,699.0,-1.0197027339552704,0.7383040887154135,-1.758006822670684,0.07814869818906839
GTEX-14C39-0926-SM-5TDDV.1,HEART,44.5,5.9,702.0,-2.504502228421789,1.099210444289143,-3.603712672710932,-1.040130501231821
GTEX-14C39-1726-SM-5RQIL.1,SKIN,44.5,6.5,720.0,-0.487050451632867,0.516955330811773,-1.00400578244464,-0.5949618440691669
GTEX-14C39-2426-SM-5S2U5.1,MUSCLE,44.5,7.4,741.0,0.022690854420622044,0.5486054262878965,-0.5259145718672745,-0.2083666752399345
GTEX-14C39-3026-SM-5S2QE.1,BRAIN,44.5,6.4,789.0,0.6751729927667652,-0.5705018510743951,1.2456748438411602,0.06461885263358043
GTEX-14C39-3126-SM-5ZZW6.1,BRAIN,44.5,7.2,791.0,0.13924184001360895,0.336667821081846,-0.19742598106823706,-0.1268357048811101
GTEX-14C5O-0011-R10a-SM-6872F.1,BRAIN,64.5,7.4,530.0,0.1309961760771412,-0.04776024855761477,0.17875642463475597,0.27202039983322923
GTEX-14C5O-0011-R11b-SM-6872H.1,BRAIN,64.5,8.3,530.0,0.6610099566280009,-1.4110028581307847,2.0720128147587857,0.17991481127675799
GTEX-14C5O-0011-R1b-SM-6AJBW.1,BRAIN,64.5,8.2,530.0,0.6043107278102147,-0.716467815858934,1.3207785436691486,0.6968603758963774
GTEX-14C5O-0011-R2a-SM-5ZZV2.1,BRAIN,64.5,7.9,530.0,0.6704402754279861,-0.5950563757647532,1.2654966511927395,0.6950828703878023
GTEX-14C5O-0011-R6a-SM-5YYB6.1,BRAIN,64.5,8.2,530.0,0.5700724467157411,-0.37515614482615633,0.9452285915418974,0.4604297964600646
GTEX-14C5O-0011-R7b-SM-5YYAH.1,BRAIN,64.5,9.1,530.0,0.7972596063860914,-0.6794472728336509,1.4767068792197424,0.37347224543206786
GTEX-14C5O-0011-R8a-SM-5YYAG.1,BRAIN,64.5,7.6,530.0,0.881896600234788,-1.17725981577601,2.059156416010798,1.0302407493793264
GTEX-14C5O-0126-SM-5SI6N.1,SKIN,64.5,7.9,654.0,-0.09647723347471104,-0.12315624568415985,0.026679012209448807,0.013208789741587058
GTEX-14C5O-0326-SM-5ZZUX.1,SKIN,64.5,7.9,685.0,-0.25462262492590665,0.12797318231088164,-0.3825958072367883,-0.2659327071565686
GTEX-14C5O-0626-SM-664N2.1,MUSCLE,64.5,8.7,713.0,0.11942744063640771,-0.6160599479973067,0.7354873886337144,-0.29060414763134296
GTEX-14C5O-1226-SM-664N3.1,HEART,64.5,6.8,735.0,0.3458210774915968,-1.5210259226621363,1.8668470001537332,0.17944352408424735
GTEX-14C5O-1326-SM-5S2UW.1,HEART,64.5,5.8,737.0,-2.105022907636534,0.827224901174344,-2.932247808810878,-1.1622509482279428
GTEX-14C5O-2926-SM-5RQI1.1,BRAIN,64.5,7.1,797.0,0.4074382783026387,-0.7733876149636116,1.1808258932662503,0.09206264154237134
GTEX-14C5O-3026-SM-5YYB2.1,BRAIN,64.5,7.5,799.0,0.2688932182455672,-0.286808247577309,0.5557014658228763,0.308825873677473
GTEX-14DAQ-0011-R11a-SM-664NO.1,BRAIN,64.5,8.4,445.0,0.8987396595421726,-1.3164549268956436,2.215194586437816,0.1379285658032423
GTEX-14DAQ-0011-R3b-SM-5YYAJ.1,BRAIN,64.5,6.7,445.0,-0.535770064777619,0.7955123098932511,-1.3312823746708702,-0.2107368952756545
GTEX-14DAQ-0011-R4a-SM-5YYAI.1,BRAIN,64.5,7.1,445.0,-0.964509172515919,0.8311538487943616,-1.7956630213102807,-0.2652700684833316
GTEX-14DAQ-0011-R5b-SM-5YYAK.1,BRAIN,64.5,8.3,445.0,-0.49071237599732653,0.9263434937004111,-1.4170558696977378,-0.2762821675480058
GTEX-14DAQ-0126-SM-5S2MQ.1,SKIN,64.5,8.0,448.0,0.04349458147192117,0.16789691747614593,-0.12440233600422476,0.3712650295347343
GTEX-14DAQ-0326-SM-664MR.1,MUSCLE,64.5,8.6,453.0,0.5652888504536775,-0.395752397696629,0.9610412481503066,-0.25680270426687535
GTEX-14DAQ-0626-SM-793DS.1,SKIN,64.5,7.1,464.0,0.2352145213595109,0.6867191525822627,-0.45150463122275175,0.29775634096091314
GTEX-14DAQ-1026-SM-793B1.1,HEART,64.5,7.7,493.0,0.5176256811488363,-0.9549694172174105,1.4725950983662468,0.8089165055031301
GTEX-14DAQ-1126-SM-664MT.1,HEART,64.5,7.2,495.0,-0.47345339548701,0.6820683352360131,-1.155521730723023,-0.4549440257142919
GTEX-14DAQ-1726-SM-5S2R2.1,LIVER,64.5,6.1,503.0,0.21883917273671866,0.15854559797752665,0.060293574759192003,-0.02174735672577843
GTEX-14DAQ-3026-SM-5S2QZ.1,BRAIN,64.5,7.0,547.0,0.9702431775462044,-1.2597773152263705,2.230020492772575,0.11826986274462156
GTEX-14DAQ-3126-SM-62LDS.1,BRAIN,64.5,7.3,549.0,0.3520577080387166,0.1476125076138552,0.20444520042486142,0.3736216388804381
GTEX-14DAR-1226-SM-73KYV.1,SKIN,54.5,6.5,135.0,-0.15842685415680763,0.4955437913005752,-0.6539706454573828,0.12484148104622071
GTEX-14DAR-1826-SM-664N1.1,MUSCLE,54.5,7.6,248.0,-0.38777692993136637,0.8908528241790183,-1.2786297541103848,-0.533760380604437
GTEX-14DAR-2026-SM-5S2O3.1,SKIN,54.5,7.2,250.0,-0.17892269402376396,0.5683162209800648,-0.7472389150038288,0.0035214236850880194
GTEX-14E1K-0326-SM-5S2PE.1,LIVER,54.5,6.8,172.0,0.11573017353561905,-0.7509276178272173,0.8666577913628364,-0.35146827552492593
GTEX-14E1K-0826-SM-5ZZW9.1,HEART,54.5,8.5,182.0,0.40670221006229756,-0.18607628759303094,0.5927784976553285,0.27445711212666923
GTEX-14E1K-1026-SM-73KUR.1,HEART,54.5,8.1,191.0,0.5150735182057744,-0.19983289437815424,0.7149064125839286,-0.04853089308340745
GTEX-14E1K-2026-SM-7DUEI.1,SKIN,54.5,7.7,235.0,0.16427825362499607,-0.16445254158241948,0.32873079520741555,-0.07103240702301625
GTEX-14E1K-2326-SM-664MP.1,MUSCLE,54.5,7.8,246.0,-0.20600816994673343,0.0970936214047276,-0.30310179135146104,-0.5446674483674518
GTEX-14E6C-0011-R9a-SM-6EU33.1,BRAIN,44.5,6.0,867.0,0.10984811478012248,-0.6327457854111539,0.7425939001912764,0.22528607219713734
GTEX-14E6C-0126-SM-5RQIP.1,SKIN,44.5,7.3,981.0,-0.5348498163857908,-1.0329056744832235,0.4980558580974327,0.05635063682293612
GTEX-14E6C-0326-SM-5Q5EE.1,HEART,44.5,7.2,986.0,-0.4090583281895981,0.5232245849076014,-0.9322829130971995,0.02144532033837386
GTEX-14E6C-0426-SM-5YYA8.1,HEART,44.5,7.1,988.0,-0.0628533670873527,0.35248865430958976,-0.41534202139694243,-0.16342716784648909
GTEX-14E6C-1526-SM-664ND.1,MUSCLE,44.5,7.4,1009.0,-0.430545985024078,-0.60109492986525,0.17054894484117206,0.6654257685700986
GTEX-14E6C-2426-SM-5S2NF.1,SKIN,44.5,6.5,1034.0,-0.10790960106890872,0.07886619327581228,-0.186775794344721,0.4070774491603376
GTEX-14E6D-0011-R10a-SM-5YY9C.1,BRAIN,54.5,7.2,603.0,0.8881935318947428,-0.6823479870336585,1.5705415189284013,0.16545639110873225
GTEX-14E6D-0011-R11b-SM-664NP.1,BRAIN,54.5,6.8,603.0,0.7683024891696344,-0.9499729293173745,1.7182754184870088,-0.2307527421921149
GTEX-14E6D-0011-R1b-SM-5YYAW.1,BRAIN,54.5,6.1,603.0,-0.6752695952087314,0.8799908779520601,-1.5552604731607915,-0.2744091524231072
GTEX-14E6D-0011-R5b-SM-69LQR.1,BRAIN,54.5,8.1,603.0,-0.5037097765853278,0.8980664045215754,-1.4017761811069032,-0.1925522568066672
GTEX-14E6D-0126-SM-62LDV.1,SKIN,54.5,7.5,790.0,-0.1812555681146536,0.48154015450681575,-0.6627957226214694,-0.11381727124974408
GTEX-14E6D-0326-SM-62LDX.1,MUSCLE,54.5,8.2,813.0,-0.1498996410471536,0.10561750305329179,-0.25551714410044535,-0.4950929200487732
GTEX-14E6D-0926-SM-5S2QV.1,HEART,54.5,5.7,886.0,-2.497803131386268,1.1384183227904179,-3.6362214541766855,-0.9298285555470227
GTEX-14E6D-2926-SM-664OP.1,BRAIN,54.5,6.4,1010.0,0.018757052315981237,0.3729910477352249,-0.35423399541924366,-0.5748180703381525
GTEX-14E6E-0526-SM-793DN.1,SKIN,34.5,6.6,116.0,-0.43116957605248774,1.2675349282243087,-1.6987045042767965,-0.006968536886010453
GTEX-14E6E-1826-SM-5S2R7.1,SKIN,34.5,7.3,395.0,0.0009213961082902576,0.21263087236568873,-0.21170947625739847,-0.31469317777934996
GTEX-14E6E-2026-SM-664N5.1,MUSCLE,34.5,8.1,401.0,0.36829179136741247,-0.04693124333652591,0.4152230347039384,-0.4582794001547867
GTEX-14E7W-0011-R10a-SM-5YYAX.1,BRAIN,74.5,7.8,1076.0,0.8757470359328745,-0.5895389495883985,1.465285985521273,0.30916426424702376
GTEX-14E7W-0011-R11a-SM-5ZZVA.1,BRAIN,74.5,8.2,1076.0,0.7085390045137775,-0.1782081347659083,0.8867471392796857,0.08994640235603636
GTEX-14E7W-0011-R1b-SM-5YYAT.1,BRAIN,74.5,7.1,1076.0,-0.12528596394006672,0.4535161901679967,-0.5788021541080635,0.5249884263797109
GTEX-14E7W-0011-R3b-SM-5YYB5.1,BRAIN,74.5,6.0,1076.0,-0.29429928977491676,0.600131976572887,-0.8944312663478038,-0.25529770076690395
GTEX-14E7W-0011-R4b-SM-62LEA.1,BRAIN,74.5,6.6,1076.0,1.0569163427137704,-1.2279012082754162,2.2848175509891866,0.19389304083224398
GTEX-14E7W-0011-R5b-SM-664NS.1,BRAIN,74.5,9.0,1076.0,0.7745448703289575,-0.6472116591716669,1.4217565295006245,0.332599470150337
GTEX-14E7W-0011-R6b-SM-5ZZV3.1,BRAIN,74.5,7.8,1076.0,0.7325164184084785,-0.12316129297679497,0.8556777113852735,0.0910589835688995
GTEX-14E7W-0011-R7b-SM-5ZZV4.1,BRAIN,74.5,6.0,1076.0,-0.9916009915413414,1.0708645218531438,-2.062465513394485,-0.7264198126020096
GTEX-14E7W-0011-R9a-SM-62LE6.1,BRAIN,74.5,7.6,1076.0,0.5861078006162563,-0.9674148204592146,1.553522621075471,0.6113005197893638
GTEX-14E7W-0126-SM-6LLJ9.1,SKIN,74.5,6.4,1146.0,0.47867505924552256,-0.0228106830580729,0.5014857423035954,0.49997579663421265
GTEX-14E7W-1126-SM-5ZZVS.1,HEART,74.5,6.3,1196.0,0.4486851669048427,-0.8210828431280457,1.2697680100328883,1.2647588740830435
GTEX-14E7W-1226-SM-5RQIU.1,HEART,74.5,5.9,1198.0,-2.4954650030054792,1.067099194975142,-3.5625641979806213,-1.023323158329768
GTEX-14E7W-1526-SM-6871X.1,LIVER,74.5,7.3,1202.0,0.1999989957516996,0.13061064902063668,0.06938834673106292,0.11865825886607415
GTEX-14E7W-2926-SM-5S2R8.1,BRAIN,74.5,6.2,1242.0,0.8471465646821347,-1.143955997934077,1.9911025626162115,0.08404148617245077
GTEX-14H4A-0426-SM-5ZZWO.1,HEART,44.5,8.4,470.0,0.2383379297299548,0.06849956786497119,0.1698383618649836,0.0821832730302904
GTEX-14H4A-0626-SM-5ZZUT.1,HEART,44.5,8.4,481.0,0.3524309456973688,0.12441862015173202,0.2280123255456368,-0.4637202216505342
GTEX-14H4A-0926-SM-5ZZUU.1,MUSCLE,44.5,6.8,490.0,0.2219057554029536,0.5442743017167245,-0.32236854631377093,-0.7526710684138544
GTEX-14ICK-0226-SM-6EU25.1,SKIN,44.5,7.1,663.0,-0.24898477072831893,0.795316565104216,-1.044301335832535,-0.15070964586589033
GTEX-14ICL-1626-SM-5YYAO.1,SKIN,34.5,6.8,764.0,-0.375160985949373,0.3906379956089171,-0.7657989815582902,-0.3476473656334094
GTEX-14ICL-1926-SM-5RQIZ.1,MUSCLE,34.5,8.4,860.0,0.7280127553571565,-1.0790240663524164,1.807036821709573,-0.42859808737931754
GTEX-14JFF-0011-R11a-SM-5ZZV6.1,BRAIN,64.5,8.1,739.0,0.4794959181625695,0.20039356296616484,0.27910235519640464,-0.563100713411999
GTEX-14JFF-0011-R4a-SM-5ZZV5.1,BRAIN,64.5,6.3,739.0,-0.6809532140529245,0.575706113449262,-1.2566593275021867,-0.7321485966966141
GTEX-14JFF-0626-SM-5ZZVT.1,SKIN,64.5,6.3,821.0,0.34753102896370525,0.4925825487676066,-0.14505151980390135,-0.04464187442446419
GTEX-14JFF-2826-SM-6871Q.1,BRAIN,64.5,6.8,918.0,0.1164359831847903,0.2293809779345919,-0.11294499474980159,-0.40117778218326494
GTEX-14JG1-0011-R11a-SM-62LEE.1,BRAIN,44.5,8.5,708.0,0.9412668766818946,-0.05684146243636901,0.9981083391182636,-0.36126618199846433
GTEX-14JG1-0011-R2a-SM-5ZZVE.1,BRAIN,44.5,7.2,708.0,0.5070624279748263,0.10360033522851114,0.4034620927463151,0.40953050628221843
GTEX-14JG1-0011-R3a-SM-62LEC.1,BRAIN,44.5,7.5,708.0,0.676318382313571,-0.06751944057413818,0.7438378228877092,-0.1926323371300177
GTEX-14JG1-0011-R4b-SM-62LEB.1,BRAIN,44.5,6.6,708.0,0.9774718228380385,-0.21998099327848492,1.1974528161165234,-0.5441781734092622
GTEX-14JG1-0011-R5a-SM-62LED.1,BRAIN,44.5,8.1,708.0,0.6638545472543845,0.25761299459388615,0.4062415526604984,-0.3977352915740108
GTEX-14JG1-0011-R6b-SM-5YYAU.1,BRAIN,44.5,8.2,708.0,0.28315048129568027,0.4145777963799397,-0.13142731508425942,-0.022121607102290497
GTEX-14JG1-0011-R7b-SM-5YYAV.1,BRAIN,44.5,8.5,708.0,-0.3631505580235813,0.8592565277740771,-1.2224070857976583,-0.02322191179314884
GTEX-14JG1-0126-SM-5ZZUP.1,MUSCLE,44.5,8.3,933.0,0.44706017667154224,0.1893244390213544,0.25773573765018787,-0.7252287435447028
GTEX-14JG1-0426-SM-6ETZZ.1,SKIN,44.5,7.3,938.0,-0.03450888397654302,0.27813408186757527,-0.31264296584411827,-0.2502076009963322
GTEX-14JG1-0826-SM-5ZZWR.1,HEART,44.5,7.3,948.0,1.133843800604248,-1.020643649218795,2.154487449823043,0.43359020474694554
GTEX-14JG1-1026-SM-6ETZY.1,HEART,44.5,6.9,950.0,0.6350947980196119,0.1254917036623828,0.5096030943572291,-0.28046038031975207
GTEX-14JG1-1526-SM-5YY9X.1,SKIN,44.5,7.5,959.0,-0.14574331945807692,0.9062381027314264,-1.0519814221895032,0.05095920598416175
GTEX-14JG1-1626-SM-664NH.1,LIVER,44.5,7.2,961.0,0.13073430130366806,0.3679197516292288,-0.23718545032556074,-0.17210969116015898
GTEX-14JG1-2926-SM-686ZK.1,BRAIN,44.5,7.2,988.0,0.7567208305276697,-0.6622922062630459,1.4190130367907154,0.00656713157466153
GTEX-14JG1-3026-SM-5YYAA.1,BRAIN,44.5,6.4,989.0,0.28497989490879083,0.35525606385705366,-0.07027616894826283,-0.026871818340195783
GTEX-14JG6-1426-SM-9WG7C.1,SKIN,34.5,8.3,135.0,-0.7568318075186122,0.18656715452712766,-0.9433989620457399,0.27516580329435486
GTEX-14JG6-2126-SM-6EU2F.1,MUSCLE,34.5,8.5,281.0,0.27330127622872846,0.46450868015619906,-0.1912074039274706,-0.27219749930552894
GTEX-14JG6-2226-SM-6EU2G.1,SKIN,34.5,7.5,280.0,-0.10793905505521947,0.23761611379372158,-0.34555516884894105,0.09955431336917799
GTEX-14JIY-0011-R10a-SM-6AJAO.1,BRAIN,64.5,8.6,796.0,0.8382749904679251,-0.8338996101586221,1.6721746006265472,0.23335022010483014
GTEX-14JIY-0011-R11b-SM-62LE8.1,BRAIN,64.5,8.0,796.0,0.7995062087701017,-0.1444253910444277,0.9439315998145295,-0.3585720911208185
GTEX-14JIY-0011-R1a-SM-68713.1,BRAIN,64.5,8.0,796.0,-0.08683974176723289,0.5241939959604116,-0.6110337377276445,-0.07192021424684635
GTEX-14JIY-0011-R3a-SM-5YYAQ.1,BRAIN,64.5,6.7,796.0,0.7481972097072183,-0.16208257900602335,0.9102797887132417,-0.15012281238619285
GTEX-14JIY-0011-R4b-SM-5ZZV7.1,BRAIN,64.5,7.3,796.0,0.7568277472672653,-0.23833115517854714,0.9951589024458125,-0.034509740268766895
GTEX-14JIY-0011-R5b-SM-62LE7.1,BRAIN,64.5,7.9,796.0,0.9960904892714505,-0.27832375710928237,1.2744142463807329,-0.24333614222695568
GTEX-14JIY-0011-R6b-SM-68714.1,BRAIN,64.5,8.1,796.0,0.5563172094936154,-0.07908706781899598,0.6354042773126114,0.20962893353531767
GTEX-14JIY-0011-R8a-SM-6AJAP.1,BRAIN,64.5,7.7,796.0,0.587065569939076,0.07828635289216263,0.5087792170469134,0.24768510011058267
GTEX-14JIY-0011-R9a-SM-6EU34.1,BRAIN,64.5,8.0,796.0,0.6075006387988137,-1.0609788467895436,1.6684794855883571,0.7989849573881282
GTEX-14JIY-0126-SM-6LLH6.1,SKIN,64.5,6.7,1031.0,0.1865599728400023,0.7073219716751311,-0.5207619988351289,0.9523677639272489
GTEX-14JIY-0426-SM-62LF7.1,MUSCLE,64.5,7.9,1038.0,0.20735989462488624,-0.5230309427165243,0.7303908373414105,0.3517981624958478
GTEX-14JIY-1126-SM-6EU28.1,HEART,64.5,5.8,1051.0,-2.9802153619885563,1.0925460962205416,-4.072761458209098,-1.3316839263641442
GTEX-14JIY-2326-SM-6AJAJ.1,BRAIN,64.5,7.4,1139.0,0.784835967250028,-1.0262132034750133,1.8110491707250413,-0.12720659978485335
GTEX-14JIY-2926-SM-69LPT.1,BRAIN,64.5,6.8,1136.0,0.37673728855590843,-0.09961347511278312,0.47635076366869156,0.3622743677232791
GTEX-14LLW-0011-R10a-SM-62LEG.1,BRAIN,74.5,7.9,1360.0,0.8740679993302521,-0.5402247224155309,1.414292721745783,0.01434284679702721
GTEX-14LLW-0011-R11b-SM-62LEH.1,BRAIN,74.5,7.8,1360.0,0.2655564124788174,0.049117784160999385,0.21643862831781802,0.30264152091400665
GTEX-14LLW-0011-R1a-SM-5ZZVD.1,BRAIN,74.5,6.3,1360.0,1.0402865475856047,-0.5437399699755066,1.5840265175611112,-0.189224938072349
GTEX-14LLW-0011-R3b-SM-62LFW.1,BRAIN,74.5,6.4,1360.0,-0.10271972530516371,0.4181441600355056,-0.5208638853406693,0.27717528397934654
GTEX-14LLW-0011-R5b-SM-5ZZU6.1,BRAIN,74.5,7.7,1360.0,0.3688969720257432,0.10083738386903529,0.2680595881567079,0.2920458736869864
GTEX-14LLW-0011-R8a-SM-62LFG.1,BRAIN,74.5,8.1,1360.0,0.8470044967389846,-0.42850500847138356,1.2755095052103682,-0.22806935292155778
GTEX-14LLW-0126-SM-6LLIO.1,SKIN,74.5,7.6,1394.0,-0.23700916205604985,0.36354190734812936,-0.6005510694041792,0.35886042279598923
GTEX-14LLW-0526-SM-62LFB.1,MUSCLE,74.5,7.3,1400.0,0.6805293506792931,-0.5243889183883318,1.2049182690676248,0.07801131028847788
GTEX-14LLW-2626-SM-62LDZ.1,SKIN,74.5,6.2,1416.0,-0.3706210677902956,0.8101496212800533,-1.1807706890703489,-0.19852157669206927
GTEX-14LLW-2826-SM-62LE1.1,BRAIN,74.5,6.2,1418.0,-0.20011731275660266,0.6419628618179557,-0.8420801745745583,0.03703786205175318
GTEX-14LZ3-0011-R10b-SM-6AJA9.1,BRAIN,64.5,6.7,805.0,-0.04514189870061533,0.43202102863543046,-0.4771629273360458,0.13954878860941722
GTEX-14LZ3-0011-R1a-SM-69LP5.1,BRAIN,64.5,6.6,805.0,-2.025023750190457,1.2392170404139795,-3.264240790604436,-0.587844272917394
GTEX-14LZ3-0011-R3a-SM-664NQ.1,BRAIN,64.5,6.8,805.0,-1.2925619086429319,1.0373849308515497,-2.3299468394944816,-0.33662148210500276
GTEX-14LZ3-0011-R5b-SM-5ZZV8.1,BRAIN,64.5,6.8,805.0,-1.3363550334117869,1.0541488011185636,-2.3905038345303504,-0.4304794587072723
GTEX-14LZ3-0011-R6a-SM-686ZO.1,BRAIN,64.5,7.1,805.0,-0.8305472780319941,0.8462637088182211,-1.6768109868502152,-0.7512464287547083
GTEX-14LZ3-0011-R6a-SM-69LQM.1,BRAIN,64.5,7.7,805.0,-0.6196235983725968,0.864879104388719,-1.4845027027613158,-0.3270566911884216
GTEX-14LZ3-0011-R6a-SM-D3L8C.1,BRAIN,64.5,7.7,805.0,-0.19246771978389984,0.620569038561838,-0.8130367583457379,-0.26832774362194745
GTEX-14LZ3-0011-R7a-SM-69LQN.1,BRAIN,64.5,7.4,805.0,-2.262444574890181,1.3215679892494532,-3.584012564139634,-0.8563029552504887
GTEX-14LZ3-0011-R8b-SM-69LOZ.1,BRAIN,64.5,6.9,805.0,-0.854020471266308,0.9645787846107845,-1.8185992558770925,0.03327046364310791
GTEX-14LZ3-0011-R8b-SM-69LP6.1,BRAIN,64.5,8.3,805.0,0.41304511586127646,-0.18997245506654195,0.6030175709278184,0.9582097500629646
GTEX-14LZ3-0011-R8b-SM-COH3M.1,BRAIN,64.5,6.9,805.0,-0.6075586351366147,0.7896092055854366,-1.3971678407220511,0.11501315362695877
GTEX-14LZ3-0126-SM-69LPM.1,SKIN,64.5,7.5,877.0,0.15499910512728576,-0.9032342171107045,1.0582333222379903,0.035311617980115666
GTEX-14LZ3-0226-SM-62LET.1,SKIN,64.5,6.1,880.0,-0.24416600588191517,-0.11744310141509955,-0.1267229044668156,-0.10302413618825089
GTEX-14LZ3-0626-SM-5ZZWP.1,MUSCLE,64.5,8.0,898.0,0.5737893343564057,-0.10298564356602438,0.67677497792243,0.15234894750284372
GTEX-14LZ3-2926-SM-5YY8T.1,BRAIN,64.5,5.7,976.0,-1.4536377532567821,1.023226940168416,-2.476864693425198,0.15540809407996226
GTEX-14LZ3-3026-SM-5ZZVU.1,BRAIN,64.5,6.1,978.0,-0.17827158766660553,0.6076430047835992,-0.7859145924502048,-0.09167160849885804
GTEX-14PHW-0011-R6b-SM-5YYAR.1,BRAIN,64.5,5.7,1155.0,-2.465980855879518,1.3710411435529235,-3.8370219994324417,-1.2003608381461623
GTEX-14PHW-0126-SM-6LLJI.1,SKIN,64.5,8.0,1209.0,0.121428803988572,-0.2106761519561014,0.3321049559446734,0.3514601747749519
GTEX-14PHX-0526-SM-664NW.1,LIVER,54.5,6.5,147.0,0.07752017968629984,-0.8532963499065871,0.930816529592887,0.09285675020766965
GTEX-14PHX-0626-SM-5YY8Z.1,HEART,54.5,6.2,148.0,0.18801164002116136,0.134679816914859,0.053331823106302356,0.41948816671881645
GTEX-14PHX-2126-SM-6EU2U.1,HEART,54.5,7.6,175.0,0.44725254081590027,0.3478524683946934,0.09940007242120685,-0.31386751225099024
GTEX-14PHX-2226-SM-6EU2P.1,SKIN,54.5,6.0,180.0,-0.4320973569595497,0.7414948405018783,-1.173592197461428,-0.17096848950897103
GTEX-14PHX-2326-SM-62LEM.1,SKIN,54.5,7.4,258.0,-0.48376483119130725,0.5977294405866201,-1.0814942717779275,-0.17733274785791514
GTEX-14PHY-0226-SM-5ZZWM.1,HEART,64.5,8.1,479.0,0.14672720437659537,0.3970527361276673,-0.2503255317510719,-0.5266538051364255
GTEX-14PHY-0326-SM-62LE3.1,HEART,64.5,6.4,492.0,-0.01862920081884616,0.12796109618487767,-0.14659029700372384,0.697997678148221
GTEX-14PHY-1226-SM-5ZZWK.1,SKIN,64.5,7.5,542.0,-0.5182122955484539,1.0693979060859078,-1.5876102016343618,-0.2554011350128633
GTEX-14PII-0226-SM-6EU1T.1,SKIN,64.5,7.7,613.0,-0.25537276123707336,-0.0004980461955653373,-0.25487471504150805,-0.26525295091519774
GTEX-14PII-0626-SM-69LPY.1,MUSCLE,64.5,8.4,633.0,0.0588389192710695,-0.04343109627468421,0.10227001554575371,0.5739197443435506
GTEX-14PII-0726-SM-6EU2B.1,SKIN,64.5,7.5,651.0,-0.11147329766234904,0.3201011170177839,-0.4315744146801329,-0.37767909712599024
GTEX-14PII-1026-SM-5ZZVW.1,HEART,64.5,7.6,667.0,0.1292826881262077,-1.0873147839857695,1.2165974721119772,0.9681315079819105
GTEX-14PJ2-0326-SM-6EU2Q.1,MUSCLE,54.5,6.2,424.0,-0.35904199947489823,0.8037836487718691,-1.1628256482467674,-0.3481423492071488
GTEX-14PJ2-0626-SM-6LLII.1,SKIN,54.5,6.8,451.0,0.4665210217580569,0.11561734825558276,0.3509036735024741,0.4102427403431727
GTEX-14PJ2-1026-SM-6EU1M.1,HEART,54.5,5.9,472.0,-1.29116573540358,0.7798254939498357,-2.0709912293534156,-0.24406287767952706
GTEX-14PJ2-1126-SM-69LOD.1,HEART,54.5,6.4,473.0,-0.05069361064586934,0.20038399884939395,-0.2510776094952633,-0.1277131738816115
GTEX-14PJ3-1126-SM-5ZZVX.1,SKIN,54.5,6.0,191.0,-0.5789401948334969,1.7402274324312967,-2.3191676272647936,-0.5233180511618658
GTEX-14PJ3-1826-SM-62LEX.1,SKIN,54.5,7.4,231.0,0.04088550405563489,0.8681862814817163,-0.8273007774260814,0.19458744241214873
GTEX-14PJ3-2026-SM-5ZZVK.1,MUSCLE,54.5,8.5,238.0,-0.2333177716512411,1.3419582115438293,-1.5752759831950705,-0.43158380894685655
GTEX-14PJ4-0226-SM-5YY92.1,SKIN,64.5,7.5,97.0,-0.7913848202472518,0.9472873733403192,-1.738672193587571,-0.4190604960077387
GTEX-14PJ4-0926-SM-5YY98.1,HEART,64.5,8.6,118.0,0.004674841071535641,0.24654447331807725,-0.2418696322465416,0.153289117284691
GTEX-14PJ4-1126-SM-5YY91.1,HEART,64.5,8.8,129.0,0.1116047386489688,0.34328728391209534,-0.23168254526312654,-0.157552572923185
GTEX-14PJ4-2426-SM-6EU1U.1,MUSCLE,64.5,8.3,255.0,-0.6954578304916046,0.5163978833389572,-1.2118557138305617,-0.29473646906709405
GTEX-14PJ5-1526-SM-6LLIL.1,SKIN,64.5,7.7,192.0,-0.1457729533550199,0.14290135980855712,-0.28867431316357706,-0.11036518839481323
GTEX-14PJ5-2026-SM-6LLIN.1,MUSCLE,64.5,8.1,206.0,-0.2542640929094369,-0.3677851817264918,0.11352108881705492,-0.0583903015250885
GTEX-14PJ6-0626-SM-686Z6.1,HEART,64.5,8.7,97.0,0.21385161388890014,-0.13546752062045103,0.34931913450935115,0.6902340856182654
GTEX-14PJ6-0726-SM-69LOL.1,HEART,64.5,8.3,98.0,0.31663484835867955,0.4277763544450053,-0.11114150608632573,-0.5585275612250823
GTEX-14PJ6-2126-SM-6EU1V.1,SKIN,64.5,6.7,134.0,-0.17169521077227745,0.539668363071693,-0.7113635738439704,-0.25534018280459486
GTEX-14PJ6-2326-SM-6ETZR.1,MUSCLE,64.5,7.9,138.0,-0.2556330992513112,0.4734987558952967,-0.7291318551466079,-0.0010198843441160256
GTEX-14PJ6-2626-SM-6EU2T.1,SKIN,64.5,6.5,137.0,-0.23766472538805677,0.4493506585441282,-0.687015383932185,-0.20697810015211468
GTEX-14PJM-0011-R10a-SM-686ZP.1,BRAIN,54.5,6.0,427.0,0.6820766189606334,-0.32137474030637947,1.003451359267013,-0.03882031732279552
GTEX-14PJM-0011-R1a-SM-6AJAG.1,BRAIN,54.5,6.5,427.0,-0.6640600866868956,0.6715419890236269,-1.3356020757105225,-0.21831834889033647
GTEX-14PJM-0011-R1a-SM-6EU2Z.1,BRAIN,54.5,7.9,427.0,-0.3118373251219043,0.5393177644757188,-0.8511550895976231,0.3334347300964763
GTEX-14PJM-0011-R1a-SM-CNPO3.1,BRAIN,54.5,6.5,427.0,-0.5474635652293791,0.5400226950309036,-1.0874862602602828,-0.16090966708601834
GTEX-14PJM-0011-R3b-SM-5ZZV9.1,BRAIN,54.5,5.8,427.0,0.5475903764575564,-0.536559987058618,1.0841503635161742,0.45576825369055307
GTEX-14PJM-0011-R4a-SM-5YYAS.1,BRAIN,54.5,6.8,427.0,-0.34927764694998426,0.4709316915702714,-0.8202093385202557,-0.15813864982978773
GTEX-14PJM-0011-R6a-SM-6872G.1,BRAIN,54.5,8.6,427.0,0.697890170560773,-0.2788863901348131,0.976776560695586,0.08644498322989147
GTEX-14PJM-0011-R7a-SM-6AJBX.1,BRAIN,54.5,7.8,427.0,-0.10686695684882823,0.5069981340781934,-0.6138650909270216,-0.21092190810297873
GTEX-14PJM-0011-R8b-SM-69LPD.1,BRAIN,54.5,6.7,427.0,0.24484953865881642,0.1343271373682308,0.11052240129058563,0.09489107515580238
GTEX-14PJM-0011-R9b-SM-6EU35.1,BRAIN,54.5,7.7,427.0,0.5583841096340808,-1.3220631020007816,1.8804472116348623,0.6600609517925663
GTEX-14PJM-0226-SM-62LF1.1,SKIN,54.5,8.1,523.0,-0.1918410427450644,-0.10106671803230614,-0.09077432471275824,0.16449316139289072
GTEX-14PJM-0426-SM-5ZZVN.1,MUSCLE,54.5,8.0,529.0,-0.03739573947071801,0.42209163524641446,-0.45948737471713247,-0.33810494260833324
GTEX-14PJM-0826-SM-6LLIW.1,HEART,54.5,6.2,562.0,1.2168364766889286,-2.534596117334058,3.7514325940229867,-0.29769445931618443
GTEX-14PJM-1126-SM-6LLHK.1,HEART,54.5,6.8,569.0,0.5043150231315152,-1.2620675892017124,1.7663826123332276,1.7599368489535752
GTEX-14PJM-3026-SM-6LLHM.1,BRAIN,54.5,7.4,619.0,0.8641141322891632,-1.058965548983972,1.9230796812731352,-0.021240626125610604
GTEX-14PJM-3126-SM-6EU2R.1,BRAIN,54.5,5.8,621.0,0.2723223910242795,0.1740772955777932,0.09824509544648632,-0.012514248970793585
GTEX-14PJN-1826-SM-6AJ98.1,SKIN,34.5,7.6,440.0,-0.19032197938694564,0.6158701999533337,-0.8061921793402793,-0.19507303215889496
GTEX-14PJN-2126-SM-6AJBM.1,MUSCLE,34.5,8.4,529.0,-0.6958179908363609,1.2953261218917735,-1.9911441127281344,-0.5409779293998185
GTEX-14PJO-0011-R10a-SM-686ZS.1,BRAIN,64.5,7.1,520.0,-0.18219882741267215,0.6699355592476299,-0.8521343866603021,-0.4595345834318229
GTEX-14PJO-0011-R1b-SM-6AJAK.1,BRAIN,64.5,7.4,520.0,-1.1357421350595438,0.9533898108723708,-2.0891319459319146,-0.34547972177678743
GTEX-14PJO-0011-R2a-SM-5ZZVF.1,BRAIN,64.5,6.7,520.0,-0.7197991921826732,0.8605190776008238,-1.580318269783497,-0.26396197041343944
GTEX-14PJO-0011-R3a-SM-6AJBY.1,BRAIN,64.5,6.4,520.0,-0.17299271886564274,0.5452180486547908,-0.7182107675204336,-0.1791772667041983
GTEX-14PJO-0011-R5a-SM-6AJBZ.1,BRAIN,64.5,7.4,520.0,0.14290424654475,0.5209262863999378,-0.3780220398551878,0.11932046973381517
GTEX-14PJO-0011-R7a-SM-664NR.1,BRAIN,64.5,6.4,520.0,-0.23651047500063183,0.8164992909059439,-1.0530097659065758,-0.1700749316451257
GTEX-14PJO-0011-R8a-SM-6AJAL.1,BRAIN,64.5,8.3,520.0,-0.7051899382841387,0.8877247422157253,-1.592914680499864,-0.17179704248926916
GTEX-14PJO-0011-R9b-SM-62LE9.1,BRAIN,64.5,7.5,520.0,0.54488472847561,-1.38962676807971,1.93451149655532,1.074862510624448
GTEX-14PJO-0526-SM-6EU2O.1,MUSCLE,64.5,6.2,648.0,0.22393081593635167,-0.27135605381211503,0.4952868697484667,-0.34752705890266106
GTEX-14PJO-0826-SM-6ETZK.1,HEART,64.5,7.7,657.0,0.46557358441789454,-0.923825678008336,1.3893992624262306,0.24202295066379842
GTEX-14PJO-1726-SM-68719.1,LIVER,64.5,5.8,673.0,-0.42085159943221834,0.735430872569727,-1.1562824720019453,-0.29276347622218246
GTEX-14PJO-2526-SM-6AJBQ.1,SKIN,64.5,6.9,686.0,-0.65017662466899,0.9993291543047257,-1.6495057789737158,0.08219863356717125
GTEX-14PJO-2926-SM-686ZI.1,BRAIN,64.5,6.0,694.0,-0.7282410714164244,0.9666249728489082,-1.6948660442653325,-0.4131725359700764
GTEX-14PK6-0226-SM-62LF5.1,SKIN,74.5,5.8,85.0,-1.2169637393015336,1.5439892208768133,-2.760952960178347,0.07745573417011174
GTEX-14PK6-0726-SM-6LLIX.1,HEART,74.5,7.8,102.0,-0.015363114350644271,0.22811842823525333,-0.2434815425858976,-0.2143112310034766
GTEX-14PK6-0826-SM-5ZZVO.1,HEART,74.5,7.3,105.0,0.335044287873432,0.2922950361382715,0.042749251735160476,-0.3877995477380778
GTEX-14PK6-1926-SM-6ETZU.1,SKIN,74.5,6.0,245.0,0.24511136980739237,-0.5283727162954561,0.7734840861028485,0.35157786226284493
GTEX-14PK6-2126-SM-6ETZV.1,MUSCLE,74.5,7.0,249.0,-0.9410373888827493,0.31256783250404563,-1.253605221386795,-0.5194753497609246
GTEX-14PKU-0008-SM-E9U4G.1,SKIN,44.5,9.9,308.0,0.983885417670476,-1.2471239971721617,2.231009414842638,-0.36358459270421367
GTEX-14PKU-0126-SM-6LLHV.1,SKIN,44.5,7.6,137.0,-0.3314085535327086,0.5965102512750022,-0.9279188048077108,-0.0521056949506419
GTEX-14PKV-0008-SM-E9U4H.1,SKIN,24.5,9.9,359.0,0.48546143706995765,-1.424490915933273,1.9099523530032307,-0.003334447317895904
GTEX-14PKV-1126-SM-6LLJ1.1,SKIN,24.5,6.6,379.0,-0.43977962622886907,0.8245836312702861,-1.2643632574991552,0.07055121302395027
GTEX-14PN3-0008-SM-E76Q7.1,SKIN,64.5,9.9,289.0,0.8295596952362235,-1.0515772351967438,1.8811369304329673,-0.3394729423189562
GTEX-14PN3-0526-SM-69LQF.1,HEART,64.5,8.2,93.0,0.1905763247849468,0.3295790040355253,-0.13900267925057852,-0.7017305594487808
GTEX-14PN3-0726-SM-6EU14.1,HEART,64.5,8.1,96.0,0.2418884883487698,0.056812900257019766,0.18507558809175004,0.15948767453784163
GTEX-14PN3-2426-SM-6LLHS.1,SKIN,64.5,7.7,289.0,-0.11365037045701536,0.5343577362242242,-0.6480081066812395,0.1021583632567423
GTEX-14PN4-0008-SM-E9U4N.1,SKIN,54.5,10.0,1046.0,0.7253705134849537,-1.4618069379610465,2.1871774514460003,0.07317426727686821
GTEX-14PN4-0011-R10b-SM-69LP2.1,BRAIN,54.5,8.1,1024.0,0.5380689243935843,-0.016815107971157664,0.554884032364742,-0.02545196405360749
GTEX-14PN4-0011-R11a-SM-686ZW.1,BRAIN,54.5,8.8,1024.0,0.9516024188310755,-1.2009656381389247,2.1525680569700003,-0.06426443684666802
GTEX-14PN4-0011-R1b-SM-69LP8.1,BRAIN,54.5,6.1,1024.0,-0.027935581116201286,0.5381203793430125,-0.5660559604592138,0.1426902967132567
GTEX-14PN4-0011-R2a-SM-6EU2Y.1,BRAIN,54.5,7.1,1024.0,0.5392208176534592,-0.18533092723133998,0.7245517448847991,0.7960517444969286
GTEX-14PN4-0011-R3b-SM-686ZU.1,BRAIN,54.5,9.4,1024.0,0.68582544950682,-0.19805863901508555,0.8838840885219056,-0.011115555952956529
GTEX-14PN4-0011-R4a-SM-686ZT.1,BRAIN,54.5,6.9,1024.0,0.0037604715796440997,0.22626075108110266,-0.22250027950145856,0.3895714906409572
GTEX-14PN4-0011-R5a-SM-686ZV.1,BRAIN,54.5,6.5,1024.0,0.4756157167315777,0.22395220241972347,0.25166351431185424,0.16643472415327792
GTEX-14PN4-0011-R6b-SM-69LQU.1,BRAIN,54.5,8.0,1024.0,0.16342359076884996,0.17048493462220768,-0.0070613438533577155,0.40625479105100043
GTEX-14PN4-0011-R7b-SM-69LQQ.1,BRAIN,54.5,7.5,1024.0,0.46973859862267636,0.06066228301642689,0.40907631560624946,0.2041829185749389
GTEX-14PN4-0011-R8a-SM-6EU1H.1,BRAIN,54.5,7.0,1024.0,0.509096161956216,-0.01978588295202751,0.5288820449082435,0.7096840212473638
GTEX-14PN4-0011-R9a-SM-6LLH9.1,BRAIN,54.5,6.9,1024.0,0.16900298905105474,-0.12646042053704362,0.29546340958809836,0.8625617544732409
GTEX-14PN4-0126-SM-6EU2V.1,SKIN,54.5,7.5,1045.0,-0.15044821628163507,-0.39553921998784414,0.24509100370620907,-0.0052477468554365065
GTEX-14PN4-0326-SM-6EU2N.1,MUSCLE,54.5,7.7,1052.0,-1.4249065060954846,0.8353821531703672,-2.2602886592658518,0.12261017927579186
GTEX-14PN4-0826-SM-69LON.1,HEART,54.5,6.7,1096.0,0.6195945749440199,-0.9322734538116014,1.5518680287556212,0.7339536610148852
GTEX-14PN4-3026-SM-664O4.1,BRAIN,54.5,6.8,1212.0,0.6531998214096011,-0.8562378517768926,1.5094376731864938,-0.01942874136308179
GTEX-14PQA-0008-SM-E6CPD.1,SKIN,54.5,9.9,1164.0,0.08657882356384186,-1.3947659094408762,1.481344733004718,-0.08650355038035104
GTEX-14PQA-0011-R10a-SM-6AJAA.1,BRAIN,54.5,7.0,1109.0,0.45040111434657754,-0.0873766385909996,0.5377777529375771,0.3939431772046104
GTEX-14PQA-0011-R1b-SM-6EU1G.1,BRAIN,54.5,7.5,1109.0,-0.34260769412643405,0.35172234621083065,-0.6943300403372648,0.36573768099638637
GTEX-14PQA-0011-R3b-SM-69LQO.1,BRAIN,54.5,6.9,1109.0,-0.45878107351944675,0.49221570775750745,-0.9509967812769542,0.03219437154871775
GTEX-14PQA-0011-R4b-SM-6AJBU.1,BRAIN,54.5,7.1,1109.0,-0.7409692247916427,0.7144744878285199,-1.4554437126201627,-0.11271073951343348
GTEX-14PQA-0011-R5b-SM-6AJC2.1,BRAIN,54.5,6.2,1109.0,-0.10467888847575704,0.4494935618122731,-0.5541724502880302,0.42689081981778143
GTEX-14PQA-0011-R6b-SM-6AJAM.1,BRAIN,54.5,6.2,1109.0,-0.21719568645072465,0.5243913945855555,-0.7415870810362801,-0.12087211552420292
GTEX-14PQA-0011-R8b-SM-6AJAB.1,BRAIN,54.5,6.9,1109.0,-0.29160673222080574,0.5687272659316815,-0.8603339981524873,0.5525436465518175
GTEX-14PQA-0526-SM-7KUFS.1,MUSCLE,54.5,7.2,1177.0,0.1467811742718556,0.46106529849498573,-0.3142841242231301,-0.28774100723716206
GTEX-14XAO-0008-SM-E9U4M.1,SKIN,64.5,10.0,265.0,0.2569608730161972,-1.2997221101394452,1.5566829831556424,-0.019574314959050168
GTEX-14XAO-0226-SM-68728.1,LIVER,64.5,6.7,94.0,-0.18552053973112276,0.06630615811808663,-0.2518266978492094,0.15147459388628004
GTEX-14XAO-0926-SM-69LPZ.1,HEART,64.5,9.4,114.0,0.38779582301860105,-0.3203343499504411,0.7081301729690421,0.5180481547813007
GTEX-14XAO-1126-SM-6EU11.1,HEART,64.5,8.8,122.0,0.6819023642048617,-1.2238643968262433,1.905766761031105,0.5321291019818312
GTEX-14XAO-1226-SM-6EU1C.1,SKIN,64.5,7.6,125.0,0.19451276713998364,0.3329506106954974,-0.13843784355551378,-0.360477307788298
GTEX-14XAO-2226-SM-6LLHU.1,MUSCLE,64.5,7.3,263.0,0.3415840221507404,0.5446878510051433,-0.20310382885440287,-0.08221771198549628
GTEX-14XAO-2326-SM-6EU1B.1,SKIN,64.5,7.4,265.0,0.09946196427117364,-0.25483142467659825,0.3542933889477719,-0.05539562502470836
GTEX-15CHC-0008-SM-E9U4J.1,SKIN,64.5,9.8,273.0,0.7945393552344281,-1.4190952534778725,2.2136346087123004,-0.380419395464489
GTEX-15CHC-0326-SM-5ZZVP.1,HEART,64.5,7.3,194.0,0.04383805290928709,0.28738080805906185,-0.24354275514977475,0.5330497919688968
GTEX-15CHC-0426-SM-6LLHI.1,HEART,64.5,8.7,196.0,0.7640843921552998,0.007460988073834982,0.7566234040814648,-0.3309721260087453
GTEX-15CHC-1126-SM-6LLHQ.1,SKIN,64.5,6.0,218.0,0.3844262189848936,0.28825113191972135,0.09617508706517225,0.1132228485168053
GTEX-15CHC-2126-SM-6EU21.1,SKIN,64.5,6.7,273.0,0.379415444690319,0.5332647804801114,-0.15384933578979237,0.14024367175418243
GTEX-15CHC-2426-SM-6EU22.1,MUSCLE,64.5,7.7,288.0,0.084363295645429,0.9356419381117538,-0.8512786424663248,-0.6973315826676028
GTEX-15CHQ-0008-SM-E9U4I.1,SKIN,64.5,9.3,851.0,0.21062144345906172,-1.4833048608842132,1.6939263043432748,-0.025428779156340307
GTEX-15CHQ-0011-R10b-SM-6AJBV.1,BRAIN,64.5,8.0,800.0,0.9341629476578572,-0.8179476452215023,1.7521105928793594,0.4183143260618928
GTEX-15CHQ-0011-R11b-SM-686ZZ.1,BRAIN,64.5,8.0,800.0,1.3304055808407758,-2.0156031164548915,3.3460086972956673,0.0977522780138741
GTEX-15CHQ-0011-R1a-SM-6AJAH.1,BRAIN,64.5,7.2,800.0,-0.07854788848651796,0.31678676485640705,-0.395334653342925,0.26736475177018865
GTEX-15CHQ-0011-R1a-SM-6EU31.1,BRAIN,64.5,8.0,800.0,0.41964584473459376,-0.36281981835924404,0.7824656630938378,0.9265549704566778
GTEX-15CHQ-0011-R1a-SM-COH27.1,BRAIN,64.5,7.2,800.0,0.207826594518585,0.02686103236214463,0.18096556215644038,0.3807411272975856
GTEX-15CHQ-0011-R2b-SM-6AJAD.1,BRAIN,64.5,7.7,800.0,0.820609094745396,-0.4829742303018253,1.3035833250472213,0.77822739394761
GTEX-15CHQ-0011-R3b-SM-686ZY.1,BRAIN,64.5,8.1,800.0,1.0682672265823583,-0.7474600520601395,1.8157272786424978,0.3924254040384874
GTEX-15CHQ-0011-R4a-SM-686ZX.1,BRAIN,64.5,7.7,800.0,0.23212943651836773,0.17823239433746924,0.0538970421808985,0.4503005090214702
GTEX-15CHQ-0011-R5b-SM-6AJAN.1,BRAIN,64.5,8.6,800.0,1.0122518645784675,-0.7922528613548854,1.8045047259333529,0.4841975447893484
GTEX-15CHQ-0011-R6b-SM-69LOX.1,BRAIN,64.5,8.6,800.0,0.799632584252438,-0.46500275200547886,1.2646353362579168,0.34786687595554777
GTEX-15CHQ-0011-R7b-SM-69LP1.1,BRAIN,64.5,8.0,800.0,0.9500138167812405,-0.513171837885943,1.4631856546671835,0.30475797610587935
GTEX-15CHQ-0011-R7b-SM-6AJAC.1,BRAIN,64.5,8.2,800.0,0.7149614951006833,-0.1399782420506145,0.8549397371512978,0.35470202193746597
GTEX-15CHQ-0011-R7b-SM-D4P1Q.1,BRAIN,64.5,8.0,800.0,1.2492345898315638,-0.9136883055990391,2.162922895430603,0.36332059393756916
GTEX-15CHQ-0011-R8b-SM-6AJAI.1,BRAIN,64.5,7.3,800.0,0.6169671725027168,-0.21100792184570696,0.8279750943484238,0.3301352672158714
GTEX-15CHQ-0011-R8b-SM-6EU32.1,BRAIN,64.5,8.2,800.0,0.8229272708905676,-0.6906714430291405,1.5135987139197082,0.6701955432314703
GTEX-15CHQ-0011-R8b-SM-CNPO4.1,BRAIN,64.5,7.3,800.0,0.6532221020292781,-0.1467811374301114,0.8000032394593894,0.2512256394200588
GTEX-15CHQ-0011-R9a-SM-6LLHX.1,BRAIN,64.5,8.2,800.0,0.6633621231045298,-2.140419829891484,2.803781952996014,2.1585745947614505
GTEX-15CHQ-0326-SM-69LQD.1,SKIN,64.5,6.1,854.0,-0.21064042078297318,0.5920805385559595,-0.8027209593389327,0.3023490000324434
GTEX-15CHQ-0726-SM-6EU18.1,MUSCLE,64.5,7.7,881.0,0.4499212490569098,-0.44240993238447435,0.8923311814413841,0.7036769065072125
GTEX-15CHQ-1326-SM-6871Z.1,HEART,64.5,7.6,891.0,0.8679523868590435,-1.9596975305506847,2.8276499174097283,0.7486809787053852
GTEX-15CHQ-1526-SM-69LPW.1,HEART,64.5,5.8,894.0,-3.079040733468535,1.1589082085229063,-4.237948941991441,-1.327429059747887
GTEX-15CHR-0008-SM-E9U4K.1,SKIN,54.5,9.9,404.0,0.9360836437459791,-1.142957170622562,2.079040814368541,-0.24930223975913615
GTEX-15CHR-0226-SM-7PC2Z.1,HEART,54.5,8.0,179.0,0.27379307005356496,0.48109370060464485,-0.2073006305510799,-0.5649940088127626
GTEX-15CHR-0326-SM-7DHN3.1,HEART,54.5,8.1,187.0,0.1102409210597554,0.08765694158165971,0.022583979478095692,0.4793440957143559
GTEX-15CHR-1126-SM-7EWF4.1,SKIN,54.5,6.3,220.0,-0.9044390885778251,1.509262062164619,-2.413701150742444,-0.15750026346749887
GTEX-15CHR-2426-SM-7DUFX.1,MUSCLE,54.5,7.3,411.0,-0.29797711162837875,0.8371094625988676,-1.1350865742272465,0.305806752010629
GTEX-15CHS-0011-R11b-SM-68711.1,BRAIN,54.5,6.4,797.0,0.7391540455898741,-0.5402457336676261,1.2793997792575,-0.49497017927091475
GTEX-15CHS-0011-R1a-SM-68712.1,BRAIN,54.5,7.6,797.0,-1.3250544575845027,0.9956845666354078,-2.3207390242199106,-0.6136435923383484
GTEX-15CHS-0011-R2a-SM-6EU2X.1,BRAIN,54.5,6.3,797.0,-0.7116708532349373,0.7768582066005915,-1.4885290598355287,-0.22387345255046648
GTEX-15CHS-0011-R3a-SM-6AJAE.1,BRAIN,54.5,6.9,797.0,-0.9492870865014404,0.8520898383336757,-1.8013769248351161,-0.33106184590473314
GTEX-15CHS-0011-R3a-SM-6EU1E.1,BRAIN,54.5,6.2,797.0,-0.6151971371566539,0.6599824234848739,-1.275179560641528,-0.18287459709866127
GTEX-15CHS-0011-R4b-SM-6EU1D.1,BRAIN,54.5,6.6,797.0,-1.1416594178382224,0.8907907581926692,-2.0324501760308915,-0.3643586625190517
GTEX-15CHS-0011-R5b-SM-69LP3.1,BRAIN,54.5,7.2,797.0,-1.7413716049151178,1.3700726557488696,-3.1114442606639874,-0.6367638818377164
GTEX-15CHS-0011-R5b-SM-69LPA.1,BRAIN,54.5,7.3,797.0,-1.4256280862051902,1.3120726383138452,-2.7377007245190352,-0.572904271204443
GTEX-15CHS-0011-R6a-SM-6AJC1.1,BRAIN,54.5,7.8,797.0,-0.8053441214049596,1.06432531515151,-1.8696694365564697,-0.673173359316708
GTEX-15CHS-0011-R7a-SM-69LQL.1,BRAIN,54.5,6.1,797.0,-2.125650709383524,1.4657782233174612,-3.5914289327009854,-0.9592110901093241
GTEX-15CHS-0011-R8a-SM-6EU1L.1,BRAIN,54.5,5.9,797.0,0.3667110119420406,-0.09083826699795736,0.45754927893999797,-0.5657457645804711
GTEX-15CHS-0011-R9b-SM-6LLH8.1,BRAIN,54.5,7.9,797.0,0.4261007471338735,-0.641119665329236,1.0672204124631095,0.48350021953190003
GTEX-15CHS-0526-SM-6EU2D.1,MUSCLE,54.5,8.0,917.0,0.48362176733328865,0.3659172234968184,0.11770454383647028,-0.24616404417821236
GTEX-15CHS-0626-SM-6AJA3.1,SKIN,54.5,6.7,922.0,0.2402121952384815,0.0678640324962959,0.17234816274218562,0.5121185966434184
GTEX-15CHS-1426-SM-6871W.1,LIVER,54.5,5.8,971.0,-0.49195024443575935,0.8263109023296528,-1.3182611467654122,0.10875462672301639
GTEX-15D1Q-0008-SM-E9U4L.1,SKIN,44.5,10.0,682.0,0.8916917200918949,-1.1591349174589591,2.050826637550854,-0.3577359887246839
GTEX-15D1Q-0126-SM-7KUG6.1,SKIN,44.5,6.3,680.0,0.5431485631101239,-0.0004998300987298493,0.5436483932088538,0.14091057318980652
GTEX-15D1Q-0426-SM-6AJ9G.1,HEART,44.5,6.2,697.0,-1.145257254481947,0.5814428064819446,-1.7267000609638916,0.41628472903998126
GTEX-15D1Q-2826-SM-6LLH7.1,SKIN,44.5,7.0,747.0,-0.02727561884908274,0.13568916050559227,-0.16296477935467502,0.12514117203902805
GTEX-15D79-0008-SM-E6CPM.1,SKIN,54.5,10.0,907.0,0.8736386134871735,-1.1742084096124241,2.0478470230995978,-0.22625370408711534
GTEX-15D79-0526-SM-6ETZP.1,MUSCLE,54.5,8.2,966.0,0.7392634726265336,-0.37207894596567315,1.1113424185922067,-0.274046113617478
GTEX-15DCD-0008-SM-E76Q6.1,SKIN,74.5,9.8,693.0,1.004745302163269,-1.4332945420749719,2.438039844238241,-0.39738685179874683
GTEX-15DCD-0011-R10b-SM-6LPII.1,BRAIN,74.5,8.8,635.0,0.6275924889207505,-0.0783709453948244,0.7059634343155748,0.005330474140187666
GTEX-15DCD-0011-R11a-SM-69LP4.1,BRAIN,74.5,8.1,635.0,0.6615786290660798,-0.7026992540015912,1.364277883067671,0.3814270375123076
GTEX-15DCD-0011-R11a-SM-6AJAF.1,BRAIN,74.5,8.4,635.0,0.6582540019424368,-0.8352649623155455,1.4935189642579823,0.04235532315280387
GTEX-15DCD-0011-R11a-SM-D4P1R.1,BRAIN,74.5,8.1,635.0,0.7716466094985204,-0.9006346733721362,1.6722812828706566,0.47841221083907964
GTEX-15DCD-0011-R1b-SM-6LPIJ.1,BRAIN,74.5,7.6,635.0,-1.1569234030740618,0.9937106625416751,-2.150634065615737,-0.4538674326607729
GTEX-15DCD-0011-R2b-SM-6LPIE.1,BRAIN,74.5,6.8,635.0,-0.2260998577269431,0.45656787089524653,-0.6826677286221896,0.2334417173804807
GTEX-15DCD-0011-R3b-SM-69LOY.1,BRAIN,74.5,7.5,635.0,0.2921873445554291,0.10848143562276581,0.1837059089326633,0.2691490693956554
GTEX-15DCD-0011-R3b-SM-6EU1I.1,BRAIN,74.5,7.5,635.0,0.6160251636497629,-0.5249792146106066,1.1410043782603694,0.6071406318037078
GTEX-15DCD-0011-R3b-SM-D4P1P.1,BRAIN,74.5,7.5,635.0,0.5544688666122288,-0.21271500230863966,0.7671838689208685,0.3389978413313541
GTEX-15DCD-0011-R4a-SM-69LPB.1,BRAIN,74.5,7.5,635.0,-0.5234115328190699,0.7204341515568545,-1.2438456843759245,0.05661056467312163
GTEX-15DCD-0011-R5a-SM-69LPC.1,BRAIN,74.5,8.0,635.0,-0.21125289376466902,0.6651666772343816,-0.8764195709990507,0.1473864200417863
GTEX-15DCD-0011-R5a-SM-6EU1F.1,BRAIN,74.5,7.1,635.0,-0.08585576240126878,0.5341337666871899,-0.6199895290884587,0.12706407981307596
GTEX-15DCD-0011-R5a-SM-CXZKZ.1,BRAIN,74.5,8.0,635.0,0.13357638676381092,0.3499023222436687,-0.21632593547985776,0.2888873701405032
GTEX-15DCD-0011-R6b-SM-6M46L.1,BRAIN,74.5,8.4,635.0,0.26992083554915725,0.2416264308796793,0.02829440466947794,0.23633027810602286
GTEX-15DCD-0011-R7b-SM-6LPID.1,BRAIN,74.5,7.8,635.0,-0.6339461073501277,0.9285438032567129,-1.5624899106068406,-0.09375603657036699
GTEX-15DCD-0011-R8b-SM-7KUEF.1,BRAIN,74.5,7.4,635.0,0.13561101575847406,-0.03566454352421088,0.17127555928268495,0.27052204827383125
GTEX-15DCD-0011-R9b-SM-7KUED.1,BRAIN,74.5,7.5,635.0,0.4410879510494298,-0.9844200978617276,1.4255080489111573,1.3540786389992887
GTEX-15DCD-0126-SM-7KUEK.1,SKIN,74.5,7.9,692.0,0.27304065585972737,-0.1706930646050352,0.44373372046476256,0.321755748494598
GTEX-15DCD-0626-SM-7KUG7.1,MUSCLE,74.5,8.7,709.0,0.5240361164084092,-0.43414601428212346,0.9581821306905327,0.4033360427474265
GTEX-15DCD-2926-SM-7KULT.1,BRAIN,74.5,6.5,758.0,0.2997292699930154,0.023570675784794923,0.2761585942082205,0.15902998972499066
GTEX-15DCE-0008-SM-E6CPF.1,SKIN,24.5,9.6,670.0,0.07506100363698369,-1.2626861983656847,1.3377472020026684,-0.08121831297597326
GTEX-15DCE-0826-SM-7KULW.1,HEART,24.5,6.7,693.0,0.01865746155647731,0.40942360539131956,-0.39076614383484226,-0.17940505320219177
GTEX-15DCZ-0526-SM-686Z3.1,MUSCLE,24.5,8.1,554.0,-1.0545751041554121,-0.6081626385970761,-0.446412465558336,0.7314871917551012
GTEX-15DCZ-0626-SM-6AJ9I.1,SKIN,24.5,6.5,556.0,0.054006964042013904,-0.30045117908042185,0.35445814312243573,0.12043773384253378
GTEX-15DCZ-1126-SM-6871O.1,HEART,24.5,6.3,585.0,-1.0705972985898065,0.6934589678057423,-1.7640562663955488,-0.2561468945095449
GTEX-15DDE-0008-SM-E6CPH.1,SKIN,54.5,9.9,628.0,0.6479364285959861,-1.5180959292380534,2.1660323578340392,-0.12389547943921307
GTEX-15DDE-0011-R10a-SM-7KUKW.1,BRAIN,54.5,6.9,594.0,-0.9130169768858916,0.31906057801876947,-1.232077554904661,-0.4610604077984761
GTEX-15DDE-0011-R10a-SM-7KULA.1,BRAIN,54.5,7.5,594.0,-0.5772489764183985,0.10039831120623034,-0.6776472876246288,-0.3657517595743579
GTEX-15DDE-0011-R11b-SM-6LPIF.1,BRAIN,54.5,7.8,594.0,0.6972876116520101,-2.1752592325552818,2.872546844207292,-0.4121670357000367
GTEX-15DDE-0011-R4b-SM-7KULI.1,BRAIN,54.5,6.8,594.0,-1.5173476503245478,0.4488439455815483,-1.966191595906096,-0.33288606789206915
GTEX-15DDE-0011-R5b-SM-7KULJ.1,BRAIN,54.5,7.4,594.0,-0.7386130231979866,0.25035727081140996,-0.9889702940093965,0.16248728548836872
GTEX-15DDE-0011-R9b-SM-6M46U.1,BRAIN,54.5,7.4,594.0,-0.444919443450584,0.11986640793730388,-0.5647858513878878,0.32182756980041427
GTEX-15DDE-0126-SM-6LPKH.1,SKIN,54.5,8.1,628.0,0.4431265809101539,-0.8408251387743519,1.2839517196845058,0.22177492097355622
GTEX-15DDE-0526-SM-6ETZQ.1,MUSCLE,54.5,8.1,635.0,0.31419504799830394,-1.20397429513241,1.518169343130714,-0.04996710681407095
GTEX-15DDE-1126-SM-6LLHN.1,HEART,54.5,5.9,654.0,-0.15991476603037819,0.04688412734901695,-0.20679889337939514,-0.4401810644975904
GTEX-15DDE-2926-SM-6LLJ3.1,SKIN,54.5,7.4,689.0,0.05714566230952451,0.08705794596923985,-0.029912283659715343,-0.2079092573234153
GTEX-15DDE-3026-SM-6AJ9C.1,BRAIN,54.5,6.9,695.0,0.3399983436584876,-1.340704482651128,1.6807028263096155,-0.10834865163758048
GTEX-15DYW-0008-SM-E76Q4.1,SKIN,64.5,9.9,494.0,0.7577983140527168,-1.0752727336934418,1.8330710477461585,-0.023833701221183556
GTEX-15DYW-0011-R11a-SM-6LPIT.1,BRAIN,64.5,9.0,427.0,0.8624544529638992,-1.0033681163241925,1.8658225692880919,0.07596594791782794
GTEX-15DYW-0011-R2b-SM-7KUKY.1,BRAIN,64.5,7.3,427.0,-0.18339859270961015,0.42857764844601376,-0.6119762411556239,0.07107055044438523
GTEX-15DYW-0011-R3b-SM-6LPIM.1,BRAIN,64.5,6.7,427.0,-0.34703868887942874,0.5472049773740248,-0.8942436662534536,-0.2699741859859594
GTEX-15DYW-0011-R4a-SM-6M46V.1,BRAIN,64.5,8.0,427.0,0.37510905541906747,-0.08262093380235408,0.45772998922142155,0.28678227551177315
GTEX-15DYW-0011-R5a-SM-6M46W.1,BRAIN,64.5,8.6,427.0,0.15974030499173691,0.41443781942136815,-0.25469751442963123,0.0025222153846409384
GTEX-15DYW-0011-R6b-SM-6PALA.1,BRAIN,64.5,7.1,427.0,0.24085027025069242,0.10416449853248268,0.13668577171820973,0.2206706248263103
GTEX-15DYW-0011-R7a-SM-7KULG.1,BRAIN,64.5,7.4,427.0,-0.8061926702755897,0.9051193910672164,-1.7113120613428061,-0.2924069801555239
GTEX-15DYW-0011-R9b-SM-6PALB.1,BRAIN,64.5,8.0,427.0,0.41527956784101727,-0.901123308916313,1.3164028767573304,1.1554364981724659
GTEX-15DYW-0126-SM-7KULE.1,SKIN,64.5,8.5,493.0,0.13317322719095567,-0.22760419486544656,0.36077742205640223,0.4234550953524242
GTEX-15DYW-1126-SM-6LPK5.1,HEART,64.5,6.7,541.0,-1.3356896065916508,0.8778540535675058,-2.2135436601591567,-0.8072055504385827
GTEX-15DYW-1326-SM-6LPIV.1,LIVER,64.5,7.0,545.0,0.1623259819039472,0.36264227601676435,-0.20031629411281715,0.39973285251672896
GTEX-15DYW-2726-SM-6EU2I.1,SKIN,64.5,5.9,566.0,0.31288605418823395,-0.652642147300851,0.9655282014890849,0.046844550004125185
GTEX-15DYW-3026-SM-7KFRM.1,BRAIN,64.5,7.3,586.0,0.9246285529829555,-1.0239624054138097,1.9485909583967653,0.39762514364724644
GTEX-15DZA-0008-SM-E76Q2.1,SKIN,34.5,10.0,255.0,0.10430653616824616,-1.4954738593739099,1.5997803955421561,0.05631605171372686
GTEX-15DZA-2026-SM-6PANE.1,MUSCLE,34.5,8.6,250.0,0.2744633350105924,-0.03247808081958564,0.30694141583017803,0.24151312214089263
GTEX-15EO6-0008-SM-E6CPJ.1,SKIN,54.5,9.8,1395.0,0.16301589977340913,-1.6374025004209096,1.8004184001943186,-0.16847880409984375
GTEX-15EO6-0011-R11b-SM-6M47M.1,BRAIN,54.5,10.0,1375.0,1.1419369829498316,-1.8484452718144906,2.990382254764322,0.11844767641821514
GTEX-15EO6-0011-R2a-SM-6M46R.1,BRAIN,54.5,7.5,1375.0,-0.009427251471132707,0.3196869047878488,-0.3291141562589815,0.30268758294894965
GTEX-15EO6-0011-R3b-SM-7KUDY.1,BRAIN,54.5,8.0,1375.0,0.7042610205392125,-0.36328315980881326,1.0675441803480257,0.1802912206260441
GTEX-15EO6-0011-R4a-SM-7KUKZ.1,BRAIN,54.5,7.6,1375.0,0.39315262328467615,0.06942533874949569,0.32372728453518046,0.12380806470965952
GTEX-15EO6-0011-R4a-SM-7KULH.1,BRAIN,54.5,7.0,1375.0,0.368229435067087,-0.05945016952989031,0.4276796045969773,0.23945104377406953
GTEX-15EO6-0011-R5b-SM-7KUDZ.1,BRAIN,54.5,9.3,1375.0,0.6775470086367126,-0.2520578575361398,0.9296048661728524,0.419959938595376
GTEX-15EO6-0011-R6a-SM-7KULK.1,BRAIN,54.5,7.4,1375.0,-0.19877634748618386,0.6120040220511297,-0.8107803695373136,-0.09125032867403943
GTEX-15EO6-0011-R7a-SM-6M46Q.1,BRAIN,54.5,7.9,1375.0,0.10088098968638083,0.44761117196816347,-0.34673018228178265,0.030284361495931125
GTEX-15EO6-0011-R9a-SM-6PALG.1,BRAIN,54.5,8.3,1375.0,0.39930889862400004,-0.7216272372257844,1.1209361358497845,0.9579431171599414
GTEX-15EO6-2426-SM-6PALZ.1,SKIN,54.5,7.4,1432.0,-0.23528803037853557,0.1449074377946621,-0.38019546817319766,-0.06211447583232213
GTEX-15EO6-2826-SM-6PANB.1,MUSCLE,54.5,8.0,1434.0,-0.05693498227456779,-0.4799432457690146,0.4230082634944468,-0.15946378253256552
GTEX-15EO6-2926-SM-6M48D.1,BRAIN,54.5,7.5,1437.0,0.9471559439171201,-1.7688953074351792,2.716051251352299,-0.09391869940312289
GTEX-15EO6-3026-SM-7KUMA.1,BRAIN,54.5,7.4,1438.0,0.5767038350592951,-0.17916290193657636,0.7558667369958715,0.0519858415190328
GTEX-15EOM-0008-SM-E6CPI.1,SKIN,24.5,9.9,181.0,0.9030273717526415,-1.0797658407073902,1.9827932124600318,-0.43187575354913366
GTEX-15EOM-0126-SM-7KUGG.1,SKIN,24.5,7.6,186.0,0.014054959104354699,-2.2646909206098984,2.2787458797142532,0.5946952240971823
GTEX-15EOM-0326-SM-6LLJH.1,MUSCLE,24.5,6.5,189.0,-2.635791016674388,1.3635689136657734,-3.9993599303401615,0.8545539529666443
GTEX-15EOM-0626-SM-6LPKI.1,HEART,24.5,7.9,200.0,0.19353777638389788,0.32807208811977706,-0.13453431173587918,-0.3875870507976394
GTEX-15EOM-5004-SM-79ONJ.1,MUSCLE,24.5,6.6,190.0,-1.0021368533281616,0.8541810901955766,-1.8563179435237382,-0.12541820120676916
GTEX-15EOM-5007-SM-793DG.1,HEART,24.5,7.7,200.0,0.5837295788814015,-0.3677326822909072,0.9514622611723087,0.17069723031674613
GTEX-15ER7-0008-SM-E6CPG.1,SKIN,24.5,9.9,1366.0,0.8008465693175378,-0.950417848181502,1.7512644174990397,-0.3174057214761486
GTEX-15ER7-0011-R11a-SM-6LPIL.1,BRAIN,24.5,9.0,1272.0,1.163747506782988,-1.8605105065550787,3.0242580133380668,0.06863148223487225
GTEX-15ER7-0011-R1b-SM-7KUE1.1,BRAIN,24.5,8.1,1272.0,0.19870959042871247,0.1224020604586428,0.07630752997006968,0.0934808372685954
GTEX-15ER7-0011-R2a-SM-6M46O.1,BRAIN,24.5,8.0,1272.0,1.1342684357396697,-0.6473555404395838,1.7816239761792536,0.3773289732503013
GTEX-15ER7-0011-R3a-SM-6LPIK.1,BRAIN,24.5,7.1,1272.0,0.24032055584481435,0.24058314712387335,-0.0002625912790590046,0.09218784474860461
GTEX-15ER7-0011-R4a-SM-6M46S.1,BRAIN,24.5,6.7,1272.0,-0.3117790504226004,0.5954394698654005,-0.907218520288001,-0.194922519802618
GTEX-15ER7-0011-R5b-SM-6M46T.1,BRAIN,24.5,9.5,1272.0,0.5224390175320266,0.19933698809949008,0.3231020294325365,0.06328650927650416
GTEX-15ER7-0011-R6a-SM-6M46M.1,BRAIN,24.5,9.2,1272.0,0.5369009691328319,0.09220360893563113,0.4446973601972008,0.16359180723345726
GTEX-15ER7-0011-R7a-SM-6M46N.1,BRAIN,24.5,9.2,1272.0,0.07898039301500819,0.6406764070763011,-0.561696014061293,-0.08267895596479803
GTEX-15ER7-0011-R8a-SM-7KUL2.1,BRAIN,24.5,8.1,1272.0,0.4210419263054774,0.17118343847237388,0.2498584878331035,0.298469589841274
GTEX-15ER7-0011-R9b-SM-6PALF.1,BRAIN,24.5,7.9,1272.0,0.5184189271335302,-0.9380212933579448,1.456440220491475,1.199845864829237
GTEX-15ER7-0226-SM-7KUEU.1,MUSCLE,24.5,8.7,1363.0,0.3057425912941147,-0.4039704711163358,0.7097130624104505,-0.27910366835294487
GTEX-15ER7-0326-SM-7KUEV.1,SKIN,24.5,8.5,1365.0,-0.04823244012305869,-0.2486787579845519,0.20044631786149322,-0.22248365807382542
GTEX-15ER7-0626-SM-6PANF.1,SKIN,24.5,8.2,1371.0,-0.3225649222019651,-0.05820910362833644,-0.26435581857362866,-0.047894079432623325
GTEX-15ER7-0826-SM-6PALW.1,HEART,24.5,8.3,1374.0,0.47988933475174983,-0.4983850409393851,0.978274375691135,0.5802548897866797
GTEX-15ER7-1726-SM-6PAMX.1,HEART,24.5,7.6,1392.0,0.03896103002621057,0.34035989934715205,-0.3013988693209415,-0.2461307134506699
GTEX-15ER7-1826-SM-6LLI7.1,LIVER,24.5,6.9,1393.0,-0.5303452514118435,1.139812698116354,-1.6701579495281975,-0.10825600205127135
GTEX-15ER7-3026-SM-6M47W.1,BRAIN,24.5,7.1,1411.0,0.8770225717716263,-0.7670079274933629,1.6440304992649892,0.018325889686836093
GTEX-15ER7-3126-SM-7KUGH.1,BRAIN,24.5,6.9,1414.0,0.16159044740297956,0.43448248878178153,-0.27289204137880196,0.05251299437543344
GTEX-15ETS-0008-SM-E8VNG.1,SKIN,44.5,9.9,593.0,1.0065271969215066,-1.9292277196683008,2.9357549165898074,-0.2505745157601508
GTEX-15ETS-0126-SM-7KUMW.1,SKIN,44.5,7.3,416.0,-0.6787235539545562,0.5071988276554534,-1.1859223816100095,-0.3613525134126474
GTEX-15ETS-0326-SM-6PANH.1,MUSCLE,44.5,7.5,437.0,-0.03360425896274355,0.6673159952143695,-0.700920254177113,-0.1924078152825192
GTEX-15EU6-0008-SM-E8VNH.1,SKIN,54.5,10.0,301.0,0.9514102371122092,-1.948901351696531,2.9003115888087403,-0.199763575487145
GTEX-15EU6-0426-SM-6PAN5.1,SKIN,54.5,8.6,290.0,0.22602582064387156,-0.23067316554990727,0.4566989861937788,-0.32477015878752763
GTEX-15EU6-1326-SM-6PANG.1,HEART,54.5,8.2,328.0,0.4797572368487509,0.009432509375568303,0.4703247274731826,0.0873873989217666
GTEX-15EU6-2226-SM-6EU2L.1,SKIN,54.5,8.1,371.0,0.23702012254703644,0.0310934360775253,0.20592668646951115,0.014742160583913859
GTEX-15F5U-0008-SM-E8VMZ.1,SKIN,44.5,9.8,875.0,0.7110238222707589,-1.5734930987720332,2.2845169210427922,-0.13183234717932343
GTEX-15F5U-1526-SM-6PANO.1,SKIN,44.5,8.1,878.0,-0.8793783641357233,0.41214642811756214,-1.2915247922532855,-0.18204089820649885
GTEX-15F5U-1826-SM-6LLJF.1,MUSCLE,44.5,7.5,880.0,-0.09509513098242402,-0.8270053122605194,0.7319101812780954,-0.5266904890312382
GTEX-15FZZ-0008-SM-E8VNI.1,SKIN,34.5,10.0,420.0,1.062696959628894,-1.4020243667193204,2.464721326348214,-0.4131005083538131
GTEX-15FZZ-0526-SM-7KUGD.1,SKIN,34.5,6.8,350.0,-0.6730766894138825,0.5238594605936481,-1.1969361500075306,0.11600712966666334
GTEX-15G19-0011-R10b-SM-7KUG4.1,BRAIN,64.5,7.9,509.0,0.8129933691233366,-0.6700317442608197,1.4830251133841563,0.24097803248545632
GTEX-15G19-0011-R11b-SM-6LPIH.1,BRAIN,64.5,7.9,509.0,0.8098261444713662,-1.2289015222732256,2.0387276667445917,-0.04595921990506814
GTEX-15G19-0011-R3a-SM-6LPIG.1,BRAIN,64.5,6.6,509.0,-0.9974228927907103,0.7938331142938939,-1.7912560070846042,-0.30703512868022426
GTEX-15G19-0011-R5b-SM-6M46P.1,BRAIN,64.5,8.4,509.0,0.20527483040857783,-0.025823941103407393,0.2310987715119852,0.8715717049676952
GTEX-15G19-0011-R6b-SM-7KUM3.1,BRAIN,64.5,7.3,509.0,-0.971257469361197,0.8150641956519424,-1.7863216650131393,-0.25911868481453026
GTEX-15G19-0011-R7b-SM-6M479.1,BRAIN,64.5,7.2,509.0,-1.076832881920543,0.9001895663310774,-1.9770224482516205,-0.16261587516191145
GTEX-15G19-0011-R8b-SM-7KUL1.1,BRAIN,64.5,6.3,509.0,-0.6600747393205415,0.5373292960377637,-1.1974040353583053,0.1606776020166076
GTEX-15G19-0011-R9b-SM-7KUEE.1,BRAIN,64.5,7.4,509.0,0.18141529495803216,-0.5245904249069502,0.7060057198649823,0.7437037345738062
GTEX-15G19-0126-SM-6PANQ.1,SKIN,64.5,7.5,589.0,0.28080804758121874,-0.030640634236161243,0.31144868181738,0.1678561704193023
GTEX-15G19-0526-SM-6PAMT.1,MUSCLE,64.5,7.9,601.0,0.5686422562050913,-1.1608908963193494,1.7295331525244406,0.0924057886150119
GTEX-15G19-2426-SM-7KUMR.1,SKIN,64.5,6.5,676.0,0.6759924613260316,-0.3834103333660636,1.0594027946920952,-0.09471425264239014
GTEX-15G19-2826-SM-6M48K.1,BRAIN,64.5,7.3,687.0,0.7086587140971923,-0.9166879109891922,1.6253466250863844,0.019701835871949697
GTEX-15G19-2926-SM-7KUFL.1,BRAIN,64.5,6.5,689.0,0.4291914733625969,-0.08605502350701325,0.5152464968696101,0.20855756153324886
GTEX-15G1A-0008-SM-E76Q5.1,SKIN,34.5,9.8,252.0,0.8252700475249133,-1.3543358435006756,2.179605891025589,-0.3382319206823013
GTEX-15G1A-1626-SM-7KUKN.1,SKIN,34.5,8.3,102.0,-0.6915069752198302,1.1464582507916214,-1.8379652260114516,-0.2532512116164068
GTEX-15G1A-2026-SM-7KUFG.1,MUSCLE,34.5,6.8,249.0,0.3706088982116968,-1.2652002213905074,1.6358091196022042,0.6179812308856305
GTEX-15RIE-0008-SM-EAZCH.1,SKIN,64.5,10.0,374.0,0.7630615039302934,-0.998716516301176,1.7617780202314695,-0.19034889808859706
GTEX-15RIE-1326-SM-6PAMM.1,HEART,64.5,7.0,275.0,0.423947644294244,0.01877900899345638,0.4051686353007876,0.24455942896955715
GTEX-15RIE-1726-SM-7KUMU.1,HEART,64.5,8.7,285.0,0.7310972137246401,-0.2479643793401928,0.9790615930648329,0.11851075685249222
GTEX-15RIE-1926-SM-7KUKJ.1,SKIN,64.5,6.5,291.0,0.6159221232774241,0.3930350087400101,0.22288711453741405,-0.17801642217103372
GTEX-15RIE-2426-SM-7KUDS.1,MUSCLE,64.5,8.0,392.0,-0.27830851658061634,-0.05571013578540904,-0.2225983807952073,-0.3971421620192485
GTEX-15RIF-0008-SM-EAZ34.1,SKIN,24.5,9.9,349.0,0.31375686212228104,-1.1637229287466655,1.4774797908689465,-0.008773892475898626
GTEX-15RIF-1926-SM-7KUDW.1,SKIN,24.5,7.7,368.0,0.45635313634549934,-0.589901191864192,1.0462543282096912,-0.005602615647599223
GTEX-15RIF-2126-SM-7KUM8.1,MUSCLE,24.5,8.0,372.0,0.962495401377636,-0.5287477562825628,1.4912431576601988,-0.28442989771088933
GTEX-15RIG-0008-SM-EAZCG.1,SKIN,44.5,9.9,501.0,0.9107362176700117,-1.2067043183174908,2.1174405359875026,-0.3127387475213677
GTEX-15RIG-0226-SM-7KFTL.1,SKIN,44.5,7.3,500.0,-0.4714044972202205,0.8140396749242587,-1.2854441721444791,-0.5338413436661492
GTEX-15RIG-0426-SM-7KUF4.1,MUSCLE,44.5,8.2,505.0,0.8067007516398754,0.17300435892852498,0.6336963927113505,-0.5533927739589153
GTEX-15RIG-0726-SM-7KUM7.1,SKIN,44.5,5.8,512.0,-0.7238757378053284,1.0952771432100636,-1.819152881015392,-0.6328629209208825
GTEX-15RJ7-0008-SM-EAZCD.1,SKIN,44.5,9.8,303.0,0.881856749306874,-1.2370766253306076,2.1189333746374817,-0.22641886754607066
GTEX-15RJ7-0226-SM-7KUMN.1,HEART,44.5,7.8,177.0,0.5067254416210579,0.14693570460914673,0.3597897370119112,-0.3205250754956649
GTEX-15RJ7-2026-SM-6LPJ4.1,LIVER,44.5,8.9,258.0,-0.010888112416502229,-0.6723486509003813,0.6614605384838791,0.42896144682230347
GTEX-15RJ7-2126-SM-6PAMD.1,SKIN,44.5,8.3,266.0,-0.2668643202949804,0.10098186892253652,-0.36784618921751694,0.4713929762707334
GTEX-15RJ7-2426-SM-6M48L.1,MUSCLE,44.5,8.0,280.0,-0.18368313351039128,0.47119253237923614,-0.6548756658896274,-0.16004124663943625
GTEX-15RJE-0008-SM-EAZ31.1,SKIN,44.5,10.0,1220.0,0.8909064280314072,-1.2373498317733684,2.1282562598047754,-0.138009575849742
GTEX-15RJE-0011-R2b-SM-79OMP.1,BRAIN,44.5,6.7,1150.0,0.27982000351909614,-0.0030040234004979306,0.2828240269195941,0.6420526125203205
GTEX-15RJE-0011-R6a-SM-7DHL8.1,BRAIN,44.5,8.2,1150.0,0.56273272816338,-0.08416467976483816,0.6468974079282181,0.2885066031584174
GTEX-15RJE-0011-R7a-SM-7DHL9.1,BRAIN,44.5,8.4,1150.0,0.6668000498482943,-0.2726391846742195,0.9394392345225138,0.4000230201497413
GTEX-15RJE-0626-SM-7KUKR.1,HEART,44.5,6.5,1301.0,-0.9233608592103569,0.8680385918331747,-1.7913994510435316,-0.5969687475014793
GTEX-15RJE-0726-SM-7KUEG.1,HEART,44.5,6.8,1304.0,0.13526030266472971,-0.13439935644055712,0.26965965910528683,0.5141268518358406
GTEX-15RJE-1126-SM-6LPI5.1,LIVER,44.5,6.2,1337.0,-0.5642688965113294,0.6006672048228485,-1.164936101334178,-0.47698079430601176
GTEX-15RJE-2826-SM-7KUM9.1,SKIN,44.5,6.2,1380.0,-0.35745760642060853,0.8347768272008398,-1.1922344336214483,-0.42299947862413917
GTEX-15RJE-3026-SM-7KUM1.1,BRAIN,44.5,6.4,1415.0,-0.3492883633306279,0.4523365177593799,-0.8016248810900077,0.5458859154587865
GTEX-15SB6-0008-SM-EAZCE.1,SKIN,54.5,9.6,714.0,0.9129700173723462,-1.0805195167880988,1.993489534160445,-0.23758908718862082
GTEX-15SB6-1726-SM-6PAME.1,SKIN,54.5,6.7,717.0,0.4705772516242839,-0.9944212138460069,1.4649984654702908,-0.32251640307842944
GTEX-15SB6-1826-SM-6PALN.1,MUSCLE,54.5,8.6,713.0,-0.031725397671157944,-0.03976118423303979,0.008035786561881843,-0.35841505836986404
GTEX-15SDE-0008-SM-EAZCF.1,SKIN,54.5,9.8,337.0,0.3878203288219427,-1.4751517469695539,1.8629720757914965,-0.2500242765548548
GTEX-15SDE-1826-SM-7KUFN.1,HEART,54.5,6.1,277.0,0.4781927483143453,-0.6137315585611741,1.0919243068755193,0.7082364519475756
GTEX-15SDE-2226-SM-7IGLO.1,SKIN,54.5,6.1,339.0,-0.013508901884704758,0.6138557442772056,-0.6273646461619103,0.5558351013422471
GTEX-15SDE-2326-SM-6PAL4.1,MUSCLE,54.5,8.3,342.0,-0.7946550410908931,0.7080538243684111,-1.5027088654593044,-0.13823732019700277
GTEX-15SHU-0008-SM-EAZ35.1,SKIN,44.5,9.8,1080.0,0.9762013688315557,-0.883214553435063,1.859415922266619,-0.2806519409574709
GTEX-15SHU-0011-R3a-SM-7IGPS.1,BRAIN,44.5,5.8,1020.0,0.38215839521279904,0.2521306376827518,0.13002775753004725,-0.17640226818553856
GTEX-15SHU-0011-R4b-SM-7IGLC.1,BRAIN,44.5,6.2,1020.0,0.3254867369820677,0.1859494667260066,0.1395372702560611,-0.11082174891792226
GTEX-15SHU-0011-R5a-SM-7938Q.1,BRAIN,44.5,9.0,1020.0,0.6332270435097194,-0.09392384592222348,0.7271508894319428,0.6280181281189163
GTEX-15SHU-0126-SM-7KUEH.1,SKIN,44.5,8.4,1079.0,-0.2541763312052209,-0.0009917394260525176,-0.25318459177916836,-0.04727294965252075
GTEX-15SHU-0626-SM-7KUFH.1,MUSCLE,44.5,8.3,1111.0,0.35847279817953465,-0.5308574234896198,0.8893302216691545,-0.5358967654738186
GTEX-15SHU-0926-SM-6PAMK.1,HEART,44.5,6.5,1137.0,-1.0997734285900094,0.8989858714649486,-1.998759300054958,-0.502235652038528
GTEX-15SHU-1126-SM-7KUMB.1,HEART,44.5,6.5,1143.0,-1.5005279219895202,1.0015473315291168,-2.502075253518637,-1.0033597348368564
GTEX-15SHU-1826-SM-7KUKS.1,LIVER,44.5,7.1,1158.0,-0.7089246519494297,0.957814082808831,-1.6667387347582605,-0.6252804507099124
GTEX-15SHU-3026-SM-6LPIB.1,BRAIN,44.5,7.2,1205.0,0.5639915705811909,-0.3100846932854994,0.8740762638666904,0.45800632756330134
GTEX-15SHU-3126-SM-6M46H.1,BRAIN,44.5,7.3,1206.0,0.21374057902261637,0.3464895813091781,-0.13274900228656175,0.13599243930307528
GTEX-15SHV-0008-SM-EAZCA.1,SKIN,64.5,10.0,288.0,0.9187777666226239,-1.235574579277852,2.154352345900476,-0.08871341006468718
GTEX-15SHV-0526-SM-7KUEN.1,HEART,64.5,8.0,205.0,0.3900331788117266,-0.2802025718893535,0.6702357507010801,0.9468817923146995
GTEX-15SHV-2426-SM-6PAMF.1,SKIN,64.5,7.0,286.0,-0.03782133165520613,-1.2386760924174272,1.200854760762221,-0.5081366366453758
GTEX-15SHV-2526-SM-6PAMG.1,MUSCLE,64.5,9.4,291.0,0.5668212152066832,-0.6209279682601333,1.1877491834668166,-0.25821603423151257
GTEX-15SHW-0008-SM-EAZ33.1,SKIN,64.5,10.0,575.0,0.7599750663675379,-1.7006479222882045,2.4606229886557425,-0.1992437803526077
GTEX-15SHW-0226-SM-7LTAT.1,SKIN,64.5,7.5,491.0,0.40796313421261216,-0.6852762268734693,1.0932393610860816,0.250822592866573
GTEX-15SHW-0326-SM-6PAML.1,SKIN,64.5,7.1,573.0,0.33761579961935323,-0.47594828500435216,0.8135640846237053,0.6502508299283483
GTEX-15SHW-0726-SM-7KUEI.1,MUSCLE,64.5,8.8,589.0,0.7299004924911198,-1.389385498237928,2.1192859907290478,0.36742827016204954
GTEX-15SHW-1226-SM-6M46C.1,HEART,64.5,5.7,626.0,-2.397596061809319,0.7645994362018553,-3.162195498011174,-1.4011825633991184
GTEX-15SKB-0008-SM-EAZ36.1,SKIN,64.5,9.9,448.0,0.7438899435547363,-1.579278576225847,2.3231685197805834,-0.07098414075042926
GTEX-15SKB-0926-SM-7KUFC.1,HEART,64.5,6.4,549.0,0.17086328248283206,-1.7229808668049436,1.8938441492877756,0.3808415271749374
GTEX-15SKB-2526-SM-6PALP.1,MUSCLE,64.5,8.2,606.0,-0.2968532974419097,0.13936145590354132,-0.436214753345451,-0.546980662108401
GTEX-15SKB-2826-SM-6PAMH.1,SKIN,64.5,7.6,612.0,0.16348037920735786,-1.08089771248052,1.2443780916878777,-0.22507201351011616
GTEX-15SZO-0008-SM-EAZ38.1,SKIN,54.5,10.0,1093.0,0.8325321905780058,-1.758417909810945,2.590950100388951,-0.01287487407843898
GTEX-15SZO-1226-SM-6LPIP.1,LIVER,54.5,5.9,1126.0,0.03374444581800181,1.0563123233832763,-1.0225678775652745,-0.5165736120863667
GTEX-15TU5-0011-R10b-SM-793BL.1,BRAIN,64.5,7.7,592.0,0.4843604138477732,-0.32449339205744226,0.8088538059052155,0.5209828338013021
GTEX-15TU5-0011-R1a-SM-7938S.1,BRAIN,64.5,8.5,592.0,-0.14859699228149262,0.284489864478679,-0.43308685676017167,0.2370888169634242
GTEX-15TU5-0011-R8b-SM-793BM.1,BRAIN,64.5,7.8,592.0,0.5329750720551335,-0.16203642779295502,0.6950114998480885,0.646583598300283
GTEX-15TU5-0226-SM-6PALR.1,SKIN,64.5,7.4,679.0,-0.16073080218579697,0.5000177154520169,-0.6607485176378138,0.20565421217571933
GTEX-15TU5-0626-SM-7KUFJ.1,MUSCLE,64.5,6.6,685.0,0.30930555679683436,-2.27313601988078,2.5824415766776143,0.4962934013986001
GTEX-15TU5-1426-SM-7KUN6.1,HEART,64.5,6.1,702.0,-1.1944439032731047,0.9469945362557192,-2.141438439528824,-0.7620667389333124
GTEX-15TU5-2426-SM-7KUDU.1,SKIN,64.5,7.3,718.0,0.1858783152409187,0.034409733669243055,0.15146858157167564,0.7578196778737042
GTEX-15TU5-2926-SM-7KUML.1,BRAIN,64.5,7.0,735.0,0.5622437816030272,-0.6519683081476638,1.2142120897506912,0.6987470400428213
GTEX-15UF6-0008-SM-EAZCB.1,SKIN,74.5,9.9,588.0,1.0457630553452346,-1.230806021008063,2.2765690763532973,-0.3137979540591617
GTEX-15UF6-0011-R10b-SM-9OSVF.1,BRAIN,74.5,6.3,537.0,-1.3791211169605304,1.0046411770538999,-2.3837622940144305,-0.8235832838308074
GTEX-15UF6-0011-R1a-SM-9QEGH.1,BRAIN,74.5,6.2,537.0,-1.1659900532802152,0.8572409856547638,-2.023231038934979,-0.4373906907487396
GTEX-15UF6-0826-SM-6PALJ.1,SKIN,74.5,7.8,588.0,-0.20129571712734645,-0.14629691067789466,-0.05499880644945179,-0.2656632219785889
GTEX-15UF6-1026-SM-7KUF7.1,MUSCLE,74.5,7.3,590.0,0.028722412979608144,0.6026050735644148,-0.5738826605848067,-0.10113770336112024
GTEX-15UF6-1926-SM-7KUDV.1,SKIN,74.5,8.1,605.0,-0.36757720293687474,-0.35794538979649365,-0.009631813140381085,-0.12399736170706997
GTEX-15UF6-3026-SM-7KUKL.1,BRAIN,74.5,5.9,652.0,-0.7682913983914457,0.7708874257593312,-1.539178824150777,-0.5133680876558765
GTEX-15UF7-0008-SM-EAZ37.1,SKIN,44.5,10.0,447.0,0.6435225413059485,-1.7985718834553959,2.4420944247613443,-0.053044669350408136
GTEX-15UF7-1526-SM-6LPI7.1,HEART,44.5,9.2,324.0,0.27031972236523816,-0.477884116530535,0.7482038388957731,0.9417885373070627
GTEX-15UF7-2226-SM-6PAMQ.1,MUSCLE,44.5,7.4,451.0,-0.29502815905753205,0.04013155802455605,-0.3351597170820881,0.387761540527921
GTEX-15UKP-0008-SM-EAZ3A.1,SKIN,24.5,9.9,481.0,0.4082145252126016,-1.523407730012039,1.9316222552246405,0.04623086523757009
GTEX-15UKP-0326-SM-7KUFP.1,MUSCLE,24.5,8.0,479.0,0.4183616326722387,-0.8410128019069786,1.2593744345792173,-0.1986972683226759
GTEX-15UKP-0426-SM-7KUFQ.1,SKIN,24.5,6.8,481.0,0.6476075370255506,-0.7342069424962688,1.3818144795218195,0.23331463892573567
GTEX-15UKP-1526-SM-6PAL9.1,SKIN,24.5,6.9,569.0,0.39439496856528194,0.5799818161858259,-0.18558684762054395,0.3982950900657024
GTEX-169BO-0008-SM-EAZ32.1,SKIN,54.5,9.8,154.0,0.6420426875222323,-1.6345222417218308,2.276564929244063,-0.052837719105533545
GTEX-169BO-1326-SM-9MQK2.1,SKIN,54.5,6.5,155.0,-0.2415175691359653,0.9133434544472558,-1.154861023583221,-0.19334212212954702
GTEX-169BO-1526-SM-9KNVR.1,MUSCLE,54.5,8.0,160.0,0.03926303952232925,0.787324576977649,-0.7480615374553198,-0.20132843073037768
GTEX-16A39-0008-SM-EAZC9.1,SKIN,34.5,10.0,581.0,0.8760205723622542,-1.14272624663368,2.0187468189959343,-0.35497549980382637
GTEX-16AAH-0008-SM-EAZC5.1,SKIN,54.5,10.0,248.0,0.638999883433879,-1.1954281722674962,1.8344280557013752,-0.04144492910163552
GTEX-16AAH-0626-SM-793C9.1,SKIN,54.5,7.6,166.0,-0.9538568995154953,1.1035095854409522,-2.0573664849564475,-0.07766665144466837
GTEX-16AAH-1726-SM-7939C.1,SKIN,54.5,8.6,248.0,-0.07411492029305894,-0.24118326091213532,0.16706834061907638,0.17274089936725745
GTEX-16AAH-1826-SM-7939D.1,MUSCLE,54.5,8.6,252.0,0.2769504367416438,0.2895511191005185,-0.012600682358874682,-0.06393343889385422
GTEX-16BQI-0008-SM-EAZCC.1,SKIN,34.5,10.0,756.0,0.942044089449062,-1.287588434682919,2.229632524131981,-0.25603936816733913
GTEX-16BQI-0226-SM-7KUEX.1,SKIN,34.5,7.8,712.0,0.14801751126351342,-0.29118188628766406,0.4391993975511775,0.053781015753466374
GTEX-16BQI-0326-SM-6PAM4.1,MUSCLE,34.5,8.2,713.0,0.10811499362388552,-0.27694748875034625,0.3850624823742318,-0.3801234882516895
GTEX-16BQI-0926-SM-6M485.1,HEART,34.5,7.8,784.0,0.7851363241439008,-0.04164707603085013,0.8267834001747509,-0.19711351079068434
GTEX-16BQI-1326-SM-6M486.1,SKIN,34.5,7.4,809.0,-0.0492801483927729,0.4389420779711169,-0.4882222263638898,0.15590063444425278
GTEX-16GPK-0008-SM-EAZ39.1,SKIN,64.5,9.8,654.0,0.4026465198961858,-1.1957387760563951,1.5983852959525808,0.0656217114051788
GTEX-16GPK-0011-R10b-SM-7MKFG.1,BRAIN,64.5,7.2,570.0,-0.6352934731791128,0.7348568132101005,-1.3701502863892134,-0.34892566515102397
GTEX-16GPK-0011-R11b-SM-7MKFF.1,BRAIN,64.5,7.5,570.0,0.6214170387067981,-0.23974565773976966,0.8611626964465677,-0.30302634617693597
GTEX-16GPK-0011-R1b-SM-7EWDH.1,BRAIN,64.5,6.3,570.0,-0.6627398533730572,0.42218025496517664,-1.0849201083382338,0.05839750922324346
GTEX-16GPK-0011-R8a-SM-79OMQ.1,BRAIN,64.5,6.7,570.0,-0.2629489303328481,0.49109826737138845,-0.7540471977042366,0.2980681464380915
GTEX-16GPK-0126-SM-7DHLE.1,SKIN,64.5,8.4,653.0,-0.4632505731494884,0.41250880735380296,-0.8757593805032914,0.001954181081478533
GTEX-16GPK-0526-SM-7KUER.1,MUSCLE,64.5,7.3,661.0,0.2557767305687666,0.0180079438229598,0.2377687867458068,-0.4069328666464458
GTEX-16GPK-0626-SM-7KFSF.1,SKIN,64.5,6.7,663.0,0.6706479549101635,-0.39183822252341033,1.0624861774335739,0.6110537445007034
GTEX-16GPK-1226-SM-7KUE6.1,HEART,64.5,6.8,682.0,0.07594587276656013,-0.655006348556018,0.7309522213225782,1.0642598092446542
GTEX-16GPK-1226-SM-7LTAU.1,HEART,64.5,6.8,682.0,0.04588354400301894,-0.6094817981593111,0.6553653421623301,1.0335516037433312
GTEX-16GPK-3026-SM-79ON9.1,BRAIN,64.5,6.5,717.0,-0.6498064225780842,0.7357509398614834,-1.3855573624395676,-0.1426533987544889
GTEX-16MT8-0008-SM-EAZC3.1,SKIN,64.5,10.0,447.0,0.9145539340269858,-1.0502392138749643,1.96479314790195,-0.19305425243008556
GTEX-16MT8-0326-SM-6PAM5.1,MUSCLE,64.5,7.2,445.0,-0.20625050361037237,-0.3989907116805925,0.19274020807022016,0.07177987413089358
GTEX-16MT8-0426-SM-7KUEY.1,SKIN,64.5,6.6,447.0,-0.0132086670911601,0.6255243733476785,-0.6387330404388386,-0.11122547665983279
GTEX-16MT8-0826-SM-7KULO.1,HEART,64.5,6.6,468.0,0.33704077416956985,-0.9424494466326409,1.2794902208022108,0.2721573274250619
GTEX-16MT8-0926-SM-6M487.1,HEART,64.5,6.1,470.0,-1.9139173417464515,1.0968343361160655,-3.010751677862517,-1.1152729594914876
GTEX-16MT8-2926-SM-7DUFO.1,SKIN,64.5,7.2,499.0,-0.39549794825280493,0.7689449210644024,-1.1644428693172073,0.12533906217199786
GTEX-16MT9-0008-SM-EAZC8.1,SKIN,64.5,9.8,588.0,0.6350727450611928,-1.0561640427283128,1.6912367877895056,0.07243805088493227
GTEX-16MT9-0126-SM-7EPI8.1,SKIN,64.5,6.9,477.0,0.15594244531379678,0.5617702681264567,-0.40582782281265994,-0.24317357311361668
GTEX-16MTA-0008-SM-EAZC6.1,SKIN,54.5,10.0,259.0,0.8487131462936509,-1.165354492248576,2.014067638542227,-0.22147589493391645
GTEX-16MTA-0926-SM-6M47Z.1,SKIN,54.5,6.0,143.0,-1.059158268685786,1.6048362805465632,-2.663994549232349,-0.2578048340163919
GTEX-16MTA-2026-SM-7KUL3.1,MUSCLE,54.5,8.3,252.0,-0.5660077326076967,0.46230592274657273,-1.0283136553542693,-0.6823188147469648
GTEX-16NFA-0526-SM-7KULM.1,HEART,54.5,7.7,212.0,0.3125054540896123,-0.11757665794490893,0.4300821120345212,-0.12776440301824793
GTEX-16NFA-1526-SM-7KULS.1,SKIN,54.5,7.2,276.0,-0.5960290131780188,0.42950482319924227,-1.025533836377261,-0.24786193905103843
GTEX-16NFA-2326-SM-7KUE5.1,SKIN,54.5,7.8,304.0,0.12190600600559105,0.1814770919259302,-0.05957108592033915,0.24502578372336214
GTEX-16NFA-2426-SM-7KUL5.1,MUSCLE,54.5,8.3,308.0,-0.1344049417010726,0.10713634960685206,-0.24154129130792465,-0.5668103804878247
GTEX-16NGA-0008-SM-EAZC7.1,SKIN,44.5,10.0,227.0,0.9784649950904939,-1.4949024676172025,2.4733674627076963,-0.3030681283915683
GTEX-16NGA-0726-SM-731AO.1,SKIN,44.5,8.1,126.0,-0.37332721654514395,0.6951645020129634,-1.0684917185581073,0.08099543700558962
GTEX-16NGA-1726-SM-731B4.1,SKIN,44.5,7.1,227.0,-0.4371341766036282,0.031567684830637356,-0.46870186143426557,-0.10250478282018138
GTEX-16NGA-1926-SM-7LTA6.1,MUSCLE,44.5,9.0,226.0,0.317468626982277,0.2559848292620352,0.06148379772024182,-0.37938780239733594
GTEX-16NPV-0008-SM-EAZC2.1,SKIN,54.5,10.0,619.0,0.931077676396138,-1.200948186443213,2.132025862839351,-0.28948852489099025
GTEX-16NPV-0011-R10a-SM-79OKA.1,BRAIN,54.5,7.0,540.0,-0.405497923976897,0.13173101198095752,-0.5372289359578545,0.6952023955420352
GTEX-16NPV-0011-R11a-SM-7IGMK.1,BRAIN,54.5,6.1,540.0,-1.180006955012439,0.9133669081704858,-2.093373863182925,-0.31069479684095014
GTEX-16NPV-0011-R1b-SM-7MGVZ.1,BRAIN,54.5,5.6,540.0,-2.142979508425322,1.041384054854301,-3.1843635632796228,-0.9318864267344515
GTEX-16NPV-0011-R5a-SM-7EPGK.1,BRAIN,54.5,6.9,540.0,-0.6738552986544609,0.7304200150008154,-1.4042753136552764,0.06493693678590808
GTEX-16NPV-0011-R8a-SM-7EPH8.1,BRAIN,54.5,6.9,540.0,-0.5339676763561808,0.7466448908588579,-1.2806125672150386,0.017687843237642675
GTEX-16NPV-0011-R9b-SM-79ONF.1,BRAIN,54.5,6.6,540.0,-0.9217925356765658,0.526629359733009,-1.4484218954095747,-0.21717527046364074
GTEX-16NPV-2426-SM-6M482.1,MUSCLE,54.5,7.0,652.0,-0.46506215435969767,0.8408209879711325,-1.3058831423308301,0.19208227945570183
GTEX-16NPX-0008-SM-EAZC1.1,SKIN,54.5,9.6,565.0,0.9046677763247254,-1.401445703022951,2.3061134793476765,-0.2650779230858109
GTEX-16NPX-0226-SM-79OMT.1,SKIN,54.5,6.7,564.0,-0.06438397520923303,0.5672511375548885,-0.6316351127641215,0.10104238753366371
GTEX-16NPX-0626-SM-7KULB.1,MUSCLE,54.5,8.6,570.0,0.12285436886135494,-0.5617143709279881,0.6845687397893431,-0.08248061306647787
GTEX-16NPX-0726-SM-7KULC.1,SKIN,54.5,7.6,574.0,0.4686346210336367,-0.019025837614949033,0.4876604586485857,0.327121569502935
GTEX-16NPX-0826-SM-6M489.1,HEART,54.5,8.0,605.0,0.3549584939418139,-0.03106597259459063,0.38602446653640454,0.11501107002256496
GTEX-16NPX-0926-SM-7KUEZ.1,HEART,54.5,6.1,607.0,-0.012663934190314816,0.6168053693776071,-0.629469303567922,-0.39646122227195113
GTEX-16XZY-0008-SM-EAZCI.1,SKIN,74.5,9.9,670.0,0.5870052354057181,-1.1233898378470955,1.7103950732528137,-0.15461331408125326
GTEX-16XZY-0426-SM-793BI.1,HEART,74.5,7.6,465.0,0.2150716558827513,0.2359936987625282,-0.02092204287977692,-0.3645614379258743
GTEX-16XZY-0526-SM-7DHKY.1,HEART,74.5,8.3,469.0,-0.09827153074596384,0.4528352590351599,-0.5511067897811237,-0.019991000609866486
GTEX-16XZY-2126-SM-79OK1.1,SKIN,74.5,7.0,671.0,-0.023889797220689145,0.9610484356338767,-0.9849382328545658,0.5554059982769333
GTEX-16XZY-2226-SM-7938N.1,MUSCLE,74.5,8.5,755.0,0.547222017485034,-0.6366451441897245,1.1838671616747585,0.7537489072376988
GTEX-16XZZ-0008-SM-EAZCJ.1,SKIN,64.5,10.0,441.0,0.28952300699377015,-1.946807035084381,2.236330042078151,0.014126768662576249
GTEX-16XZZ-0011-R10b-SM-7LT91.1,BRAIN,64.5,8.0,322.0,0.4432616572664497,-0.2614913658643709,0.7047530231308206,0.2009262383234194
GTEX-16XZZ-0011-R11a-SM-7EPI3.1,BRAIN,64.5,6.8,322.0,-0.5683584901710648,0.5723453208487653,-1.1407038110198302,-0.3413163264156273
GTEX-16XZZ-0011-R1a-SM-7LTAH.1,BRAIN,64.5,8.1,322.0,0.017937167169880086,0.23945737172073608,-0.221520204550856,0.478755807404619
GTEX-16XZZ-0011-R2a-SM-7IGPG.1,BRAIN,64.5,5.8,322.0,-2.056215462441121,1.17481945828226,-3.231034920723381,-0.8842118197621496
GTEX-16XZZ-0011-R3a-SM-7IGLH.1,BRAIN,64.5,6.1,322.0,-1.2842305816879138,0.9547619608278614,-2.238992542515775,-0.3269599788809903
GTEX-16XZZ-0011-R6a-SM-7IGNE.1,BRAIN,64.5,6.0,322.0,-1.967851704882315,1.3793128193664854,-3.3471645242488,-0.8479099044523318
GTEX-16XZZ-0011-R7b-SM-7MGVT.1,BRAIN,64.5,5.6,322.0,-2.2375857933296723,1.4269566919046095,-3.664542485234282,-0.9463993288393385
GTEX-16XZZ-0011-R8b-SM-7LT8S.1,BRAIN,64.5,6.3,322.0,-1.129678476119215,1.1220730654354698,-2.2517515415546847,-0.5231959992496358
GTEX-16XZZ-0011-R9b-SM-7DHKX.1,BRAIN,64.5,8.0,322.0,0.4124106223441835,-1.8190597958608095,2.231470418204993,1.5033703267583347
GTEX-16XZZ-0126-SM-793DV.1,SKIN,64.5,7.8,440.0,-0.08020864601223994,-0.07111539223421076,-0.009093253778029178,0.039582384708562214
GTEX-16XZZ-0526-SM-7KUF1.1,MUSCLE,64.5,7.8,463.0,0.27168086869590874,0.11309484419041513,0.1585860245054936,0.12483038750283379
GTEX-16XZZ-0726-SM-7KUF2.1,SKIN,64.5,6.9,477.0,0.08791728823186719,0.4942621518928083,-0.40634486366094114,0.12473875919546022
GTEX-16XZZ-1026-SM-7DHKS.1,HEART,64.5,8.3,485.0,0.2022427140620605,-1.0427449807907871,1.2449876948528478,1.0868086352160546
GTEX-16XZZ-2926-SM-6LPK4.1,BRAIN,64.5,6.6,520.0,-0.5052554049160229,0.5010088580490384,-1.0062642629650613,-0.19996854629238825
GTEX-16XZZ-3026-SM-79OMJ.1,BRAIN,64.5,6.5,522.0,0.10100368566507814,0.26673647987464943,-0.1657327942095713,0.043923354044186715
GTEX-16YQH-0008-SM-EAZB8.1,SKIN,34.5,10.0,905.0,0.8486867190772464,-1.5297716330468998,2.378458352124146,-0.054691803950975094
GTEX-16YQH-0011-R10b-SM-7LT8U.1,BRAIN,34.5,6.9,814.0,0.3438740655173155,-0.013272293826600817,0.3571463593439163,0.2092467052538445
GTEX-16YQH-0011-R11b-SM-7LT98.1,BRAIN,34.5,8.9,814.0,1.2890958723919035,-2.0894684631580946,3.3785643355499984,0.089038038413235
GTEX-16YQH-0011-R1a-SM-7LT8R.1,BRAIN,34.5,7.8,814.0,0.4796489729769939,-0.14739144783761216,0.6270404208146061,0.3243559797925465
GTEX-16YQH-0011-R3a-SM-7EPGM.1,BRAIN,34.5,6.8,814.0,0.8429002854258175,-0.4871192016290739,1.3300194870548914,0.0380194587884602
GTEX-16YQH-0011-R4a-SM-7EPGI.1,BRAIN,34.5,6.8,814.0,1.108649749545118,-1.0090090974327792,2.117658846977897,0.3332131789171355
GTEX-16YQH-0011-R5b-SM-7938U.1,BRAIN,34.5,9.3,814.0,1.0687002542900614,-0.9509356879220796,2.0196359422121413,0.6425339291592705
GTEX-16YQH-0011-R6b-SM-7938T.1,BRAIN,34.5,8.7,814.0,0.7314263898944459,-0.4355187501068233,1.1669451400012691,0.5364601420458662
GTEX-16YQH-0011-R7a-SM-79ON1.1,BRAIN,34.5,6.7,814.0,0.8591551236985494,-0.3740790851223671,1.2332342088209165,0.044800378401598555
GTEX-16YQH-0011-R8a-SM-7DUFB.1,BRAIN,34.5,7.5,814.0,0.8755567331919872,-1.2225449045652657,2.098101637757253,0.8230827462385628
GTEX-16YQH-0126-SM-7DUFJ.1,SKIN,34.5,7.5,904.0,-0.28610891708833464,0.06185132337489508,-0.3479602404632297,0.38371623187563586
GTEX-16YQH-0426-SM-7KUL7.1,MUSCLE,34.5,8.5,921.0,0.781824648183665,-0.22380699113870994,1.005631639322375,-0.0494126371545592
GTEX-16YQH-0726-SM-7IGM1.1,HEART,34.5,6.1,939.0,0.6629429308172731,-0.5102920804127352,1.1732350112300083,0.6299081320392194
GTEX-16YQH-0926-SM-793BC.1,HEART,34.5,7.8,944.0,0.67503967048883,-0.16962904996195188,0.8446687204507819,0.05752618341099018
GTEX-16YQH-2226-SM-7IGM2.1,SKIN,34.5,6.1,1013.0,0.6673402300132814,-1.3678715392196645,2.035211769232946,0.1648095027698337
GTEX-16YQH-2926-SM-6LPJE.1,BRAIN,34.5,6.0,1055.0,0.6319604870270458,-0.9214343288268819,1.5533948158539277,-0.0688490435332331
GTEX-16YQH-3026-SM-79OMM.1,BRAIN,34.5,6.7,1057.0,-0.11654468584801547,0.3529324482754452,-0.46947713412346065,0.08825983319548482
GTEX-16Z82-0008-SM-EAZBX.1,SKIN,64.5,10.0,519.0,1.0198578844712973,-1.5470352401585983,2.5668931246298956,-0.28549906389626406
GTEX-16Z82-0011-R10a-SM-79OJX.1,BRAIN,64.5,7.0,460.0,-0.037040073915890905,0.446577626098184,-0.48361770001407495,-0.08060962759439287
GTEX-16Z82-0011-R11a-SM-79OKJ.1,BRAIN,64.5,7.1,460.0,-0.026019298906709506,0.5225359830058316,-0.5485552819125411,-0.7336770986438437
GTEX-16Z82-0011-R1b-SM-7EPHZ.1,BRAIN,64.5,6.9,460.0,-0.5867510339866392,0.6899313418751627,-1.2766823758618018,-0.11577134361032881
GTEX-16Z82-0011-R2b-SM-79OK9.1,BRAIN,64.5,7.1,460.0,-0.25002639472514,0.18184441324041417,-0.43187080796555416,0.27142545130129525
GTEX-16Z82-0011-R5a-SM-7EPGB.1,BRAIN,64.5,6.8,460.0,-1.5415569078468212,1.310544003470412,-2.8521009113172333,-0.5423789861180015
GTEX-16Z82-0011-R6a-SM-7IGLV.1,BRAIN,64.5,6.1,460.0,-1.4546271251666893,1.183151701248204,-2.6377788264148934,-0.5092076055351197
GTEX-16Z82-0011-R7a-SM-7MKGJ.1,BRAIN,64.5,6.9,460.0,-0.3214294253120309,0.7286983421135825,-1.0501277674256135,-0.467984573430315
GTEX-16Z82-0011-R8a-SM-7DUEX.1,BRAIN,64.5,7.5,460.0,0.2628277639534091,-0.04493904354552202,0.30776680749893115,0.6299303990209246
GTEX-16Z82-0011-R9a-SM-7DUFA.1,BRAIN,64.5,7.5,460.0,0.475737929541771,-1.9262304450930625,2.4019683746348335,0.6800558402564338
GTEX-16Z82-0126-SM-7DHLF.1,MUSCLE,64.5,8.3,516.0,0.12765019957458823,0.1393401460945491,-0.011689946519960859,0.5565661569956337
GTEX-16Z82-2626-SM-7KULU.1,SKIN,64.5,7.0,562.0,-0.11339649495492342,0.8338052654728723,-0.9472017604277957,0.1321628811455369
GTEX-16Z82-2926-SM-6LPJJ.1,BRAIN,64.5,6.0,591.0,-0.687359760783674,0.8394693826711357,-1.5268291434548096,-0.732354346141509
GTEX-16Z82-3026-SM-79ON3.1,BRAIN,64.5,6.7,593.0,-0.17079852471795626,0.42513558495115517,-0.5959341096691114,0.13713567380094896
GTEX-178AV-0008-SM-EAZBY.1,SKIN,44.5,10.0,257.0,0.9791226496680251,-1.1124848319260245,2.0916074815940497,-0.2912107968612757
GTEX-178AV-1726-SM-7KUL8.1,SKIN,44.5,8.2,248.0,0.5890877774980604,0.3705882947572201,0.2184994827408403,0.27008540396532915
GTEX-17EUY-0008-SM-EAZB9.1,SKIN,24.5,10.0,388.0,0.7309066351187046,-1.877863537708022,2.6087701728267265,-0.1604648823929748
GTEX-17EUY-0426-SM-793BD.1,SKIN,24.5,7.8,388.0,-0.4737717966987866,0.4278216047320502,-0.9015934014308369,0.2116004511103398
GTEX-17EUY-0626-SM-793BE.1,MUSCLE,24.5,7.9,391.0,-0.48090246102001427,-0.5119748129553247,0.031072351935310383,-0.34093540040566017
GTEX-17EVP-0008-SM-EAZBZ.1,SKIN,44.5,10.0,961.0,0.9682319776224424,-1.1755617850905176,2.14379376271296,-0.30826957459462767
GTEX-17EVP-0011-R10a-SM-7IGLP.1,BRAIN,44.5,6.2,811.0,1.1256531282299809,-1.252532178808491,2.378185307038472,0.19985684364489772
GTEX-17EVP-0011-R11a-SM-7EWDL.1,BRAIN,44.5,6.4,811.0,1.1961865288200786,-1.5017759487230058,2.6979624775430846,-0.17444700017888937
GTEX-17EVP-0011-R1a-SM-7DHLA.1,BRAIN,44.5,7.9,811.0,0.12162678321164552,0.01027449895998276,0.11135228425166277,0.3598888376764106
GTEX-17EVP-0011-R2a-SM-7LG4W.1,BRAIN,44.5,6.7,811.0,0.0809443698443775,0.31096417574256957,-0.23001980589819207,0.16596988027432918
GTEX-17EVP-0011-R3a-SM-7EPI9.1,BRAIN,44.5,6.9,811.0,0.31893220078982054,0.17697384034754154,0.141958360442279,0.09863580702219102
GTEX-17EVP-0011-R4a-SM-79OML.1,BRAIN,44.5,6.6,811.0,0.5123976006275266,-0.08895249176110012,0.6013500923886267,0.10235470088821923
GTEX-17EVP-0011-R5b-SM-7DHKW.1,BRAIN,44.5,8.4,811.0,0.7918140739948015,0.15389917540517856,0.637914898589623,-0.2776721540181645
GTEX-17EVP-0011-R6b-SM-7LT99.1,BRAIN,44.5,8.6,811.0,0.6839790848668699,-0.224984730581923,0.9089638154487929,0.13902908458212998
GTEX-17EVP-0011-R7a-SM-7LTAN.1,BRAIN,44.5,8.2,811.0,0.3292695626539924,0.22656818744979124,0.10270137520420114,-0.32309971554432637
GTEX-17EVP-0011-R8b-SM-7DUF9.1,BRAIN,44.5,7.5,811.0,0.43035965825252737,-0.14280468748869496,0.5731643457412223,0.44706849041721114
GTEX-17EVP-0326-SM-7DHLG.1,SKIN,44.5,8.0,961.0,-0.09684061203190547,-0.3584550897212501,0.26161447768934465,0.0010341472627557612
GTEX-17EVP-0526-SM-7EPGY.1,HEART,44.5,6.9,972.0,-0.7588992882961452,0.4026774403374437,-1.1615767286335887,0.7133908412563588
GTEX-17EVP-1026-SM-7IGOZ.1,LIVER,44.5,5.8,991.0,-0.4052181750095168,0.7938854889621647,-1.1991036639716814,-0.4408243744783487
GTEX-17EVP-1326-SM-7DHMR.1,MUSCLE,44.5,8.0,998.0,0.06421760178035701,0.22315675355584721,-0.1589391517754902,-0.5454003717431996
GTEX-17EVP-2626-SM-7IGMA.1,SKIN,44.5,6.3,1111.0,-0.5579797740075692,0.7442175948447922,-1.3021973688523614,-0.18048345695038442
GTEX-17EVP-2926-SM-793BU.1,BRAIN,44.5,7.6,1121.0,0.8333360156371228,-1.3422397468840037,2.1755757625211265,-0.08873111448928492
GTEX-17EVP-3026-SM-7IGQL.1,BRAIN,44.5,5.9,1123.0,-0.304353850926683,0.5848929502500362,-0.8892468011767192,-0.33639467625834274
GTEX-17EVQ-0008-SM-EAZB7.1,SKIN,74.5,10.0,966.0,0.27373829286162094,-2.0250372490266098,2.2987755418882307,-0.035674385839427926
GTEX-17EVQ-0011-R11a-SM-7LT9C.1,BRAIN,74.5,6.8,880.0,-0.1124033669439677,0.2009645469998754,-0.3133679139438431,-0.7278879723803839
GTEX-17EVQ-0011-R1a-SM-7189S.1,BRAIN,74.5,5.8,880.0,-0.9838548323406603,0.3056721737812996,-1.28952700612196,-0.16723902772802499
GTEX-17EVQ-0011-R3b-SM-7LT9B.1,BRAIN,74.5,6.5,880.0,-1.4822227655365685,0.7884781827700263,-2.2707009483065947,-0.6759763259231969
GTEX-17EVQ-0011-R4b-SM-7LT94.1,BRAIN,74.5,6.3,880.0,-2.376644491069075,1.0741639006020678,-3.450808391671143,-1.1709423759775752
GTEX-17EVQ-0011-R5a-SM-7LT92.1,BRAIN,74.5,7.2,880.0,-1.534138357245493,1.1275515664958098,-2.661689923741303,-0.5829795359886841
GTEX-17EVQ-0011-R6a-SM-7189U.1,BRAIN,74.5,6.0,880.0,-1.0676634905715066,0.6979833371659304,-1.765646827737437,-0.7256358039242496
GTEX-17EVQ-0011-R7a-SM-7EWDA.1,BRAIN,74.5,6.4,880.0,-1.7412419196275382,1.2243773520477985,-2.9656192716753367,-0.5672199010454347
GTEX-17EVQ-0011-R8a-SM-7189T.1,BRAIN,74.5,6.4,880.0,-0.1893216886234226,0.1554927875826263,-0.3448144762060489,0.058618377808156694
GTEX-17EVQ-0011-R9b-SM-79OJY.1,BRAIN,74.5,7.1,880.0,0.16946202086723627,-1.0160546356822666,1.185516656549503,0.6150800731391924
GTEX-17EVQ-0126-SM-7IGLR.1,SKIN,74.5,6.0,963.0,0.2946869641776092,-0.6089686564812955,0.9036556206589047,0.3719555959821211
GTEX-17EVQ-0226-SM-7LG4P.1,SKIN,74.5,7.4,965.0,0.015905637193641783,-0.12566094635859004,0.14156658355223184,0.33036076308820245
GTEX-17EVQ-1226-SM-7LG59.1,MUSCLE,74.5,8.2,1008.0,0.1766935686792088,-0.1733519172315632,0.350045485910772,0.9687086388308412
GTEX-17EVQ-2726-SM-7EWDT.1,BRAIN,74.5,6.4,1059.0,0.30658385557594403,-0.3569123063537879,0.6634961619297319,-0.2978730786807302
GTEX-17EVQ-2826-SM-7IGQK.1,BRAIN,74.5,5.8,1060.0,-0.2802910019081472,0.4330224381046944,-0.7133134400128416,-0.0024455158572464575
GTEX-17F96-0008-SM-EAZB6.1,SKIN,74.5,10.0,564.0,0.24162606008602966,-1.9557563636025057,2.1973824236885355,-0.05959543799523566
GTEX-17F96-0126-SM-7EWDU.1,SKIN,74.5,6.3,472.0,-0.26873267197574335,1.046339001174574,-1.3150716731503174,0.039917235874403316
GTEX-17F96-0826-SM-7DHLU.1,HEART,74.5,7.9,544.0,0.5390302028800553,-0.20410151851002947,0.7431317213900848,0.3125306272321669
GTEX-17F96-1226-SM-79OK2.1,LIVER,74.5,7.0,557.0,0.20379009374801466,-0.037980770871688316,0.24177086461970299,-0.26494334334244984
GTEX-17F96-1626-SM-7DUFL.1,SKIN,74.5,7.2,563.0,0.009672896807807111,-0.5492939550750686,0.5589668518828758,-0.0862014829687764
GTEX-17F96-2726-SM-7LT9F.1,MUSCLE,74.5,8.5,581.0,0.8928382240508637,-1.6322222317751276,2.525060455825991,0.13098091366374398
GTEX-17F97-0008-SM-EAZBB.1,SKIN,54.5,9.7,917.0,0.9637962699006392,-1.4451837696193364,2.4089800395199754,-0.3664781115232744
GTEX-17F97-0011-R10b-SM-793BB.1,BRAIN,54.5,7.6,823.0,0.5832092499077658,-0.2783289135164187,0.8615381634241845,0.2551310721908774
GTEX-17F97-0011-R11b-SM-7KFRQ.1,BRAIN,54.5,9.1,823.0,1.1642956711509946,-2.12299937897376,3.2872950501247544,0.19626743466885127
GTEX-17F97-0011-R1b-SM-7IGM9.1,BRAIN,54.5,6.2,823.0,-1.0835126837714342,0.9553578541333236,-2.038870537904758,-0.35990117545584055
GTEX-17F97-0011-R3b-SM-7LT9E.1,BRAIN,54.5,7.2,823.0,0.4890380693444779,-0.03277739227545608,0.521815461619934,0.03761464483449466
GTEX-17F97-0011-R4b-SM-7KFS2.1,BRAIN,54.5,7.3,823.0,-0.6966038462418676,0.5393855997156255,-1.2359894459574932,-0.2276069089983445
GTEX-17F97-0011-R5a-SM-7LG4Z.1,BRAIN,54.5,8.5,823.0,0.006197442946886199,0.4786215318749961,-0.47242408892810994,0.40348539770024006
GTEX-17F97-0011-R6a-SM-7EPGS.1,BRAIN,54.5,6.8,823.0,0.4737336221121259,-0.07431800212113952,0.5480516242332654,0.0676525850045066
GTEX-17F97-0011-R7b-SM-7MGVY.1,BRAIN,54.5,5.6,823.0,0.11738545934374134,0.2775779736487825,-0.16019251430504117,-0.11716295030817378
GTEX-17F97-0011-R8a-SM-7DUET.1,BRAIN,54.5,7.4,823.0,0.37415146088452594,-0.05825246997390276,0.4324039308584287,0.7437993321793909
GTEX-17F97-0326-SM-7LG5B.1,SKIN,54.5,7.7,917.0,-0.40656520161714593,0.9684037881557015,-1.3749689897728474,0.25173359272138346
GTEX-17F97-0526-SM-7DUF8.1,MUSCLE,54.5,7.5,920.0,0.5187744684382403,-0.2531853024271764,0.7719597708654167,-0.11622199519815221
GTEX-17F97-2626-SM-7IGM5.1,SKIN,54.5,6.2,979.0,-0.9894942923517798,1.0778054332965539,-2.0672997256483336,-0.32254851326273504
GTEX-17F97-2926-SM-7DUEQ.1,BRAIN,54.5,7.4,986.0,0.7370376901558313,-1.1889718227775055,1.9260095129333368,0.1663011025247341
GTEX-17F97-3026-SM-79OKC.1,BRAIN,54.5,7.1,987.0,0.40474197427992026,-0.12079265280352623,0.5255346270834464,0.18400925569269458
GTEX-17F98-0008-SM-EAZBA.1,SKIN,44.5,9.7,275.0,1.100172051923013,-1.5323824990371395,2.6325545509601525,-0.20951117885797527
GTEX-17F98-0626-SM-79OMX.1,SKIN,44.5,6.7,274.0,0.02255874036543448,0.6191209283025292,-0.5965621879370947,0.05031917712643891
GTEX-17F98-1326-SM-7DUEP.1,SKIN,44.5,7.5,304.0,-0.15863302672288873,0.14624750911383572,-0.3048805358367245,0.06661286059474947
GTEX-17F98-1626-SM-7938R.1,MUSCLE,44.5,8.6,318.0,0.12870556294988522,0.4646718987911231,-0.33596633584123786,-0.4750151342290013
GTEX-17F9E-0008-SM-EAZB5.1,SKIN,54.5,10.0,216.0,0.10110848346546086,-1.9289877866906857,2.0300962701561467,0.006565592293822778
GTEX-17F9E-0226-SM-79OKK.1,MUSCLE,54.5,7.2,234.0,-0.33895632661178426,0.6833777876836309,-1.0223341142954152,-0.1385921358175729
GTEX-17F9E-0726-SM-793A1.1,HEART,54.5,8.6,268.0,0.2236604715919269,0.05386965358062981,0.16979081801129708,0.2734885980266455
GTEX-17F9E-0926-SM-7IGMG.1,HEART,54.5,6.1,282.0,-0.010913115729916415,0.6228334416285756,-0.633746557358492,-0.9004015513843671
GTEX-17F9E-2326-SM-79OKD.1,SKIN,54.5,7.2,341.0,-0.929858806947599,0.9810708093205824,-1.9109296162681815,-0.07644991556698272
GTEX-17F9Y-0008-SM-EAZBC.1,SKIN,74.5,9.6,523.0,0.9111999689786743,-1.2559020168403638,2.167101985819038,-0.20858172645263265
GTEX-17F9Y-0126-SM-79OKX.1,SKIN,74.5,7.1,440.0,-0.5358214879273518,0.5983143542861133,-1.1341358422134653,-0.21027861374717616
GTEX-17F9Y-1226-SM-7EPGE.1,HEART,74.5,6.7,542.0,0.05106993134199187,-0.1973721151608232,0.24844204650281507,0.11960867009205199
GTEX-17F9Y-1326-SM-7MGW9.1,HEART,74.5,5.7,544.0,-1.439838165086518,1.0141781345673437,-2.454016299653862,-0.7140793037040306
GTEX-17GQL-0526-SM-72D5N.1,HEART,64.5,7.9,458.0,0.68115998643092,-1.6911260549705744,2.3722860414014946,0.33069171175444545
GTEX-17GQL-0626-SM-731CN.1,HEART,64.5,7.4,472.0,0.37814261586898046,0.14740455280573,0.23073806306325045,0.25799691978226424
GTEX-17GQL-0926-SM-731E7.1,SKIN,64.5,6.9,480.0,0.527161103229364,-0.22366303804036225,0.7508241412697263,0.9442999129343528
GTEX-17GQL-1926-SM-718B9.1,MUSCLE,64.5,8.3,504.0,1.0165283643774585,0.005116482760566481,1.011411881616892,0.13206925204585326
GTEX-17GQL-2026-SM-718BA.1,SKIN,64.5,7.4,508.0,-0.0563199171753401,-0.033437729756084854,-0.022882187419255247,-0.2238881182343243
GTEX-17HG3-0008-SM-EAZBD.1,SKIN,34.5,8.6,1193.0,1.0102093109138888,-1.4368810136566628,2.4470903245705515,-0.2909959195254219
GTEX-17HG3-0011-R10b-SM-7LT97.1,BRAIN,34.5,7.9,995.0,1.1272798420088377,-1.0299708394487928,2.15725068145763,0.2823618384647506
GTEX-17HG3-0011-R11b-SM-7KFT4.1,BRAIN,34.5,8.7,995.0,1.3252130734829157,-1.9488284486100846,3.2740415220930004,-0.049416141086905244
GTEX-17HG3-0011-R1a-SM-7LG6H.1,BRAIN,34.5,7.1,995.0,0.05083328683714458,0.3915231464331445,-0.34068985959599996,-0.09198015777431962
GTEX-17HG3-0011-R2a-SM-7MGVX.1,BRAIN,34.5,5.6,995.0,-1.1226632019044236,0.8496147184024747,-1.9722779203068983,-0.5019547466072839
GTEX-17HG3-0011-R4a-SM-7IGLL.1,BRAIN,34.5,6.1,995.0,0.844801494814372,-0.535203255046233,1.380004749860605,-0.16339276244967132
GTEX-17HG3-0011-R5a-SM-7DUEW.1,BRAIN,34.5,7.3,995.0,0.5400120588645908,0.3881273932173159,0.15188466564727493,-0.2531283955727464
GTEX-17HG3-0011-R6b-SM-79OK8.1,BRAIN,34.5,7.1,995.0,0.08135190703588352,0.459531876093347,-0.3781799690574635,-0.10270712319768575
GTEX-17HG3-0011-R7b-SM-7EPGR.1,BRAIN,34.5,6.8,995.0,-0.5556406025153198,0.9329986988882026,-1.4886393014035224,-0.3381653072092111
GTEX-17HG3-0011-R8a-SM-79OK7.1,BRAIN,34.5,7.0,995.0,0.04760057316410294,0.3715125928886707,-0.3239120197245678,-0.01542034204415779
GTEX-17HG3-1526-SM-7MGWA.1,HEART,34.5,5.7,1034.0,-2.3722834539924187,1.02117690170951,-3.3934603557019285,-0.5625227070290972
GTEX-17HG3-2226-SM-7938L.1,SKIN,34.5,8.6,1192.0,-0.07139353209214616,-0.02765696602505291,-0.04373656606709325,0.2404808903389618
GTEX-17HG3-2626-SM-7DUF2.1,SKIN,34.5,7.3,1209.0,0.7011468047615467,-0.2962169265265503,0.997363731288097,0.5214676235238206
GTEX-17HG3-2726-SM-7DHL5.1,MUSCLE,34.5,8.2,1211.0,0.7987560006658736,-0.4641825113221819,1.2629385119880556,0.2841590989110475
GTEX-17HG3-2826-SM-7EPGO.1,BRAIN,34.5,6.8,1272.0,0.7271083965821739,-0.6057179414040632,1.332826337986237,-0.05613821022768692
GTEX-17HG3-2926-SM-79ON8.1,BRAIN,34.5,6.7,1275.0,0.1572243054700629,0.21363060198383124,-0.056406296513768356,0.17700490652065676
GTEX-17HGU-0008-SM-EAZBH.1,SKIN,54.5,9.5,364.0,0.08413921871092886,-1.693845614348473,1.777984833059402,-0.19125836476412275
GTEX-17HGU-0226-SM-7DHKV.1,SKIN,54.5,8.2,363.0,0.18698621313136082,0.26532521455058317,-0.07833900141922234,0.23747124824107363
GTEX-17HGU-0626-SM-7939Y.1,MUSCLE,54.5,8.6,395.0,0.21609283825382147,-1.0104145962836433,1.2265074345374647,0.09930494935026972
GTEX-17HGU-1026-SM-79OKL.1,HEART,54.5,7.0,421.0,0.6246282206288768,0.039894377015492824,0.584733843613384,0.15629151367326047
GTEX-17HGU-1126-SM-793BP.1,HEART,54.5,7.6,423.0,0.5270045307062309,-0.5539368929400317,1.0809414236462627,1.1602269200994304
GTEX-17HGU-1826-SM-7IGQM.1,LIVER,54.5,5.9,434.0,-0.699623568208006,0.7928772245454377,-1.4925007927534437,-0.15068249547356571
GTEX-17HGU-2326-SM-7DUFE.1,SKIN,54.5,7.5,446.0,-0.2488171072173205,0.6557940059980691,-0.9046111132153897,0.1267642243500749
GTEX-17HHE-0008-SM-EAZBJ.1,SKIN,54.5,9.8,389.0,1.0890728800949128,-1.0337057869703463,2.1227786670652593,-0.38477354349139337
GTEX-17HHE-0126-SM-79398.1,LIVER,54.5,8.4,111.0,1.088043307414293,-1.4697289414352486,2.557772248849542,0.2190743853486904
GTEX-17HHE-1326-SM-7EWDZ.1,SKIN,54.5,6.5,155.0,-1.0053774658182015,1.449474684371452,-2.4548521501896534,-0.5259546404128783
GTEX-17HHE-2026-SM-79OKF.1,SKIN,54.5,7.0,386.0,-0.3477857218118207,1.078513252375028,-1.4262989741868488,0.09394475546383516
GTEX-17HHE-2126-SM-7DHLO.1,MUSCLE,54.5,8.3,393.0,-0.48303190512787364,0.36694432912160424,-0.8499762342494779,-0.034460374738842364
GTEX-17HHY-0008-SM-EAZBE.1,SKIN,54.5,9.6,689.0,0.8858930622540613,-1.1906118338366876,2.076504896090749,-0.18205411386371687
GTEX-17HHY-0011-R1a-SM-7189V.1,BRAIN,54.5,7.2,610.0,0.17469821525137405,-0.13932819029769544,0.31402640554906947,0.07490159988538606
GTEX-17HHY-0011-R3a-SM-7EWDK.1,BRAIN,54.5,6.3,610.0,-0.017627586589676357,0.30056334299142295,-0.3181909295810993,-0.07773388978119901
GTEX-17HHY-0011-R5b-SM-79OMZ.1,BRAIN,54.5,6.6,610.0,-0.5807227081616131,0.9356714304434812,-1.5163941386050943,-0.2887700143892927
GTEX-17HHY-0011-R6b-SM-7189Z.1,BRAIN,54.5,7.1,610.0,0.2374558159649194,0.17877149775027548,0.05868431821464393,0.17389886997387075
GTEX-17HHY-0011-R7a-SM-718A1.1,BRAIN,54.5,7.0,610.0,-1.0600196230380925,1.1056819175518957,-2.165701540589988,-0.36944935615691865
GTEX-17HHY-0126-SM-7LG5D.1,SKIN,54.5,8.5,688.0,0.013695950700106,0.08486317294287052,-0.07116722224276452,0.24185618196806719
GTEX-17HHY-0326-SM-7938H.1,MUSCLE,54.5,8.7,692.0,0.41085216303153554,-0.16134403662355531,0.5721961996550908,0.09067012723817883
GTEX-17HHY-0426-SM-7DHLC.1,SKIN,54.5,8.3,693.0,0.16338418203845537,-0.26517886147635095,0.42856304351480634,0.37906569110417265
GTEX-17HHY-1426-SM-7EWDQ.1,HEART,54.5,6.4,721.0,-1.3089188165061398,0.8347340823458625,-2.1436528988520025,-0.4849808488092786
GTEX-17HHY-2926-SM-79OJW.1,BRAIN,54.5,7.2,765.0,0.7055333493852798,-0.8507065571731076,1.5562399065583874,0.06694990154065139
GTEX-17HHY-3026-SM-79OKP.1,BRAIN,54.5,7.1,768.0,0.4810216653441574,-0.2013191904218366,0.682340855765994,0.21266705011086767
GTEX-17HII-0008-SM-EAZBF.1,SKIN,54.5,9.6,599.0,0.7449151037610271,-1.4560511265158633,2.20096623027689,-0.27589850928327825
GTEX-17HII-0011-R10a-SM-79OMY.1,BRAIN,54.5,6.6,462.0,0.1042788804936523,0.167278910588533,-0.0630000300948807,-0.28948330946235223
GTEX-17HII-0011-R11b-SM-7KFSX.1,BRAIN,54.5,8.2,462.0,1.2765360777896149,-1.7877110040089488,3.0642470817985634,-0.2588914998466214
GTEX-17HII-0011-R1b-SM-7MGVW.1,BRAIN,54.5,5.6,462.0,-1.3359128003925766,0.7089814365725704,-2.0448942369651473,-0.5153987783412799
GTEX-17HII-0011-R3a-SM-7LT9D.1,BRAIN,54.5,7.0,462.0,-0.17332588913936947,0.3184785916010919,-0.49180448074046135,-0.25609318027929895
GTEX-17HII-0011-R5a-SM-7LG51.1,BRAIN,54.5,8.3,462.0,0.2251122151601709,0.21649006026178078,0.008622154898390133,0.2807763211410799
GTEX-17HII-0011-R7a-SM-79OMS.1,BRAIN,54.5,6.5,462.0,-0.9548912384690108,1.008483519734841,-1.9633747582038517,-0.2665838141950846
GTEX-17HII-0011-R8a-SM-79OK6.1,BRAIN,54.5,7.1,462.0,0.3585434674715204,-0.09431496342449844,0.45285843089601885,0.45946104202317367
GTEX-17HII-0226-SM-7LG4E.1,SKIN,54.5,8.4,599.0,-0.2303565325963189,-0.3604054065745816,0.13004887397826267,0.05654301111101567
GTEX-17HII-0426-SM-793A3.1,MUSCLE,54.5,8.9,603.0,-0.2613218943161743,-0.8565212852130846,0.5951993908969102,0.538483497089872
GTEX-17HII-1026-SM-7IGLY.1,LIVER,54.5,6.0,657.0,0.1413409270520726,0.3260676198426229,-0.1847266927905503,0.04434150853794354
GTEX-17HII-1326-SM-7IGOB.1,HEART,54.5,5.9,664.0,0.13156642353122047,-3.967413500477326,4.098979924008546,1.9490833164127706
GTEX-17HII-1426-SM-7EPGG.1,SKIN,54.5,7.0,665.0,-0.8715047718390846,1.1485617551313094,-2.020066526970394,-0.394110410382562
GTEX-17HII-2926-SM-79OMK.1,BRAIN,54.5,6.6,725.0,0.471181896300593,-0.34197891435564115,0.8131608106562341,-0.1707731271159376
GTEX-17HII-3026-SM-7EWFM.1,BRAIN,54.5,6.3,727.0,-0.11207370240878989,0.39657952414267184,-0.5086532265514617,-0.13076560446296812
GTEX-17JCI-0008-SM-EAZBG.1,SKIN,64.5,10.0,561.0,0.9625248197544397,-1.2889887850530206,2.25151360480746,-0.2473134350339275
GTEX-17JCI-0011-R10b-SM-718A2.1,BRAIN,64.5,7.7,435.0,0.5979791603591833,-0.22806841669427727,0.8260475770534605,0.09700755797293222
GTEX-17JCI-0011-R11a-SM-7189Y.1,BRAIN,64.5,7.4,435.0,0.49724501973089064,-0.2548101662334813,0.7520551859643719,-0.4809167840244125
GTEX-17JCI-0011-R1b-SM-718A3.1,BRAIN,64.5,6.9,435.0,-0.21510019447503173,0.5137627516820273,-0.728862946157059,0.03266516474290598
GTEX-17JCI-0011-R6a-SM-72D6D.1,BRAIN,64.5,5.9,435.0,-0.6711884908204686,1.0636786026398215,-1.73486709346029,-0.36613855797178013
GTEX-17JCI-0126-SM-7LG5G.1,SKIN,64.5,8.3,561.0,0.08486382816124734,-0.5146389595941709,0.5995027877554183,-0.6089384262470985
GTEX-17JCI-0326-SM-7LG5H.1,MUSCLE,64.5,8.4,566.0,-0.23870264639754313,0.5903230831428388,-0.8290257295403819,-0.359001808374247
GTEX-17JCI-0826-SM-7LT8W.1,HEART,64.5,7.3,582.0,0.5089803976548852,-0.6678808529311907,1.176861250586076,0.3820415113785828
GTEX-17JCI-1126-SM-7IGMM.1,HEART,64.5,6.0,588.0,-1.7226041128380438,0.9225173535537036,-2.6451214663917475,-0.894161855873985
GTEX-17JCI-2926-SM-7DUFF.1,SKIN,64.5,7.4,628.0,0.25028998791345636,0.43781163778246146,-0.1875216498690051,0.787711804423446
GTEX-17JCI-3026-SM-7EWDR.1,BRAIN,64.5,6.5,651.0,0.1652788349104838,0.11419099689203906,0.051087838018444756,-0.22679213170877582
GTEX-17JCI-3126-SM-7LTA2.1,BRAIN,64.5,6.9,654.0,0.44241470647315406,0.14440080514572962,0.29801390132742445,0.010969773300241863
GTEX-17KNJ-0008-SM-EAZBI.1,SKIN,54.5,7.2,273.0,0.08262124636273808,-1.3294583914387674,1.4120796378015055,-0.13589285692670539
GTEX-17KNJ-0626-SM-7LT9L.1,HEART,54.5,7.7,216.0,0.34736157754084357,0.04187414464980487,0.3054874328910387,0.21337570123901475
GTEX-17KNJ-0826-SM-793A4.1,HEART,54.5,8.9,223.0,0.7839896177052346,-0.2428621525905251,1.0268517702957596,-0.05241728455040537
GTEX-17KNJ-2126-SM-718AM.1,SKIN,54.5,8.1,268.0,0.21485841133758787,0.3833231309025594,-0.1684647195649715,-0.12574436364627797
GTEX-17KNJ-2326-SM-7DHLQ.1,SKIN,54.5,7.9,279.0,0.23677446217849382,-0.3073695025187396,0.5441439646972335,-0.08190897217611709
GTEX-17KNJ-2426-SM-7DHLR.1,MUSCLE,54.5,7.9,283.0,-0.5429331971470245,0.49641230485501525,-1.0393455020020397,-0.17869786201757643
GTEX-17MF6-0008-SM-EAZBV.1,SKIN,44.5,9.7,1315.0,0.9375171218858068,-1.3656899707593413,2.303207092645148,-0.2180164343732671
GTEX-17MF6-0011-R1a-SM-72D6O.1,BRAIN,44.5,5.8,1228.0,-1.5813145820095957,1.0032833380408976,-2.584597920050493,-0.6251240851755178
GTEX-17MF6-0011-R5a-SM-731BA.1,BRAIN,44.5,6.5,1228.0,-1.5878713890597458,1.1129643979227395,-2.700835786982485,-0.6881621433070325
GTEX-17MF6-0011-R6b-SM-7LG6G.1,BRAIN,44.5,7.7,1228.0,-0.1115197562886139,0.5410803712604453,-0.6526001275490592,-0.18427691166316024
GTEX-17MF6-0011-R7b-SM-7LG6J.1,BRAIN,44.5,6.2,1228.0,-1.576279850082608,1.1578084499495183,-2.734088300032126,-0.8663982322396192
GTEX-17MF6-0126-SM-7LG4F.1,SKIN,44.5,6.2,1315.0,0.032728142890807166,-0.05393240288124051,0.08666054577204768,0.292006982826239
GTEX-17MF6-0726-SM-7LT8E.1,HEART,44.5,6.4,1333.0,-0.4620830219827158,0.6507458135911404,-1.1128288355738563,-0.3203515482209738
GTEX-17MF6-0926-SM-7LTAL.1,HEART,44.5,7.0,1339.0,-0.09545242463321578,-0.3272176107049659,0.23176518607175012,0.27321444743365425
GTEX-17MF6-1126-SM-7DUFS.1,LIVER,44.5,7.3,1343.0,0.37769899105930643,-0.8439372018309027,1.221636192890209,0.40807721526209284
GTEX-17MF6-2026-SM-7LG5I.1,MUSCLE,44.5,8.0,1366.0,0.1393019718947226,-0.8591086310358376,0.9984106029305602,0.4552206597984593
GTEX-17MF6-2626-SM-79OKQ.1,SKIN,44.5,7.1,1382.0,-0.08558533455677042,0.21403052427937158,-0.299615858836142,0.20528888644131646
GTEX-17MF6-2926-SM-7LTAW.1,BRAIN,44.5,6.2,1389.0,-1.1039694464758811,0.9171933629609991,-2.02116280943688,-0.5552772860352241
GTEX-17MFQ-0008-SM-EAZBK.1,SKIN,24.5,9.9,367.0,1.0355936217085,-1.1123285256873627,2.147922147395863,-0.3367684080419618
GTEX-17MFQ-1526-SM-7KFRR.1,SKIN,24.5,7.1,362.0,-0.1330874407870537,0.6686791580537507,-0.8017665988408044,-0.11824544953041177
GTEX-17MFQ-1726-SM-793C7.1,SKIN,24.5,7.6,367.0,-0.385304391712544,0.8309206178193208,-1.2162250095318647,0.11134622116926257
GTEX-17MFQ-1926-SM-793A6.1,MUSCLE,24.5,9.1,372.0,0.08423506344508755,-0.32971236491707095,0.4139474283621585,0.8578828580846891
GTEX-183FY-0008-SM-EAZBL.1,SKIN,24.5,9.5,244.0,0.4397832552667715,-1.3265937849425637,1.7663770402093353,-0.22699646374173513
GTEX-183FY-0126-SM-7LT9P.1,SKIN,24.5,7.7,245.0,0.02205259098558109,0.6248654701094281,-0.602812879123847,0.21875929955131856
GTEX-183FY-0226-SM-7LG54.1,MUSCLE,24.5,8.0,255.0,-0.59114811460534,0.44925669397472195,-1.040404808580062,-0.2993318431057487
GTEX-183FY-1026-SM-7939A.1,SKIN,24.5,8.8,366.0,0.20419837598636845,-0.25541151388207345,0.45960988986844187,0.6282255594114207
GTEX-183WM-0008-SM-EAZBN.1,SKIN,74.5,8.9,873.0,0.7189807023978505,-0.8538115379726037,1.5727922403704542,-0.12957099680985418
GTEX-183WM-0011-R11a-SM-718A5.1,BRAIN,74.5,6.5,820.0,0.02375714228661604,0.17751533793673838,-0.15375819565012233,-0.34982478910588244
GTEX-183WM-0011-R1a-SM-718A8.1,BRAIN,74.5,5.9,820.0,-1.5519582569975483,1.0027253056063155,-2.5546835626038638,-0.5445675844827249
GTEX-183WM-0011-R4a-SM-7LG6S.1,BRAIN,74.5,5.7,820.0,-2.4708952223487697,1.1512614101601821,-3.622156632508952,-0.9727028247153513
GTEX-183WM-0011-R5a-SM-718A4.1,BRAIN,74.5,6.9,820.0,-1.499885826296284,0.9938609020270602,-2.493746728323344,-0.3790460792205257
GTEX-183WM-0011-R6b-SM-72D66.1,BRAIN,74.5,6.9,820.0,-0.20991963531134067,0.6340264326305415,-0.8439460679418822,0.18167295658859578
GTEX-183WM-0011-R7b-SM-731AX.1,BRAIN,74.5,6.7,820.0,-1.4289344124176775,1.0145115368048292,-2.4434459492225065,-0.3301293298205433
GTEX-183WM-0011-R8a-SM-7189W.1,BRAIN,74.5,6.3,820.0,-1.3580493053432507,0.7206321940329308,-2.0786814993761817,-0.5080768196205586
GTEX-183WM-0126-SM-7LTAB.1,SKIN,74.5,8.0,872.0,-0.2445470550981375,-0.9822629805157845,0.7377159254176471,0.11542241376126906
GTEX-183WM-0326-SM-72D5V.1,SKIN,74.5,6.5,875.0,0.10736178053370411,-0.03452939486529552,0.14189117539899965,0.05356370385700528
GTEX-183WM-0426-SM-731B1.1,MUSCLE,74.5,6.3,877.0,-0.09378555147420733,-0.012178337131895764,-0.08160721434231157,1.5981382301471858
GTEX-183WM-0926-SM-718AN.1,HEART,74.5,6.8,885.0,0.22345696749886568,0.24351106854857216,-0.02005410104970648,-0.022775663746731456
GTEX-183WM-2726-SM-7KFRF.1,BRAIN,74.5,6.3,940.0,0.0950573583380084,0.1669267694752248,-0.07186941113721641,-0.2988412976174906
GTEX-183WM-2826-SM-731C2.1,BRAIN,74.5,6.6,943.0,-0.1176848121910943,0.208598343952844,-0.3262831561439383,0.2737943573409853
GTEX-18464-0011-R10a-SM-72D6X.1,BRAIN,54.5,7.5,600.0,0.8666294170101742,-0.6110582305356118,1.4776876475457859,0.09389566321009363
GTEX-18464-0011-R11a-SM-72D76.1,BRAIN,54.5,8.0,600.0,0.8333963715212032,-1.41459143920367,2.247987810724873,-0.4136159249516909
GTEX-18464-0011-R2a-SM-731AL.1,BRAIN,54.5,5.7,600.0,-1.2917379992711708,0.8115767711754243,-2.103314770446595,-0.5754174048318046
GTEX-18464-0011-R4a-SM-7LG6T.1,BRAIN,54.5,6.7,600.0,-1.1943179460465232,0.8329628308250745,-2.0272807768715975,-0.5997367040024868
GTEX-18464-0011-R5b-SM-718A6.1,BRAIN,54.5,8.5,600.0,0.5327585686290565,-0.17151139938341325,0.7042699680124698,0.25780474731303926
GTEX-18464-0011-R6a-SM-731CA.1,BRAIN,54.5,7.3,600.0,0.794407152887293,-0.6774369090768511,1.471844061964144,0.08243295724952567
GTEX-18464-0011-R7b-SM-731CM.1,BRAIN,54.5,7.1,600.0,-0.9253622064533878,0.8372174571821033,-1.7625796636354911,-0.5881824586123987
GTEX-18464-0011-R8a-SM-72D4Z.1,BRAIN,54.5,6.9,600.0,0.4779234263203278,-0.1471708452151949,0.6250942715355228,0.5591776382151998
GTEX-18464-0011-R9a-SM-731BK.1,BRAIN,54.5,6.9,600.0,0.4357989838752301,-1.2647024425102313,1.7005014263854614,1.040022173124421
GTEX-18465-0008-SM-EAZBM.1,SKIN,54.5,8.7,781.0,1.045311924383969,-1.664371743720906,2.709683668104875,-0.30814717133426484
GTEX-18465-0011-R11a-SM-72D78.1,BRAIN,54.5,6.7,690.0,1.1904743925634065,-1.9682412129606055,3.158715605524012,0.02760988406314509
GTEX-18465-0011-R5a-SM-72D5J.1,BRAIN,54.5,6.7,690.0,-0.9656441990947288,1.0626002482396273,-2.028244447334356,-0.1776507572414521
GTEX-18465-0011-R6a-SM-7LG6M.1,BRAIN,54.5,6.3,690.0,-0.5213288984688602,0.6314521162042255,-1.1527810146730857,-0.3607635533697212
GTEX-18465-0011-R7b-SM-7LG6V.1,BRAIN,54.5,7.3,690.0,-0.6888406267725827,0.9295713082776138,-1.6184119350501964,-0.29147279843698315
GTEX-18465-0011-R8b-SM-7LG6O.1,BRAIN,54.5,5.8,690.0,-0.5907360439149666,0.6427610172027809,-1.2334970611177476,-0.4121184179016611
GTEX-18465-0126-SM-731BN.1,SKIN,54.5,7.8,780.0,0.29799738284209787,0.13560065489487544,0.16239672794722243,0.1573097897322854
GTEX-18465-0326-SM-7LTAD.1,MUSCLE,54.5,8.3,785.0,0.7953537434279055,-0.5060971458051818,1.3014508892330874,-0.52894513587419
GTEX-18465-0726-SM-7LG4L.1,HEART,54.5,6.8,798.0,1.1575544395931747,-1.8585143264972064,3.016068766090381,0.9393928061656733
GTEX-18465-0926-SM-731AY.1,HEART,54.5,6.0,805.0,-1.4152845922194222,0.9362516966958172,-2.3515362889152396,-0.8632906804628326
GTEX-18465-1626-SM-7LG6N.1,LIVER,54.5,6.0,818.0,-0.6814565468315295,0.9673729973623699,-1.6488295441938994,-0.6287753440662326
GTEX-18465-2826-SM-7LT9J.1,SKIN,54.5,5.9,845.0,-0.3418862512376866,0.9852889963667482,-1.3271752476044347,-0.048043764402826414
GTEX-18465-2926-SM-7KFSE.1,BRAIN,54.5,7.3,848.0,1.0533969002815113,-1.5137968798265844,2.567193780108096,-0.02445381920722351
GTEX-18465-3026-SM-7LG6Y.1,BRAIN,54.5,6.8,851.0,0.4966185322045421,-0.03165001529241869,0.5282685474969608,-0.04945777462279287
GTEX-18A66-0008-SM-EAZBU.1,SKIN,64.5,9.8,282.0,0.940841275601109,-1.4523244422091381,2.393165717810247,-0.3381342782462979
GTEX-18A66-0126-SM-731CQ.1,MUSCLE,64.5,8.0,279.0,0.04096981942548208,-0.28487593607912126,0.3258457555046033,-0.1323669950921051
GTEX-18A66-0226-SM-718BD.1,SKIN,64.5,8.0,281.0,-0.12184397864451225,-0.6597168618985022,0.53787288325399,0.2819516012230499
GTEX-18A66-0626-SM-7LT8Z.1,SKIN,64.5,8.1,292.0,-0.26742796859402057,0.39359100998208457,-0.6610189785761051,0.2863149194853105
GTEX-18A66-1126-SM-731C5.1,HEART,64.5,8.3,355.0,0.4863264520888304,-0.8220653974107155,1.308391849499546,1.2205089213162497
GTEX-18A66-1226-SM-7LT8G.1,HEART,64.5,8.8,357.0,1.152430010775879,-3.057505686942217,4.2099356977180955,1.6763701152523862
GTEX-18A66-2026-SM-7189C.1,LIVER,64.5,7.3,368.0,0.25018252781726136,-1.0117892821403627,1.261971809957624,-0.09647919585168907
GTEX-18A67-0008-SM-EAZBP.1,SKIN,54.5,9.6,274.0,1.1313629438220518,-1.3164786636101837,2.4478416074322356,-0.3856293780276018
GTEX-18A67-0126-SM-7LG5P.1,SKIN,54.5,7.6,277.0,0.08655076956214866,0.4291154042631573,-0.3425646347010086,0.12128955256538759
GTEX-18A67-0326-SM-7LG5X.1,MUSCLE,54.5,8.5,284.0,-0.5843440803732654,-0.13415489325809032,-0.450189187115175,-0.04013866772696809
GTEX-18A67-1026-SM-731CE.1,HEART,54.5,8.3,329.0,0.4488648956166513,-0.8459258835455169,1.2947907791621682,1.3446108245244208
GTEX-18A67-1226-SM-7KFRS.1,HEART,54.5,8.6,344.0,1.0013880618799018,-0.478789613924142,1.4801776758040437,-0.040287291619723914
GTEX-18A67-1626-SM-7LT9T.1,SKIN,54.5,7.8,375.0,-0.07379826713285736,0.568456045862455,-0.6422543129953124,-0.4842746846708588
GTEX-18A6Q-0008-SM-EAZBO.1,SKIN,64.5,6.7,528.0,0.9974364496041386,-1.3368958955405421,2.3343323451446807,-0.32413125833081163
GTEX-18A6Q-0011-R10b-SM-72D7A.1,BRAIN,64.5,7.4,403.0,0.9954774030355494,-0.6967939787203191,1.6922713817558686,0.12144789627452261
GTEX-18A6Q-0011-R11a-SM-72D6H.1,BRAIN,64.5,6.2,403.0,0.7961678033615172,-0.5649696992846103,1.3611375026461274,-0.1815871386068699
GTEX-18A6Q-0011-R1b-SM-731DI.1,BRAIN,64.5,7.3,403.0,0.21092856261187923,-0.7763028050118158,0.987231367623695,0.3722274765778896
GTEX-18A6Q-0011-R3a-SM-718A7.1,BRAIN,64.5,6.0,403.0,-0.1921815209747546,0.3889784787837259,-0.5811599997584804,-0.0467661441537637
GTEX-18A6Q-0011-R6a-SM-7LG6R.1,BRAIN,64.5,7.0,403.0,0.3217018157347734,0.08817832146229265,0.23352349427248076,-0.2719671802809681
GTEX-18A6Q-0126-SM-731BZ.1,SKIN,64.5,7.9,527.0,-0.06561747839515315,0.04447993469768922,-0.11009741309284238,0.16801272648284574
GTEX-18A6Q-0326-SM-718AT.1,MUSCLE,64.5,8.6,532.0,0.35589415034363575,0.2343805414088774,0.12151360893475835,-0.0663390517667806
GTEX-18A6Q-0626-SM-7KFRP.1,SKIN,64.5,8.1,545.0,0.21797753630574107,0.30937724690569485,-0.09139971059995378,0.04066007560346072
GTEX-18A6Q-1526-SM-731CO.1,HEART,64.5,6.8,596.0,-0.14406888032534002,0.46741381377500224,-0.6114826941003423,0.16275984099114352
GTEX-18A6Q-1626-SM-7KFTA.1,HEART,64.5,6.2,598.0,-0.3581343612758558,0.618353804811692,-0.9764881660875477,-0.03435060157844201
GTEX-18A6Q-2026-SM-718AQ.1,LIVER,64.5,7.1,606.0,0.4402275843061423,0.343820728833105,0.09640685547303729,-0.04962766063184949
GTEX-18A6Q-2826-SM-7LTAO.1,BRAIN,64.5,5.8,670.0,0.3318766555507796,0.08386387733195806,0.24801277821882156,-0.1592033135416202
GTEX-18A6Q-2926-SM-718AR.1,BRAIN,64.5,6.8,672.0,0.39073077790930916,0.08766159920524005,0.30306917870406913,0.07318343417844235
GTEX-18A7A-0008-SM-EAZBR.1,SKIN,54.5,8.8,571.0,0.8492902792352447,-1.0049750569156843,1.8542653361509291,-0.0657799621706814
GTEX-18A7A-0126-SM-731AH.1,SKIN,54.5,7.7,467.0,-0.07902768624695043,0.35692813852784877,-0.4359558247747992,0.3380052928231028
GTEX-18A7A-0226-SM-718BH.1,SKIN,54.5,8.4,570.0,-0.08686445919852065,0.3873132651315848,-0.47417772433010547,0.3018725966126303
GTEX-18A7A-0626-SM-718BJ.1,MUSCLE,54.5,8.6,576.0,0.2953590407021534,-0.007888838645889419,0.3032478793480428,-0.1893548414001655
GTEX-18A7A-1226-SM-7LTAJ.1,HEART,54.5,7.8,594.0,0.2522607138319273,0.008853799712809004,0.24340691411911827,0.38972266130300304
GTEX-18A7A-1526-SM-72D69.1,LIVER,54.5,6.5,602.0,0.57068237800919,-0.34143762974065783,0.9121200077498478,0.13511315911891375
GTEX-18A7B-0008-SM-EAZBQ.1,SKIN,74.5,9.2,666.0,0.733980230691355,-1.1184431059678441,1.8524233366591991,-0.18687343522017583
GTEX-18A7B-0126-SM-7LG64.1,SKIN,74.5,7.1,668.0,0.23809349480280617,-0.24414718019135342,0.48224067499415957,0.13653111074799018
GTEX-18A7B-0326-SM-7LG65.1,MUSCLE,74.5,8.0,675.0,0.0974327375317627,-0.6495032175491363,0.746935955080899,0.5178444722280096
GTEX-18A7B-2726-SM-7LG56.1,SKIN,74.5,7.8,819.0,0.03741760044911855,0.2461344506209731,-0.20871685017185457,0.3498642247975619
GTEX-18D9A-1426-SM-7LT8M.1,SKIN,34.5,7.3,502.0,-0.10204930054047494,0.3477525884247244,-0.44980188896519935,0.055700841136337734
GTEX-18D9A-1826-SM-718BK.1,MUSCLE,34.5,8.4,609.0,0.014725138543437103,0.41791333343021014,-0.40318819488677304,-0.5448915278813345
GTEX-18D9A-1926-SM-7LG6P.1,SKIN,34.5,8.2,611.0,-0.35056131225509235,-0.00971667563541077,-0.34084463661968156,-0.6288426767642636
GTEX-18D9B-0008-SM-EAZBT.1,SKIN,64.5,9.7,422.0,1.0237255339447136,-1.485711929765995,2.5094374637107086,-0.3123259016141866
GTEX-18D9B-0426-SM-7LTAR.1,MUSCLE,64.5,7.8,407.0,-0.093922834612517,0.04870210397332878,-0.1426249385858458,0.6458189586707191
GTEX-18D9B-0526-SM-7LTAS.1,SKIN,64.5,7.2,422.0,-0.011701896563559152,0.4139857406311617,-0.42568763719472086,0.13732269622486257
GTEX-18D9B-0926-SM-7LG4U.1,SKIN,64.5,7.2,455.0,-0.27822008987233415,0.5801465107516807,-0.8583666006240148,0.3050171368469788
GTEX-18D9B-1126-SM-7KFSH.1,HEART,64.5,8.2,469.0,0.41772240464085497,-0.41170166072220604,0.829424065363061,0.6220897097893119
GTEX-18D9B-1226-SM-72D6V.1,HEART,64.5,7.7,475.0,0.5939757775723915,-0.2983952838580267,0.8923710614304182,0.11848937687728045
GTEX-18D9B-1526-SM-7KFRK.1,LIVER,64.5,7.5,495.0,0.49073379979381065,-0.7230344253574295,1.21376822515124,0.4399765356280617
GTEX-18D9U-0008-SM-EAZBW.1,SKIN,44.5,9.7,805.0,0.35362992054424386,-0.848137462650148,1.2017673831943918,0.06577501674957056
GTEX-18D9U-0126-SM-731BM.1,SKIN,44.5,6.4,269.0,-0.8808100626773528,1.6447344288797312,-2.525544491557084,-0.18391544445853644
GTEX-18D9U-0226-SM-718BP.1,SKIN,44.5,6.4,278.0,-0.957919582371597,1.507827505230103,-2.4657470876017,-0.40966926082963534
GTEX-18D9U-0626-SM-7LTA4.1,MUSCLE,44.5,8.5,307.0,0.22952940364016045,-0.09968225589080822,0.32921165953096865,0.04883671031243841
GTEX-18D9U-1126-SM-72D5Y.1,HEART,44.5,8.4,324.0,0.6951141084494616,-0.16887201548510772,0.8639861239345694,-0.1629106806759794
GTEX-18D9U-1426-SM-718BO.1,HEART,44.5,8.6,341.0,0.5197542305897122,-0.07564788915163025,0.5954021197413424,0.13161054216548587
GTEX-18QFQ-0008-SM-EAZD7.1,SKIN,34.5,10.0,455.0,0.9731058451637516,-1.3362568212568746,2.3093626664206264,-0.34281720363097185
GTEX-18QFQ-0126-SM-731BE.1,SKIN,34.5,6.6,457.0,-0.7484765461060147,0.8951664952499052,-1.64364304135592,-0.03664902537028491
GTEX-18QFQ-0326-SM-731C3.1,MUSCLE,34.5,8.5,467.0,-0.28796044420660605,-0.2519958956454555,-0.035964548561150556,0.05176209304418403
GTEX-18QFQ-1826-SM-72D52.1,SKIN,34.5,6.5,709.0,-0.8077106011714235,0.7817423297434046,-1.589452930914828,-0.19455662500903614
GTEX-19HZE-0011-R11b-SM-79ONN.1,BRAIN,74.5,6.7,925.0,0.365220904010698,-0.15546701629491547,0.5206879203056135,-0.012031320008913736
GTEX-19HZE-0011-R5a-SM-79OOU.1,BRAIN,74.5,6.6,925.0,-1.3235992478317398,1.1882968707985628,-2.5118961186303026,-0.236336918274044
GTEX-19HZE-0126-SM-73KX7.1,SKIN,74.5,5.9,1000.0,-0.46210233205162426,1.0181251681342656,-1.4802275001858898,0.04033632324020248
GTEX-19HZE-2126-SM-72D4X.1,MUSCLE,74.5,7.6,1035.0,0.7592477104063543,-1.3507637630226812,2.1100114734290356,0.7384165166136435
GTEX-19HZE-2926-SM-718BQ.1,SKIN,74.5,5.8,1052.0,-0.37702441371485085,0.7966916415578127,-1.1737160552726635,-0.36961475372933567
GTEX-19HZE-3026-SM-718BR.1,BRAIN,74.5,6.2,1054.0,0.2280921731544987,-0.028653131474237998,0.2567453046287367,-0.3693978226994889
GTEX-19HZE-3126-SM-731BC.1,BRAIN,74.5,6.0,1056.0,-1.0968701641041765,0.9033195803201421,-2.0001897444243184,-0.4138153696373312
GTEX-1A32A-0008-SM-EAZD9.1,SKIN,54.5,10.0,669.0,0.7951758453347273,-1.029457907724365,1.8246337530590924,-0.24163904094299202
GTEX-1A32A-0011-R1a-SM-7P8SQ.1,BRAIN,54.5,6.3,529.0,-1.7516402451647548,1.032303318470371,-2.783943563635126,-0.5188361060951109
GTEX-1A32A-0011-R9b-SM-7MGXD.1,BRAIN,54.5,5.7,529.0,-0.11449986460449484,-0.1813595406678334,0.06685967606333858,0.3303636842011819
GTEX-1A32A-0126-SM-718B1.1,SKIN,54.5,7.1,668.0,0.2748054447360016,-0.1963212276003549,0.4711266723363565,0.408844174005058
GTEX-1A32A-0526-SM-731B9.1,MUSCLE,54.5,8.5,677.0,-0.06864635937196793,-0.5091949039334867,0.4405485445615187,0.7022883058136556
GTEX-1A32A-0626-SM-731AQ.1,SKIN,54.5,7.2,679.0,0.04141857258608838,-0.1222327254136098,0.1636512979996982,0.796121184853483
GTEX-1A32A-0826-SM-72D5C.1,LIVER,54.5,6.7,702.0,0.018174425129582405,0.13697111015585836,-0.11879668502627595,-0.06133942866321316
GTEX-1A32A-1326-SM-73KWW.1,HEART,54.5,7.2,712.0,0.28138878823469243,-0.653139557850939,0.9345283460856315,0.4180291835355538
GTEX-1A32A-3026-SM-72D61.1,BRAIN,54.5,5.9,765.0,-0.43450843707315523,-0.012702952059589954,-0.4218054850135653,-0.040200880878680054
GTEX-1A3MV-0008-SM-EAZDA.1,SKIN,34.5,10.0,365.0,0.74071761633547,-1.1431975858199368,1.8839152021554066,0.06396872777728886
GTEX-1A3MV-1826-SM-731CD.1,SKIN,34.5,6.8,336.0,-0.5137558503436203,1.231011845031579,-1.7447676953751992,0.04229308825556739
GTEX-1A3MV-1926-SM-718BT.1,SKIN,34.5,7.7,365.0,-0.10314353010356317,0.7871114845143933,-0.8902550146179564,0.018206643995775155
GTEX-1A3MV-2026-SM-718BU.1,MUSCLE,34.5,8.0,377.0,-0.08551602094606932,1.1556507558741296,-1.2411667768201988,-0.6881680968778682
GTEX-1A3MW-0008-SM-EAZDC.1,SKIN,64.5,10.0,706.0,0.6760505281087058,-0.9485817216520842,1.62463224976079,-0.26298643727915305
GTEX-1A3MW-0126-SM-73KXX.1,SKIN,64.5,7.9,705.0,0.10045158128342015,-0.8243335248519542,0.9247851061353743,0.4335211288744905
GTEX-1A3MW-0526-SM-731BY.1,MUSCLE,64.5,8.4,711.0,-0.08039689940411478,-0.4083604703589768,0.32796357095486206,0.547704970618669
GTEX-1A3MW-0626-SM-731CB.1,SKIN,64.5,7.8,713.0,0.14679124129939242,-0.19515787100304202,0.3419491123024344,0.15278227765727267
GTEX-1A3MW-1326-SM-7189P.1,HEART,64.5,7.0,729.0,-0.13923853060022795,0.5114904081823971,-0.650728938782625,-0.07596503799820897
GTEX-1A3MW-3026-SM-72D5E.1,BRAIN,64.5,5.9,758.0,-1.8914534114883819,1.1616222803301297,-3.0530756918185116,-0.6244132786268473
GTEX-1A3MX-0008-SM-EAZDB.1,SKIN,64.5,10.0,1125.0,0.8306982171378453,-0.9013166446796336,1.7320148618174789,-0.21995436641856597
GTEX-1A3MX-0011-R10b-SM-7P8PG.1,BRAIN,64.5,5.7,1085.0,0.49611511627193045,0.14824529581573406,0.3478698204561964,-0.10034929986401654
GTEX-1A3MX-0011-R11b-SM-7DUGP.1,BRAIN,64.5,7.5,1085.0,0.7608391741656634,-0.9188004907462239,1.6796396649118872,0.12130337590391284
GTEX-1A3MX-0011-R1b-SM-7P8PH.1,BRAIN,64.5,6.2,1085.0,-0.4441632881759352,0.8434635489025234,-1.2876268370784585,-0.23436216037885468
GTEX-1A3MX-0011-R2b-SM-7EWFL.1,BRAIN,64.5,6.4,1085.0,0.18747912912384454,0.311575989372695,-0.12409686024885044,0.433014167800612
GTEX-1A3MX-0011-R3b-SM-79OOW.1,BRAIN,64.5,6.7,1085.0,0.6676145741036243,-0.3619219086805331,1.0295364827841573,0.268740685835086
GTEX-1A3MX-0011-R4b-SM-7EWFK.1,BRAIN,64.5,6.3,1085.0,0.05999688247980747,0.3249864721987074,-0.26498958971889996,0.22743790444916143
GTEX-1A3MX-0011-R5a-SM-79OM5.1,BRAIN,64.5,7.1,1085.0,0.20157191493070692,0.26576974270073095,-0.06419782777002403,0.3351379155042556
GTEX-1A3MX-0011-R6a-SM-7P8S9.1,BRAIN,64.5,7.1,1085.0,0.5167789277327144,0.17242245212090038,0.34435647561181404,-0.002943027437773185
GTEX-1A3MX-0011-R7a-SM-7DUEM.1,BRAIN,64.5,7.4,1085.0,0.015367410133835933,0.4310654746536018,-0.4156980645197659,0.3230695366392378
GTEX-1A3MX-0011-R8a-SM-7P8PI.1,BRAIN,64.5,6.7,1085.0,0.6255348250581005,-0.27495205386401894,0.9004868789221194,0.3396359073282916
GTEX-1A3MX-0126-SM-731BR.1,SKIN,64.5,8.1,1124.0,0.5591674567677647,-0.6575987073451834,1.2167661641129481,0.16899543234914063
GTEX-1A3MX-0526-SM-718A9.1,MUSCLE,64.5,7.6,1135.0,0.1292583438146736,-0.911770502091151,1.0410288459058246,0.30842426859242067
GTEX-1A3MX-1226-SM-731B3.1,HEART,64.5,7.0,1164.0,0.6838641785465986,-1.977764474916731,2.6616286534633296,1.3590818560410904
GTEX-1A3MX-1326-SM-72D58.1,HEART,64.5,6.0,1166.0,0.17856190606839503,-0.22157301732061926,0.4001349233890143,0.382327176872783
GTEX-1A3MX-2626-SM-7PC24.1,SKIN,64.5,6.8,1189.0,0.18072179267823305,0.3437074886185783,-0.16298569594034526,0.27840470779038995
GTEX-1A3MX-2926-SM-718B7.1,BRAIN,64.5,7.2,1198.0,0.761902695237952,-1.3195190483340382,2.0814217435719904,0.299209825410778
GTEX-1A3MX-3026-SM-731BF.1,BRAIN,64.5,6.8,1199.0,0.5786589643154549,-0.6078846072766251,1.18654357159208,0.4451149964380369
GTEX-1A8FM-0008-SM-EAZDD.1,SKIN,54.5,10.0,1204.0,1.115924518687629,-1.1920370105481957,2.3079615292358246,-0.3454983637839212
GTEX-1A8FM-0226-SM-7SB7Q.1,SKIN,54.5,7.3,1205.0,0.12649960373255295,-0.2951712210806383,0.4216708248131913,0.36859800767202044
GTEX-1A8FM-0526-SM-7P8SF.1,MUSCLE,54.5,8.3,1212.0,-0.11840055685048698,-2.4436069025585097,2.3252063457080228,0.8269526372836403
GTEX-1A8FM-0626-SM-7PC25.1,SKIN,54.5,7.7,1214.0,0.15812014719252354,-0.13958206582661237,0.2977022130191359,0.30873733327580394
GTEX-1A8FM-1026-SM-7PC26.1,HEART,54.5,6.0,1244.0,-0.2867665273755628,-0.23530362084110162,-0.05146290653446117,0.5046931421600069
GTEX-1A8FM-1226-SM-7IGMD.1,LIVER,54.5,6.0,1250.0,-0.37769791074907366,0.6205652719680559,-0.9982631827171295,-0.3581603008538361
GTEX-1A8G6-0008-SM-EWRMK.1,SKIN,64.5,9.8,1163.0,0.8919267846872255,-1.3308251178029389,2.2227519024901645,-0.2912661499233338
GTEX-1A8G6-0011-R10b-SM-7P8PB.1,BRAIN,64.5,6.1,998.0,-0.3765868476816519,0.6376783853147352,-1.014265232996387,-0.43659690777276394
GTEX-1A8G6-0011-R1a-SM-7P8PC.1,BRAIN,64.5,6.6,998.0,-1.02252873595579,0.8172321411947421,-1.839760877150532,-0.46293613628515684
GTEX-1A8G6-0011-R5b-SM-7IGQG.1,BRAIN,64.5,5.9,998.0,-0.7488287218471354,0.9730425063616266,-1.721871228208762,-0.3148621737317081
GTEX-1A8G6-0011-R6b-SM-7P8PE.1,BRAIN,64.5,5.9,998.0,-1.7339681212506803,1.2324057399314134,-2.9663738611820936,-1.0002289035899423
GTEX-1A8G6-0011-R7b-SM-7MXTV.1,BRAIN,64.5,5.6,998.0,-1.6699284261046776,1.231841703989668,-2.901770130094346,-0.5996886061279771
GTEX-1A8G6-0011-R8a-SM-7P8PD.1,BRAIN,64.5,6.0,998.0,-0.3779148472081061,0.7216748270110306,-1.0995896742191367,-0.39918246202257
GTEX-1A8G6-0126-SM-7DUFY.1,MUSCLE,64.5,7.5,1157.0,0.5390054293670277,-0.8185082626104483,1.357513691977476,0.627534114464545
GTEX-1A8G6-0426-SM-72D6Q.1,SKIN,64.5,7.4,1163.0,0.22840110342061398,0.38620746531975214,-0.15780636189913816,0.9116953956783722
GTEX-1A8G6-1626-SM-7MGWO.1,HEART,64.5,5.7,1224.0,-1.9864651502384811,0.9263788211910384,-2.9128439714295196,-0.9879424416059329
GTEX-1A8G6-1826-SM-73KY8.1,HEART,64.5,5.6,1232.0,-0.4554033795836354,0.47140591768322465,-0.92680929726686,-0.18774461118279978
GTEX-1A8G6-2726-SM-731AR.1,SKIN,64.5,6.7,1241.0,0.03566052224815998,-0.19456773904117997,0.23022826128933993,0.0865189700893357
GTEX-1A8G6-2926-SM-731CK.1,BRAIN,64.5,5.9,1278.0,-0.5526447407931342,0.5922791385674603,-1.1449238793605945,-0.0660744695551256
GTEX-1A8G6-3126-SM-731D8.1,BRAIN,64.5,6.1,1280.0,0.39370093804491285,-0.48420035931586425,0.8779012973607772,-0.12221100518207258
GTEX-1A8G7-0008-SM-EVYAT.1,SKIN,64.5,9.8,696.0,0.12614651248446163,-1.4537717314190262,1.5799182439034878,-0.07530470449631453
GTEX-1A8G7-0011-R2a-SM-7IGQI.1,BRAIN,64.5,5.7,588.0,-0.9776093018296775,0.9480023613888714,-1.925611663218549,-0.5359857961662484
GTEX-1A8G7-0011-R8a-SM-7P8S6.1,BRAIN,64.5,6.1,588.0,-0.49566297891246186,0.8883908789106969,-1.3840538578231587,-0.3782284403992596
GTEX-1A8G7-0011-R9b-SM-7IGQH.1,BRAIN,64.5,6.0,588.0,0.6015036434102592,-1.4252363443081846,2.026739987718444,0.7667683467257442
GTEX-1A8G7-0126-SM-7DUGH.1,SKIN,64.5,7.3,696.0,0.437452588908085,-0.6055364268746299,1.042989015782715,0.9626298542947949
GTEX-1A8G7-0326-SM-72D5B.1,MUSCLE,64.5,8.2,701.0,0.6042871727244662,-0.5372580808917139,1.14154525361618,0.5001639071604875
GTEX-1A8G7-1126-SM-731ED.1,LIVER,64.5,6.0,753.0,-0.2586967406347725,0.40633872389309494,-0.6650354645278674,0.2380699556605219
GTEX-1A8G7-1326-SM-73KVM.1,SKIN,64.5,7.5,755.0,0.014646619744241876,-0.1403789478810355,0.15502556762527736,0.05766901662801356
GTEX-1A8G7-3026-SM-73KTT.1,BRAIN,64.5,6.2,847.0,-0.08422029021035567,0.23471138242008763,-0.3189316726304433,-0.045251993024732796
GTEX-1A8G7-3126-SM-7IGP7.1,BRAIN,64.5,6.0,847.0,-0.7608190711306043,0.8857605789675536,-1.646579650098158,-0.22843838519910378
GTEX-1AMEY-0008-SM-EVYAU.1,SKIN,34.5,9.8,244.0,0.48371260439635755,-1.067671953978384,1.5513845583747417,-0.1839931002167082
GTEX-1AMEY-0826-SM-72D65.1,SKIN,34.5,6.6,172.0,-0.6223685030207365,0.8213620128966992,-1.4437305159174358,0.05687051179778315
GTEX-1AMEY-1326-SM-73KYK.1,SKIN,34.5,6.8,248.0,-0.7140943302330932,1.4901015028864522,-2.2041958331195453,0.05966168160306238
GTEX-1AMEY-1526-SM-73KYW.1,MUSCLE,34.5,7.3,267.0,-0.9727092723166918,1.0005843354034256,-1.9732936077201173,-0.5884807129481615
GTEX-1AMFI-0008-SM-EVYAV.1,SKIN,54.5,9.9,292.0,1.1185624940011778,-1.0073981644788725,2.12596065848005,-0.38475068630888376
GTEX-1AMFI-0826-SM-731DV.1,LIVER,54.5,8.8,143.0,0.38285112477481975,-0.6274981836096666,1.0103493083844863,0.045842272243076604
GTEX-1AMFI-1326-SM-7939R.1,SKIN,54.5,7.7,156.0,-0.21215853126028386,0.17989165343226934,-0.3920501846925532,-0.12516986299438893
GTEX-1AMFI-2026-SM-731BH.1,SKIN,54.5,7.3,292.0,-0.14208040098557842,0.6001866713574362,-0.7422670723430146,-0.05172395466172373
GTEX-1AMFI-2226-SM-731C6.1,MUSCLE,54.5,8.4,297.0,0.10844626075709049,-0.2262494273742632,0.3346956881313537,-0.019755116560965652
GTEX-1AX8Y-0326-SM-73KYY.1,HEART,44.5,8.1,256.0,0.10777994879586272,0.0692769409166462,0.038503007879216525,0.16292087024664106
GTEX-1AX8Y-0426-SM-7189O.1,HEART,44.5,7.8,260.0,0.35803956412440074,-0.2253053831792071,0.5833449473036079,0.1350459518331927
GTEX-1AX8Y-0726-SM-731CX.1,LIVER,44.5,7.9,271.0,0.5414931137037947,-1.0006592699396573,1.5421523836434519,-0.010053310381058412
GTEX-1AX8Y-1126-SM-731AG.1,SKIN,44.5,5.7,286.0,0.02475297789123777,0.030080547925369013,-0.005327570034131243,0.1689528597015542
GTEX-1AX8Y-2026-SM-73KUA.1,SKIN,44.5,7.1,333.0,0.6353274738853854,-0.7554834009216103,1.3908108748069956,0.02915555198413986
GTEX-1AX8Y-2226-SM-72D51.1,MUSCLE,44.5,8.5,339.0,-0.03423769843489832,-1.7237995869625324,1.689561888527634,0.7523763630537948
GTEX-1AX8Z-0008-SM-EVYAW.1,SKIN,64.5,9.7,318.0,1.0443684190412073,-1.183622238212446,2.2279906572536534,-0.2784417646777679
GTEX-1AX8Z-0126-SM-7DHM6.1,SKIN,64.5,8.0,315.0,-0.12075677902420247,0.8280682644797797,-0.9488250435039821,0.22991452693827943
GTEX-1AX8Z-0326-SM-731BU.1,MUSCLE,64.5,6.8,327.0,-0.6276522242667395,0.7191974881697026,-1.346849712436442,-0.13070942030099905
GTEX-1AX8Z-0726-SM-73KTS.1,SKIN,64.5,6.9,338.0,-0.41305260013651535,1.4858936449961369,-1.8989462451326522,0.18658866918178066
GTEX-1AX8Z-1026-SM-7189R.1,LIVER,64.5,8.4,358.0,0.5646173549050092,-0.970884255173001,1.5355016100780103,0.258433376102081
GTEX-1AX8Z-1126-SM-731CS.1,HEART,64.5,7.5,360.0,0.3318247399119679,-0.5614536291440384,0.8932783690560063,0.5019381845839967
GTEX-1AX8Z-1326-SM-7DHMO.1,HEART,64.5,8.1,368.0,0.25377760806633237,0.05115052317507804,0.20262708489125433,0.15331709986591935
GTEX-1AX8Z-5004-SM-ARZLD.1,MUSCLE,64.5,7.1,328.0,-0.07350599428224593,0.04562290456157229,-0.11912889884381822,-0.5189973331843452
GTEX-1AX8Z-5007-SM-AHZ36.1,HEART,64.5,8.7,368.0,0.6120739222402235,-0.2709884464898116,0.8830623687300351,0.2690340727340393
GTEX-1AX9I-0008-SM-EVYAZ.1,SKIN,64.5,10.0,616.0,0.3820942845423495,-1.4920060481559387,1.8741003326982884,-0.19041829760345774
GTEX-1AX9I-0011-R11b-SM-7DHN4.1,BRAIN,64.5,8.1,524.0,1.0065710344081344,-1.307011949604874,2.313582984013008,0.11560420908132611
GTEX-1AX9I-0011-R1b-SM-7RHG2.1,BRAIN,64.5,7.2,524.0,0.6014554586209758,-0.16198689257118243,0.7634423511921582,0.3754136333479861
GTEX-1AX9I-0011-R4b-SM-7EPIB.1,BRAIN,64.5,6.9,524.0,0.6624448249481962,-0.3684196533348939,1.0308644782830902,0.40026823625746044
GTEX-1AX9I-0011-R5b-SM-793DI.1,BRAIN,64.5,7.5,524.0,0.6931302723405491,-0.11797432400585446,0.8111045963464036,0.2666489968364663
GTEX-1AX9I-0011-R6a-SM-7P8PK.1,BRAIN,64.5,6.8,524.0,0.6596673729115976,0.008490609634458255,0.6511767632771394,-0.15689530385617764
GTEX-1AX9I-0011-R7b-SM-7P8Q3.1,BRAIN,64.5,6.8,524.0,0.47589688370968336,0.41076088676086603,0.06513599694881733,-0.2691532304864851
GTEX-1AX9I-0011-R8a-SM-7P8PJ.1,BRAIN,64.5,7.2,524.0,0.8384404910039842,-0.3242003672795113,1.1626408582834955,0.5352240731839398
GTEX-1AX9I-0126-SM-7SB74.1,SKIN,64.5,7.8,616.0,-0.4215422031209529,0.9851105812846322,-1.4066527844055852,0.1193033552875142
GTEX-1AX9I-0326-SM-73KXQ.1,MUSCLE,64.5,8.2,619.0,0.3480457839568037,0.18166135568141156,0.16638442827539213,0.1416602744751651
GTEX-1AX9I-1026-SM-73KYF.1,HEART,64.5,6.6,660.0,-0.12129199937321386,0.1072568701734966,-0.22854886954671044,0.6201499659411387
GTEX-1AX9I-1126-SM-7EPHH.1,HEART,64.5,6.8,661.0,-0.680601403827237,0.849912968407329,-1.530514372234566,-0.8404945651441776
GTEX-1AX9I-1626-SM-72D5D.1,LIVER,64.5,6.1,667.0,-1.023039300958927,1.0430423108631708,-2.0660816118220975,-0.40552963546778775
GTEX-1AX9I-2226-SM-73KUO.1,SKIN,64.5,7.7,688.0,-0.08701421788915462,-0.21756116791584923,0.1305469500266946,0.40494135196992603
GTEX-1AX9I-3026-SM-73KUH.1,BRAIN,64.5,6.9,710.0,0.031643998984216964,0.4510716365086014,-0.4194276375243844,-0.21921020485284565
GTEX-1AX9J-0008-SM-EVYB2.1,SKIN,64.5,10.0,487.0,0.9083518133954671,-1.1943363139342678,2.102688127329735,-0.2065546889606939
GTEX-1AX9J-0126-SM-73KY2.1,MUSCLE,64.5,8.0,483.0,-0.22825411087513542,0.10782303534775659,-0.336077146222892,-0.5950010868931448
GTEX-1AX9J-0226-SM-73KXM.1,SKIN,64.5,8.2,488.0,-0.04765449456633677,-0.36168277725793535,0.3140282826915986,0.10779087127340597
GTEX-1AX9J-0926-SM-73KXA.1,HEART,64.5,7.5,537.0,0.029782852664120413,0.15095919469495883,-0.12117634203083842,-0.0018675635776072706
GTEX-1AX9J-1026-SM-72D6E.1,HEART,64.5,7.6,538.0,0.8350432783478363,-0.2790523791889552,1.1140956575367915,-0.3212304979084507
GTEX-1AX9J-1326-SM-731BJ.1,SKIN,64.5,7.4,560.0,-0.4425214585206417,-0.7178626581733062,0.2753411996526645,0.2937318798425057
GTEX-1AX9K-0008-SM-EVYB1.1,SKIN,54.5,9.6,408.0,0.1683414137932178,-1.1407253573289198,1.3090667711221375,-0.25365245862637936
GTEX-1AX9K-0426-SM-73KUG.1,HEART,54.5,7.4,282.0,0.4112611463128068,0.029941480182583174,0.3813196661302236,-0.06885109806378992
GTEX-1AX9K-0526-SM-73KV1.1,HEART,54.5,7.0,278.0,0.2608103784641459,0.23750662034944586,0.023303758114700035,-0.5545545651496822
GTEX-1AX9K-2326-SM-73KWU.1,SKIN,54.5,7.9,374.0,0.4917789716644865,0.0004630478799990027,0.49131592378448746,0.4031428565052425
GTEX-1AX9K-2726-SM-7DHMA.1,MUSCLE,54.5,8.4,383.0,0.29805427574917925,-0.06582961936931012,0.3638838951184894,-0.05653419160326571
GTEX-1AYCT-0008-SM-EVYAX.1,SKIN,54.5,9.9,592.0,0.8085076445481132,-1.1932325760714522,2.001740220619565,-0.2515785074709955
GTEX-1AYCT-0426-SM-73KVZ.1,HEART,54.5,7.8,454.0,0.23677273902359783,0.3104370483335309,-0.07366430930993309,-0.4926209060911328
GTEX-1AYCT-0526-SM-7RHHS.1,HEART,54.5,7.9,455.0,0.44905498834915625,0.06913831745857678,0.37991667089057946,0.30641613690817904
GTEX-1AYCT-2426-SM-7IGQ3.1,SKIN,54.5,5.8,599.0,-0.616831448103743,1.6643773635055252,-2.281208811609268,0.05586488534213982
GTEX-1AYD5-0008-SM-EVYAY.1,SKIN,54.5,9.9,385.0,1.0592544182682488,-1.3255369134712853,2.3847913317395344,-0.39996531572831734
GTEX-1AYD5-2226-SM-73KX3.1,MUSCLE,54.5,7.9,377.0,0.10110124129672365,-0.0052758680100077554,0.10637710930673142,0.4269683670945603
GTEX-1AYD5-2426-SM-73KXR.1,SKIN,54.5,7.6,384.0,-0.0760571009279247,0.21651198893273665,-0.2925690898606613,0.5806479541664982
GTEX-1AYD5-2626-SM-7PBXY.1,SKIN,54.5,5.7,387.0,-0.5336451631266815,0.8765861936854615,-1.410231356812143,-0.21239488773975557
GTEX-1B8KE-0008-SM-EVYB3.1,SKIN,54.5,10.0,197.0,1.068641972410714,-1.4400188462169043,2.508660818627618,-0.2408140964622012
GTEX-1B8KE-0126-SM-793AM.1,HEART,54.5,8.5,124.0,0.6874785667740795,0.03128587622912256,0.6561926905449569,-0.04090983673244866
GTEX-1B8KE-0326-SM-73KTY.1,HEART,54.5,7.9,128.0,-0.16407988530453227,0.6190303058065864,-0.7831101911111187,-0.2140083434777565
GTEX-1B8KE-1126-SM-7EPHI.1,SKIN,54.5,6.8,157.0,-0.530739801748958,0.8468812138969051,-1.377621015645863,-0.1424729971944307
GTEX-1B8KE-2126-SM-73KYX.1,SKIN,54.5,7.8,197.0,-0.3960797036493017,-0.139562826525018,-0.25651687712428367,-0.06428806926240611
GTEX-1B8KE-2226-SM-7939K.1,MUSCLE,54.5,8.0,207.0,-0.48728923610433983,-1.3107529542044913,0.8234637181001515,0.23696148407933326
GTEX-1B8KZ-0008-SM-EXOHR.1,SKIN,54.5,9.8,400.0,1.1755852175502823,-1.4691669575794934,2.644752175129776,-0.38108271588082115
GTEX-1B8KZ-0326-SM-73KY4.1,SKIN,54.5,8.1,305.0,0.44960345600608675,0.12621362458958815,0.3233898314164986,0.12908807911478656
GTEX-1B8KZ-2026-SM-7DHMB.1,SKIN,54.5,8.4,398.0,-0.10384996656959639,0.4261412947505209,-0.5299912613201173,0.40515234960759244
GTEX-1B8KZ-2126-SM-73KYG.1,MUSCLE,54.5,8.2,405.0,0.35973956284034964,0.1617377916847083,0.19800177115564133,0.7195571400384249
GTEX-1B8L1-0008-SM-EXOHQ.1,SKIN,64.5,9.8,856.0,0.987735460979804,-1.360997341952679,2.348732802932483,-0.42926803633032695
GTEX-1B8L1-0011-R10b-SM-7P8Q4.1,BRAIN,64.5,7.5,710.0,0.7824990098213049,-0.07979242770246833,0.8622914375237732,-0.20829410321972947
GTEX-1B8L1-0011-R11b-SM-793DJ.1,BRAIN,64.5,7.8,710.0,1.1698123011018327,-1.9544975410873193,3.124309842189152,-0.08482158287143407
GTEX-1B8L1-0011-R1a-SM-7P8SS.1,BRAIN,64.5,6.6,710.0,0.02785576544398189,0.4031791929347276,-0.3753234274907457,0.15135422275538474
GTEX-1B8L1-0011-R2a-SM-9OSVL.1,BRAIN,64.5,5.8,710.0,0.6150133585920676,0.034484742230125404,0.5805286163619422,0.2336164460686321
GTEX-1B8L1-0011-R3a-SM-7EPIO.1,BRAIN,64.5,6.8,710.0,0.3953999916893384,0.1768900381455121,0.21850995354382632,-0.0808653538474756
GTEX-1B8L1-0011-R4a-SM-7EWFJ.1,BRAIN,64.5,6.3,710.0,0.5926851710155454,-0.24666891945367592,0.8393540904692214,0.11173126040796448
GTEX-1B8L1-0011-R5a-SM-7DHN5.1,BRAIN,64.5,7.9,710.0,0.23961628337761876,0.46645584702491505,-0.2268395636472963,0.18177852311740286
GTEX-1B8L1-0011-R6b-SM-7P8SU.1,BRAIN,64.5,7.6,710.0,0.5683759097290273,0.2405070860075892,0.3278688237214381,-0.10058279607262162
GTEX-1B8L1-0011-R7b-SM-9OSVK.1,BRAIN,64.5,6.9,710.0,0.019078109311242854,0.7095380242083021,-0.6904599148970593,-0.21554246377789016
GTEX-1B8L1-0011-R8b-SM-7P8ST.1,BRAIN,64.5,6.7,710.0,0.848971953187703,-0.14847845479481847,0.9974504079825215,0.14355572685507373
GTEX-1B8L1-0011-R9b-SM-9WG5U.1,BRAIN,64.5,7.0,710.0,0.010044289943456885,0.04851485155614109,-0.0384705616126842,0.2894479921960004
GTEX-1B8L1-0426-SM-7SB76.1,HEART,64.5,7.7,731.0,0.4616200107903084,-0.305431124915407,0.7670511357057155,0.44006156612755754
GTEX-1B8L1-0526-SM-79ONX.1,HEART,64.5,6.6,737.0,-0.7732475501297097,0.6478230976739974,-1.421070647803707,-0.5212656163563978
GTEX-1B8L1-0726-SM-7P8RT.1,LIVER,64.5,6.7,739.0,0.22115354034220253,0.34150515346240506,-0.12035161312020254,-0.24184859784571777
GTEX-1B8L1-2226-SM-7P8PT.1,SKIN,64.5,7.8,784.0,0.10520904572672868,0.27667690362228264,-0.17146785789555397,-0.16953174250267924
GTEX-1B8L1-2526-SM-9WYTF.1,SKIN,64.5,8.3,858.0,-0.38507109590864075,0.5442646515602013,-0.9293357474688421,0.029247840703038718
GTEX-1B8L1-2726-SM-793AL.1,MUSCLE,64.5,8.5,860.0,0.28578207106672743,0.09818812681756807,0.18759394424915937,-0.06107688289013819
GTEX-1B8L1-3026-SM-7EPHK.1,BRAIN,64.5,6.9,984.0,0.2926748263494937,0.16813378644916804,0.12454103990032567,-0.11071671746413377
GTEX-1B8L1-3226-SM-7P8OX.1,BRAIN,64.5,6.7,989.0,0.671082424800873,-0.47786763918556946,1.1489500639864425,-0.32436112948060686
GTEX-1B8SF-0008-SM-EXOHU.1,SKIN,64.5,9.9,1059.0,1.1573534162588939,-1.4857707059926826,2.6431241222515762,-0.2759813527931757
GTEX-1B8SF-0011-R10b-SM-7P8SW.1,BRAIN,64.5,6.7,994.0,0.3818402914056724,0.394909241104095,-0.013068949698422594,-0.41882482795067216
GTEX-1B8SF-0011-R11a-SM-79OOP.1,BRAIN,64.5,6.6,994.0,0.8312930542753423,-0.9643142247509403,1.7956072790262825,-0.3672718062563295
GTEX-1B8SF-0011-R1b-SM-7P8Q8.1,BRAIN,64.5,6.7,994.0,-0.17415287601607474,0.5882715595087269,-0.7624244355248017,-0.20646569994005273
GTEX-1B8SF-0011-R5a-SM-79OOO.1,BRAIN,64.5,6.5,994.0,-0.6150078708579225,1.0178790206692243,-1.6328868915271468,-0.208245291276756
GTEX-1B8SF-0011-R6b-SM-7MXUD.1,BRAIN,64.5,7.4,994.0,0.18398270526689314,0.5274852012916149,-0.34350249602472177,-0.17348665361590665
GTEX-1B8SF-0011-R7b-SM-9OSVM.1,BRAIN,64.5,6.5,994.0,-0.8004044448418244,1.0997606437199443,-1.9001650885617687,-0.4320941010365706
GTEX-1B8SF-0011-R8b-SM-7P8SX.1,BRAIN,64.5,5.6,994.0,-0.531128146703965,0.518534600468467,-1.049662747172432,-0.22195168746470162
GTEX-1B8SF-0126-SM-7DUG3.1,SKIN,64.5,7.3,1021.0,0.018248831500085768,-0.25676004618821724,0.275008877688303,0.06805883504179508
GTEX-1B8SF-0426-SM-79OL4.1,MUSCLE,64.5,7.1,1045.0,0.4589564159430917,-0.16694128236559708,0.6258976983086888,0.2709215962634451
GTEX-1B8SF-1326-SM-7IGQJ.1,HEART,64.5,5.8,1077.0,-0.11475271657825732,-0.023580014382358325,-0.091172702195899,0.8044235061754759
GTEX-1B8SF-1426-SM-7DUGL.1,SKIN,64.5,7.3,1060.0,0.11635347903685507,-0.5756205363940228,0.6919740154308779,-0.23943505268368018
GTEX-1B8SF-3026-SM-731DX.1,BRAIN,64.5,6.9,1176.0,0.8820146689582179,-1.1954273538430744,2.0774420228012924,-0.1519362178880562
GTEX-1B8SF-3126-SM-73KU1.1,BRAIN,64.5,6.6,1175.0,0.00833780575480192,0.3314824776568535,-0.3231446719020516,-0.16572957942102776
GTEX-1B8SG-0008-SM-EXOHS.1,SKIN,54.5,9.9,1216.0,0.5283856940958851,-1.695312091255254,2.2236977853511393,-0.1929373371062329
GTEX-1B8SG-0011-R11a-SM-7P8PF.1,BRAIN,54.5,6.3,991.0,-0.18947254877369674,0.7699608000254863,-0.9594333487991831,-0.789372620797087
GTEX-1B8SG-0011-R2b-SM-79OOT.1,BRAIN,54.5,6.6,991.0,-0.612328945179567,0.7433053752472915,-1.3556343204268586,0.21649823612247718
GTEX-1B8SG-0011-R8b-SM-7IGNW.1,BRAIN,54.5,6.2,991.0,-0.5008610922868378,0.8978267072532684,-1.3986877995401064,-0.029557713513831557
GTEX-1B8SG-0126-SM-73KZ3.1,SKIN,54.5,7.8,1216.0,0.0957791700614637,-0.14600515642187858,0.2417843264833423,0.052990877157927614
GTEX-1B8SG-0326-SM-73KXW.1,MUSCLE,54.5,8.5,1235.0,-0.36706519120893455,0.290848465250785,-0.6579136564597196,-0.4693427464499434
GTEX-1B8SG-0726-SM-79ONS.1,HEART,54.5,6.7,1345.0,0.6566963775973169,-0.2898596132568613,0.9465559908541783,0.8768011298346914
GTEX-1B8SG-0826-SM-7EWF7.1,HEART,54.5,6.4,1353.0,-0.6707345615892801,0.7956477267803539,-1.466382288369634,-0.24721295138559352
GTEX-1B8SG-1326-SM-79ONT.1,LIVER,54.5,6.6,1396.0,0.22981073155471243,-0.3433416918201399,0.5731524233748524,-0.04221544940189793
GTEX-1B8SG-1726-SM-73KXK.1,BRAIN,54.5,6.1,1456.0,-1.3794810168091824,1.108153961281741,-2.4876349780909237,-0.7013032786405968
GTEX-1B8SG-1926-SM-73KUB.1,BRAIN,54.5,6.4,1458.0,-0.4222263433972328,0.5180119033247508,-0.9402382467219836,-0.5144836946345783
GTEX-1B932-0008-SM-EXOHW.1,SKIN,44.5,9.9,224.0,1.1450235476665247,-1.2729851353484223,2.418008683014947,-0.28554304005374537
GTEX-1B932-0126-SM-7PC2M.1,SKIN,44.5,6.6,227.0,0.09014408921051496,0.5518313381529144,-0.46168724894239943,1.054912322510457
GTEX-1B932-0526-SM-73KU7.1,MUSCLE,44.5,8.4,239.0,-0.34347499130828896,0.45349156944413305,-0.796966560752422,0.14936771636766963
GTEX-1B932-1026-SM-793CL.1,HEART,44.5,7.6,275.0,0.9277669348096675,-0.40945404269550423,1.3372209775051718,0.45127294669062484
GTEX-1B932-1326-SM-79OM4.1,HEART,44.5,7.1,296.0,-0.12595811826178788,0.556582490522064,-0.6825406087838519,0.0822721122574675
GTEX-1B932-1426-SM-793AN.1,LIVER,44.5,8.5,299.0,0.12313911771039175,-1.1782222271065836,1.3013613448169754,0.3262521723508059
GTEX-1B932-2326-SM-79OL5.1,SKIN,44.5,7.2,348.0,-0.33153356232725456,0.5503689869200364,-0.881902549247291,0.1304335060275234
GTEX-1B933-0008-SM-EXOHV.1,SKIN,54.5,9.8,653.0,1.1545899908269237,-1.3870596001053244,2.541649590932248,-0.25627500432330824
GTEX-1B933-0011-R10b-SM-9OSVN.1,BRAIN,54.5,6.7,549.0,0.7439218137786573,-0.23159600520105345,0.9755178189797107,0.09124413423189891
GTEX-1B933-0011-R11a-SM-7P8PM.1,BRAIN,54.5,6.5,549.0,1.1749983280255358,-1.3702500273378637,2.5452483553633996,-0.38633276991155846
GTEX-1B933-0011-R1b-SM-9QEGW.1,BRAIN,54.5,6.3,549.0,0.5622216265698246,-0.053201371960176796,0.6154229985300014,0.3880990411971317
GTEX-1B933-0011-R2b-SM-7IGNM.1,BRAIN,54.5,6.3,549.0,0.9414780371927971,-0.2064814536051965,1.1479594907979935,0.4404893436040335
GTEX-1B933-0011-R3b-SM-7P8PL.1,BRAIN,54.5,5.9,549.0,0.8290749836006633,-0.3722398098816497,1.201314793482313,0.05447376681072192
GTEX-1B933-0011-R5b-SM-7P8SA.1,BRAIN,54.5,6.7,549.0,0.6450434688088751,0.12097476483344709,0.524068703975428,0.11183944909476881
GTEX-1B933-0011-R6b-SM-79OOQ.1,BRAIN,54.5,6.6,549.0,0.7269430067925456,-0.31049287169850753,1.0374358784910531,0.2916661150190773
GTEX-1B933-0011-R7a-SM-7DUGX.1,BRAIN,54.5,7.2,549.0,0.6432381572711076,-0.06729015316431862,0.7105283104354262,0.33241924426190295
GTEX-1B933-0011-R8a-SM-9QEGX.1,BRAIN,54.5,7.4,549.0,1.0240412242950858,-0.8235270813322086,1.8475683056272945,0.7306936863965544
GTEX-1B933-0011-R9a-SM-79OOR.1,BRAIN,54.5,6.7,549.0,0.6963794247691856,-1.029078537478252,1.7254579622474377,1.0799103492333053
GTEX-1B933-0126-SM-7PC29.1,SKIN,54.5,7.3,654.0,0.2733835297997535,0.45981994861371217,-0.18643641881395867,0.26569963963463106
GTEX-1B933-0426-SM-7DHMC.1,MUSCLE,54.5,8.0,665.0,0.5856773537298926,-0.2032165037285461,0.7888938574584388,-0.09214390787601624
GTEX-1B933-0826-SM-79OMW.1,HEART,54.5,6.6,702.0,0.09951762707264418,0.276742643904148,-0.17722501683150382,0.014018999417300625
GTEX-1B933-1226-SM-731DW.1,LIVER,54.5,6.6,716.0,-0.26493955214341036,0.672973128456481,-0.9379126805998914,0.02866282366449551
GTEX-1B933-2426-SM-7DHMD.1,SKIN,54.5,8.0,771.0,0.14721939906229958,-1.073789707558763,1.2210091066210627,0.3900809578467793
GTEX-1B933-3026-SM-731DB.1,BRAIN,54.5,7.4,828.0,0.9814514887640329,-1.710720814254122,2.692172303018155,0.004603540864209512
GTEX-1B933-3126-SM-7P8RL.1,BRAIN,54.5,7.1,829.0,0.5959695775892107,0.018520412036880277,0.5774491655523304,-0.08786662444357708
GTEX-1B97I-0008-SM-EXOHX.1,SKIN,44.5,9.9,-490.0,1.04132516861446,-1.2765394782656212,2.317864646880081,-0.30864808279664185
GTEX-1B97I-0626-SM-73KUZ.1,SKIN,44.5,7.1,678.0,-0.7033480403645398,1.3737750080110351,-2.077123048375575,-0.3226456245999369
GTEX-1B97I-1626-SM-73KYO.1,SKIN,44.5,8.6,824.0,-0.3788886802289883,-0.3333145438124402,-0.04557413641654812,-0.3433749369064591
GTEX-1B97I-2026-SM-7DHN2.1,MUSCLE,44.5,8.1,949.0,0.9121595934163731,0.11940747159392104,0.792752121822452,-0.0017119207349538816
GTEX-1B97J-0326-SM-7939H.1,HEART,54.5,8.7,206.0,0.1434581019755288,0.37113178257414436,-0.22767368059861556,-0.12474800969160176
GTEX-1B97J-0726-SM-7RHG3.1,HEART,54.5,8.0,215.0,0.3546878158720143,0.5061271650337257,-0.15143934916171137,-0.3212476328357301
GTEX-1B97J-1226-SM-7PBZR.1,MUSCLE,54.5,7.8,239.0,-0.5499956758503941,0.9220459045356232,-1.4720415803860174,-0.329551072193772
GTEX-1B98T-0826-SM-7DHME.1,SKIN,64.5,8.1,874.0,0.20613700793856254,-0.48164104277582165,0.6877780507143842,0.578987806884061
GTEX-1B98T-1126-SM-7EPHO.1,LIVER,64.5,6.8,888.0,0.21761497768719126,0.09706816090007861,0.12054681678711265,0.10364434017705024
GTEX-1B98T-1326-SM-7EPI7.1,HEART,64.5,6.9,893.0,0.4235225449272401,-0.7907141200342755,1.2142366649615157,0.8511838595036423
GTEX-1B98T-3126-SM-73KV2.1,BRAIN,64.5,5.6,996.0,-1.3764008273455224,0.9850679358584318,-2.361468763203954,-0.50424278776022
GTEX-1B996-0008-SM-EXOHY.1,SKIN,64.5,10.0,1032.0,1.0794966724435016,-1.344851980590847,2.4243486530343485,-0.3567776538498509
GTEX-1B996-0011-R10b-SM-CJI3T.1,BRAIN,64.5,8.3,890.0,0.1066429327833866,-0.4529625087725326,0.5596054415559192,0.2300276975866391
GTEX-1B996-0011-R11b-SM-7MXTM.1,BRAIN,64.5,6.7,890.0,0.4507563139210036,-0.446462208635537,0.8972185225565406,-0.22225582246170322
GTEX-1B996-0011-R1b-SM-7P8PO.1,BRAIN,64.5,6.2,890.0,-0.15834884826458906,0.08536224710014523,-0.2437110953647343,0.35146204164285466
GTEX-1B996-0011-R2a-SM-7IGON.1,BRAIN,64.5,5.9,890.0,-0.0803453729031879,0.09356003280264308,-0.17390540570583096,0.38655582240856246
GTEX-1B996-0011-R3b-SM-9QEGY.1,BRAIN,64.5,6.7,890.0,0.04328677511451085,-0.12435937054902559,0.16764614566353644,0.3073498001033903
GTEX-1B996-0011-R4b-SM-9OSVO.1,BRAIN,64.5,7.0,890.0,0.3432013966164535,-0.4844893980218885,0.827690794638342,0.43891219204892823
GTEX-1B996-0011-R5a-SM-7P8PN.1,BRAIN,64.5,7.8,890.0,0.33903493032517285,-0.0736099598677587,0.41264489019293155,0.08489546391270804
GTEX-1B996-0011-R6b-SM-793AQ.1,BRAIN,64.5,8.7,890.0,0.8004044329079356,-1.3494119335126398,2.149816366420575,0.7021112204727141
GTEX-1B996-0011-R7b-SM-7IGNT.1,BRAIN,64.5,6.1,890.0,0.7763585678514833,-0.7344022456177067,1.5107608134691901,0.3086185891507781
GTEX-1B996-0011-R8b-SM-79OOS.1,BRAIN,64.5,6.7,890.0,0.4943090429559756,-0.32578615205902417,0.8200951950149997,0.6842189557118498
GTEX-1B996-0226-SM-7RHGO.1,SKIN,64.5,7.9,1032.0,-0.19442885609901253,0.7729403741492124,-0.9673692302482249,0.011430950313820385
GTEX-1B996-0326-SM-7DHMU.1,MUSCLE,64.5,8.2,1034.0,0.43179694376768496,0.058568045206705714,0.37322889856097924,-0.3529454293796394
GTEX-1B996-0426-SM-7EWF8.1,SKIN,64.5,6.3,1035.0,-0.10467077291687309,1.0244980877320005,-1.1291688606488735,0.17316650140591736
GTEX-1B996-1026-SM-793CF.1,HEART,64.5,7.6,1056.0,0.11571345756775547,-0.7513515323772791,0.8670649899450347,0.23021257768913894
GTEX-1B996-1126-SM-73KWN.1,HEART,64.5,7.6,1062.0,0.4519157780969931,-0.22959032250958009,0.6815061006065732,0.23497625045630866
GTEX-1B996-1426-SM-7EPIA.1,LIVER,64.5,6.8,1067.0,0.3333806632969605,0.11341249574481659,0.21996816755214388,-0.04458421266649423
GTEX-1B996-2926-SM-7MXUH.1,BRAIN,64.5,6.9,1137.0,0.7242675758516938,-1.0932714451258596,1.8175390209775535,0.157849096273367
GTEX-1BAJH-0008-SM-EXOI3.1,SKIN,74.5,7.6,1242.0,1.044863781248735,-1.3808856047942748,2.4257493860430097,-0.18362561940604466
GTEX-1BAJH-0011-R10a-SM-7MXT9.1,BRAIN,74.5,6.0,1100.0,-0.49043015819770586,0.7925634719203558,-1.2829936301180616,-0.39704173337488985
GTEX-1BAJH-0011-R11b-SM-7IGLM.1,BRAIN,74.5,6.0,1100.0,0.2173822413911935,0.26124131306238974,-0.04385907167119624,-0.5766120625655978
GTEX-1BAJH-0011-R1a-SM-7P8SV.1,BRAIN,74.5,5.9,1100.0,-0.7622193663519979,0.7392958947636656,-1.5015152611156637,-0.051892994529792444
GTEX-1BAJH-0011-R3a-SM-7IGNU.1,BRAIN,74.5,6.1,1100.0,-0.38478468482941913,0.6590260821696087,-1.0438107669990278,-0.1586357472665509
GTEX-1BAJH-0011-R6b-SM-7MXT2.1,BRAIN,74.5,6.1,1100.0,-0.32516858660135445,0.7005583545063445,-1.025726941107699,-0.43914373464161105
GTEX-1BAJH-0011-R8a-SM-7MXUB.1,BRAIN,74.5,6.0,1100.0,-0.6435285172071887,0.8939239323011556,-1.5374524495083444,-0.19599789568954673
GTEX-1BAJH-0011-R9b-SM-7EPIQ.1,BRAIN,74.5,6.8,1100.0,-0.12183070190279523,0.08759829481585248,-0.2094289967186477,0.4977881524790893
GTEX-1BAJH-0126-SM-7DHMF.1,MUSCLE,74.5,8.4,1232.0,-0.1424735174304008,-0.3022117575973156,0.15973824016691482,-0.15706946091741342
GTEX-1BAJH-0526-SM-793CQ.1,SKIN,74.5,7.8,1242.0,-0.26211579484215763,-0.038141446163312616,-0.22397434867884503,-0.05964207733671206
GTEX-1BAJH-1026-SM-7EWEG.1,HEART,74.5,6.3,1293.0,0.45202671576881526,-0.1345629703786722,0.5865896861474875,0.3485610417529579
GTEX-1BAJH-1526-SM-7RHGI.1,LIVER,74.5,6.9,1311.0,0.7450788634447705,-0.5425987151507335,1.287677578595504,-0.1616222696874272
GTEX-1BAJH-1626-SM-73KUV.1,HEART,74.5,6.8,1312.0,-0.12831770613627916,0.6557144052707092,-0.7840321114069884,-0.38124384596693417
GTEX-1BAJH-2426-SM-7IGP8.1,SKIN,74.5,6.0,1328.0,0.0036989166951804067,-0.07550532409389563,0.07920424078907604,0.06564518932487465
GTEX-1BAJH-3126-SM-7MGXY.1,BRAIN,74.5,5.7,1368.0,-0.25311250690476045,0.453181084316532,-0.7062935912212924,-0.2983466260971549
GTEX-1C2JI-0008-SM-EXOHZ.1,SKIN,54.5,9.7,482.0,1.0771090040245308,-1.1644219136155607,2.2415309176400915,-0.3515347368986637
GTEX-1C2JI-0526-SM-7EWEQ.1,HEART,54.5,6.4,427.0,0.17999721890504117,0.4875995680675166,-0.3076023491624754,-0.6340542885566699
GTEX-1C2JI-0626-SM-7DHM1.1,HEART,54.5,8.1,430.0,0.014049862767832384,0.39692939749072614,-0.38287953472289377,-0.11520066588554635
GTEX-1C2JI-1026-SM-73KY1.1,SKIN,54.5,7.3,445.0,-0.9028332190182959,0.7738054146639791,-1.6766386336822752,-0.2658280219855558
GTEX-1C2JI-1826-SM-73KXC.1,SKIN,54.5,7.7,481.0,-0.20210162248760144,0.8845429672326767,-1.086644589720278,0.25986718373317125
GTEX-1C2JI-2126-SM-793CG.1,MUSCLE,54.5,7.9,565.0,-0.40803539641342274,0.7131355615372722,-1.121170957950695,-0.1036787487424034
GTEX-1C475-0008-SM-EXOI1.1,SKIN,44.5,9.6,211.0,1.0840190150079059,-1.2919811542150392,2.3760001692229453,-0.22536117238609493
GTEX-1C475-1326-SM-7SB73.1,SKIN,44.5,6.2,110.0,-0.8528610708401922,1.5813744859226728,-2.4342355567628653,0.017340185838199698
GTEX-1C475-1726-SM-73KVX.1,MUSCLE,44.5,8.6,208.0,-0.49320464809629994,0.8814017717489945,-1.3746064198452945,0.3397888770745218
GTEX-1C475-1826-SM-73KWA.1,SKIN,44.5,9.1,214.0,-0.19570783318350402,-0.5949622082965974,0.39925437511309336,-0.3158037757017051
GTEX-1C4CL-0008-SM-EXOI2.1,SKIN,34.5,9.9,348.0,0.7724937140703138,-1.3217842376801956,2.0942779517505095,-0.07433932042500505
GTEX-1C4CL-0326-SM-7DHMH.1,MUSCLE,34.5,8.0,344.0,-0.38431127138807325,0.20015159476184624,-0.5844628661499195,-0.08408653474393991
GTEX-1C4CL-0526-SM-73KVK.1,SKIN,34.5,7.9,348.0,-0.5617075504709196,0.7245613792752231,-1.2862689297461427,-0.11925069039594978
GTEX-1C64N-0008-SM-EXUR6.1,SKIN,54.5,7.8,748.0,1.0587877695023282,-1.7205113358095443,2.7792991053118725,-0.17151214479986188
GTEX-1C64N-0011-R11b-SM-7P8Q6.1,BRAIN,54.5,6.3,470.0,0.27275738457301507,0.21302447438703978,0.05973291018597529,-0.5969900157846906
GTEX-1C64N-0011-R1b-SM-7P8Q7.1,BRAIN,54.5,5.6,470.0,-1.0002491966517983,0.8467526877170002,-1.8470018843687985,-0.4262873832375262
GTEX-1C64N-0011-R6a-SM-7IGO9.1,BRAIN,54.5,5.7,470.0,-1.941734421393402,1.3303136228583956,-3.2720480442517976,-1.065012860014646
GTEX-1C64N-0011-R7a-SM-7IGOI.1,BRAIN,54.5,5.9,470.0,-2.1270600332863454,1.400072199724185,-3.5271322330105304,-0.927859303588341
GTEX-1C64N-0011-R8b-SM-7MGXE.1,BRAIN,54.5,5.7,470.0,-1.9254529335104893,1.2092602387520464,-3.1347131722625354,-0.9671044843809031
GTEX-1C64N-0126-SM-793D7.1,SKIN,54.5,7.7,861.0,0.03158869105118572,-0.2785744856611844,0.31016317671237015,-0.1594755641020567
GTEX-1C64N-0326-SM-7P8QC.1,MUSCLE,54.5,8.0,863.0,-0.539326196781265,1.253444271085875,-1.7927704678671401,-0.751692404304927
GTEX-1C64N-0826-SM-7RHGQ.1,HEART,54.5,6.8,882.0,0.36034998098079996,-0.26584573661376776,0.6261957175945677,0.8330279609309548
GTEX-1C64N-2626-SM-7PC2N.1,SKIN,54.5,7.9,946.0,-0.7748258932885134,0.7342331775562775,-1.5090590708447909,-0.13953621031351804
GTEX-1C64N-3026-SM-7MGVU.1,BRAIN,54.5,5.7,1029.0,-0.9836346550899004,0.9708283584534911,-1.9544630135433916,-0.5687841750072591
GTEX-1C64N-3126-SM-79OO3.1,BRAIN,54.5,6.5,1031.0,0.4834925351106159,-0.48777746937397304,0.971270004484589,-0.17579400208191273
GTEX-1C64O-0008-SM-EXUR5.1,SKIN,64.5,7.9,436.0,0.791514258823978,-1.48623312403583,2.277747382859808,-0.25008635752826575
GTEX-1C64O-0126-SM-7SB8P.1,SKIN,64.5,6.7,437.0,-0.5240514537213344,0.6603566036749241,-1.1844080573962585,0.0741135876882682
GTEX-1C64O-0326-SM-73KVW.1,MUSCLE,64.5,8.5,447.0,0.19014678550377231,-0.13346533536052846,0.3236121208643008,-0.20262576349443637
GTEX-1C64O-0826-SM-79OKZ.1,HEART,64.5,7.1,506.0,0.1945576213024749,-0.30119747802984465,0.49575509933231954,-0.4200411942226747
GTEX-1C64O-0926-SM-79OLN.1,HEART,64.5,7.0,516.0,0.14429276569564561,-0.41227063725614765,0.5565634029517933,-0.17897710718154206
GTEX-1C64O-1326-SM-7MGWR.1,SKIN,64.5,5.7,540.0,-0.7901879272213623,1.0537011097538573,-1.8438890369752197,-0.20513511389629957
GTEX-1C6VQ-0008-SM-EXUR8.1,SKIN,54.5,8.4,897.0,0.45602468514898054,-1.2396308887755179,1.6956555739244985,0.021534743497060978
GTEX-1C6VQ-0011-R10b-SM-7P8Q1.1,BRAIN,54.5,5.9,801.0,-0.4364017795090808,0.6183413686147932,-1.054743148123874,-0.6656792245888978
GTEX-1C6VQ-0011-R1a-SM-7P8Q2.1,BRAIN,54.5,5.8,801.0,-1.3059695965011333,1.0111266961719905,-2.317096292673124,-0.6978058933730722
GTEX-1C6VQ-0011-R9a-SM-7SB85.1,BRAIN,54.5,6.6,801.0,-0.04391111663486648,-0.6486920040218389,0.6047808873869724,0.43062235371203805
GTEX-1C6VQ-0126-SM-7P8RI.1,SKIN,54.5,7.5,896.0,0.5053931670342275,-0.9370281908139227,1.4424213578481502,0.19264571021831198
GTEX-1C6VQ-0326-SM-7DHMS.1,MUSCLE,54.5,8.4,915.0,0.6675837158635988,-0.6162436507342738,1.2838273665978726,0.8021059205353405
GTEX-1C6VQ-0826-SM-7PBZT.1,HEART,54.5,6.5,934.0,-0.3084514143140994,0.04691060342004997,-0.3553620177341494,0.35170252048141387
GTEX-1C6VQ-1126-SM-7EWET.1,HEART,54.5,6.3,944.0,-2.434315660727386,0.7995464019118539,-3.23386206263924,-0.40100804423590874
GTEX-1C6VQ-1226-SM-73KYD.1,SKIN,54.5,8.1,945.0,-0.3608778170362594,-0.25671758268594513,-0.10416023435031424,-0.3098361580576268
GTEX-1C6VQ-1626-SM-79OO1.1,LIVER,54.5,6.6,951.0,0.8445926514458271,-0.47896283926842664,1.3235554907142537,0.29649657974666466
GTEX-1C6VQ-3026-SM-7IGPU.1,BRAIN,54.5,6.0,976.0,-0.3435744772815847,0.48252436281772454,-0.8260988400993092,-0.41244432745236387
GTEX-1C6VR-0011-R10b-SM-7P8QA.1,BRAIN,64.5,6.5,916.0,-0.03669708379953715,0.4303905643418249,-0.46708764814136206,-0.15583510785168592
GTEX-1C6VR-0011-R1a-SM-7MXUE.1,BRAIN,64.5,5.8,916.0,-0.8233725027775984,0.8647559926031527,-1.6881284953807512,-0.4991111763145011
GTEX-1C6VR-0011-R2a-SM-7RHGZ.1,BRAIN,64.5,5.6,916.0,-1.143075767385725,0.753708973240314,-1.896784740626039,-0.4761715789602189
GTEX-1C6VR-0011-R4b-SM-9QEGZ.1,BRAIN,64.5,5.7,916.0,-0.4424653927187469,0.2901971083546494,-0.7326625010733963,-0.3283235931225152
GTEX-1C6VR-0011-R5a-SM-9QEH1.1,BRAIN,64.5,6.1,916.0,-1.5146861028417742,1.1663681357783615,-2.6810542386201357,-0.8370960602243571
GTEX-1C6VR-0011-R6a-SM-7MXU8.1,BRAIN,64.5,6.6,916.0,0.2088050564347285,0.374085531710553,-0.16528047527582448,-0.19035404639478715
GTEX-1C6VR-0011-R8b-SM-7MXUF.1,BRAIN,64.5,7.5,916.0,0.7471829595311681,-0.256434589566925,1.003617549098093,0.8067047804527621
GTEX-1C6VR-0126-SM-7RHGB.1,SKIN,64.5,6.4,961.0,0.09679441747098504,0.10838524574403266,-0.011590828273047624,-0.3358139391990331
GTEX-1C6VR-2426-SM-79OLD.1,SKIN,64.5,7.0,1093.0,0.06480253201095906,-0.2357950978358236,0.3005976298467827,0.05681605522678302
GTEX-1C6VR-2526-SM-7DHMT.1,MUSCLE,64.5,8.3,1098.0,0.4788419106137476,-0.03865586519559116,0.5174977758093388,0.6136526468033773
GTEX-1C6VR-3026-SM-7IGLW.1,BRAIN,64.5,6.2,1158.0,0.28064687203253735,-0.006481875156598678,0.28712874718913606,-0.3021218183065254
GTEX-1C6VS-0008-SM-EXOI4.1,SKIN,64.5,7.5,745.0,1.0784711913876004,-1.282270053948639,2.3607412453362393,-0.34447108769180446
GTEX-1C6VS-0011-R5a-SM-7MXU9.1,BRAIN,64.5,5.9,599.0,-1.5760047100765548,1.4543634774419445,-3.0303681875184996,-0.6761705649363783
GTEX-1C6VS-0011-R9b-SM-9WG5W.1,BRAIN,64.5,6.2,599.0,-1.0189768921622988,0.9337409273264995,-1.9527178194887984,-0.4064286941452695
GTEX-1C6VS-0126-SM-7PC2H.1,MUSCLE,64.5,7.5,737.0,0.680943422463736,-0.7972936192740462,1.4782370417377821,-0.006143438826184635
GTEX-1C6VS-0526-SM-7DUEN.1,SKIN,64.5,7.5,746.0,0.4156388327013752,-0.12838601010973608,0.5440248428111113,0.729383295661439
GTEX-1C6VS-3026-SM-79OLA.1,BRAIN,64.5,7.0,953.0,-0.05517141607246611,0.26083019286452375,-0.31600160893698986,0.7215742580315166
GTEX-1C6WA-0008-SM-EXUR7.1,SKIN,64.5,8.7,1135.0,0.8860887886414583,-1.121933634112795,2.0080224227542534,-0.25343476100626283
GTEX-1C6WA-0011-R3a-SM-9OSVP.1,BRAIN,64.5,5.7,1092.0,0.5503338238493454,0.007317412313682576,0.5430164115356628,-0.07248885079255425
GTEX-1C6WA-0011-R4a-SM-9QEH2.1,BRAIN,64.5,5.9,1092.0,0.06304478501968228,0.27862492519460497,-0.2155801401749227,-0.16124156829498773
GTEX-1C6WA-0011-R5a-SM-9WG5X.1,BRAIN,64.5,6.3,1092.0,0.056787002416494724,0.5695575792945927,-0.512770576878098,-0.3563219248317455
GTEX-1C6WA-0011-R6a-SM-7PBYP.1,BRAIN,64.5,6.6,1092.0,0.4042616684896766,0.03754145369042506,0.36672021479925154,0.17293547621547722
GTEX-1C6WA-0011-R7b-SM-7P8S8.1,BRAIN,64.5,5.9,1092.0,-0.17815333753174858,0.8684397519682623,-1.0465930895000108,-0.3906914888684538
GTEX-1C6WA-0011-R8b-SM-7P8S7.1,BRAIN,64.5,6.7,1092.0,0.1450475032773586,0.6869278016377461,-0.5418802983603875,-0.418820801776949
GTEX-1C6WA-0126-SM-7PC2B.1,SKIN,64.5,8.0,1138.0,-0.15186020913619494,0.7887916662639266,-0.9406518754001215,0.5974534000417736
GTEX-1C6WA-0326-SM-7DUGE.1,MUSCLE,64.5,7.3,1147.0,0.047582138596819576,0.1957641656495998,-0.14818202705278022,0.356449017908428
GTEX-1C6WA-0826-SM-7PBXS.1,HEART,64.5,6.1,1209.0,0.3446875577632159,-2.0274423743258714,2.3721299320890874,1.451529368835088
GTEX-1C6WA-2626-SM-7MKGM.1,SKIN,64.5,7.0,1295.0,-0.2711551270854809,0.883345089704122,-1.1545002167896028,-0.2277205293383479
GTEX-1C6WA-3026-SM-7P8RQ.1,BRAIN,64.5,6.1,1390.0,-0.03850650861841176,0.47689033035803047,-0.5153968389764423,-0.3920390245749339
GTEX-1C6WA-3326-SM-7MKGN.1,BRAIN,64.5,6.7,1387.0,0.7039051904711461,-0.503310398859057,1.207215589330203,-0.44148765944129487
GTEX-1CAMQ-0008-SM-EXOI5.1,SKIN,44.5,7.7,588.0,1.0468666149794155,-1.001582601314208,2.0484492162936236,-0.2731277881361062
GTEX-1CAMQ-0011-R8a-SM-ARU85.1,BRAIN,44.5,5.7,498.0,-2.57785243748487,1.457678859913828,-4.035531297398698,-1.0571587011752244
GTEX-1CAMQ-0011-R9a-SM-9WG5Z.1,BRAIN,44.5,6.4,498.0,-0.7577197368310526,0.7242311453310213,-1.481950882162074,-0.2547083716211357
GTEX-1CAMQ-0226-SM-7IGPK.1,SKIN,44.5,5.8,589.0,-0.7327675970545611,0.9199874533084503,-1.6527550503630115,-0.3970978723436112
GTEX-1CAMQ-0326-SM-7MXUI.1,MUSCLE,44.5,6.9,590.0,-0.21453417337397254,0.6447732674559847,-0.8593074408299572,-0.4964112645696392
GTEX-1CAMQ-0726-SM-7P8SG.1,HEART,44.5,6.9,596.0,0.5450785577394077,-0.7295374531034358,1.2746160108428435,0.6116666845817168
GTEX-1CAMQ-1326-SM-7P8RV.1,SKIN,44.5,6.6,613.0,-0.9531382885748477,1.3655805994433996,-2.3187188880182474,-0.5314683235693102
GTEX-1CAMQ-1426-SM-7MKFL.1,LIVER,44.5,5.7,616.0,-0.6890074158601296,1.0174623252621424,-1.706469741122272,-0.5178117387360879
GTEX-1CAMR-0008-SM-EXURA.1,SKIN,24.5,8.6,345.0,0.9450968163561715,-1.3566446328218649,2.3017414491780364,-0.12556811632953102
GTEX-1CAMR-1326-SM-7PC1F.1,SKIN,24.5,6.0,171.0,-1.083452034959232,2.0217241696035497,-3.105176204562782,-0.23435719017126375
GTEX-1CAMR-1726-SM-793CU.1,MUSCLE,24.5,7.9,343.0,0.14510864304407162,0.6216947387394591,-0.4765860956953875,-0.24307868835968396
GTEX-1CAMR-1926-SM-7EPI2.1,SKIN,24.5,6.9,345.0,-0.1880525749128944,0.9447349148312244,-1.1327874897441188,-0.04290743225370124
GTEX-1CAMS-0008-SM-EXURB.1,SKIN,44.5,8.7,358.0,1.175617443521507,-0.9646058138291846,2.1402232573506916,-0.2788507600444215
GTEX-1CAMS-0126-SM-79396.1,MUSCLE,44.5,8.8,349.0,0.26364537275441885,-0.8467618116171634,1.1104071843715821,0.04087690022191724
GTEX-1CAMS-0426-SM-7P8T2.1,SKIN,44.5,7.1,360.0,-0.31482200256273296,0.904945218483254,-1.219767221045987,-0.27959508419748036
GTEX-1CAMS-1126-SM-7MXUQ.1,HEART,44.5,7.4,405.0,0.39160933820757565,-0.02560709950137186,0.4172164377089475,0.2794664424236141
GTEX-1CAMS-1326-SM-79OJR.1,HEART,44.5,7.0,411.0,0.5676962588908478,-0.09568134421300253,0.6633776031038504,-0.09337892966284125
GTEX-1CAMS-2226-SM-7PBXQ.1,SKIN,44.5,5.6,440.0,-1.7973457944236886,2.0340374746843497,-3.8313832691080383,-0.8014270143167813
GTEX-1CAV2-0008-SM-EXURC.1,SKIN,44.5,8.7,1247.0,0.9736835660117119,-1.1880263702489717,2.1617099362606838,-0.18530490706031755
GTEX-1CAV2-0011-R11a-SM-ARU8D.1,BRAIN,44.5,6.2,1143.0,-1.5390476927226293,0.8970452773400559,-2.436092970062685,-0.9675559981056109
GTEX-1CAV2-0011-R1a-SM-ARZML.1,BRAIN,44.5,5.7,1143.0,-2.6691832087424125,0.9733437849979686,-3.6425269937403812,-1.2358063603196627
GTEX-1CAV2-0011-R5b-SM-9QEH4.1,BRAIN,44.5,5.7,1143.0,-2.524811867162935,1.2157675499034772,-3.740579417066412,-1.075738547785061
GTEX-1CAV2-0011-R9b-SM-9WG5M.1,BRAIN,44.5,5.7,1143.0,-0.7585541876099208,-0.16169473944669,-0.5968594481632308,-0.48793369464749875
GTEX-1CAV2-0126-SM-7IGN7.1,SKIN,44.5,6.1,1165.0,0.09231854158025689,-0.19550798408771725,0.2878265256679741,0.4512831181081
GTEX-1CAV2-2226-SM-7P8P2.1,SKIN,44.5,6.6,1248.0,-0.9640874867924238,0.8717964246744448,-1.8358839114668686,-0.3036924178963839
GTEX-1CAV2-2426-SM-7P8QF.1,MUSCLE,44.5,7.7,1251.0,-0.005455828943463371,-0.2785336777537472,0.27307784881028385,-0.7025765809903568
GTEX-1CAV2-2726-SM-7IGNN.1,BRAIN,44.5,6.2,1283.0,-1.6877908914805027,0.9339766695165668,-2.6217675609970694,-0.7701284928817814
GTEX-1CB4E-0008-SM-EXURD.1,SKIN,64.5,10.0,566.0,0.8922069763141293,-1.1729605460278063,2.0651675223419357,-0.22464526099766083
GTEX-1CB4E-0526-SM-7MXTK.1,HEART,64.5,8.2,331.0,0.4355056087356051,-0.009854502875207727,0.44536011161081285,-0.3177571606824628
GTEX-1CB4E-0626-SM-7DHMW.1,HEART,64.5,8.4,337.0,0.49047418866730114,-0.4090962984165235,0.8995704870838246,0.8381663920720936
GTEX-1CB4E-0926-SM-7EPHT.1,SKIN,64.5,6.8,360.0,-0.6147408017154499,0.9675072919714258,-1.5822480936868757,-0.2585347861077272
GTEX-1CB4E-2126-SM-793AP.1,MUSCLE,64.5,8.6,602.0,0.46003623765862783,-0.2718234127706189,0.7318596504292467,-0.058875519325246095
GTEX-1CB4E-2226-SM-793DC.1,SKIN,64.5,7.7,615.0,-0.7144845150725808,0.8247159437050211,-1.5392004587776018,-0.16808203008336575
GTEX-1CB4F-0008-SM-EXURE.1,SKIN,64.5,6.7,474.0,1.0705686236592835,-1.4421688731603277,2.5127374968196112,-0.299213698249016
GTEX-1CB4F-0326-SM-9MQKD.1,MUSCLE,64.5,8.1,472.0,-0.03506202459325824,0.9269733281575288,-0.962035352750787,-0.11404156767218449
GTEX-1CB4F-0426-SM-9KNV4.1,SKIN,64.5,7.4,476.0,-0.8403616474422206,1.3582930558027921,-2.1986547032450128,-0.23407140226885415
GTEX-1CB4F-1026-SM-7DUH1.1,SKIN,64.5,7.4,489.0,-0.507882112890329,0.800852953419914,-1.308735066310243,0.027555367975425273
GTEX-1CB4F-1726-SM-7MGXH.1,LIVER,64.5,6.6,510.0,0.9359543279965649,-1.3756377288573929,2.3115920568539576,0.08359591270509872
GTEX-1CB4G-0008-SM-EXURF.1,SKIN,64.5,6.8,470.0,0.8737323833478964,-1.0680149627025608,1.941747346050457,-0.1330261086639654
GTEX-1CB4G-0011-R10a-SM-9QEHS.1,BRAIN,64.5,7.3,365.0,0.8077997336254576,-0.314659744631649,1.1224594782571067,0.046782490448525886
GTEX-1CB4G-0011-R11a-SM-9OSWG.1,BRAIN,64.5,6.9,365.0,1.175126273589965,-1.4012568026732473,2.5763830762632125,-0.07757365287779401
GTEX-1CB4G-0011-R1b-SM-9QEHT.1,BRAIN,64.5,6.5,365.0,0.19226065783352303,0.4252102092959801,-0.23294955146245705,-0.04071107548623192
GTEX-1CB4G-0011-R2a-SM-9QEGQ.1,BRAIN,64.5,6.4,365.0,0.2716332051049944,0.31957011150742576,-0.04793690640243137,0.2934750530896743
GTEX-1CB4G-0011-R3a-SM-CE6QQ.1,BRAIN,64.5,6.1,365.0,-0.205653616386129,0.606614139866842,-0.812267756252971,-0.11763521214654601
GTEX-1CB4G-0011-R4b-SM-CJI28.1,BRAIN,64.5,6.6,365.0,-0.7630600120348294,0.7377207972466284,-1.5007808092814579,-0.446703482889736
GTEX-1CB4G-0011-R5a-SM-CKZNM.1,BRAIN,64.5,7.7,365.0,0.10533983548106994,0.5076652551437676,-0.40232541966269764,0.4654675853832492
GTEX-1CB4G-0011-R6b-SM-9QEGO.1,BRAIN,64.5,6.8,365.0,0.037641318513822235,0.5660211452250686,-0.5283798267112464,-0.09981425542298307
GTEX-1CB4G-0011-R7b-SM-9QEGP.1,BRAIN,64.5,7.3,365.0,-0.18829364952433292,0.7768550217181319,-0.9651486712424648,0.0050268377010193105
GTEX-1CB4G-0011-R8b-SM-9WG7H.1,BRAIN,64.5,6.4,365.0,-0.9143978764287513,0.9582375297027228,-1.872635406131474,-0.31753850887185603
GTEX-1CB4G-0226-SM-7PC3O.1,SKIN,64.5,7.8,469.0,-0.2160561511392,0.03717677119680238,-0.25323292233600236,0.24512368753195882
GTEX-1CB4G-0426-SM-7MXUN.1,MUSCLE,64.5,8.6,473.0,-0.07046411849493975,0.5478790808778948,-0.6183431993728346,-0.1844437768577197
GTEX-1CB4G-0726-SM-79OOJ.1,HEART,64.5,6.7,491.0,0.021714186875203184,0.2990927778806428,-0.2773785910054396,0.17215470742108344
GTEX-1CB4G-0826-SM-7DUGF.1,HEART,64.5,7.4,493.0,0.12325634030946479,0.4794447966117858,-0.356188456302321,-0.1385931388366954
GTEX-1CB4G-2926-SM-7MKFQ.1,BRAIN,64.5,7.2,540.0,0.8524563457872462,-0.7702646120888843,1.6227209578761306,-0.02411219054098454
GTEX-1CB4H-0011-R10b-SM-9QEH3.1,BRAIN,64.5,6.5,939.0,0.5644973373319258,-0.3599935472463386,0.9244908845782643,0.3898382206148466
GTEX-1CB4H-0011-R3b-SM-9OSVI.1,BRAIN,64.5,6.7,939.0,0.39321915182551387,-0.13847394926176054,0.5316931010872744,0.29173931216836524
GTEX-1CB4H-0011-R5b-SM-9QEGN.1,BRAIN,64.5,7.1,939.0,-0.2849648073181166,0.4351819493763467,-0.7201467566944633,0.13858642381357872
GTEX-1CB4H-0011-R6b-SM-CKZNK.1,BRAIN,64.5,6.6,939.0,-1.4609441134097725,0.9519055773473466,-2.412849690757119,-0.6539250367278114
GTEX-1CB4H-0011-R7b-SM-CJI27.1,BRAIN,64.5,7.1,939.0,-1.1797609900190529,0.9619444164750133,-2.141705406494066,-0.3655755616134378
GTEX-1CB4H-0011-R8b-SM-CJI26.1,BRAIN,64.5,6.4,939.0,-1.221183611859708,0.8638020685311312,-2.0849856803908393,-0.37729286354966485
GTEX-1CB4H-0011-R9a-SM-CKZNL.1,BRAIN,64.5,6.8,939.0,-1.163561747434057,0.6827499460126146,-1.8463116934466717,-0.2988683165587065
GTEX-1CB4H-0226-SM-7PBXM.1,SKIN,64.5,7.7,949.0,0.24132402673767708,-0.337290072461571,0.5786140991992481,-0.014054534533441777
GTEX-1CB4H-0426-SM-7MXTL.1,MUSCLE,64.5,7.3,953.0,-0.22243180497784826,0.3818298722470458,-0.6042616772248941,0.5594076719643652
GTEX-1CB4H-0626-SM-7IGN3.1,HEART,64.5,6.1,959.0,-0.3049915691714209,0.199971000665874,-0.5049625698372949,0.2319266379056174
GTEX-1CB4H-1126-SM-7MKGL.1,SKIN,64.5,6.8,970.0,0.054036321840688684,-0.15084932410099736,0.20488564594168604,0.040620321536395304
GTEX-1CB4H-3026-SM-79OLX.1,BRAIN,64.5,7.0,1016.0,0.27337618346850434,-0.4571106113288812,0.7304867947973855,0.1366743741542936
GTEX-1CB4H-3126-SM-7IGN4.1,BRAIN,64.5,6.2,1018.0,0.011475432029745566,0.1605872757568524,-0.1491118437271068,0.2149027518290468
GTEX-1CB4I-0008-SM-EXURG.1,SKIN,54.5,7.1,514.0,1.1703119249692746,-1.5084685822593475,2.6787805072286224,-0.33747468929147006
GTEX-1CB4I-0126-SM-7RHGG.1,SKIN,54.5,6.0,472.0,0.0367059781653099,1.2330592895886316,-1.1963533114233218,-0.04714839436483746
GTEX-1CB4I-0226-SM-79OLH.1,SKIN,54.5,7.1,518.0,-0.6226453229747801,0.8455467829671097,-1.4681921059418899,-0.4666318399921799
GTEX-1CB4I-0326-SM-7DHMM.1,MUSCLE,54.5,8.1,519.0,-0.1476686690402346,-0.01902962065657662,-0.12863904838365797,-0.3007727451455514
GTEX-1CB4I-1526-SM-7DHMY.1,HEART,54.5,7.9,567.0,0.31289126491950775,-0.38963888348062287,0.7025301484001306,0.9580060307494174
GTEX-1CB4I-1626-SM-7RHGV.1,HEART,54.5,6.8,567.0,0.8267551570417334,-0.22228061979594932,1.0490357768376828,-0.3324466574525769
GTEX-1CB4J-0008-SM-EXURH.1,SKIN,64.5,7.4,943.0,1.0575053267508783,-1.354978593733063,2.4124839204839414,-0.07623633348758756
GTEX-1CB4J-0011-R10a-SM-9WG63.1,BRAIN,64.5,6.9,865.0,0.7217200680487175,-1.9169505319301836,2.638670599978901,1.2879602630189597
GTEX-1CB4J-0011-R1a-SM-9WG64.1,BRAIN,64.5,6.1,865.0,0.5041487678665874,-1.3912005634097289,1.895349331276316,0.9069475767147823
GTEX-1CB4J-0011-R2a-SM-9WG5N.1,BRAIN,64.5,6.9,865.0,-0.07818312890829526,-0.4194581941342188,0.34127506522592355,0.6556534157002101
GTEX-1CB4J-0011-R3b-SM-9WG5Q.1,BRAIN,64.5,6.4,865.0,0.33119625910735023,-0.9515480479902637,1.282744307097614,0.9724302710115516
GTEX-1CB4J-0011-R4b-SM-9WG5P.1,BRAIN,64.5,6.1,865.0,0.018551336332430154,-0.5708666665246755,0.5894180028571057,0.8605428849557456
GTEX-1CB4J-0011-R5a-SM-9WG5Y.1,BRAIN,64.5,7.2,865.0,-0.21174127462178186,0.24842611481447271,-0.46016738943625457,0.7978582293521539
GTEX-1CB4J-0011-R6b-SM-9WG7B.1,BRAIN,64.5,6.9,865.0,0.3579253647969021,-0.9966265702708003,1.3545519350677024,1.0829324286628443
GTEX-1CB4J-0011-R7a-SM-9WG5O.1,BRAIN,64.5,6.4,865.0,-2.191867710391097,1.3308085329896628,-3.5226762433807597,-0.9842232318420989
GTEX-1CB4J-0011-R8a-SM-9QEHU.1,BRAIN,64.5,6.4,865.0,-0.2500123937363103,0.3758577668035918,-0.6258701605399021,0.49893779583613074
GTEX-1CB4J-0226-SM-7P8T4.1,HEART,64.5,6.4,926.0,0.42596527421302893,-0.007104020558489577,0.4330692947715185,0.10699765746893035
GTEX-1CB4J-0326-SM-7PBZO.1,HEART,64.5,7.6,928.0,0.5168931716195206,-0.1069293715968691,0.6238225432163897,-0.09530242084839276
GTEX-1CB4J-0626-SM-7DHMP.1,SKIN,64.5,8.0,944.0,0.08224432079681937,0.2964372893586739,-0.21419296856185455,0.19830626909870047
GTEX-1CB4J-0726-SM-7IGN8.1,LIVER,64.5,6.2,940.0,0.42493189865977815,0.18985463060050123,0.23507726805927692,-0.3728217710809965
GTEX-1CB4J-1226-SM-7P8P3.1,MUSCLE,64.5,8.5,946.0,-0.5016856920737185,0.23197399341646746,-0.733659685490186,0.33327983582989534
GTEX-1CB4J-1326-SM-7P8RX.1,SKIN,64.5,7.7,946.0,-0.34648000334272944,0.3202550856500589,-0.6667350889927883,-0.44551537610968406
GTEX-1CB4J-2926-SM-7PBZ2.1,BRAIN,64.5,6.1,1003.0,0.6632229274408941,-1.9732198460977155,2.63644277353861,1.2739172741787403
GTEX-1E1VI-0011-R10b-SM-ARU8F.1,BRAIN,54.5,7.3,851.0,0.42972110047953244,-0.09857603039214052,0.528297130871673,-0.013219475665114958
GTEX-1E1VI-0011-R11a-SM-9OSWI.1,BRAIN,54.5,7.7,851.0,0.2872857586243765,-0.050674545641422826,0.3379603042657993,-0.6360941091966612
GTEX-1E1VI-0011-R1a-SM-ARZMM.1,BRAIN,54.5,6.1,851.0,-1.7665170874611864,1.1066579279944924,-2.8731750154556788,-0.8586148729436028
GTEX-1E1VI-0011-R2a-SM-9QEGS.1,BRAIN,54.5,6.1,851.0,-0.4812569463552862,0.5464667741154995,-1.0277237204707856,-0.4010504931469157
GTEX-1E1VI-0011-R3a-SM-9OSWH.1,BRAIN,54.5,6.8,851.0,-0.6472873064943205,0.755547341858102,-1.4028346483524226,-0.5576806237781136
GTEX-1E1VI-0011-R4b-SM-9QEHV.1,BRAIN,54.5,6.5,851.0,-1.0927657324452873,0.7192347446017797,-1.812000477047067,-0.6301287689957021
GTEX-1E1VI-0011-R5b-SM-9WG5V.1,BRAIN,54.5,5.8,851.0,-2.008722722402806,1.2685745992436805,-3.2772973216464867,-0.9753127499014309
GTEX-1E1VI-0011-R6a-SM-9OSVJ.1,BRAIN,54.5,6.4,851.0,-0.6679770638517439,0.8840007906291595,-1.5519778544809033,-0.64692767009491
GTEX-1E1VI-0011-R7b-SM-9QEGR.1,BRAIN,54.5,6.2,851.0,-1.7681350642490925,1.292094625674552,-3.0602296899236445,-0.9715183376324067
GTEX-1E1VI-0011-R8b-SM-ARU8E.1,BRAIN,54.5,7.0,851.0,0.09507552655818792,0.2548961771362135,-0.15982065057802558,0.2440144700553573
GTEX-1E1VI-0126-SM-7DHMZ.1,SKIN,54.5,8.1,969.0,0.00521242933831743,0.2086457718870483,-0.20343334254873088,0.17372007473008255
GTEX-1E1VI-0326-SM-793D1.1,SKIN,54.5,7.6,980.0,0.8536662179004303,0.11107076434576164,0.7425954535546686,0.508953219980055
GTEX-1E1VI-0426-SM-7DHN1.1,MUSCLE,54.5,8.3,986.0,-0.048304973668731856,0.6696393791916153,-0.7179443528603472,-0.1568861136072729
GTEX-1E1VI-1326-SM-7IGQD.1,HEART,54.5,5.8,1059.0,-0.019383988387082548,0.31255199270978146,-0.331935981096864,-0.15760292780554322
GTEX-1E1VI-1426-SM-793CY.1,HEART,54.5,7.8,1061.0,0.6519331553747829,-1.7745795158468192,2.426512671221602,1.206823805879914
GTEX-1E1VI-2926-SM-7IGLT.1,BRAIN,54.5,6.2,1086.0,-0.6690965587832504,0.7568625008640654,-1.4259590596473157,-0.3528644017340105
GTEX-1E1VI-3026-SM-7RHHU.1,BRAIN,54.5,6.8,1089.0,-0.09763024386388365,0.3664704474408958,-0.46410069130477943,-0.06666640289108865
GTEX-1E2YA-0008-SM-EXURI.1,SKIN,54.5,7.8,561.0,1.0485996530437032,-0.9126917369543505,1.9612913899980535,-0.2643095014801702
GTEX-1E2YA-0011-R1b-SM-CJI29.1,BRAIN,54.5,6.9,485.0,-1.136386405036352,0.8871438713297694,-2.023530276366121,-0.1365851731898658
GTEX-1E2YA-0011-R5a-SM-9QEGT.1,BRAIN,54.5,6.4,485.0,-1.3505188736064742,1.229648963673118,-2.580167837279592,-0.24489163671183328
GTEX-1E2YA-0011-R6b-SM-CE6R2.1,BRAIN,54.5,6.1,485.0,-2.9652531509313733,1.451367352378655,-4.416620503310028,-1.2327530039070929
GTEX-1E2YA-0011-R7a-SM-CJI1Z.1,BRAIN,54.5,6.1,485.0,-2.412906154055107,1.3541436629942771,-3.767049817049384,-0.996526093150499
GTEX-1E2YA-0011-R8a-SM-CKZNG.1,BRAIN,54.5,7.0,485.0,-0.8302984167581283,0.9272027894215426,-1.7575012061796709,-0.054556709998204056
GTEX-1E2YA-0126-SM-9KNUC.1,SKIN,54.5,7.0,560.0,-0.37170395469126327,0.0667612469954498,-0.4384652016867131,-0.2816763325768071
GTEX-1E2YA-0526-SM-7P8RY.1,MUSCLE,54.5,8.3,567.0,-0.2138028512196506,0.0798197662876749,-0.2936226175073255,0.1289172386924347
GTEX-1E2YA-0626-SM-7P8P4.1,HEART,54.5,6.7,580.0,0.4782992919502623,-0.8042192956256026,1.282518587575865,0.7702236923728724
GTEX-1E2YA-1226-SM-7MGY3.1,LIVER,54.5,6.5,597.0,-0.14752085903515566,-0.09146822195521395,-0.05605263707994171,0.05003199984487535
GTEX-1E2YA-2126-SM-7MXUO.1,SKIN,54.5,6.6,614.0,0.3182412896999006,-0.7734099090475867,1.0916511987474873,-0.23655184088103615
GTEX-1E2YA-2926-SM-7MGWX.1,BRAIN,54.5,5.7,632.0,-0.939515503341346,0.960823790927132,-1.900339294268478,-0.651222024645641
GTEX-1E2YA-3026-SM-7IGO7.1,BRAIN,54.5,5.9,634.0,-0.9818090661711059,0.8403668176297241,-1.82217588380083,-0.2010324337900005
GTEX-1EH9U-0011-R10a-SM-CJI2A.1,BRAIN,64.5,7.5,677.0,-0.13142510938030388,0.3704791103985211,-0.501904219778825,0.06070826358528566
GTEX-1EH9U-0011-R11b-SM-CE6R1.1,BRAIN,64.5,5.9,677.0,-2.303115082421949,1.1071622278845188,-3.4102773103064674,-1.0610916111387232
GTEX-1EH9U-0011-R1b-SM-CJI2B.1,BRAIN,64.5,6.7,677.0,-1.3726423675463035,0.8656669726961047,-2.238309340242408,-0.34628786888555346
GTEX-1EH9U-0011-R3b-SM-CL534.1,BRAIN,64.5,6.2,677.0,-1.4430838441134664,0.7701489821539194,-2.2132328262673857,-0.5087449815863747
GTEX-1EH9U-0011-R5a-SM-CJI2K.1,BRAIN,64.5,6.0,677.0,-2.039678512681076,1.2895997887307284,-3.3292783014118044,-0.8522472803492976
GTEX-1EH9U-0011-R6a-SM-CJI2C.1,BRAIN,64.5,6.4,677.0,-1.5346710402632282,1.1100475698498058,-2.644718610113034,-0.652799927209248
GTEX-1EH9U-0011-R7a-SM-9QEGU.1,BRAIN,64.5,6.0,677.0,-1.7352270531645495,1.2148239839921786,-2.950051037156728,-0.7266060717167986
GTEX-1EH9U-0011-R9b-SM-9WG5T.1,BRAIN,64.5,6.9,677.0,-0.03031034202557079,-0.12653744214170887,0.09622710011613808,0.5435497620523425
GTEX-1EH9U-0126-SM-7SB87.1,SKIN,64.5,7.2,754.0,0.03139631520921526,0.20445069412721265,-0.17305437891799738,0.31770527154649225
GTEX-1EH9U-0326-SM-7P8S2.1,MUSCLE,64.5,8.2,759.0,0.30028267326461505,-0.28117921638666993,0.581461889651285,0.011681693209185834
GTEX-1EH9U-0626-SM-7PC33.1,HEART,64.5,6.6,778.0,-0.14809959130699235,0.4334148803090266,-0.581514471616019,-0.38443355085957726
GTEX-1EH9U-0826-SM-7IGPT.1,HEART,64.5,6.0,792.0,-1.7703987086194992,0.8987985762851635,-2.6691972849046626,-1.0669639039166101
GTEX-1EH9U-1126-SM-7IGLU.1,LIVER,64.5,6.0,801.0,0.3576610613070548,0.09914037253997103,0.25852068876708373,-0.35626268034247194
GTEX-1EH9U-2826-SM-7DUGT.1,SKIN,64.5,7.5,876.0,-0.0617134732847408,-0.04787738372945522,-0.013836089555285577,-0.05724087850282214
GTEX-1EH9U-3126-SM-7MXU5.1,BRAIN,64.5,5.7,939.0,-0.8886828538926633,0.8037364265798843,-1.6924192804725475,-0.2685763398991125
GTEX-1EKGG-0011-R11a-SM-9QEHZ.1,BRAIN,64.5,6.7,782.0,0.7015179501532273,-0.40507625457394825,1.1065942047271755,-0.37732470301938276
GTEX-1EKGG-0011-R1b-SM-9QEI1.1,BRAIN,64.5,6.2,782.0,-0.26319429553757084,0.5551465595031451,-0.8183408550407159,-0.011886527305387615
GTEX-1EKGG-0011-R2a-SM-CE6R8.1,BRAIN,64.5,6.5,782.0,-0.026426036661962873,0.4290119266153875,-0.45543796327735037,0.0678971829396001
GTEX-1EKGG-0011-R5a-SM-9OSVQ.1,BRAIN,64.5,6.8,782.0,-0.8222110121787797,1.0743921529811176,-1.8966031651598971,-0.46269380682458755
GTEX-1EKGG-0011-R6a-SM-CL538.1,BRAIN,64.5,7.2,782.0,0.5088947912293101,0.09893286155517403,0.40996192967413614,-0.2359165506875377
GTEX-1EKGG-0011-R7a-SM-CKZNN.1,BRAIN,64.5,7.5,782.0,-0.22909010257757176,0.7660955555365953,-0.995185658114167,-0.46006203596127293
GTEX-1EKGG-0011-R9a-SM-CMKFV.1,BRAIN,64.5,6.4,782.0,0.7653930334779713,-0.9237270822213546,1.6891201156993259,0.33886435484718486
GTEX-1EKGG-0226-SM-9WYTH.1,SKIN,64.5,8.1,848.0,0.1029510452575075,0.5004454018877699,-0.39749435663026234,0.2655908227629903
GTEX-1EKGG-0526-SM-7P8SZ.1,MUSCLE,64.5,8.2,854.0,-1.249448143485634,-1.3693419159058662,0.11989377242023225,-0.6678884346574655
GTEX-1EKGG-0626-SM-7DUGJ.1,SKIN,64.5,7.2,930.0,-0.011953728083821339,0.2279628399615776,-0.23991656804539893,0.02722594233843906
GTEX-1EKGG-1126-SM-7MGXB.1,HEART,64.5,5.6,947.0,-2.1375159404933375,0.9035316608387259,-3.0410476013320635,-0.7570999796668625
GTEX-1EKGG-1226-SM-7IGNO.1,LIVER,64.5,6.3,948.0,-0.46325232332999555,0.7699859886886903,-1.2332383120186858,-0.45155751588074167
GTEX-1EKGG-2926-SM-7EPIH.1,BRAIN,64.5,6.9,1028.0,0.1739804332710302,0.14774178622025286,0.02623864705077733,0.44910923933883573
GTEX-1EKGG-3126-SM-9WPO5.1,BRAIN,64.5,6.5,1033.0,0.3939960013780406,-0.2476725981255217,0.6416685995035623,-0.3271750527047106
GTEX-1EMGI-0011-R10a-SM-9OSWY.1,BRAIN,64.5,7.0,365.0,0.6749271923936125,-0.27119106389952763,0.9461182562931402,-0.0002915481730205959
GTEX-1EMGI-0011-R11b-SM-9OSWX.1,BRAIN,64.5,7.1,365.0,0.921172135447089,-1.8747996431239662,2.7959717785710554,-0.15105821767194003
GTEX-1EMGI-0011-R1b-SM-9OSWZ.1,BRAIN,64.5,7.8,365.0,0.44281118662382196,-0.002494417175962709,0.4453056037997847,0.3256738327089694
GTEX-1EMGI-0011-R2b-SM-9OSVS.1,BRAIN,64.5,5.8,365.0,0.6196574223541017,0.17131067963967622,0.4483467427144255,0.18357770137486518
GTEX-1EMGI-0011-R3b-SM-CE6R9.1,BRAIN,64.5,7.3,365.0,0.5703854209677393,-0.15785812382939549,0.7282435447971347,0.25747025377205807
GTEX-1EMGI-0011-R4b-SM-CJI2D.1,BRAIN,64.5,7.3,365.0,0.4285011098193821,-0.16787411043283593,0.596375220252218,0.5208576079982157
GTEX-1EMGI-0011-R5a-SM-CJI2E.1,BRAIN,64.5,8.1,365.0,0.5394040666048573,-0.020184567473883037,0.5595886340787404,0.2533767401136221
GTEX-1EMGI-0011-R6a-SM-9OSVR.1,BRAIN,64.5,7.3,365.0,0.43594931294090394,0.153035404421012,0.28291390851989195,0.08558855236793322
GTEX-1EMGI-0011-R7b-SM-9QEH5.1,BRAIN,64.5,7.5,365.0,0.22454255657534633,0.4864092256699165,-0.2618666690945702,-0.09016589128168676
GTEX-1EMGI-0011-R8b-SM-9QEID.1,BRAIN,64.5,7.1,365.0,0.6469955808402461,-0.34444306557853027,0.9914386464187763,0.6369963674829124
GTEX-1EMGI-0126-SM-9KNUE.1,SKIN,64.5,7.8,499.0,-0.6763159678123993,0.037510816989970705,-0.71382678480237,-0.14515226779304433
GTEX-1EMGI-0326-SM-9MQM5.1,MUSCLE,64.5,7.8,501.0,0.04830936591650631,-0.10629696324056145,0.15460632915706776,-0.1978406219777072
GTEX-1EMGI-1126-SM-9KNUF.1,HEART,64.5,6.5,560.0,-0.4081187989170954,0.4757836225062046,-0.8839024214233,0.05807174058609992
GTEX-1EMGI-1226-SM-793DD.1,HEART,64.5,7.5,560.0,0.7392502397004781,-0.36776820076400973,1.1070184404644878,0.2892235952932527
GTEX-1EMGI-2326-SM-7PBYA.1,SKIN,64.5,6.3,586.0,-0.9225741469839789,1.2342089287554399,-2.1567830757394186,-0.3123020662529133
GTEX-1EMGI-3026-SM-7P8P6.1,BRAIN,64.5,7.1,628.0,0.4677338760986134,0.0023194933131075158,0.4654143827855059,-0.09902134376440433
GTEX-1EMGI-3126-SM-7MXUR.1,BRAIN,64.5,6.1,629.0,0.7967475931356336,-1.1689486617610714,1.965696254896705,0.0021078365978627407
GTEX-1EN7A-0011-R3a-SM-9OSVT.1,BRAIN,44.5,5.6,862.0,-1.4265492928681858,1.1246434458336931,-2.5511927387018787,-0.6932782565443631
GTEX-1EN7A-0011-R5a-SM-9QEH6.1,BRAIN,44.5,5.9,862.0,-2.001710950980396,1.4654136567497675,-3.467124607730163,-0.9149360218615703
GTEX-1EN7A-0011-R6b-SM-9QEHW.1,BRAIN,44.5,6.0,862.0,-1.9362478699709986,1.2236285410115466,-3.1598764109825455,-0.8934779825409871
GTEX-1EN7A-0011-R7b-SM-9QEHX.1,BRAIN,44.5,6.2,862.0,-2.0433040981723374,1.4156134488037813,-3.4589175469761186,-1.0343037339163725
GTEX-1EN7A-0126-SM-7SB81.1,SKIN,44.5,8.3,985.0,0.5520919632001189,-1.0042692283671277,1.5563611915672466,0.22980370343265982
GTEX-1EN7A-0326-SM-7P8T1.1,MUSCLE,44.5,7.2,989.0,-0.06379606377528456,0.21809997421840407,-0.2818960379936886,-0.3253814092682242
GTEX-1EN7A-0726-SM-7PBXT.1,HEART,44.5,6.0,1029.0,-1.9456265061929958,1.0668427944392507,-3.0124693006322465,-0.8120466454093964
GTEX-1EN7A-2026-SM-7MGY4.1,LIVER,44.5,5.7,1053.0,0.1419882359614929,0.25340190496806597,-0.11141366900657307,0.053528224278877067
GTEX-1EN7A-2426-SM-793DB.1,SKIN,44.5,7.6,1059.0,0.1923639939227873,-0.5307950736956252,0.7231590676184125,0.26564639559322606
GTEX-1EN7A-3026-SM-7PBYT.1,BRAIN,44.5,5.8,1075.0,-0.803655226200865,0.8811543688129835,-1.6848095950138484,-0.2986570935167495
GTEX-1EU9M-0011-R2b-SM-9QEH7.1,BRAIN,64.5,6.1,685.0,-0.774147159514869,0.7970719512141482,-1.5712191107290172,-0.18928862414587158
GTEX-1EU9M-0011-R3a-SM-9QEHY.1,BRAIN,64.5,6.0,685.0,-0.8800326702576285,0.8672966341025627,-1.7473293043601914,-0.49991326362993577
GTEX-1EU9M-0011-R7b-SM-9OSVU.1,BRAIN,64.5,6.3,685.0,-1.708537460999523,1.4197557134069174,-3.1282931744064406,-0.7478394857472772
GTEX-1EU9M-0011-R9a-SM-9WG61.1,BRAIN,64.5,7.0,685.0,-0.18621400233959493,0.2500865966124313,-0.4363005989520262,0.167273157526638
GTEX-1EU9M-0126-SM-7P8P8.1,MUSCLE,64.5,8.1,834.0,0.07099642145081352,-0.27392888568274554,0.34492530713355907,0.24221202938391437
GTEX-1EU9M-0226-SM-7P8SP.1,SKIN,64.5,7.0,837.0,0.133385046008134,0.01365074333766146,0.11973430267047254,0.23357390251562204
GTEX-1EU9M-1426-SM-793AI.1,SKIN,64.5,8.6,883.0,-0.08587946245659091,-0.3104878975369926,0.22460843508040168,0.32368471783042024
GTEX-1EU9M-1826-SM-7DUGU.1,HEART,64.5,7.4,888.0,0.9107916493790252,-0.4593585779728613,1.3701502273518864,0.0633504285643999
GTEX-1EU9M-1926-SM-7RHH4.1,HEART,64.5,6.9,889.0,0.0696256232605052,-0.10323714549632873,0.17286276875683393,0.41361603442155886
GTEX-1EU9M-2926-SM-793DF.1,BRAIN,64.5,7.6,945.0,0.7558548711053793,-0.9248609064531901,1.6807157775585693,0.024813729087485283
GTEX-1EWIQ-0008-SM-EVR3F.1,SKIN,74.5,10.0,618.0,0.8108780273509429,-0.7771128996893601,1.5879909270403032,-0.2707096808872752
GTEX-1EWIQ-0011-R11a-SM-9OSX6.1,BRAIN,74.5,5.7,575.0,-2.042389344231054,1.1135649620598178,-3.1559543062908717,-0.872760081166373
GTEX-1EWIQ-0011-R1a-SM-9OSX7.1,BRAIN,74.5,6.6,575.0,-0.7783758039885493,0.8161376826121658,-1.5945134866007151,-0.5691887002087972
GTEX-1EWIQ-0011-R6a-SM-ARU8G.1,BRAIN,74.5,5.9,575.0,-2.177555776968545,1.3194204949117265,-3.4969762718802713,-1.0016287846426448
GTEX-1EWIQ-0011-R8a-SM-9OSX8.1,BRAIN,74.5,6.8,575.0,-0.16949383351899622,0.5903262962500785,-0.7598201297690748,-0.7652977519143366
GTEX-1EWIQ-0011-R9a-SM-ARL8L.1,BRAIN,74.5,7.5,575.0,-0.024309988170299522,-0.08019423547179026,0.05588424730149074,0.36837653860331104
GTEX-1EWIQ-0126-SM-7RHH2.1,SKIN,74.5,7.2,617.0,-0.26500793968873704,0.19051930282396864,-0.4555272425127057,-0.19775298707981592
GTEX-1EWIQ-0326-SM-7DHMQ.1,SKIN,74.5,7.9,621.0,-0.07214642551818691,0.2978420243375016,-0.3699884498556885,0.4873046190465494
GTEX-1EWIQ-0626-SM-7PBYW.1,MUSCLE,74.5,7.0,636.0,0.31408299303649234,-0.022413497517680712,0.3364964905541731,0.5052388466142724
GTEX-1EWIQ-0726-SM-7MKFW.1,LIVER,74.5,6.9,645.0,-0.3297042616035139,0.6964784054610473,-1.0261826670645613,-0.30663752802072547
GTEX-1EWIQ-1126-SM-7EPIK.1,HEART,74.5,6.8,657.0,-0.34853643476948326,0.5580184261900992,-0.9065548609595825,0.20060428582074946
GTEX-1EWIQ-1426-SM-7IGOS.1,HEART,74.5,5.7,664.0,-2.3749864264600165,1.0583937443674676,-3.4333801708274843,-0.8954224690413688
GTEX-1EWIQ-3026-SM-7IGOJ.1,BRAIN,74.5,5.9,707.0,-0.43089942881615334,0.7312865479597955,-1.1621859767759488,-0.3348898705336026
GTEX-1EWIQ-3126-SM-7MXTI.1,BRAIN,74.5,5.6,709.0,-0.3687906871474717,0.8175393679010192,-1.186330055048491,-0.18617864329481681
GTEX-1EX96-0008-SM-EWRMB.1,SKIN,54.5,10.0,788.0,0.963778150955384,-0.8908949757810394,1.8546731267364234,-0.15474750941750556
GTEX-1EX96-0011-R10b-SM-CE6QR.1,BRAIN,54.5,6.1,704.0,1.1770842202360356,-1.2704338286733474,2.447518048909383,0.13237996738960917
GTEX-1EX96-0011-R1a-SM-CE6R5.1,BRAIN,54.5,6.0,704.0,-0.3037801148640152,0.49522863697760705,-0.7990087518416222,-0.3063185368950206
GTEX-1EX96-0011-R3b-SM-ARZMH.1,BRAIN,54.5,5.7,704.0,0.34888473737093595,0.023878523739362355,0.3250062136315736,0.13988174525836322
GTEX-1EX96-0011-R4a-SM-ARU82.1,BRAIN,54.5,5.8,704.0,-1.0317900664675477,0.8031370453918861,-1.8349271118594337,-0.4243930653795957
GTEX-1EX96-0011-R5a-SM-ARU83.1,BRAIN,54.5,7.3,704.0,0.30432020685408523,0.38117354889697413,-0.0768533420428889,0.2774554039257211
GTEX-1EX96-0011-R6a-SM-9OSVV.1,BRAIN,54.5,7.0,704.0,0.16686111917039836,0.5081901444323464,-0.3413290252619481,-0.11068699224218109
GTEX-1EX96-0011-R7a-SM-9OSVW.1,BRAIN,54.5,6.5,704.0,-0.32601158364137167,0.7923836531907014,-1.118395236832073,-0.061990339370831565
GTEX-1EX96-1026-SM-7MKG2.1,SKIN,54.5,7.8,779.0,-0.6210783241994305,0.32121296309536046,-0.9422912872947911,-0.10138479909749183
GTEX-1EX96-1526-SM-7PBXK.1,MUSCLE,54.5,8.3,786.0,-0.10644247007298435,-0.18343970791395728,0.07699723784097293,-0.26802092985185455
GTEX-1EX96-1626-SM-7PBXR.1,SKIN,54.5,7.4,789.0,-0.3940203611164649,0.710788561586799,-1.1048089227032638,0.12126701177548063
GTEX-1EX96-2526-SM-7RHGW.1,HEART,54.5,5.6,817.0,-2.8274906441615775,1.1535528734289786,-3.981043517590556,-1.0203911584418763
GTEX-1EX96-2626-SM-9MQJV.1,HEART,54.5,6.1,819.0,-0.24328060455278366,0.35390630761980596,-0.5971869121725897,0.3251905856639606
GTEX-1EX96-3026-SM-7RHH5.1,BRAIN,54.5,6.3,850.0,0.2503437033252671,0.15123107587102805,0.09911262745423907,0.6279018617922802
GTEX-1EX96-3126-SM-9JGGC.1,BRAIN,54.5,6.7,852.0,0.4769747733090482,-0.3709724235178718,0.84794719682692,-0.24955909918148003
GTEX-1F48J-0008-SM-EWRMD.1,SKIN,54.5,10.0,892.0,1.0157585069864898,-1.7010794613787894,2.7168379683652795,-0.2764194960373411
GTEX-1F48J-0011-R10a-SM-9QEIB.1,BRAIN,54.5,7.9,805.0,0.9246425410262835,-0.7820961557299098,1.7067386967561933,0.5205314968502057
GTEX-1F48J-0011-R11b-SM-9OSWV.1,BRAIN,54.5,7.6,805.0,0.64253597927151,-0.7158305417597591,1.358366521031269,0.1358581439029018
GTEX-1F48J-0011-R1a-SM-9QEIC.1,BRAIN,54.5,7.7,805.0,0.7661466521079385,-0.6338652731030242,1.4000119252109626,0.6082099984681265
GTEX-1F48J-0011-R2a-SM-CL535.1,BRAIN,54.5,6.6,805.0,-0.4648016795517058,0.5004036164521388,-0.9652052960038446,0.14761780355281362
GTEX-1F48J-0011-R3b-SM-9OSVY.1,BRAIN,54.5,6.1,805.0,0.41235060598060574,0.014380322212605741,0.397970283768,0.21756938841179269
GTEX-1F48J-0011-R4b-SM-9OSVX.1,BRAIN,54.5,6.7,805.0,0.3559780578133448,-0.014690467518693932,0.3706685253320387,0.3839096104919373
GTEX-1F48J-0011-R5b-SM-9OSVZ.1,BRAIN,54.5,6.7,805.0,-0.22421821330610836,0.5827102230023029,-0.8069284363084113,0.17852736407633676
GTEX-1F48J-0011-R6a-SM-CJI2F.1,BRAIN,54.5,7.5,805.0,-0.02831650445406089,0.31519072585769464,-0.3435072303117555,0.3360531283880526
GTEX-1F48J-0011-R7a-SM-CJI2G.1,BRAIN,54.5,7.2,805.0,-0.9279328605665592,0.7987408778923053,-1.7266737384588646,-0.125791707597339
GTEX-1F48J-0011-R8a-SM-9OSWW.1,BRAIN,54.5,7.1,805.0,0.4470773562081289,0.03377480946277494,0.41330254674535394,0.6890340363933896
GTEX-1F48J-0126-SM-7P8TT.1,SKIN,54.5,8.3,891.0,-0.23040733483941084,0.08632125117370565,-0.3167285860131165,0.5943605923596536
GTEX-1F48J-0526-SM-9WYSX.1,MUSCLE,54.5,8.4,903.0,-0.03536509711331665,-0.3850283380054663,0.3496632408921497,0.4337067217774463
GTEX-1F48J-0726-SM-7RHGS.1,SKIN,54.5,8.5,921.0,0.02295126173352502,-0.8507218694206072,0.8736731311541323,0.39420462319529964
GTEX-1F48J-1026-SM-7P8SO.1,HEART,54.5,5.8,930.0,-0.6502089125318964,0.6853555667984437,-1.33556447933034,-0.46596149262294734
GTEX-1F48J-1126-SM-9WYSY.1,HEART,54.5,6.5,933.0,-0.17734252746068283,0.030661361749189906,-0.20800388920987273,0.8481563719306703
GTEX-1F48J-2726-SM-7P8PW.1,BRAIN,54.5,6.8,980.0,0.677252806803242,-0.7261463454551762,1.4033991522584182,0.11368713918783879
GTEX-1F48J-2826-SM-7P8R4.1,BRAIN,54.5,6.9,982.0,0.6211997799901899,-0.3284518536373274,0.9496516336275174,0.2256384033103787
GTEX-1F52S-0008-SM-EWRME.1,SKIN,64.5,10.0,987.0,1.0145609078714013,-1.0269490535576031,2.0415099614290044,-0.352745324069571
GTEX-1F52S-0011-R11a-SM-CJI23.1,BRAIN,64.5,7.1,872.0,0.6117731449495913,-0.8576563964370136,1.469429541386605,-0.05540394182622639
GTEX-1F52S-0011-R1a-SM-9OSX9.1,BRAIN,64.5,6.3,872.0,-0.6880399617230842,0.8550786229435198,-1.543118584666604,-0.4783153273468557
GTEX-1F52S-0011-R3a-SM-CKZNI.1,BRAIN,64.5,6.0,872.0,-0.1781668201031426,0.2868242752305674,-0.46499109533371,-0.03894445562832296
GTEX-1F52S-0011-R5a-SM-CJI22.1,BRAIN,64.5,6.8,872.0,-0.7229210541062729,0.8601945118699617,-1.5831155659762346,-0.15796209729951394
GTEX-1F52S-0011-R7b-SM-9QEH8.1,BRAIN,64.5,6.0,872.0,-1.446211968912699,1.192157263031872,-2.638369231944571,-0.8204718034374378
GTEX-1F52S-0011-R8a-SM-9OSXA.1,BRAIN,64.5,6.8,872.0,-0.26184081551754784,0.4590727259920299,-0.7209135415095778,-0.19574355359330325
GTEX-1F52S-0011-R9a-SM-9WG62.1,BRAIN,64.5,6.5,872.0,-0.06552549812802375,-0.41594865038304085,0.3504231522550171,0.4587519632023694
GTEX-1F52S-0126-SM-9MQJU.1,SKIN,64.5,7.7,987.0,-0.4613945821840588,0.623816366725828,-1.0852109489098867,-0.088128128737878
GTEX-1F52S-0826-SM-7P8TQ.1,MUSCLE,64.5,8.6,1006.0,-0.0673348124310463,-0.7258710763113113,0.658536263880265,0.01621941355812925
GTEX-1F52S-2926-SM-7MKGA.1,SKIN,64.5,7.4,1038.0,-0.49414087256569394,0.7049955609099832,-1.199136433475677,-0.13654217200644037
GTEX-1F52S-3026-SM-7P8PV.1,BRAIN,64.5,6.7,1041.0,0.15124446487605966,-0.06663878300268157,0.21788324787874125,-0.3137974929055212
GTEX-1F52S-3126-SM-7PC3M.1,BRAIN,64.5,6.0,1043.0,-0.6883156046809487,0.6854049222038783,-1.373720526884827,-0.4055771855230883
GTEX-1F5PK-0326-SM-9KNUD.1,HEART,54.5,7.9,134.0,0.43011299196660097,-0.005676835466630456,0.4357898274332314,-0.5523331445664329
GTEX-1F5PK-2226-SM-7SB6N.1,SKIN,54.5,6.3,231.0,0.13611808959715477,0.4486684546513606,-0.31255036505420586,-0.32697072699948765
GTEX-1F5PK-2426-SM-7RHHY.1,SKIN,54.5,7.3,237.0,-0.04402483209688183,0.021284078675988475,-0.06530891077287031,0.12281608668873037
GTEX-1F5PK-2626-SM-7RHH6.1,MUSCLE,54.5,8.1,247.0,1.5401452163364733,-1.0061863548766246,2.5463315712130976,0.5939430898491241
GTEX-1F5PL-0008-SM-EWRMC.1,SKIN,44.5,10.0,410.0,0.9124293285544314,-1.1207843280873624,2.0332136566417938,-0.2966904166708066
GTEX-1F5PL-0326-SM-7P8PQ.1,SKIN,44.5,7.5,412.0,-0.43709817531761247,0.7490649581623468,-1.1861631334799592,-0.548222459273643
GTEX-1F5PL-0426-SM-7P8PR.1,MUSCLE,44.5,9.0,423.0,-0.1846003670146929,0.07454104960352069,-0.2591414166182136,-0.021032213139608152
GTEX-1F5PL-0926-SM-7PC2W.1,SKIN,44.5,8.7,433.0,0.026390511004070232,-0.19627041512678156,0.22266092613085178,0.13667915120384924
GTEX-1F6I4-0008-SM-EWRMF.1,SKIN,64.5,10.0,748.0,0.8480599672969751,-0.9497788125948271,1.7978387798918023,-0.3814932718547301
GTEX-1F6I4-0011-R10b-SM-9OSWT.1,BRAIN,64.5,7.3,719.0,0.7284854794205614,-0.39658787493490133,1.1250733543554627,-0.14619684480065462
GTEX-1F6I4-0011-R11b-SM-9OSWS.1,BRAIN,64.5,7.3,719.0,1.189702055737059,-1.6654688253702958,2.855170881107355,-0.21139987743286243
GTEX-1F6I4-0011-R1a-SM-9OSWU.1,BRAIN,64.5,7.7,719.0,-0.4541227658659242,0.5401504916340716,-0.9942732574999957,-0.30912132983816065
GTEX-1F6I4-0011-R2a-SM-CL536.1,BRAIN,64.5,6.6,719.0,0.5398745618526404,-0.24147579448717685,0.7813503563398172,0.5044004564208845
GTEX-1F6I4-0011-R3a-SM-9QEH9.1,BRAIN,64.5,5.7,719.0,-0.16774826158352416,0.439465432460467,-0.6072136940439912,-0.33352671216103913
GTEX-1F6I4-0011-R5b-SM-9QEHA.1,BRAIN,64.5,5.7,719.0,-0.7651482852514009,0.9124135069865438,-1.6775617922379447,-0.4708476730987109
GTEX-1F6I4-0011-R6a-SM-CE6R4.1,BRAIN,64.5,6.6,719.0,-0.1608028173092369,0.5657939760038404,-0.7265967933130772,-0.3864946002992731
GTEX-1F6I4-0011-R7a-SM-CJI24.1,BRAIN,64.5,5.9,719.0,-1.389339535661091,1.0884003226416328,-2.4777398583027237,-0.6293271171131447
GTEX-1F6I4-0011-R8a-SM-9QEIA.1,BRAIN,64.5,6.3,719.0,-0.761273570491729,0.7307700070210377,-1.4920435775127667,-0.5105022435559552
GTEX-1F6I4-0011-R9a-SM-CMKFU.1,BRAIN,64.5,7.3,719.0,0.4307237492407137,-0.7350561191318997,1.1657798683726135,0.30944942766807343
GTEX-1F6I4-0126-SM-9MQL2.1,SKIN,64.5,6.3,750.0,-0.38915445718990493,0.6033310207221803,-0.9924854779120852,0.3510831980416119
GTEX-1F6I4-0326-SM-7P8T8.1,MUSCLE,64.5,8.0,757.0,0.8154030699142798,-0.43876478256461887,1.2541678524788986,-0.4694277095241822
GTEX-1F6I4-0726-SM-7PC2P.1,HEART,64.5,7.1,831.0,0.42854959873163573,0.1159631636704197,0.31258643506121603,-0.2779805222136566
GTEX-1F6I4-0826-SM-7RHGK.1,HEART,64.5,7.3,835.0,0.10359731159011568,-0.12421856671490693,0.2278158783050226,0.7514610660721911
GTEX-1F6I4-2326-SM-7RHGL.1,SKIN,64.5,7.2,910.0,-0.9112478119362467,0.9224018966669773,-1.833649708603224,0.07721078694524024
GTEX-1F6I4-3026-SM-7P8SI.1,BRAIN,64.5,6.0,1025.0,1.0247605810447915,-1.5061940282453992,2.5309546092901907,0.0005394279213330261
GTEX-1F6I4-3126-SM-7P8SD.1,BRAIN,64.5,6.1,1024.0,-0.4040125720498271,0.499201473723896,-0.9032140457737231,-0.5201975300998682
GTEX-1F6IF-0008-SM-EWRMJ.1,SKIN,64.5,10.0,963.0,0.8546235597468689,-1.3764465177279932,2.231070077474862,-0.1137782600960373
GTEX-1F6IF-0011-R10a-SM-9QEIN.1,BRAIN,64.5,7.9,833.0,0.7323778657239006,-0.18308882248243138,0.915466688206332,-0.03603174379524437
GTEX-1F6IF-0011-R1b-SM-9WG78.1,BRAIN,64.5,6.3,833.0,-0.26264668247851136,0.5588291696764641,-0.8214758521549754,0.43473310014660266
GTEX-1F6IF-0011-R2b-SM-9QEHB.1,BRAIN,64.5,5.7,833.0,-0.041195932088139965,0.26655646814983824,-0.30775240023797823,0.397716153365798
GTEX-1F6IF-0011-R4b-SM-CKZNJ.1,BRAIN,64.5,5.8,833.0,-0.1658590217789177,0.48973680668942354,-0.6555958284683412,-0.15239128495742893
GTEX-1F6IF-0011-R5b-SM-CM2RH.1,BRAIN,64.5,7.5,833.0,0.47703455947258694,0.1455701674988032,0.33146439197378375,0.2694035170961449
GTEX-1F6IF-0011-R6a-SM-9QEIO.1,BRAIN,64.5,7.4,833.0,0.48051416630365057,0.1014902713860756,0.379023894917575,0.1446079670597547
GTEX-1F6IF-0011-R8a-SM-9OSX5.1,BRAIN,64.5,6.5,833.0,0.10119009075625454,0.5831597043611831,-0.4819696136049286,0.008303008854182378
GTEX-1F6IF-0226-SM-7PBZ6.1,MUSCLE,64.5,8.4,946.0,0.47901591628847334,-0.7775408711278092,1.2565567874162826,0.7341379839961845
GTEX-1F6IF-0726-SM-7P8TW.1,SKIN,64.5,7.6,963.0,-0.3303236812573581,0.5904697351054818,-0.92079341636284,0.3920433858501789
GTEX-1F6IF-0926-SM-7SB7M.1,SKIN,64.5,6.7,965.0,0.8604802651133947,-0.39160010840756543,1.2520803735209602,0.8022340456655491
GTEX-1F6IF-2526-SM-7P8TV.1,HEART,64.5,6.5,1058.0,-0.7040276612358632,0.813910031998666,-1.5179376932345292,-0.2699126965655617
GTEX-1F6IF-3026-SM-7P8QN.1,BRAIN,64.5,7.3,1069.0,0.3152087365207,0.03510257580420899,0.28010616071649097,0.39060268968640816
GTEX-1F6RS-0008-SM-EWRMG.1,SKIN,64.5,10.0,1176.0,1.1776200971287885,-1.1400179895267422,2.3176380866555304,-0.21496495750509698
GTEX-1F6RS-0126-SM-9MQKZ.1,SKIN,64.5,7.3,1175.0,-0.5629894592044814,0.21057159932725655,-0.773561058531738,-0.20032140407946566
GTEX-1F6RS-2026-SM-7RHHC.1,SKIN,64.5,7.5,1231.0,-0.46852262797958927,-1.7407722634713894,1.2722496354918,-0.32281021274579574
GTEX-1F6RS-3026-SM-7MXTQ.1,BRAIN,64.5,6.4,1253.0,0.47142349070268424,-0.867842079327623,1.3392655700303073,-0.17213563565608112
GTEX-1F6RS-3126-SM-9MQK7.1,BRAIN,64.5,6.6,1255.0,-0.03466489657275738,0.20053274132838103,-0.2351976379011384,0.0440053246049245
GTEX-1F75A-0008-SM-EAZCQ.1,SKIN,54.5,9.9,1258.0,0.858127547391654,-1.3179706912144302,2.1760982386060843,-0.12288419614714804
GTEX-1F75A-0011-R11a-SM-AHZ35.1,BRAIN,54.5,6.8,1250.0,1.0854874574360631,-1.1488968560349255,2.2343843134709886,-0.3565876772221844
GTEX-1F75A-0011-R1b-SM-CE6RA.1,BRAIN,54.5,6.1,1250.0,0.4966338090860501,-0.09233712460475425,0.5889709336908043,-0.16427605591407518
GTEX-1F75A-0011-R3b-SM-ARL8K.1,BRAIN,54.5,6.5,1250.0,0.6680650275826724,0.0006199132254425191,0.6674451143572299,-0.33133978997706076
GTEX-1F75A-0011-R4a-SM-ARL8J.1,BRAIN,54.5,6.1,1250.0,0.8420809516244557,-0.21287906463020956,1.0549600162546653,-0.27246201806913384
GTEX-1F75A-0011-R5a-SM-ARZMJ.1,BRAIN,54.5,7.0,1250.0,0.42419505397165197,0.43257668493139967,-0.008381630959747699,-0.3131992123247062
GTEX-1F75A-0011-R6b-SM-9QEHD.1,BRAIN,54.5,6.2,1250.0,0.7689874675249264,-0.15703921967015735,0.9260266871950837,-0.15745690067386436
GTEX-1F75A-0011-R7b-SM-9QEHE.1,BRAIN,54.5,6.1,1250.0,0.4783298192860613,0.25239196675701064,0.22593785252905063,-0.12306961285479456
GTEX-1F75A-0011-R8a-SM-CL539.1,BRAIN,54.5,6.1,1250.0,-0.3735454358578506,0.44228005047706753,-0.8158254863349181,-0.20598167650835167
GTEX-1F75A-0126-SM-7RHGM.1,SKIN,54.5,7.0,1257.0,-0.05474045145952234,0.6776807574381322,-0.7324212088976545,0.11755123528569458
GTEX-1F75A-0626-SM-7PBYI.1,MUSCLE,54.5,8.5,1265.0,0.3937674451029405,-0.09432747894833926,0.48809492405127974,0.005363801728779787
GTEX-1F75A-0726-SM-7RHHD.1,SKIN,54.5,7.5,1267.0,-0.3471114268631425,0.4294569315254292,-0.7765683583885716,0.133359818313073
GTEX-1F75A-1026-SM-7PC3W.1,HEART,54.5,6.8,1275.0,0.4084056112421146,-0.4018407105537033,0.8102463217958179,0.34616098802338496
GTEX-1F75A-1626-SM-9JGGT.1,LIVER,54.5,6.3,1284.0,-2.03101015098458,1.3486172027051782,-3.3796273536897585,-0.6073336440685505
GTEX-1F75A-2926-SM-7MXVN.1,BRAIN,54.5,7.0,1304.0,0.8157517659788954,-0.8685595787674453,1.6843113447463407,-0.2337598634502997
GTEX-1F75A-3026-SM-9KNU2.1,BRAIN,54.5,7.0,1306.0,0.48216572277739517,-0.17346630512415473,0.65563202790155,0.05928001144603358
GTEX-1F75B-0008-SM-EAZCP.1,SKIN,54.5,9.9,726.0,0.7907133974822756,-0.9632804809045663,1.7539938783868418,-0.1385404625124541
GTEX-1F75B-0011-R11a-SM-9OSXB.1,BRAIN,54.5,5.7,655.0,-2.2295889737214374,1.1047527229231708,-3.334341696644608,-1.021654822765698
GTEX-1F75B-0011-R1b-SM-9QEIP.1,BRAIN,54.5,5.7,655.0,-1.8147378002713794,1.0089683096427924,-2.8237061099141716,-1.0447416789114476
GTEX-1F75B-0011-R2a-SM-ARL8I.1,BRAIN,54.5,6.1,655.0,-1.2429710374056786,0.9325346124301208,-2.1755056498357996,-0.7225597238757322
GTEX-1F75B-0011-R5a-SM-9QEHC.1,BRAIN,54.5,6.2,655.0,0.12733653241059045,0.07564767531944681,0.05168885709114364,0.8363044261696333
GTEX-1F75B-0011-R6a-SM-ARZMI.1,BRAIN,54.5,6.3,655.0,-1.6548532814411263,1.1302678195202707,-2.7851211009613968,-0.6994961582728001
GTEX-1F75B-0011-R7a-SM-ARU84.1,BRAIN,54.5,5.6,655.0,-1.7006717927079904,1.0934166436808561,-2.7940884363888463,-0.6503185271536426
GTEX-1F75B-0126-SM-9KNVL.1,SKIN,54.5,7.2,726.0,-0.31026512746216467,0.6903789849837807,-1.0006441124459453,-0.11746229276647678
GTEX-1F75B-0526-SM-7P8T5.1,MUSCLE,54.5,7.8,734.0,0.6999566537784624,-0.9005607512727484,1.6005174050512108,-0.02187352366630214
GTEX-1F75B-0726-SM-7PC3R.1,SKIN,54.5,6.9,747.0,-0.3832529385452032,0.5315819838595329,-0.9148349224047361,0.1518579963352992
GTEX-1F75B-1126-SM-7RHGP.1,HEART,54.5,5.6,757.0,-1.4028315482890108,0.854450224216137,-2.2572817725051477,-0.5079381763742504
GTEX-1F75B-3026-SM-7PBZ7.1,BRAIN,54.5,6.7,787.0,-0.5416714723301826,0.7256754187249694,-1.2673468910551522,-0.2298174866853959
GTEX-1F75I-0008-SM-EWRMH.1,SKIN,44.5,10.0,440.0,0.989606974470631,-0.9232906141802044,1.9128975886508353,-0.20922712023460058
GTEX-1F75I-0326-SM-9YFLU.1,SKIN,44.5,6.4,449.0,-0.04292012446636867,1.4305552535227075,-1.4734753779890761,0.043630598004189954
GTEX-1F75I-0526-SM-7RHI3.1,MUSCLE,44.5,7.9,450.0,0.766709164671362,0.32219766660428584,0.4445114980670761,-0.7108575440187316
GTEX-1F75I-1126-SM-9WYUO.1,HEART,44.5,8.0,510.0,0.5865450271366462,0.07080874712319428,0.515736280013452,-0.2987124843679582
GTEX-1F75I-1326-SM-7PBZX.1,HEART,44.5,7.2,513.0,0.06651340598765836,0.4552186310814799,-0.38870522509382155,-0.14432057811884633
GTEX-1F75I-2226-SM-7SB8U.1,SKIN,44.5,8.2,537.0,-0.48066999844624836,0.6501888311035547,-1.130858829549803,0.011812132371245117
GTEX-1F75W-0008-SM-EAZCU.1,SKIN,64.5,10.0,894.0,0.2387385354723746,-1.1126527690301162,1.3513913045024908,-0.031960066808342555
GTEX-1F75W-0011-R10b-SM-ARU7Z.1,BRAIN,64.5,6.7,724.0,0.03163839013904933,0.5287383494049472,-0.4970999592658979,-0.27235169745900406
GTEX-1F75W-0011-R11b-SM-AHZ34.1,BRAIN,64.5,6.8,724.0,0.738616690495262,-0.328027094405885,1.066643784901147,-0.6120645980111388
GTEX-1F75W-0011-R1a-SM-ARU81.1,BRAIN,64.5,5.9,724.0,-1.6404344195574183,1.1414060421629864,-2.781840461720405,-0.5879047485483595
GTEX-1F75W-0011-R5b-SM-9QEGV.1,BRAIN,64.5,7.1,724.0,-0.13976860085080411,0.8092502993545969,-0.949018900205401,-0.2621838457507032
GTEX-1F75W-0011-R6a-SM-9QEI5.1,BRAIN,64.5,7.1,724.0,0.021380760387857863,0.625621589603311,-0.6042408292154532,-0.3658885630635186
GTEX-1F75W-0011-R7a-SM-9QEI6.1,BRAIN,64.5,6.9,724.0,-0.37869627795894273,0.9083455076019337,-1.2870417855608765,-0.22304141353102414
GTEX-1F75W-0011-R8a-SM-9QEI4.1,BRAIN,64.5,6.1,724.0,0.13458688141044425,0.41910608507982844,-0.2845192036693842,-0.015054833142282342
GTEX-1F75W-0126-SM-9KNVT.1,SKIN,64.5,7.4,896.0,0.16473322781655314,-0.1133132585766429,0.27804648639319607,1.0881747723515036
GTEX-1F75W-0326-SM-7PC2Q.1,MUSCLE,64.5,7.6,899.0,0.5091077124018758,-0.5908605159945582,1.099968228396434,0.08499358659714233
GTEX-1F75W-2726-SM-7SB8H.1,SKIN,64.5,6.2,1107.0,0.4857097416388283,0.5543508431294077,-0.06864110149057945,0.6933827005716249
GTEX-1F75W-3126-SM-7P8SJ.1,BRAIN,64.5,6.1,1187.0,0.7428583473264371,-0.58047072862756,1.323329075953997,-0.3119950358766037
GTEX-1F7RK-0008-SM-EWRMI.1,SKIN,24.5,10.0,1330.0,1.1109738953872874,-1.0414512178293764,2.1524251132166636,-0.27346968863016907
GTEX-1F7RK-0011-R10b-SM-ARU7Y.1,BRAIN,24.5,6.0,1130.0,0.43206017640611066,0.2623550842033365,0.1697050922027742,-0.24658923762511845
GTEX-1F7RK-0011-R11b-SM-9QEI2.1,BRAIN,24.5,7.8,1130.0,1.2566539271913355,-1.8844829681085877,3.1411368952999235,-0.27673469920341087
GTEX-1F7RK-0011-R3b-SM-9OSWJ.1,BRAIN,24.5,5.6,1130.0,0.28173126297520784,0.5036151845502452,-0.2218839215750374,-0.4574471830968517
GTEX-1F7RK-0011-R4b-SM-9QEI7.1,BRAIN,24.5,6.2,1130.0,0.5874031855423881,0.044781797978021926,0.5426213875643662,0.01848050851789128
GTEX-1F7RK-0011-R5b-SM-9WG5S.1,BRAIN,24.5,6.8,1130.0,0.6140924036574825,0.09878076182700386,0.5153116418304786,-0.0556621882555066
GTEX-1F7RK-0011-R6b-SM-ARZMG.1,BRAIN,24.5,7.2,1130.0,0.6049848023267236,0.08289765265444435,0.5220871496722792,-0.07978652796908293
GTEX-1F7RK-0126-SM-7PC2S.1,SKIN,24.5,7.3,1329.0,0.32318572099892506,0.28165244889153035,0.041533272107394714,0.22706752377752074
GTEX-1F7RK-0326-SM-7RHH7.1,MUSCLE,24.5,8.1,1332.0,0.2718555372006001,0.6241162039460681,-0.3522606667454681,-0.25712447585004555
GTEX-1F7RK-1826-SM-7RHI4.1,BRAIN,24.5,6.0,1430.0,0.010778568983188129,0.19386939712993811,-0.18309082814674998,-0.0845234753542339
GTEX-1F88E-0008-SM-EAZCR.1,SKIN,64.5,10.0,1106.0,0.19793965413825731,-1.162153997888994,1.3600936520272513,-0.10179301110933606
GTEX-1F88E-0011-R6a-SM-CKZNW.1,BRAIN,64.5,6.6,1047.0,-1.3216493744355886,1.0428163308811016,-2.3644657053166904,-0.9484169965819923
GTEX-1F88E-0011-R8a-SM-CJI2H.1,BRAIN,64.5,7.7,1047.0,-0.12218527826129265,0.4222393362543624,-0.544424614515655,0.25876100838410676
GTEX-1F88E-1626-SM-7SB8Z.1,SKIN,64.5,6.5,1123.0,0.02785496986921346,-0.3433049937105549,0.3711599635797683,0.2934342651217508
GTEX-1F88E-1826-SM-9MQLV.1,MUSCLE,64.5,6.7,1126.0,0.7780612961331189,-0.19391572218273673,0.9719770183158556,0.801136521538494
GTEX-1F88E-2826-SM-7RHHE.1,BRAIN,64.5,5.9,1151.0,-0.8795021283670089,0.6805785416073001,-1.560080669974309,-0.3612519839874291
GTEX-1F88F-0008-SM-EAZCT.1,SKIN,64.5,10.0,908.0,0.9701289349443539,-1.3333459122334348,2.303474847177789,-0.342328148784878
GTEX-1F88F-0011-R7a-SM-9QEI3.1,BRAIN,64.5,6.5,800.0,-3.0418908204868074,1.2490561817857824,-4.29094700227259,-1.501272482496035
GTEX-1F88F-0011-R9b-SM-9WG7L.1,BRAIN,64.5,7.1,800.0,0.07957625557847844,-0.34880773880896226,0.4283839943874407,0.5246029956879631
GTEX-1F88F-0126-SM-9WYSZ.1,SKIN,64.5,6.6,819.0,0.05918570598389481,0.624025035020616,-0.5648393290367212,-0.10365918350438544
GTEX-1F88F-0326-SM-9KNV3.1,HEART,64.5,6.1,831.0,0.2756514587678065,0.03833532730125476,0.23731613146655173,0.4309640923281343
GTEX-1F88F-2526-SM-7PC2R.1,MUSCLE,64.5,6.0,905.0,0.8538436218242026,-0.4194394528376745,1.273283074661877,-0.4894258260077322
GTEX-1F88F-2726-SM-7PBZZ.1,SKIN,64.5,7.8,909.0,0.08333655879295948,0.014163366007585627,0.06917319278537386,0.4895204636423351
GTEX-1FIGZ-0008-SM-EAZCS.1,SKIN,44.5,9.9,370.0,0.04173819768078388,-1.0292524103489837,1.0709906080297675,-0.1437448350840272
GTEX-1FIGZ-1726-SM-9MQKS.1,MUSCLE,44.5,8.2,381.0,-0.21640732655017844,0.8509580559288836,-1.067365382479062,-0.48319110653169717
GTEX-1GF9U-0008-SM-EAZCV.1,SKIN,44.5,10.0,736.0,0.8581532365697021,-1.2293964756412996,2.087549712211002,-0.34765437084098927
GTEX-1GF9U-0426-SM-7RHHA.1,HEART,44.5,7.6,494.0,0.4837728760563423,0.03225265724077158,0.4515202188155707,-0.03420307700917581
GTEX-1GF9U-0526-SM-7P8SK.1,HEART,44.5,6.2,499.0,0.7714382447668082,-0.2981770504294871,1.0696152951962954,-0.19756497696040293
GTEX-1GF9U-2026-SM-7SB92.1,SKIN,44.5,8.3,579.0,-0.09364391190553399,-0.23911669297533283,0.14547278106979883,0.6873223016073722
GTEX-1GF9U-2126-SM-7SB7L.1,SKIN,44.5,6.1,736.0,-0.15936752300987786,0.8205034293465515,-0.9798709523564294,0.015359415118652752
GTEX-1GF9U-2326-SM-7RHH9.1,MUSCLE,44.5,7.2,739.0,0.13565505552732612,0.5077531568957007,-0.3720981013683745,0.10531207475704536
GTEX-1GF9V-0008-SM-EAZCW.1,SKIN,64.5,9.0,658.0,1.0320858859606072,-1.3349273330995683,2.3670132190601754,-0.39756293134958476
GTEX-1GF9V-0011-R10b-SM-CKZNP.1,BRAIN,64.5,7.1,610.0,1.0850754847444444,-1.290802359068348,2.375877843812792,-0.05198320758819958
GTEX-1GF9V-0011-R1a-SM-CKZNQ.1,BRAIN,64.5,5.6,610.0,-1.8358220511814354,0.8476050531826534,-2.683427104364089,-0.8374202310248738
GTEX-1GF9V-0011-R5a-SM-9QEI8.1,BRAIN,64.5,7.1,610.0,-0.9615744249610432,1.1218217107105537,-2.083396135671597,-0.5634753515173612
GTEX-1GF9V-0011-R6b-SM-CJI2Q.1,BRAIN,64.5,6.8,610.0,-0.2313041958141254,0.7032627549096127,-0.9345669507237381,-0.34730015160932676
GTEX-1GF9V-0011-R7a-SM-CJI2R.1,BRAIN,64.5,6.8,610.0,-0.986342003700544,1.0259833586195257,-2.0123253623200696,-0.45009633355649464
GTEX-1GF9V-0011-R8b-SM-CE6RB.1,BRAIN,64.5,7.7,610.0,0.5238229608487023,-0.11643087129375708,0.6402538321424593,0.33599236481823264
GTEX-1GF9V-0011-R9a-SM-CL53K.1,BRAIN,64.5,7.2,610.0,0.5048897642204061,-1.2734967373703805,1.7783865015907865,0.5925857722829929
GTEX-1GF9V-0126-SM-9WYT2.1,MUSCLE,64.5,8.7,674.0,0.4986232060297096,-1.1500443368672302,1.6486675428969397,-0.09410609043442522
GTEX-1GF9V-0326-SM-7RHI5.1,SKIN,64.5,8.0,675.0,-0.0036369952094574194,-0.05906945335546459,0.05543245814600717,-0.28113160045827035
GTEX-1GF9V-0826-SM-9KNUV.1,SKIN,64.5,7.4,707.0,-0.1753996985707702,0.5110513490060142,-0.6864510475767844,-0.19572959480532373
GTEX-1GF9V-1226-SM-7MKGY.1,LIVER,64.5,6.4,728.0,-0.6747742938448245,0.9529693783266624,-1.6277436721714869,-0.12805675446668294
GTEX-1GF9V-1626-SM-7PBXL.1,HEART,64.5,6.6,734.0,-0.23479136473023945,0.5610887094073187,-0.7958800741375581,-0.0575202295995531
GTEX-1GF9V-1726-SM-9KNW4.1,HEART,64.5,6.4,735.0,0.028284985191477333,0.4163259644409013,-0.388040979249424,-0.12513209992073562
GTEX-1GF9V-2926-SM-7PBXO.1,BRAIN,64.5,6.4,803.0,-0.18318520782437697,0.5358152699034553,-0.7190004777278323,-0.06198574780791798
GTEX-1GF9V-3026-SM-7P8R8.1,BRAIN,64.5,6.2,804.0,0.08759502236231098,0.2604260410995856,-0.17283101873727463,-0.3220149541198045
GTEX-1GF9W-0008-SM-EAZCY.1,SKIN,64.5,10.0,657.0,0.9741593248993347,-1.060849613131484,2.0350089380308187,-0.3599202761147311
GTEX-1GF9W-0011-R10a-SM-9OSXH.1,BRAIN,64.5,7.3,486.0,0.9209302877463953,-0.7719745384941555,1.6929048262405508,0.19311800763973144
GTEX-1GF9W-0011-R11b-SM-9OSXG.1,BRAIN,64.5,5.7,486.0,0.6266718886095897,-0.5319698386541719,1.1586417272637615,-0.16461938537150575
GTEX-1GF9W-0011-R1a-SM-9QEIQ.1,BRAIN,64.5,6.7,486.0,0.1526111320234488,0.14670023380830752,0.0059108982151412914,0.042279288630591466
GTEX-1GF9W-0011-R3b-SM-CJI2S.1,BRAIN,64.5,6.0,486.0,-0.18782165419227656,0.3940376178076633,-0.5818592719999398,-0.09806189548681558
GTEX-1GF9W-0011-R4a-SM-CE6RH.1,BRAIN,64.5,5.9,486.0,-1.2399433541238936,0.6714031147968684,-1.911346468920762,-0.49534705455929445
GTEX-1GF9W-0011-R5a-SM-CKZO4.1,BRAIN,64.5,7.5,486.0,0.08690138808435754,0.45223142599061844,-0.3653300379062609,0.2562282620951808
GTEX-1GF9W-0011-R6b-SM-9QEIE.1,BRAIN,64.5,7.2,486.0,-0.007957059050509864,0.5015586644249616,-0.5095157234754715,-0.18801194804182222
GTEX-1GF9W-0011-R7b-SM-9QEIF.1,BRAIN,64.5,6.3,486.0,-1.0814826493738434,0.9305135184020658,-2.011996167775909,-0.6927408807748747
GTEX-1GF9W-0011-R8b-SM-9QEIR.1,BRAIN,64.5,6.1,486.0,0.1689610817090117,-0.034299019689425364,0.20326010139843706,0.5034345736783897
GTEX-1GF9W-0011-R9b-SM-9WG7J.1,BRAIN,64.5,5.8,486.0,-2.308043193245888,1.0984824728089793,-3.406525666054867,-0.7127173137984121
GTEX-1GF9W-0326-SM-9KNUN.1,SKIN,64.5,5.8,656.0,-0.3530285478253811,0.6575703925711647,-1.0105989403965459,-0.19605669457665809
GTEX-1GF9W-0526-SM-9MQJP.1,MUSCLE,64.5,7.7,660.0,0.18545943333958037,0.33904455253377047,-0.1535851191941901,0.14840845240487158
GTEX-1GF9W-0826-SM-7MKHI.1,LIVER,64.5,6.1,675.0,0.49714721482646484,-0.38802620537889754,0.8851734202053624,0.5349687076754421
GTEX-1GF9W-1426-SM-7PBYM.1,SKIN,64.5,7.6,691.0,-0.38084443048331423,0.6811814150263343,-1.0620258455096485,0.20277962618533302
GTEX-1GF9W-2626-SM-7P8TA.1,BRAIN,64.5,6.2,781.0,0.4253456737360297,-0.06771097970517166,0.49305665344120136,0.04567320332954206
GTEX-1GF9W-2726-SM-9JGGW.1,BRAIN,64.5,6.9,783.0,0.8831226061898156,-1.5492742712266876,2.4323968774165032,0.959686160106991
GTEX-1GF9X-0008-SM-EAZCX.1,SKIN,44.5,10.0,485.0,1.0288818468084775,-0.9741936611336259,2.0030755079421034,-0.3963453191992602
GTEX-1GF9X-0426-SM-7MKHN.1,LIVER,44.5,7.7,380.0,0.03655955515880131,0.05320851673399151,-0.016648961575190198,-0.07366825036073617
GTEX-1GF9X-1326-SM-7PC2Y.1,SKIN,44.5,8.1,434.0,0.13271519453288952,0.16451068723065973,-0.03179549269777021,-0.23937302002266336
GTEX-1GF9X-2026-SM-7PC3A.1,SKIN,44.5,7.0,492.0,-0.6016876146560941,0.9348382123316133,-1.5365258269877073,0.06005179275660856
GTEX-1GF9X-2126-SM-7PBXN.1,MUSCLE,44.5,8.0,494.0,-0.20751408547002997,0.32133109375117486,-0.5288451792212048,-0.11986646818758824
GTEX-1GL5R-0008-SM-EAZCZ.1,SKIN,54.5,10.0,195.0,1.01893116433078,-1.2353683162392173,2.254299480569997,-0.3346375403275472
GTEX-1GL5R-0326-SM-9WYTJ.1,HEART,54.5,8.7,104.0,-0.05762860793373967,0.582394862329288,-0.6400234702630277,-0.5106041100692531
GTEX-1GL5R-0426-SM-9WPOP.1,HEART,54.5,7.9,107.0,-0.4276235951718929,0.7528109313077349,-1.1804345264796279,-0.5133334937975229
GTEX-1GL5R-1326-SM-7RHHF.1,SKIN,54.5,7.7,147.0,-0.27512092887305456,0.6379079673506408,-0.9130288962236954,0.16362294372041333
GTEX-1GL5R-1826-SM-9KNUY.1,SKIN,54.5,7.0,195.0,-0.06981407831890121,-0.058595653836059546,-0.011218424482841667,-0.1658111733992715
GTEX-1GMR2-0008-SM-EAZD1.1,SKIN,54.5,10.0,297.0,1.3128341425599188,-1.0525976373393207,2.3654317798992395,-0.5371246785755598
GTEX-1GMR2-0826-SM-7PC3V.1,SKIN,54.5,5.9,168.0,-0.8884439369795045,1.7052724337728442,-2.5937163707523485,-0.06953651603055883
GTEX-1GMR2-1326-SM-9KNUT.1,HEART,54.5,8.1,187.0,-0.05014276834482301,0.06101382576198217,-0.11115659410680517,-0.11233795208964875
GTEX-1GMR2-1426-SM-7RHHK.1,HEART,54.5,7.9,190.0,0.17218945679873987,0.2830425253365304,-0.11085306853779053,-0.8383448299201501
GTEX-1GMR2-2126-SM-7P8TX.1,MUSCLE,54.5,7.5,292.0,-0.14722875764757978,0.5603254959039925,-0.7075542535515723,-0.6171471653005589
GTEX-1GMR3-0008-SM-EAZD2.1,SKIN,44.5,10.0,290.0,1.1104275894301834,-1.3379610978712195,2.448388687301403,-0.2767809417281215
GTEX-1GMR3-0126-SM-A9SLW.1,SKIN,44.5,7.8,245.0,0.6760534792881242,0.0062775651049776565,0.6697759141831465,0.3108017764481844
GTEX-1GMR3-0326-SM-7P8QT.1,HEART,44.5,7.8,253.0,0.9018573734471175,-0.4790081510486717,1.3808655244957893,0.023598891813267096
GTEX-1GMR3-0426-SM-7PC17.1,HEART,44.5,7.3,255.0,0.4386421014493429,-0.6443824000887258,1.0830245015380688,0.3381855797927855
GTEX-1GMR3-1926-SM-9KNUZ.1,SKIN,44.5,6.4,290.0,0.15981370402528672,-0.7164265716383996,0.8762402756636863,-0.33983242142183306
GTEX-1GMR3-2126-SM-9WYTZ.1,MUSCLE,44.5,8.5,294.0,0.03616735105498916,-0.016004843757408644,0.05217219481239781,-0.5285000011806257
GTEX-1GMR8-0008-SM-EAZD3.1,SKIN,54.5,10.0,725.0,0.9199670038848107,-0.8480291826847857,1.7679961865695963,-0.24942495136393997
GTEX-1GMR8-0011-R10a-SM-CJI21.1,BRAIN,54.5,6.4,722.0,0.6826714906729008,-0.36892225223450065,1.0515937429074014,0.1198248016923061
GTEX-1GMR8-0011-R11b-SM-9OSX2.1,BRAIN,54.5,6.6,722.0,0.7926738263381686,-0.6662096723422254,1.458883498680394,-0.05412601185388385
GTEX-1GMR8-0011-R1b-SM-CJI2O.1,BRAIN,54.5,5.6,722.0,-0.38216943604073966,0.5838519935643512,-0.9660214296050909,-0.2946252008713175
GTEX-1GMR8-0011-R2a-SM-CE6RD.1,BRAIN,54.5,5.8,722.0,-0.7556675909909003,0.7918346785400744,-1.5475022695309746,-0.293829568351503
GTEX-1GMR8-0011-R3b-SM-9QEIG.1,BRAIN,54.5,6.7,722.0,0.3392139296626876,0.24449317024879613,0.09472075941389146,-0.04182451181110219
GTEX-1GMR8-0011-R4a-SM-9OSX1.1,BRAIN,54.5,6.2,722.0,-0.7161346902373987,0.9625697209574471,-1.678704411194846,-0.3609755320370792
GTEX-1GMR8-0011-R5b-SM-9QEIH.1,BRAIN,54.5,7.5,722.0,-0.29818233733587163,0.9158862512706422,-1.214068588606514,-0.11842729397969684
GTEX-1GMR8-0011-R6b-SM-CE6RC.1,BRAIN,54.5,7.6,722.0,0.019723165439057645,0.4494063655032007,-0.429683200064143,-0.20616903981941628
GTEX-1GMR8-0011-R7b-SM-CJI2I.1,BRAIN,54.5,6.7,722.0,-0.990403648241495,0.9914730353939359,-1.981876683635431,-0.4947853539006721
GTEX-1GMR8-0011-R8a-SM-CKZNX.1,BRAIN,54.5,6.5,722.0,0.5714574219277356,-0.20084190462903795,0.7722993265567736,0.5067281062234789
GTEX-1GMR8-0126-SM-9WYTM.1,SKIN,54.5,7.9,726.0,-0.4077081653207798,0.05919136952499109,-0.4668995348457709,0.1799916631211248
GTEX-1GMR8-0326-SM-9KNUO.1,MUSCLE,54.5,8.1,728.0,0.2718479631810427,-0.6299522163301143,0.901800179511157,0.28218480020830605
GTEX-1GMR8-0626-SM-7RHI7.1,SKIN,54.5,7.2,732.0,0.014355998698470169,0.16005802539188882,-0.14570202669341864,0.03967196322586036
GTEX-1GMR8-1026-SM-9MQLA.1,HEART,54.5,7.9,743.0,0.5094967946532377,-0.6896528338313181,1.1991496284845558,0.3873300806190306
GTEX-1GMR8-3026-SM-9KNVF.1,BRAIN,54.5,7.2,830.0,0.3172988755859597,0.1762123688171015,0.1410865067688582,0.021228384047622777
GTEX-1GMRU-0008-SM-EAZD4.1,SKIN,54.5,10.0,552.0,1.0031931590037568,-1.3876746431608362,2.390867802164593,-0.3455392004753275
GTEX-1GMRU-0011-R10b-SM-CJI2L.1,BRAIN,54.5,6.5,401.0,0.8551505736224854,-0.6277916106638433,1.4829421842863286,0.00459940843718888
GTEX-1GMRU-0011-R11b-SM-C1YQ4.1,BRAIN,54.5,5.9,401.0,0.4215910266347615,-0.1190615527547839,0.5406525793895454,-0.5329845970256617
GTEX-1GMRU-0011-R5a-SM-CKZNS.1,BRAIN,54.5,7.6,401.0,-0.7463810426925226,1.022634803028906,-1.7690158457214287,-0.38639713900268063
GTEX-1GMRU-0011-R6b-SM-A9G3B.1,BRAIN,54.5,6.5,401.0,-0.8245637973401997,1.118126024603349,-1.942689821943549,-0.6462750665695819
GTEX-1GMRU-0011-R7b-SM-A96TJ.1,BRAIN,54.5,6.2,401.0,-1.1797605439798697,1.239106421493214,-2.4188669654730837,-0.5790688455378302
GTEX-1GMRU-0126-SM-9YFLV.1,SKIN,54.5,8.7,552.0,-0.0889261263436253,-0.09818771629400212,0.00926158995037682,0.07267611642323889
GTEX-1GMRU-0326-SM-9WYT6.1,MUSCLE,54.5,8.6,575.0,0.3164807242658993,-0.47391525550581204,0.7903959797717113,-0.06781623198320058
GTEX-1GMRU-1326-SM-9WYUI.1,HEART,54.5,7.0,629.0,0.4962647297128961,-1.314695050627031,1.810959780339927,1.10944909616389
GTEX-1GMRU-1526-SM-9WYT5.1,HEART,54.5,7.2,636.0,0.9351019155579363,-1.7249678132773145,2.660069728835251,1.2572091494169852
GTEX-1GMRU-2126-SM-7P8RA.1,SKIN,54.5,8.1,649.0,-0.3853232519374475,0.2211725830767801,-0.6064958350142275,-0.0815461108844178
GTEX-1GMRU-3026-SM-7P8TC.1,BRAIN,54.5,6.9,672.0,0.6009421736558792,-0.21151341484749475,0.812455588503374,0.1923731121679841
GTEX-1GN1U-0008-SM-EZ6MA.1,SKIN,54.5,9.8,511.0,1.1273633747148748,-1.2498680135973463,2.377231388312221,-0.2812021586472125
GTEX-1GN1U-0011-R10b-SM-CKZNH.1,BRAIN,54.5,6.4,454.0,1.004276318372961,-2.4079277728796353,3.4122040912525966,1.5500176326455966
GTEX-1GN1U-0011-R1a-SM-CJI25.1,BRAIN,54.5,6.1,454.0,0.07696649913022621,0.024662662957698058,0.05230383617252815,0.3992532033795918
GTEX-1GN1U-0011-R2a-SM-CL53A.1,BRAIN,54.5,5.9,454.0,-0.6326461015444069,0.4846071941427006,-1.1172532956871075,-0.06130609261333975
GTEX-1GN1U-0011-R3a-SM-A8N9M.1,BRAIN,54.5,6.1,454.0,-0.316009691708608,0.40322949274671294,-0.719239184455321,0.23237401668661198
GTEX-1GN1U-0011-R5a-SM-9QEIS.1,BRAIN,54.5,6.5,454.0,0.6779620128700579,-0.8537181545862963,1.5316801674563543,1.0556734316251146
GTEX-1GN1U-0011-R6a-SM-CKZNO.1,BRAIN,54.5,7.0,454.0,0.6393773633802717,-0.451766628492071,1.0911439918723427,0.4742221510449866
GTEX-1GN1U-0011-R7a-SM-CE6RE.1,BRAIN,54.5,8.1,454.0,0.9748049410127602,-1.9414612833697853,2.9162662243825457,1.5300257057217936
GTEX-1GN1U-0011-R8a-SM-CL537.1,BRAIN,54.5,5.8,454.0,0.3467832849449983,-0.17477395195368942,0.5215572368986877,0.22192661632698912
GTEX-1GN1U-0011-R9b-SM-CMKFW.1,BRAIN,54.5,8.1,454.0,0.8061920756660323,-2.3948791095459887,3.201071185212021,1.1089097245629578
GTEX-1GN1U-0126-SM-7PBZK.1,SKIN,54.5,8.5,510.0,-0.20378290175943314,0.2363573952892723,-0.44014029704870544,0.05683432726342338
GTEX-1GN1U-0626-SM-9MQL9.1,SKIN,54.5,8.4,561.0,0.15644375487780027,0.1019554981175216,0.05448825676027867,-0.07534276226061351
GTEX-1GN1U-0926-SM-9WPPY.1,LIVER,54.5,6.8,570.0,0.08270670432931239,0.2634123813902213,-0.1807056770609089,-0.07095964742354155
GTEX-1GN1U-1426-SM-7P8TF.1,HEART,54.5,7.6,578.0,0.5988143477299691,-0.7182804955781499,1.3170948433081189,0.3167990100463605
GTEX-1GN1U-2226-SM-9MQK1.1,MUSCLE,54.5,8.2,591.0,0.1537782549327472,0.887286736546819,-0.7335084816140718,-0.1275402190686961
GTEX-1GN1U-3126-SM-9KNV6.1,BRAIN,54.5,6.9,610.0,0.504468121228732,-0.762395933213581,1.2668640544423129,1.466960038031905
GTEX-1GN1V-0008-SM-EAZD5.1,SKIN,64.5,10.0,1117.0,0.013293775087568753,-1.8497190621547424,1.8630128372423111,-0.12510043326601025
GTEX-1GN1V-0011-R10a-SM-CKZNU.1,BRAIN,64.5,5.6,1092.0,-1.6359716100320185,0.9502433303215831,-2.5862149403536017,-0.7163384171231304
GTEX-1GN1V-0011-R11b-SM-A8N9N.1,BRAIN,64.5,6.0,1092.0,-0.7569292472553067,0.8199199681800236,-1.5768492154353302,-0.4713225890840732
GTEX-1GN1V-0011-R8a-SM-CKZNV.1,BRAIN,64.5,5.7,1092.0,-1.6045365641291096,0.827571502867689,-2.4321080669967987,-0.5646087388041806
GTEX-1GN1V-0126-SM-9WPOS.1,SKIN,64.5,6.9,1118.0,-0.28326113983269424,1.0305355773589626,-1.313796717191657,0.2836550726965934
GTEX-1GN1V-0326-SM-9WYTO.1,MUSCLE,64.5,8.0,1125.0,0.5770247617111651,-0.8958715682818847,1.4728963299930498,0.37721488919757884
GTEX-1GN1V-0826-SM-9KNU6.1,HEART,64.5,5.8,1188.0,-1.1998296324937994,0.8984957748532107,-2.0983254073470103,-0.511773685894382
GTEX-1GN1V-1026-SM-CNPPS.1,HEART,64.5,6.2,1198.0,-1.903830726931359,0.9620773751132483,-2.8659081020446076,-0.20715828437842473
GTEX-1GN1V-2826-SM-9JGIA.1,SKIN,64.5,7.0,1267.0,-0.3480531347768763,0.2814874132518667,-0.629540548028743,-0.630026592885124
GTEX-1GN1V-3126-SM-7PBZG.1,BRAIN,64.5,5.9,1330.0,-1.4977295093536014,1.0774160097143963,-2.5751455190679975,-0.35775947397841085
GTEX-1GN1W-0008-SM-EZ6MB.1,SKIN,54.5,9.9,283.0,1.242761123711192,-1.4988692858249841,2.7416304095361763,-0.2650949297125692
GTEX-1GN1W-0226-SM-7P8QY.1,HEART,54.5,9.6,233.0,0.2313565905598513,-0.3555211869154627,0.586877777475314,0.3088581742667511
GTEX-1GN1W-0326-SM-9JGHF.1,HEART,54.5,8.9,238.0,0.4055568537611067,-0.3786527829212275,0.7842096366823341,0.17131592041449492
GTEX-1GN1W-0526-SM-9MQJQ.1,SKIN,54.5,7.8,271.0,0.15461572386311828,0.30907321627518414,-0.15445749241206586,0.4961791546763851
GTEX-1GN1W-0726-SM-9KNTV.1,MUSCLE,54.5,7.8,298.0,-0.13413059743454628,1.0438426486752097,-1.177973246109756,-0.4412253080882857
GTEX-1GN1W-2426-SM-9KNUU.1,SKIN,54.5,7.9,421.0,-0.18136233594295573,1.00338232704339,-1.1847446629863456,-0.12383643367283323
GTEX-1GN2E-0011-R10a-SM-CE6RI.1,BRAIN,64.5,6.4,860.0,-0.13060292508355215,0.5224106568883716,-0.6530135819719238,-0.18406614127019819
GTEX-1GN2E-0011-R1b-SM-CE6RJ.1,BRAIN,64.5,6.2,860.0,-1.7117961897645357,1.1122583737725031,-2.8240545635370387,-0.6502856113474328
GTEX-1GN2E-0011-R2a-SM-9WG7D.1,BRAIN,64.5,5.6,860.0,-1.871046254882372,1.131807936602166,-3.002854191484538,-0.8267268792536401
GTEX-1GN2E-0011-R5b-SM-CJI2M.1,BRAIN,64.5,6.3,860.0,-1.0179269682138707,1.087374615650965,-2.1053015838648355,-0.5634307623073448
GTEX-1GN2E-0011-R6b-SM-9QEII.1,BRAIN,64.5,6.7,860.0,-0.955295286961226,1.1087263516052035,-2.0640216385664294,-0.5419472224388945
GTEX-1GN2E-0011-R7b-SM-9QEIJ.1,BRAIN,64.5,6.8,860.0,-1.345291152375678,1.2414662802210894,-2.5867574325967677,-0.6072140421780869
GTEX-1GN2E-0011-R8a-SM-CE6RK.1,BRAIN,64.5,6.5,860.0,-0.6898478852611818,0.7919023632508514,-1.481750248512033,-0.20965554346877419
GTEX-1GN2E-0011-R9b-SM-9WG7F.1,BRAIN,64.5,5.9,860.0,-1.3457708088342997,0.8561628012160836,-2.201933610050383,-0.6062093847397511
GTEX-1GN2E-0226-SM-9WG6K.1,SKIN,64.5,6.8,875.0,0.1998167834072778,-0.10490147490495974,0.30471825831223753,-0.0034951351546039983
GTEX-1GN2E-0426-SM-9MQKX.1,SKIN,64.5,7.7,886.0,-0.08541801139550816,0.06346236215174393,-0.1488803735472521,-0.03873201152272852
GTEX-1GN2E-0726-SM-9MQLU.1,MUSCLE,64.5,7.9,895.0,0.627978903996024,-0.062037042086779064,0.690015946082803,-0.13847174343506202
GTEX-1GN2E-0926-SM-9WPOH.1,LIVER,64.5,6.7,904.0,-0.09176470490828696,0.30509740688954295,-0.39686211179782993,-0.36598234720056266
GTEX-1GN2E-1326-SM-9KNVG.1,HEART,64.5,5.8,924.0,-2.13433080860904,1.034772119666971,-3.1691029282760113,-0.4603143355324551
GTEX-1GN2E-1426-SM-7RHHI.1,HEART,64.5,7.1,929.0,1.09469152472418,-1.992435528992438,3.087127053716618,1.0162591827343095
GTEX-1GN2E-3026-SM-9WG6I.1,BRAIN,64.5,6.0,1004.0,-0.36027283281322114,0.6879535169851821,-1.0482263497984032,-0.2862584613991012
GTEX-1GN73-0008-SM-EAZD6.1,SKIN,64.5,9.9,889.0,0.15849863907629752,-1.167143512987201,1.3256421520634984,-0.21601690010047636
GTEX-1GN73-0011-R10b-SM-CKZNR.1,BRAIN,64.5,6.8,710.0,0.8981943602683763,-1.15026789463798,2.0484622549063563,0.5323749191315459
GTEX-1GN73-0011-R11b-SM-9OSX4.1,BRAIN,64.5,8.3,710.0,0.8013580498123334,-1.441603868241073,2.2429619180534064,0.11814816602275974
GTEX-1GN73-0011-R1a-SM-CKZNT.1,BRAIN,64.5,5.7,710.0,-0.00039676870676224403,0.2126523072167347,-0.21304907592349695,0.2705089392833099
GTEX-1GN73-0011-R2a-SM-CJI2V.1,BRAIN,64.5,6.3,710.0,0.4639817539533103,0.07356551654140273,0.39041623741190756,0.3744784151450946
GTEX-1GN73-0011-R3b-SM-9QEIL.1,BRAIN,64.5,7.0,710.0,0.406342062498657,-0.1510999189915048,0.5574419814901618,0.29134868367293937
GTEX-1GN73-0011-R4b-SM-9QEIK.1,BRAIN,64.5,7.1,710.0,0.37502571035899585,-0.04492049091109736,0.4199462012700932,0.3816384716773148
GTEX-1GN73-0011-R5a-SM-9QEIM.1,BRAIN,64.5,8.6,710.0,0.4649162327991424,-0.0341143610636845,0.4990305938628269,0.35945940073123206
GTEX-1GN73-0011-R6b-SM-CJI2T.1,BRAIN,64.5,6.6,710.0,0.6074463247973109,-0.42356406770966143,1.0310103925069722,0.45534625151044206
GTEX-1GN73-0011-R7a-SM-CJI2U.1,BRAIN,64.5,7.6,710.0,0.0969991054225516,0.3125698161161644,-0.21557071069361283,0.11593349647666917
GTEX-1GN73-0011-R8b-SM-CKZNY.1,BRAIN,64.5,6.4,710.0,0.865445128738486,-0.5488655991427446,1.4143107278812306,0.7054313858550963
GTEX-1GN73-0011-R9a-SM-CKZO5.1,BRAIN,64.5,7.9,710.0,0.7222531083981436,-0.5809944967419752,1.3032476051401187,0.7162439676267431
GTEX-1GN73-0126-SM-CNPPT.1,MUSCLE,64.5,8.7,885.0,-0.02928679132624414,0.39165928865131955,-0.42094607997756367,0.08895682878697328
GTEX-1GN73-0226-SM-9WG67.1,SKIN,64.5,7.2,889.0,-0.443096844008849,0.4120944303206561,-0.8551912743295051,0.21888720134449272
GTEX-1GN73-0726-SM-7P8TJ.1,SKIN,64.5,7.6,897.0,-0.33156000124176305,0.2651237922882236,-0.5966837935299867,-0.2749537117558093
GTEX-1GN73-1126-SM-9OSW5.1,LIVER,64.5,6.5,907.0,-0.02715017716233692,0.383116684893225,-0.4102668620555619,-0.007749197319402951
GTEX-1GN73-2326-SM-9MQKV.1,HEART,64.5,7.8,935.0,0.45239532055997317,-0.4757468376035695,0.9281421581635427,0.4578736785025038
GTEX-1GN73-2426-SM-7RHFQ.1,HEART,64.5,7.4,935.0,0.3854491511100252,-0.23865952192149328,0.6241086730315185,-0.023240315441422667
GTEX-1GN73-3026-SM-7MXV8.1,BRAIN,64.5,7.4,968.0,0.5730485641540257,-0.8045183289902513,1.377566893144277,-0.023774255238031256
GTEX-1GN73-3126-SM-9KNTY.1,BRAIN,64.5,6.8,970.0,-0.01361260151679832,0.20449865398199998,-0.2181112554987983,0.16148053898346154
GTEX-1GPI6-0011-R5a-SM-CJI2W.1,BRAIN,64.5,6.6,1187.0,-1.846183393755226,1.1703601939940045,-3.0165435877492306,-0.7399863130270973
GTEX-1GPI6-0126-SM-9WG69.1,SKIN,64.5,7.4,1280.0,-0.18143426709953242,0.8498916336215238,-1.0313259007210562,0.1580351279062842
GTEX-1GPI6-0326-SM-9MQM6.1,MUSCLE,64.5,7.4,1299.0,-0.1574520607135079,0.13120369900548068,-0.2886557597189886,-0.21422156633973155
GTEX-1GPI6-1926-SM-9KNV7.1,SKIN,64.5,7.4,1394.0,-0.3282611923652636,0.08309355415581046,-0.41135474652107407,-0.1680579349623097
GTEX-1GPI7-0126-SM-9MQL8.1,SKIN,24.5,7.3,357.0,-0.4245614779586083,0.5450428683962757,-0.969604346354884,-0.04212912931072476
GTEX-1GPI7-0426-SM-7RHHP.1,MUSCLE,24.5,8.5,393.0,-1.1299072013418756,1.1178705235695874,-2.247777724911463,-0.6587596990167118
GTEX-1GPI7-1826-SM-9KNU1.1,SKIN,24.5,7.1,488.0,-1.1597532990525896,1.5201657889930755,-2.679919088045665,-0.34527207384340647
GTEX-1GTWX-0011-R10b-SM-CJI2X.1,BRAIN,64.5,7.8,875.0,0.3340912309156638,0.26011095028896375,0.07398028062670003,-0.07354555006178938
GTEX-1GTWX-0011-R11b-SM-C1YQJ.1,BRAIN,64.5,6.9,875.0,0.5910432909763139,-0.2764842816582721,0.867527572634586,-0.10758153215974588
GTEX-1GTWX-0011-R1a-SM-CE6RL.1,BRAIN,64.5,6.6,875.0,-0.6795515775882879,0.9178649473094033,-1.597416524897691,-0.4300750512179552
GTEX-1GTWX-0011-R2b-SM-ADEH5.1,BRAIN,64.5,6.7,875.0,0.05704973272714264,0.2786039418862385,-0.22155420915909585,-0.003270410736083845
GTEX-1GTWX-0011-R3b-SM-CJI2Z.1,BRAIN,64.5,6.9,875.0,0.32888458246202307,0.20518835456014684,0.12369622790187623,0.049184200105896365
GTEX-1GTWX-0011-R4a-SM-C1YQI.1,BRAIN,64.5,5.6,875.0,-0.32067329157185964,0.6812624059343022,-1.0019356975061617,-0.24035104804607696
GTEX-1GTWX-0011-R5b-SM-CKZO6.1,BRAIN,64.5,7.7,875.0,0.469937346641565,0.21070583696861117,0.25923150967295383,0.23720253364901236
GTEX-1GTWX-0011-R6a-SM-A96RN.1,BRAIN,64.5,7.5,875.0,0.3921052776003282,0.2531149446773829,0.13899033292294533,0.11297906642957391
GTEX-1GTWX-0011-R7a-SM-A96RO.1,BRAIN,64.5,7.2,875.0,-0.08251874579318345,0.7863969493912875,-0.8689156951844709,-0.31777153804174035
GTEX-1GTWX-0011-R8a-SM-CE6RM.1,BRAIN,64.5,7.5,875.0,0.3148710623934408,0.2459508098462554,0.06892025254718542,0.4233541032079131
GTEX-1GTWX-0011-R9a-SM-ADEH4.1,BRAIN,64.5,7.3,875.0,0.260108185093954,-0.972549959369094,1.232658144463048,0.016385673958476267
GTEX-1GTWX-0126-SM-9YFLK.1,SKIN,64.5,6.8,1037.0,-0.2944995740277377,0.9742412227150516,-1.2687407967427893,0.06071809092573974
GTEX-1GTWX-0326-SM-9WYTP.1,MUSCLE,64.5,8.2,1038.0,-0.6081624420412534,0.6881151867726856,-1.296277628813939,-0.4902998059602121
GTEX-1GTWX-0926-SM-9MQKM.1,HEART,64.5,6.0,1160.0,0.40615886515055255,-1.7579109448016317,2.164069809952184,1.20735566484757
GTEX-1GTWX-1026-SM-7P8QW.1,HEART,64.5,5.9,1172.0,-0.7234484061166858,0.513280494504585,-1.2367289006212707,0.47253154696014005
GTEX-1GTWX-2026-SM-9YFLM.1,SKIN,64.5,7.6,1215.0,-0.4019364698582923,1.1047997696210143,-1.5067362394793067,-0.07293391683549252
GTEX-1GTWX-2926-SM-7MXV4.1,BRAIN,64.5,6.1,1355.0,0.16597671426078803,0.2795785468572669,-0.11360183259647888,-0.33370336558620584
GTEX-1GTWX-3026-SM-9MQL4.1,BRAIN,64.5,6.2,1357.0,-0.004863460412948945,-0.2964968876135597,0.29163342720061075,0.29598559021800674
GTEX-1GZ2Q-0011-R10b-SM-CE6RN.1,BRAIN,44.5,7.1,1080.0,0.8633978857670089,-0.9200165098844955,1.7834143956515045,0.16827644658210072
GTEX-1GZ2Q-0011-R11a-SM-A8N7T.1,BRAIN,44.5,7.6,1080.0,0.7001153862449159,-0.9074238722775696,1.6075392585224855,0.21011542560674554
GTEX-1GZ2Q-0011-R1a-SM-CJI2Y.1,BRAIN,44.5,6.7,1080.0,0.43356104487768937,-0.5116333626863111,0.9451944075640004,0.4422474404793165
GTEX-1GZ2Q-0011-R2b-SM-9OSWO.1,BRAIN,44.5,5.7,1080.0,-0.9262978711816693,0.7858911520466076,-1.712189023228277,-0.23277953116606298
GTEX-1GZ2Q-0011-R3a-SM-A96RP.1,BRAIN,44.5,6.1,1080.0,0.34712045985854945,-0.21984219537184538,0.5669626552303948,0.151754810835328
GTEX-1GZ2Q-0011-R5a-SM-A96RQ.1,BRAIN,44.5,7.5,1080.0,0.29829067082850597,0.12095587353145865,0.17733479729704732,0.25385522374763436
GTEX-1GZ2Q-0011-R6a-SM-9OSWM.1,BRAIN,44.5,7.3,1080.0,0.103542659352852,0.3091950090917892,-0.2056523497389372,-0.015966543676944972
GTEX-1GZ2Q-0011-R7b-SM-9OSWN.1,BRAIN,44.5,7.2,1080.0,-0.36877752191546387,0.5687731186088156,-0.9375506405242795,0.09799071031730937
GTEX-1GZ2Q-0011-R8a-SM-CE6RO.1,BRAIN,44.5,5.6,1080.0,0.1260648250357726,0.17898208228923346,-0.05291725725346086,0.374588585185864
GTEX-1GZ2Q-0011-R9a-SM-9WG7A.1,BRAIN,44.5,7.0,1080.0,-0.1239066382882874,-0.21997956254945678,0.09607292426116938,0.35061248193080025
GTEX-1GZ2Q-0126-SM-9WG6M.1,SKIN,44.5,5.7,1090.0,0.26323717618430204,-0.3684298754846811,0.6316670516689831,0.41441876057785576
GTEX-1GZ2Q-0226-SM-7P8TL.1,SKIN,44.5,7.2,1094.0,-0.0076626162380254055,0.16532015400768074,-0.17298277024570616,0.012945002412223426
GTEX-1GZ2Q-0426-SM-9WPOU.1,MUSCLE,44.5,7.9,1102.0,0.8858115737234068,-1.1129055869711608,1.9987171606945675,-0.12386800083216162
GTEX-1GZ2Q-0926-SM-7RHHN.1,HEART,44.5,6.7,1121.0,0.20757990585074745,-0.9393212943327485,1.146901200183496,1.1345644548492453
GTEX-1GZ2Q-3026-SM-9JGG3.1,BRAIN,44.5,7.2,1235.0,0.6438336739544273,-1.0668659171505472,1.7106995911049745,-0.028528576852160547
GTEX-1GZ2Q-3226-SM-9WG6L.1,BRAIN,44.5,6.9,1256.0,0.5179935691792901,-0.5557921589168823,1.0737857280961722,0.33988109546612866
GTEX-1GZ4H-0526-SM-9KNU9.1,SKIN,54.5,6.1,369.0,-1.333731096459743,1.2666015202665064,-2.6003326167262495,-0.3883729162632829
GTEX-1GZ4H-1626-SM-7PC3F.1,MUSCLE,54.5,8.0,596.0,-0.36933986562730464,0.08738262604967541,-0.45672249167698004,-0.16970867731903982
GTEX-1GZ4H-1726-SM-7PBZJ.1,SKIN,54.5,8.0,610.0,-0.5112261291118829,0.4641299601114532,-0.9753560892233362,0.026754903160088227
GTEX-1GZ4I-0011-R10a-SM-9OSX3.1,BRAIN,54.5,6.7,623.0,0.6038954087763276,-0.039325538814326134,0.6432209475906537,0.02460132797108173
GTEX-1GZ4I-0011-R11b-SM-9OSWR.1,BRAIN,54.5,7.5,623.0,0.89725613925377,-0.8106915452024235,1.7079476844561934,-0.23531837004271922
GTEX-1GZ4I-0011-R3b-SM-9OSWP.1,BRAIN,54.5,5.7,623.0,-0.6278879745491108,0.7974519723814613,-1.425339946930572,-0.32849851195222884
GTEX-1GZ4I-0011-R4a-SM-9QEI9.1,BRAIN,54.5,5.6,623.0,-1.0697974279493594,0.76263325038898,-1.8324306783383393,-0.5024502229088392
GTEX-1GZ4I-0011-R5a-SM-9OSWQ.1,BRAIN,54.5,7.8,623.0,-0.3045604208255881,0.8031671383911915,-1.1077275592167797,-0.1345888310090108
GTEX-1GZ4I-0011-R6b-SM-9WG77.1,BRAIN,54.5,8.0,623.0,0.4388000762456741,0.18419546715681492,0.2546046090888592,0.0384647008179212
GTEX-1GZ4I-0011-R7b-SM-ARU71.1,BRAIN,54.5,6.3,623.0,-1.0228714086730712,0.9830022511187049,-2.005873659791776,-0.5470249661761093
GTEX-1GZ4I-0011-R8b-SM-9WG76.1,BRAIN,54.5,6.0,623.0,-0.2996287689639131,0.7277079549900153,-1.0273367239539284,-0.08833414377252569
GTEX-1GZ4I-0011-R9b-SM-B2LY8.1,BRAIN,54.5,6.6,623.0,0.2848421831092706,-0.4267972744931268,0.7116394576023974,0.39035157730403636
GTEX-1GZ4I-0526-SM-9YFLX.1,MUSCLE,54.5,8.3,726.0,0.2739633258674565,-1.1883284854645002,1.4622918113319567,1.1245866260502722
GTEX-1GZ4I-0826-SM-9WG6O.1,HEART,54.5,6.9,786.0,0.06250497946653748,-0.3735749693892823,0.4360799488558198,0.2279182181261519
GTEX-1GZ4I-1026-SM-9KNV5.1,HEART,54.5,6.7,793.0,0.7012991482952402,-0.22818654489441823,0.9294856931896585,-0.09370599627481127
GTEX-1GZ4I-1526-SM-9OSW9.1,LIVER,54.5,6.2,799.0,0.3101652304077388,-0.5018280254959286,0.8119932559036674,-0.02334283556549229
GTEX-1GZ4I-2626-SM-9KNU3.1,SKIN,54.5,7.6,824.0,-0.18301655741365877,0.23058249373412196,-0.4135990511477807,-0.1975162244573164
GTEX-1GZ4I-2926-SM-9JGGO.1,BRAIN,54.5,6.5,838.0,0.7052171335862899,-0.8933840317650972,1.5986011653513872,0.0471849443935611
GTEX-1GZ4I-3026-SM-9KNTX.1,BRAIN,54.5,6.7,840.0,0.5291466104490076,-0.36865949834702144,0.897806108796029,0.36304256053285067
GTEX-1GZHY-0011-R11a-SM-C1YRQ.1,BRAIN,54.5,6.3,965.0,-0.20497170111195767,0.46697336729851713,-0.6719450684104749,-0.7693534078316229
GTEX-1GZHY-0011-R1a-SM-CE6RR.1,BRAIN,54.5,5.7,965.0,-1.9486524024995726,1.1379792251001761,-3.0866316275997487,-0.40640445968026623
GTEX-1GZHY-0011-R6a-SM-9OSWL.1,BRAIN,54.5,6.5,965.0,-1.104847781016754,1.1513161161322425,-2.256163897148997,-0.42603926189684754
GTEX-1GZHY-0011-R8b-SM-9OSWK.1,BRAIN,54.5,6.0,965.0,-1.400967830826525,1.1386479603984783,-2.5396157912250032,-0.4956764706935348
GTEX-1GZHY-0011-R9a-SM-9WG5R.1,BRAIN,54.5,7.2,965.0,0.081610073550126,-0.3090199478743344,0.3906300214244604,0.45451907662643515
GTEX-1GZHY-0126-SM-9WYUQ.1,MUSCLE,54.5,8.7,1133.0,0.49453161522338324,-0.08035937506965472,0.5748909902930379,-0.2853468671128178
GTEX-1GZHY-0326-SM-9QEHI.1,SKIN,54.5,7.8,1135.0,-0.4738731429804343,0.3035209841866239,-0.7773941271670581,-0.043745618113326126
GTEX-1GZHY-0626-SM-9KNVC.1,SKIN,54.5,7.9,1147.0,-0.3999947767669821,0.29087228863513614,-0.6908670654021183,0.26402433028971983
GTEX-1GZHY-1226-SM-9QEIY.1,HEART,54.5,6.0,1177.0,-2.6010840644118813,1.0409095895536622,-3.6419936539655433,-0.682541494049576
GTEX-1GZHY-3026-SM-7MXVA.1,BRAIN,54.5,6.7,1262.0,0.21746043332757115,0.13165004729860985,0.0858103860289613,-0.416951508328753
GTEX-1GZHY-3126-SM-9QEHH.1,BRAIN,54.5,5.6,1264.0,-0.9482832847878129,0.8125824302576675,-1.7608657150454805,-0.3458493372894096
GTEX-1H11D-0226-SM-9WG6Z.1,SKIN,44.5,6.9,304.0,-0.746929210737694,1.2336716417856834,-1.9806008525233776,-0.016537370524118713
GTEX-1H11D-0326-SM-9WG71.1,MUSCLE,44.5,8.7,308.0,-0.10369370739977392,0.4307694404992015,-0.5344631478989754,-0.34571995209875434
GTEX-1H11D-0826-SM-9OSWB.1,LIVER,44.5,7.8,325.0,0.7235382541990915,-0.7989606495942811,1.5224989037933727,-0.09251629741618865
GTEX-1H11D-1026-SM-9QEIU.1,HEART,44.5,7.5,328.0,-0.25287649966523446,0.7398300573231513,-0.9927065569883857,-0.30134233990883624
GTEX-1H11D-1226-SM-9WPQ2.1,HEART,44.5,9.1,332.0,0.7108674527134986,-0.524095668399262,1.2349631211127607,0.16789604188423715
GTEX-1H11D-1826-SM-9QEHM.1,SKIN,44.5,6.5,361.0,-0.6327603853001823,1.1282677169707958,-1.761028102270978,-0.47834908379067315
GTEX-1H1CY-0011-R10a-SM-CE6SD.1,BRAIN,64.5,6.7,1238.0,-0.30385905452064566,0.1489179920181417,-0.45277704653878736,-0.12987689165591484
GTEX-1H1CY-0011-R11a-SM-C1YQR.1,BRAIN,64.5,7.2,1238.0,1.0728689542613723,-1.7180773272131225,2.7909462814744948,-0.2790161506800011
GTEX-1H1CY-0011-R1a-SM-CKZOZ.1,BRAIN,64.5,6.5,1238.0,-0.3666106731397248,0.22818725742689783,-0.5947979305666227,-0.06468179352230592
GTEX-1H1CY-0011-R4b-SM-CJI3G.1,BRAIN,64.5,6.7,1238.0,-1.5587035273060879,0.6275303638031744,-2.1862338911092625,-0.8387701255669803
GTEX-1H1CY-0011-R5a-SM-CM2SN.1,BRAIN,64.5,8.0,1238.0,-0.19844151991044337,0.4053650745828036,-0.6038065944932469,-0.22028550201046354
GTEX-1H1CY-0011-R6b-SM-CE6RP.1,BRAIN,64.5,7.0,1238.0,0.08346744732270038,0.19364026829826994,-0.11017282097556956,-0.0827530318004917
GTEX-1H1CY-0011-R7a-SM-CJI32.1,BRAIN,64.5,6.5,1238.0,-0.6682386148656749,0.6678795145099279,-1.3361181293756028,-0.2179234932585077
GTEX-1H1CY-0011-R8b-SM-CJI31.1,BRAIN,64.5,6.4,1238.0,-0.37776022057583214,0.16890584758194788,-0.54666606815778,0.34977176053846304
GTEX-1H1CY-0126-SM-9YFLY.1,SKIN,64.5,7.9,1253.0,0.32268265701612187,-0.4847498907400307,0.8074325477561526,0.535321069026636
GTEX-1H1CY-0326-SM-9QEIZ.1,HEART,64.5,5.9,1274.0,-1.7876590197159996,0.5567008265699263,-2.3443598462859256,-0.39113104273085864
GTEX-1H1CY-0426-SM-9KNVD.1,HEART,64.5,5.8,1275.0,-1.6592522074548122,0.33890027828835606,-1.9981524857431683,-0.008203002006803907
GTEX-1H1CY-2726-SM-9MQLR.1,MUSCLE,64.5,7.7,1400.0,0.8430623388941003,-1.142871735227034,1.9859340741211342,-0.038881471591941656
GTEX-1H1CY-2826-SM-9MQM3.1,SKIN,64.5,7.3,1401.0,-0.018891969283346768,-0.0014513170240938221,-0.017440652259252946,-0.2117483556736893
GTEX-1H1CY-3026-SM-9OSW7.1,BRAIN,64.5,6.1,1429.0,0.4159672797144674,-0.4318065091858546,0.8477737889003221,-0.3590887614397867
GTEX-1H1DE-1326-SM-9KNUG.1,SKIN,24.5,6.4,769.0,-0.8024681591784406,1.1744977658152964,-1.976965924993737,-0.20121582574435676
GTEX-1H1DE-1726-SM-A9G3G.1,MUSCLE,24.5,7.9,1024.0,0.0724783176849626,0.7054137801517965,-0.6329354624668339,-0.5979655432286333
GTEX-1H1DE-2126-SM-9WG6R.1,SKIN,24.5,6.7,1029.0,-0.10617443089895409,0.9793579903606139,-1.085532421259568,0.02718565835865188
GTEX-1H1DF-0011-R9b-SM-CM2RN.1,BRAIN,44.5,6.0,1289.0,-0.9263297390438259,0.22028913305430128,-1.1466188720981272,-0.11263959185638595
GTEX-1H1DF-0526-SM-9JGG5.1,MUSCLE,44.5,7.4,1399.0,0.27814698787963255,-1.3826155612637459,1.6607625491433784,2.5328681632268735
GTEX-1H1DF-1126-SM-9WG7G.1,SKIN,44.5,7.9,1413.0,-0.13258689562131107,0.3857670687719818,-0.5183539643932928,0.26176367675745277
GTEX-1H1DF-1326-SM-9WPPR.1,LIVER,44.5,6.4,1416.0,-0.7408217152053265,0.6951381328149376,-1.4359598480202642,-0.4951342478375664
GTEX-1H1DG-0011-R10b-SM-CE6S7.1,BRAIN,74.5,7.3,880.0,0.7578080194664025,-0.2682992660346247,1.0261072855010271,0.26248040090108266
GTEX-1H1DG-0011-R11a-SM-C1YQK.1,BRAIN,74.5,6.9,880.0,0.6488221935808672,-0.5317610332386022,1.1805832268194694,0.5278740385274576
GTEX-1H1DG-0011-R1b-SM-CKZP1.1,BRAIN,74.5,6.8,880.0,0.1783822861327841,0.034836028079417554,0.14354625805336654,0.7557695697307875
GTEX-1H1DG-0011-R2a-SM-ADEIQ.1,BRAIN,74.5,7.8,880.0,0.5143741319944467,-0.6297474061087146,1.1441215381031613,0.8713377849455565
GTEX-1H1DG-0011-R4a-SM-CE6RQ.1,BRAIN,74.5,6.5,880.0,-0.9566535618956048,0.8747091854416109,-1.8313627473372156,0.05378941631580971
GTEX-1H1DG-0011-R5b-SM-CJI33.1,BRAIN,74.5,7.7,880.0,0.2902568073304408,0.3794624096939875,-0.08920560236354669,0.33015128895781126
GTEX-1H1DG-0011-R6a-SM-A9SK8.1,BRAIN,74.5,7.5,880.0,0.4416964802446251,0.23990171892129178,0.20179476132333332,0.49872467571350754
GTEX-1H1DG-0011-R7b-SM-A96RR.1,BRAIN,74.5,6.4,880.0,-0.21504890997829637,0.8457219124987104,-1.0607708224770067,0.04108345611019939
GTEX-1H1DG-0011-R8a-SM-CL54Z.1,BRAIN,74.5,7.0,880.0,0.38326616303677197,-0.09862493727196807,0.48189110030874005,0.8052690827125173
GTEX-1H1DG-0011-R9b-SM-ACKVB.1,BRAIN,74.5,6.6,880.0,-1.5631956549094228,1.2219585210759756,-2.785154175985398,-0.4074176833769826
GTEX-1H1DG-0126-SM-9WYU2.1,SKIN,74.5,7.8,945.0,-0.18721999292755329,-0.18336820042324542,-0.003851792504307866,0.08910744635382371
GTEX-1H1DG-0326-SM-9QEHK.1,MUSCLE,74.5,7.7,949.0,0.42157057755697763,-0.012686118779742944,0.4342566963367206,-0.1074162820510452
GTEX-1H1DG-0826-SM-9QEIW.1,HEART,74.5,6.7,1012.0,0.2365771887777808,0.003555814881217743,0.23302137389656305,0.2146609531192876
GTEX-1H1DG-2426-SM-9QEHJ.1,SKIN,74.5,6.9,1045.0,0.490621971285766,0.21734265214714035,0.2732793191386257,0.09137017329983982
GTEX-1H1DG-2826-SM-9JGHB.1,BRAIN,74.5,6.3,1056.0,0.3485200221244178,0.011942679912362626,0.33657734221205515,0.07520265341892957
GTEX-1H1DG-2926-SM-9WYU3.1,BRAIN,74.5,6.8,1058.0,0.3622197099889637,0.22050858890191416,0.14171112108704953,0.06236104602404504
GTEX-1H1E6-0426-SM-9WYUS.1,SKIN,34.5,7.6,147.0,-0.6433919614624278,1.4801836957834529,-2.1235756572458806,-0.16898970035266084
GTEX-1H1E6-1726-SM-ACKVK.1,SKIN,34.5,7.9,200.0,-0.3077172803847078,1.1336625399809839,-1.4413798203656918,0.14885131356583448
GTEX-1H1E6-2126-SM-9KNVM.1,MUSCLE,34.5,8.5,213.0,0.08168980826641233,-0.13585699639247772,0.21754680465889004,0.089046278548148
GTEX-1H1ZS-0011-R10b-SM-A9SK9.1,BRAIN,74.5,7.4,1270.0,0.5066010753524781,-0.2075369074027834,0.7141379827552615,0.1395251665436135
GTEX-1H1ZS-0011-R11a-SM-C1YQM.1,BRAIN,74.5,7.6,1270.0,0.9113337061737171,-1.6879578971917253,2.5992916033654425,-0.16423433393832504
GTEX-1H1ZS-0011-R1b-SM-A9G1E.1,BRAIN,74.5,7.4,1270.0,0.011484574596798582,0.41265712875053917,-0.4011725541537406,-0.06654236921941922
GTEX-1H1ZS-0011-R2b-SM-CL54Q.1,BRAIN,74.5,6.0,1270.0,-0.29008530513274805,0.3304417113379842,-0.6205270164707323,-0.3956147524663297
GTEX-1H1ZS-0011-R3b-SM-CE6RS.1,BRAIN,74.5,6.6,1270.0,0.2426005592709004,0.09416221331333736,0.14843834595756306,0.08962713398613524
GTEX-1H1ZS-0011-R4b-SM-CKZO7.1,BRAIN,74.5,7.2,1270.0,0.15432046468971272,0.09204919032501392,0.0622712743646988,0.15995745533164094
GTEX-1H1ZS-0011-R5b-SM-CL53L.1,BRAIN,74.5,8.4,1270.0,0.29054873260495323,0.14066817894642286,0.14988055365853037,0.27895496095673106
GTEX-1H1ZS-0011-R6b-SM-A9G1F.1,BRAIN,74.5,7.8,1270.0,0.41450422527233305,0.06074590388402904,0.353758321388304,0.014487049223739461
GTEX-1H1ZS-0011-R7a-SM-CL54P.1,BRAIN,74.5,8.3,1270.0,0.4651390193427855,-0.11160507045757026,0.5767440898003557,0.1724592491375525
GTEX-1H1ZS-0011-R8b-SM-A9SKA.1,BRAIN,74.5,7.0,1270.0,-0.2879042978464452,0.5791639954601586,-0.8670682933066038,0.002340808172336438
GTEX-1H1ZS-0011-R9a-SM-CM2SO.1,BRAIN,74.5,7.6,1270.0,0.8400051885170349,-1.7066787551877094,2.5466839437047444,1.0450773341339932
GTEX-1H1ZS-0426-SM-9WG6G.1,SKIN,74.5,6.0,1350.0,-0.5198350680059222,0.8589937145084167,-1.3788287825143388,-0.1321105074354649
GTEX-1H1ZS-0626-SM-CNPPU.1,MUSCLE,74.5,8.6,1354.0,0.8063961377613688,0.19682064874781216,0.6095754890135566,-0.1708249600273292
GTEX-1H1ZS-1026-SM-9WG6E.1,HEART,74.5,6.5,1364.0,-0.1807136220057597,-0.15654288050154078,-0.024170741504218912,0.5364176584931436
GTEX-1H1ZS-1126-SM-9MQLJ.1,HEART,74.5,6.6,1365.0,-0.6944328400317832,0.767732514338326,-1.4621653543701092,-0.8424616322632628
GTEX-1H1ZS-2726-SM-9WG75.1,SKIN,74.5,6.8,1399.0,0.310741659476061,-0.6585935171017259,0.9693351765777869,0.15465637261569692
GTEX-1H1ZS-2926-SM-9WPP2.1,BRAIN,74.5,7.2,1403.0,0.721157632493547,-1.0015025291319608,1.722660161625508,-0.042114740406193556
GTEX-1H1ZS-3026-SM-9KNUJ.1,BRAIN,74.5,7.2,1405.0,0.3206646237509353,0.001883198735679456,0.31878142501525586,0.15105714042925197
GTEX-1H23P-0011-R10a-SM-A96RS.1,BRAIN,64.5,5.9,500.0,-0.2547805864819532,0.608472373827897,-0.8632529603098502,-0.18722634144603187
GTEX-1H23P-0011-R1a-SM-ACKVC.1,BRAIN,64.5,6.7,500.0,-0.9488898526121606,0.7884543622810986,-1.7373442148932592,-0.26792087732951436
GTEX-1H23P-0011-R2a-SM-CKZP3.1,BRAIN,64.5,5.6,500.0,-1.9057655297642835,1.099103335155176,-3.0048688649194597,-0.8226105046399855
GTEX-1H23P-0011-R3b-SM-CL54S.1,BRAIN,64.5,6.7,500.0,-0.5819855071540146,0.49722700225226857,-1.0792125094062832,-0.1512771647904166
GTEX-1H23P-0011-R4b-SM-CL54R.1,BRAIN,64.5,7.4,500.0,-1.0323844374015159,0.6857441872917757,-1.7181286246932914,-0.30696992411637286
GTEX-1H23P-0011-R5a-SM-CKZOI.1,BRAIN,64.5,7.8,500.0,-0.5744913855407515,0.8631938991880977,-1.4376852847288493,-0.08750106739081374
GTEX-1H23P-0011-R6b-SM-A9G1H.1,BRAIN,64.5,6.3,500.0,-1.6597036148341875,1.1968916249462411,-2.856595239780429,-0.652417521366893
GTEX-1H23P-0011-R7b-SM-CKZP2.1,BRAIN,64.5,7.1,500.0,-0.682044778918646,0.894789926197209,-1.5768347051158549,-0.055072291333387
GTEX-1H23P-0011-R8b-SM-A9G1G.1,BRAIN,64.5,5.7,500.0,-1.9937670382595067,1.2784439440137982,-3.2722109822733048,-0.7769943482264533
GTEX-1H23P-0011-R9a-SM-CM2T1.1,BRAIN,64.5,6.9,500.0,-0.549976458557808,0.4788241552307124,-1.0288006137885204,0.24839166666712326
GTEX-1H23P-0126-SM-ADEJ3.1,SKIN,64.5,7.4,502.0,-0.25758401795127556,0.5203819466111733,-0.7779659645624488,0.12043649777140816
GTEX-1H23P-0526-SM-9WG6S.1,MUSCLE,64.5,7.1,510.0,-0.38218258979465797,0.6744496959290592,-1.0566322857237171,-0.1563560379734185
GTEX-1H23P-0626-SM-9WG6T.1,SKIN,64.5,6.1,512.0,-0.6083964766063802,0.6987141401156894,-1.3071106167220696,0.07577366147849668
GTEX-1H23P-1226-SM-9QEJ2.1,HEART,64.5,6.7,525.0,-0.383050108911698,0.5053713925545545,-0.8884215014662525,-0.24433920646382534
GTEX-1H23P-1826-SM-A8NA5.1,LIVER,64.5,5.7,532.0,0.1902893874107266,0.38601094711752004,-0.19572155970679345,-0.14100422302217294
GTEX-1H23P-2926-SM-9WYU8.1,BRAIN,64.5,6.6,563.0,-0.30296996505749846,0.5545835050475827,-0.8575534701050811,-0.12878407504373043
GTEX-1H2FU-0011-R11a-SM-CE6SB.1,BRAIN,64.5,6.4,791.0,0.20809395118033566,-0.8622445844034148,1.0703385355837505,-0.423175237087939
GTEX-1H2FU-0011-R3b-SM-CKZP4.1,BRAIN,64.5,6.2,791.0,-1.339701622234219,0.9478480236949672,-2.2875496459291864,-0.6499304385577859
GTEX-1H2FU-0011-R4a-SM-CL551.1,BRAIN,64.5,6.1,791.0,-1.8335405435066578,0.9757258206286944,-2.809266364135352,-0.8165807187709849
GTEX-1H2FU-0011-R5b-SM-CL552.1,BRAIN,64.5,7.4,791.0,-0.29529200738722217,0.33748141451067065,-0.6327734218978929,0.09258885375142682
GTEX-1H2FU-0011-R9b-SM-CE6S4.1,BRAIN,64.5,6.9,791.0,0.21068936938376628,-0.8018016355669276,1.0124910049506939,0.9218543921081326
GTEX-1H2FU-0126-SM-9WYSI.1,SKIN,64.5,7.4,884.0,-0.8427402502021565,0.8387315468734378,-1.6814717970755941,0.17928658536292746
GTEX-1H2FU-0526-SM-ACKXO.1,MUSCLE,64.5,7.5,899.0,0.6857368456907892,-0.8468468187319821,1.5325836644227713,0.6211223533303415
GTEX-1H2FU-0826-SM-9WYSU.1,HEART,64.5,6.4,911.0,-0.2613361460513012,-0.10989850319497368,-0.1514376428563275,-0.018709318302686104
GTEX-1H2FU-0926-SM-9WPPT.1,SKIN,64.5,7.5,912.0,-0.736960479088753,0.23393993905014157,-0.9709004181388945,-0.5051680298403501
GTEX-1H2FU-3126-SM-9WYUJ.1,BRAIN,64.5,6.8,946.0,0.2764808331430309,-0.14586332299549312,0.42234415613852405,0.09469627757130367
GTEX-1H3NZ-0011-R11b-SM-CE6SF.1,BRAIN,64.5,9.2,465.0,0.7948188290656232,-0.8895467592963938,1.684365588362017,-0.14018660604280858
GTEX-1H3NZ-0011-R1a-SM-CKZP5.1,BRAIN,64.5,7.3,465.0,-0.05747822562804644,0.42310172786074257,-0.480579953488789,0.10734849057105358
GTEX-1H3NZ-0011-R3b-SM-CMKH2.1,BRAIN,64.5,6.9,465.0,0.5326691338021036,-1.2103119190021905,1.7429810528042942,0.439443723725509
GTEX-1H3NZ-0011-R4a-SM-CL54T.1,BRAIN,64.5,7.8,465.0,0.4457174812428819,-0.2917775160180801,0.737494997260962,0.3465256060824499
GTEX-1H3NZ-0011-R5a-SM-CM2SP.1,BRAIN,64.5,8.6,465.0,0.560889309790214,-0.04924024502246115,0.6101295548126752,0.3258205916663115
GTEX-1H3NZ-0011-R6b-SM-A9G1N.1,BRAIN,64.5,6.6,465.0,0.06212877890047905,0.43660887050572345,-0.3744800916052444,-0.022208512451674465
GTEX-1H3NZ-0011-R7a-SM-A9SKD.1,BRAIN,64.5,7.4,465.0,-0.32388569413433477,0.6801234538364425,-1.0040091479707773,-0.24090256771547086
GTEX-1H3NZ-0011-R8a-SM-CKZP6.1,BRAIN,64.5,7.5,465.0,0.7832335180265964,-0.4546960134561894,1.2379295314827856,0.8596115685724137
GTEX-1H3NZ-0011-R9a-SM-ADEH7.1,BRAIN,64.5,6.0,465.0,-0.6420180766756386,0.5116626107483362,-1.1536806874239747,-0.12108241647118333
GTEX-1H3NZ-0126-SM-ACKX7.1,SKIN,64.5,8.0,521.0,-0.28063198767216346,0.2502001744246696,-0.530832162096833,0.30041915277094805
GTEX-1H3NZ-0326-SM-9MQL6.1,MUSCLE,64.5,8.4,525.0,0.3291966413391648,-1.440153951714776,1.7693505930539408,1.0831919628049091
GTEX-1H3NZ-1026-SM-A9SM5.1,HEART,64.5,7.8,579.0,0.3815894163630263,-0.25318223848341126,0.6347716548464375,0.5640702194769109
GTEX-1H3NZ-1126-SM-9WYT9.1,HEART,64.5,6.1,581.0,-2.2473280906124,1.0295264078251833,-3.276854498437583,-0.8491600260424295
GTEX-1H3NZ-2726-SM-9WYTQ.1,SKIN,64.5,7.2,617.0,0.1531113134262748,0.14771483811806008,0.0053964753082147154,0.6397668661128363
GTEX-1H3NZ-2926-SM-9WPQ8.1,BRAIN,64.5,6.9,635.0,0.3578603087178584,-0.04221623429646945,0.4000765430143278,-0.15890744554285946
GTEX-1H3NZ-3026-SM-9JGHW.1,BRAIN,64.5,7.1,638.0,0.34979103281107304,0.10563690031989735,0.24415413249117568,0.11641092280786348
GTEX-1H3O1-0011-R10a-SM-CJI3O.1,BRAIN,64.5,7.5,1106.0,0.5184478869575083,0.04242572553772258,0.47602216141978576,0.057127685003191785
GTEX-1H3O1-0011-R11a-SM-A96RV.1,BRAIN,64.5,7.5,1106.0,0.6009501693406705,-0.44147367122962167,1.0424238405702921,-0.434499911063817
GTEX-1H3O1-0011-R1b-SM-CL554.1,BRAIN,64.5,7.5,1106.0,0.578811295598792,-0.5094281748140206,1.0882394704128124,0.5521541516012992
GTEX-1H3O1-0011-R2b-SM-CKZOT.1,BRAIN,64.5,6.0,1106.0,-0.26904413322274007,0.2394204242479653,-0.5084645574707054,0.002236600147811309
GTEX-1H3O1-0011-R3a-SM-ACKVD.1,BRAIN,64.5,7.0,1106.0,0.3349983238702616,0.14293170726677357,0.19206661660348806,0.15295707099939734
GTEX-1H3O1-0011-R4b-SM-A9SKE.1,BRAIN,64.5,6.7,1106.0,-0.6371692842308297,0.6558779714870494,-1.2930472557178792,-0.18556941655492162
GTEX-1H3O1-0011-R5b-SM-ADEH8.1,BRAIN,64.5,6.0,1106.0,0.7333540409544256,-0.3773016502769299,1.1106556912313554,-0.07373300774754078
GTEX-1H3O1-0011-R6b-SM-CL54U.1,BRAIN,64.5,6.2,1106.0,-0.2895053344230635,0.3451795232199949,-0.6346848576430584,-0.10990332070960421
GTEX-1H3O1-0011-R7a-SM-CE6SJ.1,BRAIN,64.5,6.8,1106.0,0.16883848295607085,0.43201599049275274,-0.2631775075366819,-0.27890867937327807
GTEX-1H3O1-0011-R8a-SM-CL555.1,BRAIN,64.5,7.1,1106.0,0.2645036657730137,0.13525460566433872,0.12924906010867498,0.29506657611291587
GTEX-1H3O1-0011-R9b-SM-CM2SQ.1,BRAIN,64.5,7.5,1106.0,0.41520833958406,-0.5059515523576164,0.9211598919416764,0.365098807578937
GTEX-1H3O1-0226-SM-9WYSW.1,HEART,64.5,6.6,1164.0,-0.773166837022312,0.5959779921159725,-1.3691448291382846,0.15095897630309105
GTEX-1H3O1-0426-SM-9YFKY.1,SKIN,64.5,7.8,1172.0,-0.4181809596837891,0.8005105821624494,-1.2186915418462385,0.0975002041076256
GTEX-1H3O1-0626-SM-9MQM4.1,MUSCLE,64.5,7.8,1180.0,-0.34983992942885833,-1.5748519396238927,1.2250120101950344,1.6205159265431226
GTEX-1H3O1-1326-SM-9MQLD.1,SKIN,64.5,6.7,1248.0,-0.2754020967759518,0.4848679341641103,-0.7602700309400621,-0.19478998477099044
GTEX-1H3O1-1726-SM-9WYSR.1,BRAIN,64.5,6.4,1342.0,-0.10397521378647406,0.4229972778176258,-0.5269724916040999,-0.14859872089796328
GTEX-1H3O1-1826-SM-A96TO.1,BRAIN,64.5,6.6,1343.0,0.37881950892011285,-0.08664128927232423,0.4654607981924371,-0.33717384364858277
GTEX-1H3VE-0011-R10b-SM-A9SKC.1,BRAIN,44.5,6.2,740.0,0.27317651579309205,-0.051444367842827576,0.3246208836359196,-0.20599247789201144
GTEX-1H3VE-0011-R11b-SM-C1YRP.1,BRAIN,44.5,6.7,740.0,0.858792349513433,-1.283765914091889,2.1425582636053218,-0.1922259474045211
GTEX-1H3VE-0011-R1a-SM-A9G1K.1,BRAIN,44.5,6.4,740.0,-0.9799729790432969,0.7375364233014582,-1.717509402344755,-0.4768549854820057
GTEX-1H3VE-0011-R2a-SM-CE6SA.1,BRAIN,44.5,5.6,740.0,-1.2011493797261332,0.9909214446325572,-2.1920708243586904,-0.4860322777483518
GTEX-1H3VE-0011-R3a-SM-CE6SK.1,BRAIN,44.5,5.6,740.0,-1.8560374806241475,0.8167450584311239,-2.6727825390552713,-0.9677402225561325
GTEX-1H3VE-0011-R5a-SM-CKZOU.1,BRAIN,44.5,7.2,740.0,0.4579036186952037,-0.24495424095074028,0.7028578596459439,0.7382131330762551
GTEX-1H3VE-0011-R6b-SM-A9G1M.1,BRAIN,44.5,5.6,740.0,-2.1711849951824296,1.2774132729178176,-3.4485982681002474,-1.0834242916167285
GTEX-1H3VE-0011-R7b-SM-CE6S9.1,BRAIN,44.5,5.8,740.0,-1.0986649661914267,0.9012015745658302,-1.999866540757257,-0.4527101968728421
GTEX-1H3VE-0011-R8b-SM-A9G1L.1,BRAIN,44.5,7.8,740.0,0.9845271535533086,-2.813751999396534,3.7982791529498425,1.4901567539675582
GTEX-1H3VE-0126-SM-9WYTW.1,MUSCLE,44.5,7.4,1083.0,0.36734580044879783,-1.4544370744513773,1.8217828749001752,-0.08353393499370672
GTEX-1H3VE-0326-SM-9YFLH.1,SKIN,44.5,8.3,1087.0,-0.3292904888015093,-0.011895418433727066,-0.31739507036778225,0.016321508347235166
GTEX-1H3VE-0726-SM-9YFL5.1,SKIN,44.5,5.9,1103.0,0.01738504379361048,-0.3946815764215272,0.4120666202151377,-0.3089563090482249
GTEX-1H3VE-2726-SM-9WPP3.1,BRAIN,44.5,5.9,1292.0,-0.5724922380305038,0.5676477359879614,-1.140139974018465,-0.31117901201380704
GTEX-1H3VE-2826-SM-9WPOL.1,BRAIN,44.5,6.5,1294.0,0.2353435582740623,0.020892270196413744,0.21445128807764857,0.36736250461849557
GTEX-1H3VY-0126-SM-ACKXD.1,SKIN,54.5,7.9,426.0,-0.2301357894122697,0.8954778699865187,-1.1256136593987884,0.15415471269872924
GTEX-1H3VY-0326-SM-9WYU6.1,MUSCLE,54.5,8.2,430.0,-0.1099178314938556,0.6922144291287672,-0.8021322606226228,-0.46559239761315047
GTEX-1H3VY-1126-SM-A96TP.1,HEART,54.5,7.5,460.0,0.23052183384667296,-0.3219541944152341,0.552476028261907,0.7403373832040544
GTEX-1H4P4-0011-R10b-SM-CE6SG.1,BRAIN,54.5,6.4,1076.0,-0.00957276909209353,0.26984238122525805,-0.2794151503173516,-0.4127173896315492
GTEX-1H4P4-0011-R11b-SM-CE6S8.1,BRAIN,54.5,6.6,1076.0,0.3204482247758699,-0.021385634046140748,0.34183385882201067,-0.8375083517854227
GTEX-1H4P4-0011-R1b-SM-CL54V.1,BRAIN,54.5,5.7,1076.0,-1.9799930107511285,0.9850553727393321,-2.9650483834904606,-1.0385854266867616
GTEX-1H4P4-0011-R6a-SM-ARZLR.1,BRAIN,54.5,6.2,1076.0,-1.7908236718719774,1.321286106078825,-3.1121097779508027,-0.9620155398056137
GTEX-1H4P4-0011-R7b-SM-ARU77.1,BRAIN,54.5,5.7,1076.0,-2.487229104733866,1.4998539460815496,-3.987083050815416,-1.1110394814806281
GTEX-1H4P4-0626-SM-9YFKZ.1,MUSCLE,54.5,7.7,1294.0,0.3641279308364096,0.3661577001499407,-0.0020297693135311046,-0.7267531591719699
GTEX-1H4P4-0726-SM-9YFLR.1,SKIN,54.5,6.6,1294.0,-0.19407065427647135,-0.09046874483449471,-0.10360190944197664,-0.25706485755103725
GTEX-1H4P4-2126-SM-9WYSL.1,SKIN,54.5,7.7,1335.0,-0.2610330590062049,0.24122847409025652,-0.5022615330964614,-0.04038080304108554
GTEX-1H4P4-2726-SM-9JGGB.1,BRAIN,54.5,6.9,1423.0,0.36228184592348556,-0.01652220247524295,0.3788040483987285,-0.527666690642602
GTEX-1HB9E-0011-R10a-SM-CJI3H.1,BRAIN,54.5,6.5,547.0,0.9587998833599232,-0.5842892616029495,1.5430891449628725,0.1969835592511929
GTEX-1HB9E-0011-R11b-SM-ARU79.1,BRAIN,54.5,7.6,547.0,0.6518884551646288,-2.4476055737720723,3.099494028936701,0.13518885532555736
GTEX-1HB9E-0011-R2b-SM-A96RW.1,BRAIN,54.5,6.8,547.0,0.584400843104111,-0.031203107815824013,0.615603950919935,0.5768565663234008
GTEX-1HB9E-0011-R3a-SM-ARL7D.1,BRAIN,54.5,6.5,547.0,0.5299729484330485,-0.29468914040421607,0.8246620888372647,0.5606329435251565
GTEX-1HB9E-0011-R4b-SM-ARZLS.1,BRAIN,54.5,6.5,547.0,0.4255476029756193,-0.25497063516225565,0.6805182381378749,0.6268631591035204
GTEX-1HB9E-0011-R5b-SM-ARU78.1,BRAIN,54.5,7.6,547.0,0.546292026224702,-0.09691367109533978,0.6432056973200417,0.5696473386995015
GTEX-1HB9E-0011-R6b-SM-A9G1P.1,BRAIN,54.5,8.1,547.0,0.6353084771435398,-0.40799406846703845,1.0433025456105782,0.5134366153036591
GTEX-1HB9E-0011-R7b-SM-A9G1Q.1,BRAIN,54.5,7.7,547.0,0.299446767897984,0.19710575909680644,0.10234100880117758,0.257740997850684
GTEX-1HB9E-0011-R8b-SM-A9G1O.1,BRAIN,54.5,7.5,547.0,0.6922855374503609,-0.7628527021474716,1.4551382395978325,0.8666421640003183
GTEX-1HB9E-0126-SM-CM2S5.1,SKIN,54.5,6.4,544.0,-0.3301372988662581,0.7056590414038019,-1.03579634027006,-0.2480225209747853
GTEX-1HB9E-0226-SM-E9U4R.1,SKIN,54.5,8.1,561.0,0.009917013845998099,-0.6675015307205088,0.6774185445665069,0.14070710960967406
GTEX-1HB9E-0326-SM-D3LA5.1,MUSCLE,54.5,8.3,572.0,0.11976083453685551,0.49307682009579634,-0.37331598555894085,0.20260117265457211
GTEX-1HB9E-0626-SM-AHZ4K.1,LIVER,54.5,6.0,575.0,0.04702307252455361,-0.266908008041114,0.3139310805656676,0.4258560285432756
GTEX-1HB9E-2926-SM-D4P3S.1,BRAIN,54.5,6.2,694.0,-0.09381258117518604,0.42344465446251633,-0.5172572356377023,0.021125366008432924
GTEX-1HB9E-3126-SM-AHZ4M.1,BRAIN,54.5,6.5,697.0,0.3534337597206448,-0.4635526844749559,0.8169864441956007,0.26441526955282196
GTEX-1HBPH-0011-R10a-SM-CE6SI.1,BRAIN,44.5,5.7,870.0,0.1259304343487371,0.3358174217347619,-0.20988698738602482,0.0043516516493530815
GTEX-1HBPH-0011-R11b-SM-A8N7U.1,BRAIN,44.5,6.3,870.0,0.8487738558834764,-0.9145130174690584,1.7632868733525349,-0.05596254079025997
GTEX-1HBPH-0011-R3a-SM-A96RY.1,BRAIN,44.5,7.5,870.0,-0.5102461045128351,0.7059082560907662,-1.2161543606036014,-0.25800146310212446
GTEX-1HBPH-0011-R4a-SM-A96RX.1,BRAIN,44.5,6.9,870.0,-0.5790898062540312,0.7076383134988415,-1.2867281197528726,-0.21092463854191043
GTEX-1HBPH-0011-R5b-SM-A9G1R.1,BRAIN,44.5,6.2,870.0,-1.4081996463155468,1.1920719694632267,-2.6002716157787735,-0.45132199713893195
GTEX-1HBPH-0011-R6a-SM-CKZOV.1,BRAIN,44.5,6.3,870.0,0.012165350816475696,0.4069753816278705,-0.3948100308113948,-0.2637471540269007
GTEX-1HBPH-0011-R8b-SM-CL556.1,BRAIN,44.5,6.9,870.0,0.7299993470090906,-0.9373306937322968,1.6673300407413874,0.9212896755522959
GTEX-1HBPH-0011-R9a-SM-CMKH3.1,BRAIN,44.5,7.5,870.0,0.749104839675877,-2.3246342352806715,3.0737390749565483,0.7334515032669802
GTEX-1HBPH-0126-SM-CNNQ7.1,HEART,44.5,6.7,915.0,0.6407929508640047,0.06140029675469576,0.579392654109309,-0.22213804217506886
GTEX-1HBPH-0226-SM-9WYSM.1,HEART,44.5,7.3,916.0,0.3170118913394123,-0.3784080279660386,0.6954199193054509,0.021861892377508876
GTEX-1HBPH-0426-SM-B2LW5.1,SKIN,44.5,6.5,990.0,0.5086122772638859,-0.4052975724554094,0.9139098497192953,1.145960180725706
GTEX-1HBPH-0826-SM-ARZNB.1,MUSCLE,44.5,7.5,1006.0,0.3703583237450308,-1.1617824441418827,1.5321407678869134,0.20516994839316224
GTEX-1HBPH-2026-SM-CMKGL.1,SKIN,44.5,6.2,1040.0,0.477211397638821,0.15931248593647657,0.3178989117023444,1.0150825532567518
GTEX-1HBPH-2626-SM-A96TV.1,LIVER,44.5,6.6,1050.0,-0.32317874595291746,0.5506566953726343,-0.8738354413255518,0.012019173289640089
GTEX-1HBPH-3026-SM-9WPNY.1,BRAIN,44.5,6.5,1071.0,0.4862710283806032,-0.28835627253666646,0.7746273009172697,-0.07964508798442596
GTEX-1HBPH-3126-SM-9WYUV.1,BRAIN,44.5,7.2,1074.0,0.206659456436532,0.2848350284675875,-0.07817557203105552,-0.05083439965530851
GTEX-1HBPI-0011-R10a-SM-A96RZ.1,BRAIN,54.5,6.8,753.0,0.8246620368587183,-0.3180589220886359,1.1427209589473541,0.05049632488886737
GTEX-1HBPI-0011-R11b-SM-CE6SH.1,BRAIN,54.5,6.2,753.0,1.1897887920004226,-1.632961794187575,2.822750586187998,-0.05486482484065656
GTEX-1HBPI-0011-R1b-SM-A9SKF.1,BRAIN,54.5,7.0,753.0,0.2346885057674473,-0.09040006510173744,0.32508857086918475,0.45313504339678035
GTEX-1HBPI-0011-R4a-SM-CJI3K.1,BRAIN,54.5,6.4,753.0,-0.5247687456016755,0.40586065340272115,-0.9306293990043967,-0.17047477393742713
GTEX-1HBPI-0011-R5a-SM-CKZOW.1,BRAIN,54.5,7.8,753.0,0.2166011983916323,0.45332307712935216,-0.23672187873771985,-0.19471087252950353
GTEX-1HBPI-0011-R6b-SM-A9G1T.1,BRAIN,54.5,7.3,753.0,-0.18528025282394348,0.6344923657933462,-0.8197726186172897,-0.19689460267036987
GTEX-1HBPI-0011-R8a-SM-A9G1S.1,BRAIN,54.5,6.6,753.0,-1.3856048207736444,1.1032460238094306,-2.488850844583075,-0.5123915347629362
GTEX-1HBPI-0011-R9b-SM-ARL76.1,BRAIN,54.5,6.4,753.0,0.41050552681586394,-0.5310420248690966,0.9415475516849605,0.5807999009031368
GTEX-1HBPI-0226-SM-ADEJ7.1,MUSCLE,54.5,8.2,933.0,0.24043588541541833,0.74245008895204,-0.5020142035366217,-0.07219119655812259
GTEX-1HBPI-1026-SM-AHZ4N.1,LIVER,54.5,6.3,942.0,-0.4725482591209781,0.90846780552114,-1.3810160646421181,-0.1139187718358451
GTEX-1HBPI-1526-SM-C1YQ1.1,SKIN,54.5,8.2,954.0,-0.08722456848319982,0.2651069288677811,-0.3523314973509809,0.046257320425175816
GTEX-1HBPI-2126-SM-ARL9K.1,SKIN,54.5,8.7,1021.0,-0.06028824077675206,0.21648078164798257,-0.2767690224247346,0.21963293280687318
GTEX-1HBPI-2726-SM-9WPPF.1,BRAIN,54.5,6.8,1075.0,0.6456595096267231,-0.648198791263137,1.29385830088986,-0.17045821555555943
GTEX-1HBPI-2826-SM-ARZNO.1,BRAIN,54.5,6.0,1077.0,0.0445477835516614,0.29852789495207965,-0.25398011140041826,-0.10113477882839385
GTEX-1HBPM-0011-R10a-SM-CJI3Q.1,BRAIN,64.5,5.9,672.0,-1.2338355895035296,1.0989472831318792,-2.3327828726354087,-0.6910391887938847
GTEX-1HBPM-0011-R4a-SM-CJI3L.1,BRAIN,64.5,5.7,672.0,-2.499410706946506,1.262702439632218,-3.7621131465787236,-1.3050658908167474
GTEX-1HBPM-0011-R5b-SM-CJI3I.1,BRAIN,64.5,6.3,672.0,0.012670864564871123,0.31568459328123627,-0.30301372871636517,0.5731177889776812
GTEX-1HBPM-0011-R6b-SM-ARU73.1,BRAIN,64.5,5.7,672.0,-2.0810962470639276,1.4734427505728342,-3.5545389976367616,-1.0518691009393522
GTEX-1HBPM-0011-R9b-SM-ARL7C.1,BRAIN,64.5,5.7,672.0,-0.5497330922756049,0.33278377541917215,-0.882516867694777,0.07211353244654903
GTEX-1HBPM-0226-SM-ARL9F.1,SKIN,64.5,6.5,677.0,-0.8768706421038397,1.1676610150755458,-2.0445316571793857,-0.06191008465001104
GTEX-1HBPM-0426-SM-CKZOO.1,MUSCLE,64.5,8.5,682.0,0.2540991856516153,0.16815186920081635,0.08594731645079898,0.04794895806207165
GTEX-1HBPM-0726-SM-9YFL7.1,SKIN,64.5,6.3,690.0,-0.4794754818303979,-0.08262550773641913,-0.39684997409397876,-0.11380252246368379
GTEX-1HBPM-1026-SM-ARL9D.1,HEART,64.5,7.1,693.0,0.08069971957278796,-0.9413513131284509,1.0220510327012389,0.5584343466197336
GTEX-1HBPM-1226-SM-A9SM8.1,HEART,64.5,6.1,697.0,-0.5287864064804719,0.7596045890307845,-1.2883909955112565,-0.7941106821011923
GTEX-1HBPM-2926-SM-CL54E.1,BRAIN,64.5,6.6,738.0,-1.4952689608422975,1.1405256471320135,-2.635794607974311,-0.7330853376151183
GTEX-1HBPN-0126-SM-CGQEF.1,SKIN,54.5,6.1,96.0,-1.1597373329477092,1.4387173862888065,-2.598454719236516,-0.6575281038738944
GTEX-1HBPN-0226-SM-9YFM1.1,SKIN,54.5,7.8,104.0,-0.17668119741575758,0.6079917860653331,-0.7846729834810907,-0.12491638016110154
GTEX-1HBPN-0526-SM-A9SM6.1,MUSCLE,54.5,8.0,111.0,-0.8672151200763869,0.8308305265607732,-1.69804564663716,-0.25157389902340055
GTEX-1HBPN-0926-SM-CGQEG.1,HEART,54.5,8.1,125.0,0.23461110586600575,0.08658467826006014,0.14802642760594562,0.2296295407083943
GTEX-1HC8U-0626-SM-B2LWB.1,HEART,44.5,6.9,339.0,0.17692745602933818,-0.1939549312503607,0.3708823872796989,0.25447921435661697
GTEX-1HC8U-0726-SM-ACKXL.1,HEART,44.5,7.4,347.0,0.17024440085560663,0.12792992701258676,0.04231447384301987,-0.05194853286094849
GTEX-1HC8U-1326-SM-9YFMJ.1,SKIN,44.5,8.2,374.0,-0.06546075378567696,0.29726040803955606,-0.362721161825233,0.23666879249340894
GTEX-1HC8U-2626-SM-CNPPH.1,MUSCLE,44.5,6.1,454.0,-0.1836854316049193,0.990285721578792,-1.1739711531837114,0.23368672134911386
GTEX-1HCU6-0011-R10a-SM-CKZP8.1,BRAIN,64.5,6.0,1007.0,0.30970749866639463,0.009434859626983427,0.3002726390394112,-0.06616553947092682
GTEX-1HCU6-0011-R11b-SM-AHZ2F.1,BRAIN,64.5,6.5,1007.0,0.44948348556217455,-0.16539594479746744,0.614879430359642,-0.47748559315196176
GTEX-1HCU6-0011-R3a-SM-ARU75.1,BRAIN,64.5,6.0,1007.0,-0.2860117579868581,0.46061608917043934,-0.7466278471572974,-0.24748762994690965
GTEX-1HCU6-0011-R4b-SM-ARU74.1,BRAIN,64.5,6.0,1007.0,0.07568882130090071,0.07886691622544546,-0.0031780949245447526,-0.13346044584893477
GTEX-1HCU6-0011-R5a-SM-ARU76.1,BRAIN,64.5,6.0,1007.0,-1.4739398246182873,1.2172986866188338,-2.6912385112371213,-0.5614554548172042
GTEX-1HCU6-0011-R7b-SM-ARL77.1,BRAIN,64.5,5.7,1007.0,0.5186849851896294,-0.5878500418958645,1.106535027085494,0.19014209057939407
GTEX-1HCU6-0011-R8a-SM-CJI3R.1,BRAIN,64.5,6.1,1007.0,-0.5404379980313071,0.7020422709037679,-1.2424802689350751,-0.2670286919285329
GTEX-1HCU6-0126-SM-CL54K.1,SKIN,64.5,8.9,1081.0,-0.443968422252889,0.3047333511380052,-0.7487017733908943,0.31102696753693576
GTEX-1HCU6-0526-SM-A9SKU.1,MUSCLE,64.5,7.9,1090.0,-0.22729775133621147,0.6449373524743935,-0.872235103810605,-0.3813814808264006
GTEX-1HCU6-1026-SM-A9G25.1,HEART,64.5,6.4,1097.0,-1.0856797901563378,0.7178854998045483,-1.803565289960886,-0.7952548758616153
GTEX-1HCU6-2026-SM-A8NA7.1,LIVER,64.5,6.3,1110.0,-0.46660228083572786,0.8153562765239327,-1.2819585573596606,-0.33136174179472877
GTEX-1HCU6-2526-SM-ADEHL.1,SKIN,64.5,7.8,1116.0,-0.3779339252995434,0.4401579803097838,-0.8180919056093272,0.17089320156411197
GTEX-1HCU6-3126-SM-CL54L.1,BRAIN,64.5,6.9,1141.0,0.32707182877012064,-0.13656400027087193,0.46363582904099254,0.2084254286506006
GTEX-1HCU7-0226-SM-CL545.1,SKIN,54.5,8.1,400.0,-0.2216390387560186,-0.6623900989710806,0.440751060215062,-0.18015950418804924
GTEX-1HCU7-0426-SM-D3L8Q.1,MUSCLE,54.5,8.9,407.0,0.3556867694457215,-0.002777492960693957,0.35846426240641543,-0.10922217942041873
GTEX-1HCU7-0726-SM-A9SL1.1,SKIN,54.5,7.7,422.0,-0.3290058094448191,-0.029123978136942643,-0.2998818313078765,-0.34852801196485866
GTEX-1HCU7-1226-SM-B2LX8.1,HEART,54.5,6.6,445.0,-0.8099839357103439,0.7240128788297049,-1.5339968145400489,0.15137715244593658
GTEX-1HCU7-1326-SM-CNPPW.1,HEART,54.5,6.6,448.0,-1.1756466646107189,1.0294994145779246,-2.2051460791886432,-1.0203064003099958
GTEX-1HCU7-1726-SM-B2LX9.1,LIVER,54.5,5.6,469.0,-0.44332437325913066,0.0700385558076931,-0.5133629290668238,-0.2524137272062635
GTEX-1HCU8-0626-SM-A9SM9.1,SKIN,64.5,6.8,791.0,-0.4727749412876378,0.673043925415941,-1.145818866703579,-0.09703253403383032
GTEX-1HCU8-2526-SM-CE6RX.1,SKIN,64.5,5.8,823.0,0.30921187656142574,-0.7927981069186033,1.102009983480029,0.5681955165493512
GTEX-1HCU9-0426-SM-9WYSD.1,SKIN,24.5,7.1,857.0,-0.3954784495403965,1.3773251767419386,-1.772803626282335,0.2122175047782637
GTEX-1HCU9-1526-SM-A9SL7.1,SKIN,24.5,6.2,887.0,-1.2870712649718745,1.6754097885055836,-2.9624810534774584,-0.5150014278372296
GTEX-1HCU9-1926-SM-9WYSE.1,MUSCLE,24.5,7.5,895.0,-0.1583656958444933,0.7492165859643648,-0.9075822818088581,-0.7307983808167589
GTEX-1HCUA-0526-SM-A9SMH.1,HEART,54.5,8.5,201.0,0.5861434198302812,0.06823216215574483,0.5179112576745364,-0.14491015893484033
GTEX-1HCUA-0626-SM-ACKVT.1,HEART,54.5,8.4,205.0,0.03453599066801798,-0.01352015076862597,0.04805614143664395,0.2761081869863654
GTEX-1HCUA-0826-SM-ADEHM.1,SKIN,54.5,5.9,215.0,-1.4382795015989323,1.7095679210054817,-3.147847422604414,-0.3819820591663197
GTEX-1HCUA-2326-SM-ACKVJ.1,MUSCLE,54.5,7.8,288.0,0.4026850952253702,0.44483912688672683,-0.04215403166135662,-0.5231781901541662
GTEX-1HCUA-2426-SM-ADEIS.1,SKIN,54.5,7.9,296.0,-0.47125948946863705,0.6879858394056115,-1.1592453288742486,0.050389158353912694
GTEX-1HCVE-0011-R10a-SM-ARZLT.1,BRAIN,54.5,6.5,600.0,0.7604379767105663,-0.49560777342193446,1.2560457501325009,0.2215394834209971
GTEX-1HCVE-0011-R5b-SM-CKZP7.1,BRAIN,54.5,6.9,600.0,0.5264796792601738,-0.0922422945229115,0.6187219737830854,0.021568649460360276
GTEX-1HCVE-0011-R7b-SM-A9G1I.1,BRAIN,54.5,5.7,600.0,-0.08257982172789435,0.543741829287626,-0.6263216510155204,-0.3559058846203631
GTEX-1HCVE-0011-R8a-SM-ARU7A.1,BRAIN,54.5,5.6,600.0,-0.5161422198928278,0.7448634478565614,-1.2610056677493893,-0.17536586197963097
GTEX-1HCVE-0126-SM-CGQEU.1,SKIN,54.5,6.3,753.0,-0.011193839646362325,0.045568814124601224,-0.05676265377096355,0.15202130888102922
GTEX-1HCVE-0326-SM-CGQEW.1,MUSCLE,54.5,7.9,763.0,0.6180321801060337,-0.014491389355800336,0.632523569461834,0.026023866573491598
GTEX-1HCVE-0826-SM-CM2SF.1,HEART,54.5,7.6,823.0,0.12336487982840033,-0.8675715994508691,0.9909364792792694,0.6347646332896867
GTEX-1HCVE-1126-SM-9WPPG.1,HEART,54.5,5.8,828.0,-2.6811901466454042,1.0012415175354197,-3.682431664180824,-0.9972677711989617
GTEX-1HCVE-1526-SM-B2LWW.1,LIVER,54.5,6.0,835.0,0.1564453641254358,-0.043866985188681915,0.20031234931411773,-0.2862802113450228
GTEX-1HCVE-2726-SM-CL54F.1,SKIN,54.5,8.2,864.0,-0.032389044397897665,-0.037032267465295164,0.004643223067397499,0.050961555230949314
GTEX-1HCVE-2926-SM-9WPPJ.1,BRAIN,54.5,7.5,868.0,0.5418575371635144,-0.40439988566337676,0.9462574228268912,-0.04854951619261788
GTEX-1HCVE-3026-SM-CL54G.1,BRAIN,54.5,7.7,870.0,0.5136098610144406,-0.2856550317385704,0.799264892753011,0.27214701137120645
GTEX-1HFI6-0011-R10b-SM-ARZLO.1,BRAIN,44.5,6.1,875.0,1.0961864333928355,-1.0841142433907396,2.180300676783575,0.12067450017744771
GTEX-1HFI6-0011-R11b-SM-A96RU.1,BRAIN,44.5,8.6,875.0,1.1161306223293286,-2.087745395182016,3.2038760175113445,-0.24171700691438217
GTEX-1HFI6-0011-R2a-SM-CMKH5.1,BRAIN,44.5,6.3,875.0,0.7343974998301173,-0.5097137193402035,1.2441112191703207,0.4629533472074044
GTEX-1HFI6-0011-R3b-SM-A9SKB.1,BRAIN,44.5,6.5,875.0,0.7078806004658118,-0.42473616480554305,1.1326167652713548,0.22009086245627363
GTEX-1HFI6-0011-R4b-SM-A96RT.1,BRAIN,44.5,6.9,875.0,0.6508866442165749,-0.49319028268417753,1.1440769269007525,0.4025521046104927
GTEX-1HFI6-0011-R5a-SM-A9G1J.1,BRAIN,44.5,7.3,875.0,0.2737799569478793,0.24833962591547845,0.02544033103240087,0.14097293024045343
GTEX-1HFI6-0011-R6b-SM-CM2SR.1,BRAIN,44.5,8.6,875.0,0.8451952461968419,-2.1610014325006768,3.0061966786975187,0.7600401849384771
GTEX-1HFI6-0011-R7b-SM-CM2SS.1,BRAIN,44.5,9.4,875.0,0.6908351603316928,-0.1582633198316108,0.8490984801633036,0.2656395099236137
GTEX-1HFI6-0011-R8a-SM-ARZLP.1,BRAIN,44.5,5.8,875.0,0.7125852348062652,-0.3555629735114566,1.0681482083177218,0.2872621805177395
GTEX-1HFI6-0011-R9b-SM-CMKH4.1,BRAIN,44.5,7.5,875.0,-0.06349257899140752,0.21655998355454636,-0.2800525625459539,0.1027610521368827
GTEX-1HFI6-0126-SM-CNPPI.1,SKIN,44.5,6.4,900.0,0.7246150662986826,-0.9042440276722209,1.6288590939709033,0.30837722318839517
GTEX-1HFI6-0226-SM-ADEHZ.1,SKIN,44.5,7.7,910.0,-0.5750604122544193,0.6140954330989703,-1.1891558453533895,-0.0840066574337365
GTEX-1HFI6-0426-SM-B2LXB.1,MUSCLE,44.5,8.2,919.0,0.36283445193461455,0.07584859517829173,0.2869858567563228,0.11166732213445012
GTEX-1HFI6-0826-SM-9YFM2.1,HEART,44.5,7.3,927.0,0.29852657210864,-0.6047814379088641,0.903308010017504,0.9628569049622326
GTEX-1HFI6-3026-SM-CNPPJ.1,BRAIN,44.5,5.8,1058.0,-0.04919937232007912,0.18482849655416203,-0.23402786887424115,-0.0236931515178033
GTEX-1HFI6-3126-SM-A8N8J.1,BRAIN,44.5,7.5,1057.0,0.9332168320612819,-1.5487615185757238,2.4819783506370054,-0.15494514907525975
GTEX-1HFI7-0526-SM-A9SMA.1,HEART,54.5,7.5,372.0,-0.3348097885230542,0.6361005850651041,-0.9709103735881583,-0.6728984411123711
GTEX-1HFI7-0826-SM-A9G23.1,HEART,54.5,8.0,386.0,0.49546645455258653,0.2612781071331144,0.23418834741947214,-0.39719375899562925
GTEX-1HFI7-1826-SM-ACKXH.1,SKIN,54.5,6.5,454.0,-0.2328862295933091,-0.15013797287480707,-0.08274825671850203,0.01195571269970635
GTEX-1HFI7-1926-SM-A96TQ.1,MUSCLE,54.5,7.3,456.0,0.3850703640901932,0.5248675316174177,-0.13979716752722454,-0.34426786158552597
GTEX-1HFI7-2326-SM-CGQFS.1,SKIN,54.5,7.1,470.0,-0.17744005123396775,0.20723157112776663,-0.38467162236173436,-0.05390432668626306
GTEX-1HGF4-0011-R10b-SM-CE6S5.1,BRAIN,64.5,7.2,760.0,0.31566752239308316,0.11070212296269141,0.20496539943039174,-0.008800599488649202
GTEX-1HGF4-0011-R11a-SM-C1YRR.1,BRAIN,64.5,7.1,760.0,0.9560100369165623,-1.1464329874111936,2.102443024327756,-0.04139407840304156
GTEX-1HGF4-0011-R1a-SM-CJI3S.1,BRAIN,64.5,5.9,760.0,-1.0939719362039684,0.848660049101019,-1.9426319853049874,-0.46170282609433994
GTEX-1HGF4-0011-R3b-SM-CL54W.1,BRAIN,64.5,8.1,760.0,-0.6144980466242471,0.6437620703535439,-1.258260116977791,-0.3659243787588825
GTEX-1HGF4-0011-R5b-SM-CM2ST.1,BRAIN,64.5,9.5,760.0,0.10289591688452043,0.534426485538735,-0.4315305686542145,-0.024707725412158314
GTEX-1HGF4-0011-R6a-SM-A96S1.1,BRAIN,64.5,7.1,760.0,-0.1238414979135749,0.729329237368269,-0.853170735281844,-0.25043470088833203
GTEX-1HGF4-0011-R7a-SM-A96S2.1,BRAIN,64.5,7.3,760.0,-0.4034868260349693,0.9227314170170154,-1.3262182430519847,-0.33731488534083903
GTEX-1HGF4-0011-R8b-SM-CKZP9.1,BRAIN,64.5,7.2,760.0,-0.13242248119093158,0.5299466909506223,-0.6623691721415539,0.02715078632804216
GTEX-1HGF4-0011-R9a-SM-ADEH9.1,BRAIN,64.5,6.6,760.0,-2.185351100498001,1.1660454681767451,-3.351396568674746,-1.209630293015179
GTEX-1HGF4-0126-SM-CNPPX.1,SKIN,64.5,6.5,742.0,-0.9693017684167089,1.2215718802548419,-2.190873648671551,-0.46611533986879905
GTEX-1HGF4-2426-SM-ACKXM.1,SKIN,64.5,7.4,826.0,-0.6561738849568025,1.0380356014890162,-1.6942094864458186,-0.21764822780412255
GTEX-1HGF4-2626-SM-CM2SJ.1,MUSCLE,64.5,8.1,839.0,0.049230003393687806,0.11964860843814626,-0.07041860504445846,-0.4227541665805552
GTEX-1HGF4-3026-SM-A8N89.1,BRAIN,64.5,7.1,908.0,0.6840404864128214,-0.8346258753207405,1.5186663617335618,0.39600176827894146
GTEX-1HGF4-3126-SM-CL54M.1,BRAIN,64.5,5.9,908.0,0.07975411404412322,0.23641960768098996,-0.15666549363686674,-0.16086160297311314
GTEX-1HKZK-0226-SM-9WYUG.1,MUSCLE,44.5,8.6,597.0,0.2732516146724703,0.3927367622282011,-0.11948514755573081,0.07666981554379583
GTEX-1HKZK-0326-SM-9WYUH.1,SKIN,44.5,7.0,600.0,-0.5635100611062129,1.3391154047406315,-1.9026254658468444,0.04192087531367871
GTEX-1HKZK-0726-SM-ACKW2.1,SKIN,44.5,7.4,639.0,-1.1278462973860905,1.4018362351114757,-2.5296825324975662,-0.06308845401061176
GTEX-1HR98-0011-R1a-SM-ARZLQ.1,BRAIN,64.5,5.9,1225.0,-2.010097159582318,1.0213071988078093,-3.0314043583901276,-1.0447232380697842
GTEX-1HR98-0011-R2a-SM-ARL7A.1,BRAIN,64.5,6.0,1225.0,-0.25022532991099233,0.0874077844283964,-0.33763311433938875,0.17758367070707973
GTEX-1HR98-0011-R3b-SM-A9G1U.1,BRAIN,64.5,5.6,1225.0,-1.3485124470052412,0.8613342650631031,-2.2098467120683445,-0.589396616903605
GTEX-1HR98-0011-R5a-SM-A9G1V.1,BRAIN,64.5,6.5,1225.0,-1.0569542919948665,1.0722334532958187,-2.129187745290685,-0.3817274201485452
GTEX-1HR98-0011-R9b-SM-ARL79.1,BRAIN,64.5,5.6,1225.0,-1.5051710436915517,0.8932512917772175,-2.3984223354687693,-0.4737245432825022
GTEX-1HR98-0126-SM-B2LWI.1,SKIN,64.5,7.3,1357.0,0.05330561865023075,0.34731942699010443,-0.2940138083398737,0.15586681561944385
GTEX-1HR98-1026-SM-CKZOM.1,HEART,64.5,6.7,1410.0,0.16483864753545202,0.16426864005287634,0.0005700074825756851,0.15977104413069754
GTEX-1HR98-2226-SM-ADEI2.1,SKIN,64.5,5.9,1421.0,-0.436040112170843,0.9243458845318564,-1.3603859967026994,-0.05441229297559178
GTEX-1HR98-3026-SM-CNPPK.1,BRAIN,64.5,6.4,1430.0,0.11257778396816874,0.0732887367042833,0.039289047263885435,0.08811556149921422
GTEX-1HR9M-0011-R10a-SM-CM2SU.1,BRAIN,64.5,7.9,670.0,-0.6984007231446946,0.5899111727331847,-1.2883118958778792,-0.3872739329078585
GTEX-1HR9M-0011-R3b-SM-ARL7B.1,BRAIN,64.5,5.8,670.0,-0.7750581436092037,0.33118510998198253,-1.1062432535911861,0.026742040888130116
GTEX-1HR9M-0011-R5a-SM-ARU72.1,BRAIN,64.5,5.9,670.0,-1.9333500646658344,1.1989289070546347,-3.132278971720469,-0.716583908976077
GTEX-1HR9M-0011-R6a-SM-ARU6Z.1,BRAIN,64.5,6.1,670.0,-0.12111252320510646,0.4352704086833921,-0.5563829318884985,-0.44648504264169137
GTEX-1HR9M-0326-SM-CL549.1,MUSCLE,64.5,8.0,742.0,0.12294314084998731,-0.6353050111079855,0.7582481519579729,0.22646030583764235
GTEX-1HR9M-2226-SM-CNPPY.1,SKIN,64.5,6.9,861.0,-0.3368027234161015,0.25187126841486124,-0.5886739918309627,-0.4263866450599537
GTEX-1HSEH-0126-SM-ACKXN.1,SKIN,64.5,6.2,264.0,-1.430383795550096,1.904734390063839,-3.335118185613935,-0.40524952976760276
GTEX-1HSEH-0326-SM-A9G26.1,MUSCLE,64.5,8.3,275.0,-0.266478733806955,0.23470329494563552,-0.5011820287525905,-0.4633195566907073
GTEX-1HSGN-0226-SM-CGQFV.1,SKIN,44.5,7.8,318.0,-0.6510858139219723,0.12815558402589508,-0.7792413979478674,-0.309290231335832
GTEX-1HSGN-0326-SM-ACKXQ.1,MUSCLE,44.5,8.3,321.0,-0.7967872888326849,0.9867422490893921,-1.783529537922077,-0.25579657663817146
GTEX-1HSGN-0826-SM-ACKW3.1,SKIN,44.5,7.1,333.0,-1.0469381487307463,1.5069812907314315,-2.553919439462178,-0.3831283083803654
GTEX-1HSGN-0926-SM-CNNQM.1,HEART,44.5,7.9,337.0,0.09025282620944772,0.5475165033264868,-0.4572636771170391,-0.4361062397294795
GTEX-1HSGN-1126-SM-CJI4G.1,HEART,44.5,8.3,342.0,0.20093286744627473,0.48433036794765233,-0.2833975005013776,-0.5997372134817405
GTEX-1HSKV-0011-R10b-SM-CMKH6.1,BRAIN,64.5,5.6,594.0,0.06234296044980691,0.41585535775371274,-0.3535123973039058,-0.1284332036045975
GTEX-1HSKV-0011-R11b-SM-AHZ2E.1,BRAIN,64.5,6.0,594.0,1.0464597061004455,-1.3037529030520583,2.3502126091525035,0.07330878628894416
GTEX-1HSKV-0011-R1b-SM-CMKH7.1,BRAIN,64.5,8.6,594.0,0.08976460442474682,0.1939676089751674,-0.10420300455042059,0.25661575517183616
GTEX-1HSKV-0011-R5b-SM-ARZLN.1,BRAIN,64.5,5.7,594.0,-0.4965248860512619,0.7700044103973531,-1.266529296448615,-0.3322424939574363
GTEX-1HSKV-0011-R8a-SM-CL54X.1,BRAIN,64.5,8.0,594.0,0.03149454761957512,0.43911730127665566,-0.40762275365708056,0.18802718450586559
GTEX-1HSKV-0126-SM-E6CI1.1,MUSCLE,64.5,8.0,736.0,0.10024493047444906,0.7743866429358667,-0.6741417124614176,-0.5824494589132329
GTEX-1HSKV-0226-SM-A9SKJ.1,SKIN,64.5,7.3,736.0,-0.2906092225742208,-0.017514243945496024,-0.2730949786287248,-0.1064123334472574
GTEX-1HSKV-0726-SM-ACKWE.1,HEART,64.5,7.0,771.0,-0.3566777832346759,0.7013754531655425,-1.0580532364002184,-0.10302003758276967
GTEX-1HSKV-1226-SM-ADEI4.1,SKIN,64.5,7.4,785.0,-0.34790263609690164,0.3321485956261964,-0.680051231723098,-0.006157651112054973
GTEX-1HSKV-2926-SM-B2LWJ.1,BRAIN,64.5,6.4,849.0,0.6678655289233781,-0.9179780662966183,1.5858435952199965,0.05442528250736087
GTEX-1HSKV-3026-SM-A96SL.1,BRAIN,64.5,5.6,853.0,-0.36689700883385395,0.6910325731072866,-1.0579295819411405,-0.160787779545477
GTEX-1HSMO-0011-R10a-SM-CL54Y.1,BRAIN,64.5,7.1,683.0,-0.38305611055426486,0.29130545617306725,-0.6743615667273322,-0.46409422457790267
GTEX-1HSMO-0011-R1a-SM-CM2SV.1,BRAIN,64.5,8.2,683.0,-0.8289438948898652,0.5141803209578926,-1.3431242158477579,-0.5730991346630113
GTEX-1HSMO-0011-R2a-SM-CL553.1,BRAIN,64.5,6.5,683.0,0.22688190588602666,-0.766034140944883,0.9929160468309096,0.3232405378583495
GTEX-1HSMO-0011-R8b-SM-CM2SW.1,BRAIN,64.5,5.8,683.0,-2.9067373241565004,1.0803254467708756,-3.987062770927376,-1.3860073495006016
GTEX-1HSMO-0011-R9b-SM-CM2T2.1,BRAIN,64.5,6.3,683.0,-0.6038932085642547,0.0013799974790697543,-0.6052732060433245,0.07925388702956497
GTEX-1HSMO-0126-SM-CL547.1,SKIN,64.5,7.7,805.0,-0.48422112160655245,0.08595266699667234,-0.5701737886032248,0.012516965105832516
GTEX-1HSMO-0526-SM-ACKXB.1,MUSCLE,64.5,8.2,842.0,-0.2995811035415807,0.14217207278964483,-0.4417531763312255,0.4707844525801492
GTEX-1HSMO-0626-SM-ACKXC.1,SKIN,64.5,7.7,862.0,-0.4515392496944749,0.24753787325760998,-0.6990771229520849,0.18440310140024965
GTEX-1HSMO-1126-SM-CGQF2.1,HEART,64.5,6.9,873.0,0.47682111700404717,-1.1476379775787284,1.6244590945827757,0.8960723205105844
GTEX-1HSMO-1226-SM-CL548.1,HEART,64.5,7.1,874.0,0.475538045319402,-2.760301787219944,3.2358398325393463,1.5313765270775208
GTEX-1HSMO-2926-SM-C1YR5.1,BRAIN,64.5,6.5,903.0,-0.07363303490547979,0.044418849618143214,-0.118051884523623,-0.3458357003235757
GTEX-1HSMO-3026-SM-A9G3F.1,BRAIN,64.5,6.4,904.0,0.02485959838553607,0.09459394828142072,-0.06973434989588465,-0.2872318388468819
GTEX-1HSMP-0126-SM-E6CJS.1,SKIN,74.5,6.2,321.0,-0.24988246592291002,1.0673005153277566,-1.3171829812506666,-0.0451271215127433
GTEX-1HSMP-0326-SM-A9SMC.1,MUSCLE,74.5,8.1,353.0,0.04104548019675701,0.25001511332178816,-0.20896963312503114,-0.25541350042598004
GTEX-1HSMP-0926-SM-A9SKX.1,SKIN,74.5,7.8,378.0,0.7604162914835689,0.7153602643169551,0.04505602716661383,-0.2021694937607708
GTEX-1HSMQ-0226-SM-C1YQL.1,HEART,54.5,8.3,297.0,0.5765334862557303,-0.5097247275564153,1.0862582138121457,-0.07437808521703178
GTEX-1HSMQ-0426-SM-ADEIM.1,HEART,54.5,8.2,301.0,0.26938624020186613,-0.57953241801485,0.8489186582167161,0.7168180982233767
GTEX-1HSMQ-1226-SM-CGQFX.1,SKIN,54.5,8.5,375.0,0.11319789334740396,-0.5511048966456097,0.6643027899930136,0.3333206725207962
GTEX-1HSMQ-1326-SM-ADEHS.1,MUSCLE,54.5,8.5,387.0,-0.43285328341486395,-0.20754441531058523,-0.22530886810427872,-0.22333287582149544
GTEX-1HSMQ-2626-SM-A9SML.1,SKIN,54.5,7.7,573.0,-0.825778723500311,0.5139785103583201,-1.3397572338586312,-0.18968377527222832
GTEX-1HT8W-0011-R1b-SM-CJI3V.1,BRAIN,34.5,5.7,1183.0,0.2094223135670225,0.0036318456398837075,0.20579046792713881,-0.2996269607303566
GTEX-1HT8W-0011-R2a-SM-CMKH9.1,BRAIN,34.5,6.7,1183.0,0.2962392533352658,0.17450789404162817,0.12173135929363763,0.21105347447738565
GTEX-1HT8W-0011-R5b-SM-CJI3P.1,BRAIN,34.5,5.6,1183.0,0.24972127026326782,0.38083699595489706,-0.13111572569162924,-0.36025361824323354
GTEX-1HT8W-0011-R6a-SM-CM2SY.1,BRAIN,34.5,8.3,1183.0,0.7135329333027938,-0.08437982372069121,0.797912757023485,0.044883752049903525
GTEX-1HT8W-0011-R7b-SM-CMKH8.1,BRAIN,34.5,8.8,1183.0,0.11355470083046174,0.6007984413139196,-0.48724374048345787,-0.20985140232195784
GTEX-1HT8W-0011-R8b-SM-CM2SX.1,BRAIN,34.5,7.2,1183.0,0.6626853184511866,-0.24740577712994544,0.9100910955811321,0.2147021831150729
GTEX-1HT8W-0126-SM-CNPPP.1,SKIN,34.5,7.5,1230.0,-0.20834262740679574,0.28666846296083826,-0.495011090367634,-0.24248306005792136
GTEX-1HT8W-0326-SM-CM2SG.1,MUSCLE,34.5,8.4,1233.0,0.8001591615911338,-0.24161731513762577,1.0417764767287596,-0.12148692267029376
GTEX-1HT8W-0626-SM-A9G2H.1,SKIN,34.5,7.1,1238.0,-0.209407392961475,-0.16381237768889387,-0.04559501527258114,-0.2625567855130826
GTEX-1HT8W-0826-SM-C1YRJ.1,LIVER,34.5,5.9,1241.0,0.2759207817007229,0.1558579190861848,0.12006286261453808,0.31571782068760235
GTEX-1HT8W-1326-SM-CGQEN.1,HEART,34.5,6.4,1250.0,0.5239594043557233,-0.3152876234496246,0.8392470278053479,0.4775357735604323
GTEX-1HT8W-1726-SM-CNNQB.1,HEART,34.5,5.8,1257.0,-1.697917230465178,1.056376165928829,-2.754293396394007,-0.6828767641720856
GTEX-1HT8W-2926-SM-A8NA9.1,BRAIN,34.5,7.2,1293.0,0.8940081304297468,-1.4113121429714952,2.305320273401242,-0.1990607427629681
GTEX-1HT8W-3026-SM-CGQEO.1,BRAIN,34.5,5.5,1295.0,0.655768793466437,-0.2688594536160743,0.9246282470825113,0.016336213602708996
GTEX-1HUB1-0011-R11b-SM-CE6SC.1,BRAIN,64.5,7.6,655.0,-0.4883937870537154,0.7311973267011235,-1.2195911137548388,-0.45587544820990566
GTEX-1HUB1-0011-R3b-SM-CKZOX.1,BRAIN,64.5,8.0,655.0,-0.29189905221274215,0.5868998286058089,-0.8787988808185511,-0.317781467826223
GTEX-1HUB1-0011-R5a-SM-CKZOY.1,BRAIN,64.5,8.0,655.0,-0.6651713555616879,0.9791482655251742,-1.6443196210868622,-0.15642767952349315
GTEX-1HUB1-0011-R6b-SM-ARU6W.1,BRAIN,64.5,6.6,655.0,-0.12250436842216833,0.7216970424295857,-0.8442014108517539,-0.48214114708856015
GTEX-1HUB1-0426-SM-E9U4U.1,SKIN,64.5,7.6,801.0,0.24170002904115281,0.143125495342221,0.09857453369893182,0.736455925233733
GTEX-1HUB1-0526-SM-CL54N.1,MUSCLE,64.5,7.7,803.0,0.007240666119667,0.15235813665326747,-0.14511747053360047,-0.17607256649659203
GTEX-1HUB1-0726-SM-CGQF4.1,HEART,64.5,5.6,814.0,-0.9649557820253567,0.4142918249267013,-1.379247606952058,0.25786654480169063
GTEX-1HUB1-1426-SM-CGQF5.1,SKIN,64.5,6.8,834.0,0.1894766021840616,0.15367001568687708,0.03580658649718452,0.6908880964547065
GTEX-1HUB1-2926-SM-ACKXA.1,BRAIN,64.5,6.4,903.0,-0.4377089584955845,0.6730510461129475,-1.110760004608532,-0.203544540543214
GTEX-1I19N-0011-R11b-SM-ARU6Y.1,BRAIN,74.5,5.8,725.0,0.4372522786372435,-0.49522440454256866,0.9324766831798121,-0.3880635770394612
GTEX-1I19N-0011-R5b-SM-ARU6X.1,BRAIN,74.5,6.0,725.0,0.4173900175859526,-0.15292362256960795,0.5703136401555606,0.5641252497447486
GTEX-1I19N-0011-R6b-SM-CY8GC.1,BRAIN,74.5,6.3,725.0,0.31640396304897844,-0.16122995413514982,0.4776339171841283,0.37388145065078254
GTEX-1I19N-0011-R9a-SM-CMKHN.1,BRAIN,74.5,6.5,725.0,0.24595650211865885,-0.9832675540495982,1.229224056168257,0.7545097206803619
GTEX-1I19N-0126-SM-CYPSF.1,SKIN,74.5,6.9,737.0,0.9216507466616696,0.1818716531021018,0.7397790935595678,0.36717247697044614
GTEX-1I19N-0326-SM-ACKVX.1,SKIN,74.5,8.1,744.0,0.2661710529225078,0.6611440866988604,-0.39497303377635257,0.04835506407738906
GTEX-1I19N-0626-SM-A9SKY.1,HEART,74.5,8.1,748.0,0.44450143885545945,-1.539742856257233,1.9842442951126924,1.2274384876114812
GTEX-1I19N-2026-SM-ACKXJ.1,MUSCLE,74.5,8.3,768.0,0.5523722224920279,-0.7352045589637878,1.2875767814558157,0.3768480495801931
GTEX-1I19N-2926-SM-A8N8C.1,BRAIN,74.5,6.1,786.0,-0.050242541731537665,0.1856943462446619,-0.23593688797619958,0.07830150101242846
GTEX-1I19N-3026-SM-CL55E.1,BRAIN,74.5,6.0,788.0,0.11238344004272047,-0.07089790972890682,0.1832813497716273,0.42686287738071654
GTEX-1I1CD-0011-R10b-SM-CJI3W.1,BRAIN,64.5,5.8,594.0,-0.36502611203209695,0.5896949577847812,-0.9547210698168782,-0.4618175561111787
GTEX-1I1CD-0011-R2a-SM-CM2T3.1,BRAIN,64.5,5.7,594.0,-1.2890281767652474,1.004358380392961,-2.2933865571582084,-0.5179164361481379
GTEX-1I1CD-0011-R6b-SM-CJI3Y.1,BRAIN,64.5,7.1,594.0,0.17921505043016087,0.5109972716716212,-0.3317822212414604,-0.1975106410708349
GTEX-1I1CD-0011-R7a-SM-CMKHA.1,BRAIN,64.5,6.9,594.0,0.24465305078036073,-0.17893865268690956,0.42359170346727026,0.21625752871810733
GTEX-1I1CD-0011-R8b-SM-CJI3X.1,BRAIN,64.5,5.9,594.0,-0.25492555749904067,0.5750268792029527,-0.8299524367019934,0.04591065954711424
GTEX-1I1CD-0011-R9a-SM-CMKHB.1,BRAIN,64.5,6.0,594.0,-0.6666698515201588,0.7129535458750984,-1.3796233973952572,-0.42942938339292863
GTEX-1I1CD-0126-SM-CM2TK.1,SKIN,64.5,8.0,680.0,0.11053844694692984,0.017132163040355423,0.09340628390657442,0.4043581851382278
GTEX-1I1CD-0626-SM-CE6SW.1,SKIN,64.5,8.0,696.0,0.25682675643825265,0.14266841175025802,0.11415834468799463,0.364439238790034
GTEX-1I1CD-1326-SM-A9SMM.1,HEART,64.5,6.7,704.0,0.3408782437928277,-0.5838136578625147,0.9246919016553424,0.9262784562509363
GTEX-1I1CD-2926-SM-A96SJ.1,BRAIN,64.5,7.5,728.0,0.5322282179017996,-0.5848680618931189,1.1170962797949184,-0.24542604464588855
GTEX-1I1CD-3026-SM-B2LY2.1,BRAIN,64.5,6.9,729.0,0.38521146037768694,-0.06800218488114879,0.45321364525883573,0.172308731621582
GTEX-1I1GP-0008-SM-EXUT6.1,SKIN,54.5,9.9,1344.0,0.8521794227577573,-1.1912638329588707,2.043443255716628,-0.20239885265843077
GTEX-1I1GP-0626-SM-ARL7H.1,HEART,54.5,7.5,1307.0,0.8174074104622776,-0.6669087984901607,1.4843162089524382,0.4789393770498998
GTEX-1I1GP-0826-SM-A96SD.1,HEART,54.5,5.7,1311.0,-2.330595510160077,0.9572985542399881,-3.2878940644000654,-0.8609196812202601
GTEX-1I1GP-1326-SM-A9G28.1,SKIN,54.5,7.4,1319.0,-0.018055322810996245,0.1876372265965015,-0.20569254940749776,0.19010581435516374
GTEX-1I1GP-2126-SM-CKZPJ.1,MUSCLE,54.5,8.5,1341.0,-0.13508490965451603,0.22606729342632725,-0.3611522030808433,-0.04213800909007598
GTEX-1I1GP-2226-SM-CGQFK.1,SKIN,54.5,6.0,1343.0,-0.04665678648480854,0.9397938650004285,-0.986450651485237,0.038768633939105054
GTEX-1I1GQ-0011-R11b-SM-CKZPA.1,BRAIN,54.5,7.1,1015.0,1.0478166960298394,-1.1381281184937553,2.1859448145235945,-0.06574363168576576
GTEX-1I1GQ-0011-R1a-SM-CY8GG.1,BRAIN,54.5,6.1,1015.0,0.05413941462151982,0.3125722279622076,-0.2584328133406878,0.46178254572999095
GTEX-1I1GQ-0011-R5a-SM-CMKHJ.1,BRAIN,54.5,6.6,1015.0,0.13430234409369585,0.6075073302131211,-0.47320498611942524,-0.22848166236971243
GTEX-1I1GQ-0011-R6b-SM-CE6SE.1,BRAIN,54.5,6.5,1015.0,-0.09686998691409136,0.6148752047756841,-0.7117451916897755,-0.20749973002459143
GTEX-1I1GQ-0011-R7a-SM-CJI41.1,BRAIN,54.5,6.8,1015.0,0.011198555215010002,0.6524210703051081,-0.6412225150900981,-0.3309293901024156
GTEX-1I1GQ-0011-R8a-SM-C1YRS.1,BRAIN,54.5,7.2,1015.0,0.9875922069190701,-0.7128034315393156,1.7003956384583856,0.712115063764597
GTEX-1I1GQ-0126-SM-COH3H.1,SKIN,54.5,7.5,1068.0,0.01739658063289163,-0.49798008908070635,0.515376669713598,-0.033561141034677514
GTEX-1I1GQ-0326-SM-A9SKS.1,MUSCLE,54.5,8.7,1072.0,-0.13711895959412265,-0.12988330742682658,-0.007235652167296075,0.2622483619340638
GTEX-1I1GQ-1226-SM-CL55J.1,HEART,54.5,7.2,1108.0,0.3176721272132064,0.2950917017127602,0.0225804255004462,0.16303949209479326
GTEX-1I1GQ-1426-SM-B2LWY.1,HEART,54.5,6.3,1113.0,0.3019389903178995,0.44036836881021224,-0.13842937849231274,-0.2328500402748919
GTEX-1I1GQ-2926-SM-A8N83.1,BRAIN,54.5,7.5,1141.0,0.7697538087183504,-0.6725551678397276,1.442308976558078,0.057288094988601636
GTEX-1I1GQ-3026-SM-CL55K.1,BRAIN,54.5,6.1,1143.0,-0.34943409959225075,0.5841774358640766,-0.9336115354563272,-0.16267522080520527
GTEX-1I1GR-0011-R11a-SM-CM2T5.1,BRAIN,64.5,7.4,615.0,1.130741044332874,-1.654850015962673,2.785591060295547,-0.09616895681230903
GTEX-1I1GR-0011-R3a-SM-CM2T4.1,BRAIN,64.5,5.9,615.0,0.45679150066240104,0.1664481594158097,0.29034334124659134,-0.06695528136186261
GTEX-1I1GR-0011-R4a-SM-CMKHC.1,BRAIN,64.5,6.3,615.0,-0.5577168583424398,0.5320035833933233,-1.089720441735763,-0.33875531582954777
GTEX-1I1GR-0011-R5a-SM-CMKHD.1,BRAIN,64.5,6.4,615.0,0.0069166632842238415,0.6633609263293706,-0.6564442630451468,-0.15267243879553316
GTEX-1I1GR-0011-R6a-SM-CMKHI.1,BRAIN,64.5,6.2,615.0,0.19058353887460586,0.568878832592065,-0.37829529371745907,-0.3272677043128662
GTEX-1I1GR-0126-SM-CL55F.1,SKIN,64.5,8.1,769.0,-0.01823811738547484,-0.28172233490195153,0.2634842175164767,0.3398659742461353
GTEX-1I1GR-0326-SM-CKZPI.1,MUSCLE,64.5,7.8,774.0,0.14618744186876792,0.13313523681988637,0.013052205048881549,-0.33232816838580576
GTEX-1I1GR-1026-SM-A9SLC.1,HEART,64.5,6.6,857.0,-0.6150828022331694,0.6022290003759561,-1.2173118026091254,-0.11940482856948606
GTEX-1I1GR-1526-SM-CNNQE.1,LIVER,64.5,5.6,867.0,-1.1775930660346419,1.103238284056227,-2.280831350090869,-0.3337656125116698
GTEX-1I1GR-2826-SM-A8N8F.1,BRAIN,64.5,7.4,900.0,0.8492526936625888,-1.1356159642501706,1.9848686579127595,0.07772896062722169
GTEX-1I1GR-2926-SM-CNNQG.1,BRAIN,64.5,6.9,903.0,0.15352637231839222,0.37333554333259483,-0.2198091710142026,-0.1209194027912498
GTEX-1I1GS-0011-R11a-SM-C1YRU.1,BRAIN,64.5,7.1,686.0,1.1784898097376872,-2.296367531172246,3.4748573409099333,-0.05373095434110687
GTEX-1I1GS-0011-R1a-SM-CJI43.1,BRAIN,64.5,6.5,686.0,-0.1506123907955938,0.39305144882312665,-0.5436638396187204,-0.05356865590969987
GTEX-1I1GS-0011-R2b-SM-CMKHG.1,BRAIN,64.5,6.2,686.0,-0.11277397304300803,0.4024767301442599,-0.515250703187268,-0.032299170394566076
GTEX-1I1GS-0011-R3b-SM-CYPS7.1,BRAIN,64.5,5.8,686.0,0.26421245431491047,0.027954540154304843,0.23625791416060563,-0.07438412813490364
GTEX-1I1GS-0011-R5a-SM-CKZPC.1,BRAIN,64.5,6.8,686.0,0.5108558622315076,-0.02063188075935563,0.5314877429908632,0.2087407781990453
GTEX-1I1GS-0011-R6b-SM-CMKHE.1,BRAIN,64.5,6.7,686.0,-0.29468238098330307,0.7320006695673142,-1.0266830505506173,-0.2707021640922465
GTEX-1I1GS-0011-R7a-SM-CM2T6.1,BRAIN,64.5,5.6,686.0,-0.8970759030788067,1.0131548382200095,-1.9102307412988162,-0.5813002805539473
GTEX-1I1GS-0011-R8b-SM-CKZPE.1,BRAIN,64.5,6.1,686.0,-0.005654391802154816,0.3349189895662069,-0.34057338136836174,-0.045171954743219875
GTEX-1I1GS-0011-R9b-SM-CMKHF.1,BRAIN,64.5,6.3,686.0,0.24890660586587277,-0.9022632086148769,1.1511698144807496,0.14700115212523482
GTEX-1I1GS-0126-SM-B2LVW.1,SKIN,64.5,7.6,701.0,-0.08058525201791883,0.2032659450169217,-0.2838511970348405,0.43481920238221705
GTEX-1I1GS-0326-SM-ARL7X.1,MUSCLE,64.5,8.1,707.0,0.7327818077097983,-0.1394153248759329,0.8721971325857312,-0.004048959871704608
GTEX-1I1GS-2626-SM-B2LY3.1,SKIN,64.5,7.6,813.0,-0.20158343451954316,-0.17125352878042682,-0.030329905739116342,0.15560623575683247
GTEX-1I1GS-3026-SM-ACKW4.1,BRAIN,64.5,6.7,878.0,0.17768802546733617,-0.4757293376179603,0.6534173630852965,0.19774785161800779
GTEX-1I1GT-0626-SM-CGQER.1,SKIN,64.5,7.0,474.0,-0.4563428075584246,-0.37208458313764015,-0.08425822442078446,-0.1789284758116363
GTEX-1I1GT-0726-SM-B2LWN.1,MUSCLE,64.5,7.1,475.0,-0.41149814480515745,0.9901241912089044,-1.4016223360140618,-0.5527702746364345
GTEX-1I1GT-1026-SM-ARZLV.1,SKIN,64.5,7.5,506.0,-0.8620372395105427,0.4601829058441295,-1.3222201453546722,-0.49062658283788935
GTEX-1I1GU-0008-SM-EXUT7.1,SKIN,44.5,9.9,356.0,0.9149490980570464,-1.0838997840589548,1.9988488821160013,-0.2754009386542617
GTEX-1I1GU-0926-SM-ACKVS.1,SKIN,44.5,7.6,251.0,-0.28813627865959635,0.7805680747272039,-1.0687043533868001,-0.3719431096467068
GTEX-1I1GU-2126-SM-CGQF9.1,MUSCLE,44.5,8.0,353.0,-0.06398458093805526,-1.0060054286845568,0.9420208477465015,-0.12466381377179511
GTEX-1I1GU-2226-SM-CGQFA.1,SKIN,44.5,7.5,356.0,0.15328842055764003,0.2890921515172301,-0.13580373095959009,0.33835272639684755
GTEX-1I1GV-0011-R10a-SM-CE6S6.1,BRAIN,64.5,6.8,855.0,0.2179686785361331,0.18467004884079058,0.03329862969534253,-0.022225300770528762
GTEX-1I1GV-0011-R11a-SM-CJI3Z.1,BRAIN,64.5,8.0,855.0,0.8571290936398288,-0.9356099660369807,1.7927390596768094,-0.20368171239450328
GTEX-1I1GV-0011-R1a-SM-CL559.1,BRAIN,64.5,5.9,855.0,-1.0207144715483467,0.7472960395501098,-1.7680105110984565,-0.3248365747053789
GTEX-1I1GV-0011-R2a-SM-ARZLF.1,BRAIN,64.5,6.0,855.0,-0.1409832392749919,0.3461731679903269,-0.4871564072653188,0.24858206350906561
GTEX-1I1GV-0011-R3a-SM-CL557.1,BRAIN,64.5,5.8,855.0,-0.6045597450527899,0.6488978545513113,-1.253457599604101,-0.2821756791628662
GTEX-1I1GV-0011-R5b-SM-CKZPD.1,BRAIN,64.5,6.0,855.0,-0.8677475266414884,1.111926049945829,-1.9796735765873175,-0.5655770648284988
GTEX-1I1GV-0011-R6b-SM-ARU6Q.1,BRAIN,64.5,6.7,855.0,0.4083974854639983,0.20555798567162759,0.2028394997923707,0.14131056314984308
GTEX-1I1GV-0011-R7a-SM-ARU6R.1,BRAIN,64.5,6.4,855.0,-0.48165837333303546,0.8540548067842474,-1.3357131801172828,0.04309834609691197
GTEX-1I1GV-0011-R9b-SM-ARZLE.1,BRAIN,64.5,5.6,855.0,-1.7776585300027719,1.1628993073862264,-2.9405578373889982,-0.7854071580733141
GTEX-1I1GV-0126-SM-CL55G.1,MUSCLE,64.5,7.7,1137.0,1.192790997683146,-0.9152669882596773,2.108057985942823,-0.03330178938398634
GTEX-1I1GV-0526-SM-A9G29.1,SKIN,64.5,7.1,1142.0,-0.9447736548794765,1.2822414845594645,-2.227015139438941,-0.5064514213299299
GTEX-1I1GV-0626-SM-ARL7M.1,SKIN,64.5,8.1,1187.0,0.01747619809395699,0.00520847091364773,0.01226772718030926,0.03178787479299674
GTEX-1I1GV-1026-SM-A8N8D.1,LIVER,64.5,6.2,1196.0,-0.44242619284378243,0.8510492322113502,-1.2934754250551326,0.2885739717929905
GTEX-1I1GV-1326-SM-A96SE.1,HEART,64.5,6.2,1201.0,-1.4719684239850304,1.0391619864683785,-2.5111304104534087,-0.7040179817012654
GTEX-1I1GV-1426-SM-B2LXN.1,HEART,64.5,6.5,1203.0,0.026612215060694732,0.17170586040098895,-0.14509364534029423,0.1885813674022246
GTEX-1I1GV-3026-SM-CNNR9.1,BRAIN,64.5,7.5,1341.0,0.6977597101229591,-0.5278843150217827,1.2256440251447418,-0.09931839172193457
GTEX-1I1GV-3126-SM-A96SF.1,BRAIN,64.5,6.3,1344.0,-0.4845507664396785,0.7550787739337441,-1.2396295403734225,-0.28261212797742585
GTEX-1I1HK-0011-R10b-SM-CJI3M.1,BRAIN,64.5,6.4,964.0,0.5211477533898032,-0.006556833686930533,0.5277045870767337,0.05356175397562891
GTEX-1I1HK-0011-R11a-SM-B2LVN.1,BRAIN,64.5,6.7,964.0,0.502726386960972,-0.3195863370899513,0.8223127240509234,-0.3904758691710017
GTEX-1I1HK-0011-R1b-SM-CM2T7.1,BRAIN,64.5,5.8,964.0,-0.5966124703565779,0.7357019709010724,-1.3323144412576502,-0.056330364907628105
GTEX-1I1HK-0011-R5b-SM-ARU6S.1,BRAIN,64.5,6.3,964.0,-0.8646558745624686,1.1420158877776252,-2.006671762340094,-0.1148673700592327
GTEX-1I1HK-0011-R6b-SM-CM2T9.1,BRAIN,64.5,5.9,964.0,-0.5459801066124351,0.7747065699379742,-1.3206866765504093,-0.2792704182670275
GTEX-1I1HK-0011-R8b-SM-E8VN9.1,BRAIN,64.5,6.2,964.0,-0.5463629630283271,0.753488070962053,-1.2998510339903802,-0.08792975769654188
GTEX-1I1HK-0011-R9a-SM-CMKHK.1,BRAIN,64.5,6.0,964.0,-0.03238806895688543,-0.04026867632462262,0.007880607367737186,0.893810463193544
GTEX-1I1HK-0126-SM-COH49.1,SKIN,64.5,6.4,1004.0,-0.2969897554241977,0.9383937675941509,-1.2353835230183488,0.5733704270946246
GTEX-1I1HK-0326-SM-ACKW5.1,MUSCLE,64.5,8.5,1008.0,-0.13156631033521834,0.6789748147369271,-0.8105411250721455,-0.09384466352964138
GTEX-1I1HK-0626-SM-CNPQM.1,HEART,64.5,6.7,1085.0,0.17155269389123526,0.10945306702062266,0.0620996268706126,0.44336173886186003
GTEX-1I1HK-0726-SM-B2LY4.1,HEART,64.5,6.9,1087.0,0.37937520934457697,0.09782131083396478,0.2815538985106122,0.3281525716886983
GTEX-1I1HK-1126-SM-AHZ2L.1,LIVER,64.5,5.9,1106.0,-0.6663695042422111,0.8692323199715619,-1.535601824213773,-0.45820292601901425
GTEX-1I1HK-2326-SM-CKZOH.1,SKIN,64.5,6.8,1171.0,-0.12566385798266022,0.9341960358208733,-1.0598598938035335,-0.10182002028903202
GTEX-1I1HK-2726-SM-AHZ2M.1,BRAIN,64.5,6.7,1244.0,0.3608608839418903,-0.2996871145759993,0.6605479985178896,-0.29089287130355374
GTEX-1I1HK-2826-SM-CKZPL.1,BRAIN,64.5,6.1,1246.0,-0.11751383268705431,0.5586293332517035,-0.6761431659387578,-0.14632080362767474
GTEX-1I4MK-0126-SM-CY8G6.1,SKIN,54.5,6.3,178.0,-0.49676726300932617,1.0169142655399326,-1.5136815285492586,0.3242974957959742
GTEX-1I4MK-2226-SM-ACKWD.1,SKIN,54.5,8.1,358.0,-0.7300840424657019,0.5060881099632688,-1.2361721524289706,-0.08373876335062069
GTEX-1I4MK-2326-SM-ADEHR.1,MUSCLE,54.5,8.2,359.0,-1.1818802693214412,1.2053514495488076,-2.3872317188702485,-0.32431675542961175
GTEX-1I6K6-0126-SM-A9SLE.1,SKIN,34.5,7.9,404.0,-0.23367382346221127,0.48094594699674664,-0.7146197704589579,0.1453874091636065
GTEX-1I6K6-0326-SM-CJI4A.1,MUSCLE,34.5,8.4,414.0,-0.23745129037974208,-0.03370391111881561,-0.20374737926092645,0.10845741145345085
GTEX-1I6K6-1726-SM-CGQFD.1,SKIN,34.5,7.7,469.0,0.2731236023083905,0.5777991906611392,-0.30467558835274866,0.41726129055067496
GTEX-1I6K7-0326-SM-B2LXO.1,MUSCLE,44.5,8.8,161.0,-0.5998914279990488,0.8544983617466403,-1.4543897897456892,-0.4613557706801895
GTEX-1I6K7-0626-SM-ARL7Q.1,HEART,44.5,9.4,179.0,0.5946954495793629,-0.4970128308549703,1.0917082804343332,0.27013312624386265
GTEX-1I6K7-1926-SM-B2LXR.1,SKIN,44.5,8.2,238.0,0.30242458923868604,0.28122291903503416,0.02120167020365188,0.2742512805727666
GTEX-1ICG6-0626-SM-ACKWS.1,HEART,74.5,7.0,276.0,-0.7684769728712122,0.9783084845102168,-1.746785457381429,-1.2249215434447076
GTEX-1ICG6-0726-SM-B2LY5.1,HEART,74.5,8.3,276.0,0.40861620030932194,-0.3631415893269185,0.7717577896362404,0.45946479516315897
GTEX-1ICG6-1026-SM-B2LY6.1,LIVER,74.5,8.3,282.0,0.22929306188531076,-0.6902284304751524,0.9195214923604631,-0.09141301282731253
GTEX-1ICG6-1226-SM-A9SLN.1,SKIN,74.5,7.2,285.0,-0.10600906362512304,1.1215715924464134,-1.2275806560715363,0.08908062438835153
GTEX-1ICG6-2526-SM-CGQFZ.1,SKIN,74.5,7.4,359.0,0.2424886710678038,0.268178342949324,-0.025689671881520215,0.30154969031511397
GTEX-1ICG6-2726-SM-CKZPN.1,MUSCLE,74.5,7.7,363.0,0.7208507191189212,0.6504744855448032,0.07037623357411793,-0.47448446280960604
GTEX-1ICLY-0126-SM-D4P36.1,SKIN,54.5,7.0,472.0,-0.0593303124941722,0.6891556190045344,-0.7484859314987066,0.06541615955384554
GTEX-1ICLY-0326-SM-ARL7S.1,MUSCLE,54.5,7.4,482.0,-0.8998244862219489,0.9458562519762045,-1.8456807381981535,0.46164276613073696
GTEX-1ICLY-0826-SM-CMKG1.1,SKIN,54.5,7.5,528.0,-0.16035737250772328,-0.23894047994429604,0.07858310743657276,0.05474658262157629
GTEX-1ICLY-1326-SM-CJI47.1,HEART,54.5,6.6,545.0,-0.9012572941279628,0.9690771425351673,-1.8703344366631303,-0.6602755397671094
GTEX-1ICLY-1526-SM-C1YS4.1,LIVER,54.5,6.0,557.0,0.0029627024099938017,0.0049691557004989135,-0.0020064532905051118,0.27908398409542523
GTEX-1ICLZ-0011-R10a-SM-A9SM2.1,BRAIN,64.5,6.8,1170.0,0.8114922680512384,-0.42599141139579805,1.2374836794470365,0.0419646130542555
GTEX-1ICLZ-0011-R11a-SM-CJI3N.1,BRAIN,64.5,6.8,1170.0,0.813529721640059,-1.4669233719915185,2.2804530936315777,-0.3036925969316534
GTEX-1ICLZ-0011-R1b-SM-A9SM3.1,BRAIN,64.5,6.6,1170.0,0.523320154834715,-0.11582525183898297,0.6391454066736979,0.14697022943537938
GTEX-1ICLZ-0011-R4a-SM-CMKHL.1,BRAIN,64.5,6.2,1170.0,0.2974884867202446,0.2019002615050328,0.09558822521521179,0.09194209878615103
GTEX-1ICLZ-0011-R6b-SM-A9G3A.1,BRAIN,64.5,7.5,1170.0,0.8665463671509228,-0.6149438656992413,1.481490232850164,0.37805061075603397
GTEX-1ICLZ-0011-R7a-SM-ARZLU.1,BRAIN,64.5,5.6,1170.0,0.9034463908872548,-0.49824558698708465,1.4016919778743393,0.15254439857630947
GTEX-1ICLZ-0011-R8b-SM-ACKX4.1,BRAIN,64.5,6.1,1170.0,0.10748797059503937,0.36960010709184105,-0.26211213649680165,-0.06656825705441356
GTEX-1ICLZ-0011-R9a-SM-ARL7E.1,BRAIN,64.5,6.3,1170.0,0.3809408944757929,-0.013686275371476066,0.3946271698472689,0.4916079391351746
GTEX-1ICLZ-0126-SM-CKZPO.1,SKIN,64.5,7.7,1283.0,-0.25722645186742205,0.16648540426342898,-0.42371185613085105,0.054063883491431416
GTEX-1ICLZ-0326-SM-ARL82.1,SKIN,64.5,7.4,1313.0,-0.8282229183630138,0.36156947392051414,-1.1897923922835278,-0.13801339582572025
GTEX-1ICLZ-0626-SM-ARL83.1,MUSCLE,64.5,7.4,1322.0,-1.5921924508413792,1.4076006128853424,-2.9997930637267216,0.5008612403752738
GTEX-1ICLZ-1026-SM-A9SLF.1,HEART,64.5,6.1,1337.0,-0.9173295950193814,0.8408061034676445,-1.7581356984870258,-0.29840452529348804
GTEX-1ICLZ-2726-SM-A8N8R.1,BRAIN,64.5,6.5,1415.0,0.5572480548087939,-0.6768015276206311,1.2340495824294249,-0.2300327014339033
GTEX-1ICLZ-2826-SM-CL53U.1,BRAIN,64.5,6.6,1417.0,0.04913679908199562,0.2851683402235827,-0.23603154114158706,0.10742774035829654
GTEX-1IDFM-0126-SM-COH2V.1,SKIN,64.5,7.3,775.0,0.4046906926129098,-0.055843855364484066,0.46053454797739385,0.214523582235812
GTEX-1IDFM-0326-SM-ARL7V.1,SKIN,64.5,7.6,797.0,-0.027317893400442377,-0.8441566402304088,0.8168387468299665,-0.05854661223027336
GTEX-1IDFM-1526-SM-ARL7U.1,MUSCLE,64.5,7.9,821.0,0.8701305262237533,-1.1460595907307085,2.016190116954462,0.7816065156801822
GTEX-1IDFM-2826-SM-ACKWJ.1,BRAIN,64.5,6.6,846.0,-1.6579564059670606,1.0983360345205528,-2.7562924404876137,-0.5953214032112611
GTEX-1IDJC-1526-SM-B2LW4.1,SKIN,54.5,7.8,455.0,0.1237263802577865,0.4748319789073992,-0.3511055986496127,0.3825325503587572
GTEX-1IDJC-1726-SM-CMKG3.1,SKIN,54.5,8.3,483.0,0.6598448934351472,-0.5570965001344598,1.216941393569607,1.2238881058591728
GTEX-1IDJC-2026-SM-ADEIK.1,MUSCLE,54.5,7.9,475.0,-0.7729509758929736,1.1521470826222286,-1.9250980585152022,0.033514332526484523
GTEX-1IDJD-0226-SM-CKZOA.1,HEART,34.5,9.1,227.0,0.2878695135065688,0.13985352820323307,0.14801598530333573,0.49592753697339775
GTEX-1IDJD-1326-SM-CM2TQ.1,MUSCLE,34.5,7.6,454.0,-0.128094117919457,-0.05888257618394969,-0.06921154173550731,0.07263564384236562
GTEX-1IDJD-2326-SM-ACKWX.1,SKIN,34.5,6.8,625.0,-0.7123542486267063,1.4416451980124512,-2.1539994466391574,0.17742246962975888
GTEX-1IDJE-0326-SM-CM2TD.1,HEART,54.5,7.5,429.0,0.4747444622002675,0.31879699579956305,0.15594746640070445,0.20903125194417874
GTEX-1IDJE-1426-SM-ADEIW.1,SKIN,54.5,7.8,486.0,0.047882831212724526,1.196054103359735,-1.1481712721470103,0.5900737580461657
GTEX-1IDJE-2426-SM-ACKWF.1,MUSCLE,54.5,7.6,743.0,0.31113410095688776,0.6388630314048801,-0.32772893044799234,0.25694896020079133
GTEX-1IDJF-0126-SM-CM2RS.1,SKIN,24.5,8.3,302.0,-0.22899426751083163,0.7126491604312052,-0.9416434279420368,0.048671945912000636
GTEX-1IDJF-0326-SM-ADEIG.1,MUSCLE,24.5,8.3,313.0,-0.6400420243399285,1.0763064475590212,-1.7163484718989497,-0.4222156186577589
GTEX-1IDJF-0726-SM-CJI1U.1,HEART,24.5,8.9,346.0,0.576233144597755,-0.4049698241101854,0.9812029687079404,0.02295444671649653
GTEX-1IDJF-0826-SM-ARU7N.1,HEART,24.5,9.4,379.0,0.4328089112949072,-0.6474511390979159,1.080260050392823,0.6304171952697233
GTEX-1IDJF-2026-SM-CL53V.1,SKIN,24.5,7.9,404.0,-0.039533903280872,0.8771284845161613,-0.9166623877970334,0.3459437085946717
GTEX-1IDJH-0011-R10a-SM-ARZLK.1,BRAIN,74.5,7.1,760.0,0.9275270923149913,-1.0337903309462009,1.961317423261192,0.2985147900246462
GTEX-1IDJH-0011-R11b-SM-C1YRT.1,BRAIN,74.5,6.6,760.0,1.2275227758535074,-1.93456330816084,3.1620860840143474,-0.017206358012054068
GTEX-1IDJH-0011-R1b-SM-ARU6U.1,BRAIN,74.5,6.1,760.0,0.41861733476853374,0.01583534063024291,0.40278199413829086,0.5016431373346092
GTEX-1IDJH-0011-R3a-SM-CJI42.1,BRAIN,74.5,6.7,760.0,0.6959166460722898,-0.5438657534826916,1.2397823995549815,0.1979893039531349
GTEX-1IDJH-0011-R5a-SM-CE6SR.1,BRAIN,74.5,7.4,760.0,0.4191858418747349,0.1499057384941223,0.2692801033806126,0.06036435947045586
GTEX-1IDJH-0011-R6a-SM-A9SLZ.1,BRAIN,74.5,7.3,760.0,0.7198804128138062,-0.30598569509373685,1.025866107907543,0.16430841954304273
GTEX-1IDJH-0011-R7a-SM-A9SM1.1,BRAIN,74.5,7.0,760.0,0.7318296830525549,-0.28494926025304346,1.0167789433055985,0.07826414019727222
GTEX-1IDJH-0011-R8b-SM-ARZLL.1,BRAIN,74.5,5.9,760.0,0.3765609651321407,0.02354916225851652,0.3530118028736242,0.5228709309346811
GTEX-1IDJH-0011-R9a-SM-ADEIN.1,BRAIN,74.5,7.7,760.0,0.644597171445902,-1.2050044169710117,1.8496015884169137,0.6237701534802398
GTEX-1IDJH-0126-SM-D3L92.1,SKIN,74.5,7.4,774.0,-0.0011684840401899573,0.38083786376547485,-0.3820063478056648,0.35106508370479195
GTEX-1IDJH-0226-SM-CYPSB.1,MUSCLE,74.5,8.7,783.0,0.25625238103417997,0.6514656970515575,-0.3952133160173776,-0.13536437613640914
GTEX-1IDJH-0326-SM-A9SLQ.1,SKIN,74.5,7.3,784.0,-0.27101448990640714,0.2758807893466302,-0.5468952792530373,-0.26089787377980206
GTEX-1IDJH-1026-SM-E9TKH.1,HEART,74.5,5.5,795.0,-2.986042926622837,1.0948765067891288,-4.080919433411966,-1.093303475568157
GTEX-1IDJH-1126-SM-COH3R.1,HEART,74.5,7.4,797.0,0.5380405577868371,-0.23870812484388762,0.7767486826307247,0.16430708856974494
GTEX-1IDJH-1526-SM-A8N96.1,LIVER,74.5,6.0,809.0,-1.3116170519162382,1.0298920930237165,-2.3415091449399545,-0.5769273334556285
GTEX-1IDJH-3026-SM-CL53B.1,BRAIN,74.5,6.6,880.0,0.5029659765462834,-0.14160001285825133,0.6445659894045347,0.1163589605226203
GTEX-1IDJH-3126-SM-C1YQS.1,BRAIN,74.5,7.3,883.0,1.054631460149872,-1.701514154096068,2.7561456142459404,0.37336137276643444
GTEX-1IDJI-0126-SM-CMKHS.1,SKIN,54.5,5.8,367.0,-0.5412758983796002,0.31369403137864754,-0.8549699297582478,0.24619056527272054
GTEX-1IDJI-1026-SM-A96TE.1,HEART,54.5,8.5,442.0,0.5075166981123257,-0.36512547530580414,0.8726421734181298,-0.0008251627542955599
GTEX-1IDJU-0626-SM-CKZOG.1,HEART,64.5,9.0,94.0,0.14383941243167678,0.16297689390420567,-0.01913748147252889,0.28303776511818374
GTEX-1IDJU-0726-SM-CNPQ9.1,HEART,64.5,9.3,97.0,0.26845213537753926,0.03689376496320724,0.23155837041433203,-0.1777974314078067
GTEX-1IDJU-1726-SM-CMKHU.1,SKIN,64.5,7.2,134.0,-0.37633806009730586,0.8250806206728714,-1.2014186807701772,-0.12122649341586643
GTEX-1IDJU-2426-SM-ARZM9.1,MUSCLE,64.5,7.8,363.0,-0.4358807600949114,1.0200836022420727,-1.4559643623369842,-0.4940966042747035
GTEX-1IDJU-2626-SM-CM2RT.1,SKIN,64.5,8.3,367.0,-0.012855802705941373,-0.011029501821046355,-0.0018263008848950178,-0.021253583175017143
GTEX-1IDJV-0126-SM-COH3Y.1,SKIN,64.5,7.0,633.0,-0.007706586800731974,0.3956874580526122,-0.4033940448533442,0.012660553535022845
GTEX-1IDJV-0426-SM-COH3Z.1,MUSCLE,64.5,7.7,647.0,-0.02669549965643099,0.5678338837902543,-0.5945293834466854,-0.30158232281224134
GTEX-1IE54-0126-SM-CMKHW.1,SKIN,44.5,7.1,387.0,-0.07994851344348804,0.30342024035572235,-0.38336875379921037,0.4356867758874711
GTEX-1IE54-0326-SM-ARZMD.1,MUSCLE,44.5,8.8,393.0,-0.05513067561018391,-0.16965559730763918,0.11452492169745528,0.03545155004761838
GTEX-1IE54-1126-SM-A9G2Z.1,SKIN,44.5,8.1,491.0,-0.3451046620481188,0.321605080038237,-0.6667097420863558,-0.04072456065332485
GTEX-1IGQW-0011-R11a-SM-C1YRV.1,BRAIN,64.5,5.6,1165.0,0.8930772169587793,-0.7461627265789043,1.6392399435376834,-0.1451871501110547
GTEX-1IGQW-0011-R2b-SM-D4P26.1,BRAIN,64.5,6.0,1165.0,-0.6474003029370634,0.762249781967978,-1.4096500849050413,-0.33986804482044397
GTEX-1IGQW-0011-R5b-SM-CJI44.1,BRAIN,64.5,6.3,1165.0,-0.5673171303663099,0.9638957478381306,-1.5312128782044405,-0.21332268794225875
GTEX-1IGQW-0011-R6a-SM-CM2TC.1,BRAIN,64.5,5.7,1165.0,-0.8668842418205867,0.8271583916805417,-1.6940426335011285,-0.7245074561512372
GTEX-1IGQW-0011-R9b-SM-D4P25.1,BRAIN,64.5,6.7,1165.0,-0.6865477191455601,0.6783123503682703,-1.3648600695138304,-0.32133462142462393
GTEX-1IGQW-0126-SM-COH42.1,SKIN,64.5,7.7,1305.0,0.32127100035632145,-0.1012146668447729,0.4224856672010944,0.25241481365481533
GTEX-1IGQW-0526-SM-CKZO3.1,MUSCLE,64.5,7.1,1311.0,0.48781009175065954,-0.4910372437969883,0.9788473355476479,1.3331356075219647
GTEX-1IGQW-2726-SM-A8N9K.1,BRAIN,64.5,6.5,1387.0,0.6547529454322287,-0.2962125990210178,0.9509655444532465,-0.07705378470877677
GTEX-1IKJJ-0011-R2b-SM-ARZLJ.1,BRAIN,64.5,6.0,1046.0,0.008791942329756804,0.2947482119144359,-0.28595626958467907,0.293780376203427
GTEX-1IKJJ-0011-R3b-SM-C1YRW.1,BRAIN,64.5,6.3,1046.0,0.7514530908226068,-0.277716426102629,1.0291695169252357,0.23058215044127428
GTEX-1IKJJ-0011-R5b-SM-CE6SL.1,BRAIN,64.5,7.5,1046.0,0.3850292681528844,0.26702404218745457,0.11800522596542984,0.1149808581850252
GTEX-1IKJJ-0011-R7a-SM-ARZLH.1,BRAIN,64.5,7.4,1046.0,0.42000065769252554,0.1454088574072199,0.2745918002853056,0.15484399648475095
GTEX-1IKJJ-0011-R9a-SM-ARZLI.1,BRAIN,64.5,6.7,1046.0,0.3881693129884297,0.05716938012542377,0.33099993286300594,0.5197377360721321
GTEX-1IKJJ-0126-SM-CNPQB.1,SKIN,64.5,8.1,1209.0,0.08611040772302901,-0.05460103079564929,0.1407114385186783,-0.27959972971127933
GTEX-1IKJJ-0326-SM-CL55L.1,MUSCLE,64.5,8.4,1216.0,0.12379970952177119,0.004753039624423168,0.11904666989734802,0.20727547787103212
GTEX-1IKJJ-0626-SM-CY8GF.1,HEART,64.5,7.1,1282.0,0.5935566619493619,-0.6153071750474723,1.208863836996834,0.8818432516375192
GTEX-1IKJJ-0826-SM-A96SP.1,HEART,64.5,6.2,1286.0,-2.613331629656957,0.992782586658955,-3.6061142163159117,-0.9092775297910392
GTEX-1IKJJ-1526-SM-C1YSC.1,LIVER,64.5,6.9,1311.0,0.37879318620115404,0.3468733327081506,0.03191985349300347,-0.13068219279557444
GTEX-1IKJJ-2226-SM-CJI4C.1,SKIN,64.5,7.4,1356.0,-0.194586666330473,0.22283278069800183,-0.41741944702847483,-0.2817503623661041
GTEX-1IKJJ-2926-SM-A9G2N.1,BRAIN,64.5,5.7,1431.0,-0.6488034853284771,0.8515955755246889,-1.5003990608531659,-0.4973864747490641
GTEX-1IKK5-0011-R10b-SM-CE6SP.1,BRAIN,64.5,5.8,437.0,0.1582567872443304,-0.05151116387384545,0.20976795111817587,-0.011907193700639565
GTEX-1IKK5-0011-R11a-SM-C1YRX.1,BRAIN,64.5,6.9,437.0,0.8724367528402216,-1.99763144746696,2.870068200307182,-0.05600043396244276
GTEX-1IKK5-0011-R1b-SM-CE6SQ.1,BRAIN,64.5,6.2,437.0,-0.5274399008315768,0.30520359578060874,-0.8326434966121855,0.07128021583953273
GTEX-1IKK5-0011-R3b-SM-C1YRY.1,BRAIN,64.5,5.9,437.0,-0.18185191887760924,0.1807614383373961,-0.3626133572150053,-0.5097494672452282
GTEX-1IKK5-0011-R5b-SM-CL55B.1,BRAIN,64.5,7.2,437.0,0.32547038370778114,-0.11883778567750564,0.4443081693852868,0.1699659083743624
GTEX-1IKK5-0011-R6b-SM-A9SLY.1,BRAIN,64.5,6.8,437.0,0.35462640472410983,-0.14666843458538556,0.5012948393094954,0.04936790336508225
GTEX-1IKK5-0011-R7b-SM-A9G39.1,BRAIN,64.5,6.8,437.0,0.0342731267482809,0.3003795330384912,-0.2661064062902103,-0.11711257005317657
GTEX-1IKK5-0011-R8b-SM-CJI45.1,BRAIN,64.5,7.4,437.0,0.6464380098134594,-0.34648769716503713,0.9929257069784966,0.6028714918453049
GTEX-1IKK5-0326-SM-C1YPY.1,LIVER,64.5,6.3,650.0,0.30804494247924435,-0.22127251121573016,0.5293174536949745,1.163750063993813
GTEX-1IKK5-0426-SM-CL53X.1,MUSCLE,64.5,8.8,654.0,-0.09279704345907146,-0.4264161495298897,0.33361910607081824,0.3328206833820953
GTEX-1IKK5-0626-SM-ARL8A.1,SKIN,64.5,7.6,658.0,-0.6415742859867181,1.2970576747187985,-1.9386319607055165,-0.20027227638922826
GTEX-1IKK5-1526-SM-CKZPW.1,HEART,64.5,7.0,678.0,0.6004283242979035,-0.11332524577458421,0.7137535700724877,0.11008944547966228
GTEX-1IKK5-1726-SM-CM2RU.1,HEART,64.5,8.3,682.0,0.23861091614461394,-0.7857153863654772,1.024326302510091,0.5001923438995798
GTEX-1IKK5-2926-SM-ARU7Q.1,BRAIN,64.5,6.9,734.0,0.4782651056925888,-0.2365851857443424,0.7148502914369312,0.26124376865795534
GTEX-1IKOE-0626-SM-A9G31.1,HEART,34.5,9.0,485.0,0.3237705900552624,0.026048279587152244,0.29772231046811015,0.21304325271255425
GTEX-1IKOE-1026-SM-ARZMF.1,HEART,34.5,8.4,498.0,0.6273002813020456,-0.09500448296161554,0.7223047642636612,-0.24204279244105906
GTEX-1IKOE-1426-SM-CE6T7.1,SKIN,34.5,8.3,506.0,-0.8495548992885192,0.9824643840131628,-1.832019283301682,-0.43579521163310975
GTEX-1IKOH-0011-R11a-SM-AHZ38.1,BRAIN,64.5,6.5,1083.0,0.16135153391282234,0.13097266687304535,0.03037886703977699,-0.49447742342457307
GTEX-1IKOH-0011-R2a-SM-CMKHO.1,BRAIN,64.5,5.7,1083.0,-0.14868867153770848,-0.5757833402811458,0.42709466874343727,-0.4081169391429974
GTEX-1IKOH-0011-R5a-SM-ARU8C.1,BRAIN,64.5,6.8,1083.0,-0.8443550556141103,1.0242185794407705,-1.8685736350548807,-0.26698440423453307
GTEX-1IKOH-0011-R6b-SM-A9G1W.1,BRAIN,64.5,6.3,1083.0,-1.6444696866348572,1.2365302173308035,-2.8809999039656606,-0.8168074610398464
GTEX-1IKOH-0011-R7b-SM-CKZPH.1,BRAIN,64.5,6.0,1083.0,-2.265512931484998,1.3109638898436629,-3.576476821328661,-1.2691222739733292
GTEX-1IKOH-0011-R8a-SM-A9SKG.1,BRAIN,64.5,6.5,1083.0,-0.9303255733363873,0.8786626311755368,-1.808988204511924,-0.10788693339081633
GTEX-1IKOH-0126-SM-COH4D.1,MUSCLE,64.5,8.3,1287.0,0.17883419859214014,-0.8877508861849706,1.0665850847771108,0.4482889036122096
GTEX-1IKOH-0226-SM-COH4E.1,SKIN,64.5,7.8,1287.0,-0.003096510945898869,0.19029658264746668,-0.19339309359336554,0.21522515226811956
GTEX-1IKOH-0926-SM-A9SLU.1,HEART,64.5,6.4,1313.0,-0.650167333963164,0.15298147432685455,-0.8031488082900184,0.664517515597688
GTEX-1IKOH-2826-SM-CNNRC.1,BRAIN,64.5,6.2,1409.0,0.05855389173593459,0.3898501714888848,-0.3312962797529502,-0.5843714597954187
GTEX-1IL2U-0011-R11a-SM-CE6SO.1,BRAIN,64.5,6.0,397.0,0.45797374279652847,-0.4547440418174992,0.9127177846140277,0.049010043023164244
GTEX-1IL2U-0011-R2a-SM-ARU6V.1,BRAIN,64.5,5.7,397.0,-1.5447750515155234,0.9166220953327873,-2.4613971468483107,-0.4861311672570535
GTEX-1IL2U-0011-R5a-SM-CE6SN.1,BRAIN,64.5,6.4,397.0,-1.8678027608754186,1.1932819095362674,-3.0610846704116863,-1.0033395623257586
GTEX-1IL2U-0011-R6a-SM-ARZLG.1,BRAIN,64.5,6.3,397.0,-0.9466671310619401,0.9211472935314764,-1.8678144245934165,-0.26259232106030767
GTEX-1IL2U-0226-SM-CE6T8.1,SKIN,64.5,8.0,494.0,-0.40684273702100676,-0.08437687437958748,-0.3224658626414193,-0.06060287406303487
GTEX-1IL2U-0726-SM-EAZ2Y.1,MUSCLE,64.5,7.5,510.0,0.47409912707845997,-1.303631781529088,1.7777309086075481,0.6722123534480144
GTEX-1IL2U-1226-SM-CL53P.1,HEART,64.5,7.5,559.0,0.16657226849008666,-1.1521262730749153,1.318698541565002,0.8405439929899265
GTEX-1IL2U-1326-SM-A9G2O.1,HEART,64.5,6.3,560.0,-0.7346423568627493,0.7336665278319466,-1.468308884694696,-0.7239984895324191
GTEX-1IL2U-2926-SM-A8N8V.1,BRAIN,64.5,6.7,599.0,0.31987926972403713,-0.2021506903785782,0.5220299601026153,0.12536318047468084
GTEX-1IL2U-3026-SM-C1YSH.1,BRAIN,64.5,7.3,602.0,0.13966401967907005,-0.014548942143926559,0.1542129618229966,0.10319902105084383
GTEX-1IL2V-0011-R10a-SM-CL55A.1,BRAIN,74.5,5.8,827.0,-1.2204793293401761,0.4633671315239135,-1.6838464608640895,-0.7597351460088684
GTEX-1IL2V-0011-R11a-SM-ARU6T.1,BRAIN,74.5,6.8,827.0,0.7036158240837044,-0.8642417721041956,1.5678575961879,-0.03222607257455415
GTEX-1IL2V-0011-R5a-SM-ARL78.1,BRAIN,74.5,5.9,827.0,-0.6637135205897794,0.7949711666406206,-1.4586846872304,0.24581853444412982
GTEX-1IL2V-0126-SM-CM2TX.1,SKIN,74.5,5.9,975.0,-0.04756454427142477,0.33034624078006314,-0.3779107850514879,-0.06258065557481976
GTEX-1IL2V-0526-SM-ARL8B.1,MUSCLE,74.5,8.0,986.0,0.24373188547137808,-0.5885142622522583,0.8322461477236365,-0.031601723484405576
GTEX-1IL2V-1126-SM-CMKGH.1,HEART,74.5,6.5,1052.0,-1.1628802259220654,0.5147636249279283,-1.6776438508499938,0.20049960221641042
GTEX-1IL2V-1926-SM-B2LW8.1,SKIN,74.5,5.7,1077.0,-0.053255471162662334,0.46847199043063203,-0.5217274615932944,0.09283667864902143
GTEX-1IL2V-3026-SM-CYPSA.1,BRAIN,74.5,6.0,1156.0,0.370039389673461,-0.44427859305626527,0.8143179827297262,-0.042563794787251245
GTEX-1IOXB-0011-R10a-SM-D3L8I.1,BRAIN,54.5,7.8,611.0,0.7069808328501006,-0.19467517160248043,0.901656004452581,-0.103981967752619
GTEX-1IOXB-0011-R11a-SM-A9G1X.1,BRAIN,54.5,6.2,611.0,-0.93590523352968,1.0645219088619486,-2.0004271423916284,-0.9804115704870122
GTEX-1IOXB-0011-R1a-SM-D4P27.1,BRAIN,54.5,6.3,611.0,0.5353839188101844,-0.11870935769818103,0.6540932765083655,-0.03498472681621468
GTEX-1IOXB-0011-R7b-SM-CE6SM.1,BRAIN,54.5,5.9,611.0,-0.33222337780582556,0.7329951488353726,-1.0652185266411982,-0.24955721593481126
GTEX-1IOXB-0126-SM-ARL8G.1,SKIN,54.5,8.0,766.0,-0.4723143114373223,0.6037447833417314,-1.0760590947790538,-0.24583053917219286
GTEX-1IOXB-0326-SM-CL55M.1,MUSCLE,54.5,7.6,778.0,0.7773273831893484,0.3716546814113407,0.4056727017780076,-0.16477200244090992
GTEX-1IOXB-0726-SM-A9G32.1,HEART,54.5,6.5,879.0,-1.6096389224228231,0.9058811051120365,-2.5155200275348597,-0.295497301929097
GTEX-1IOXB-2726-SM-CM2RI.1,SKIN,54.5,6.9,986.0,-0.05270779762299976,0.29917435660071995,-0.3518821542237197,-0.08913964061461517
GTEX-1IOXB-3126-SM-CKZO1.1,BRAIN,54.5,5.6,1097.0,-1.1081923899409236,0.9473745360175628,-2.0555669259584866,-0.6708449092479897
GTEX-1IY9M-0011-R11b-SM-A96TI.1,BRAIN,64.5,7.1,1019.0,1.0813898113034923,-1.3389978828625595,2.4203876941660516,0.00426226661600234
GTEX-1IY9M-0011-R1a-SM-EXURZ.1,BRAIN,64.5,6.6,1019.0,0.549153940113643,-0.41211286057969415,0.9612668006933371,0.45031454204337645
GTEX-1IY9M-0011-R2a-SM-D4P29.1,BRAIN,64.5,6.9,1019.0,0.7473788145588811,-0.2839036416980113,1.0312824562568923,0.2479752150040897
GTEX-1IY9M-0011-R4a-SM-C1YQ2.1,BRAIN,64.5,6.3,1019.0,0.8996952992688558,-0.4201622198775372,1.319857519146393,0.24428855132645702
GTEX-1IY9M-0011-R5a-SM-A9SLX.1,BRAIN,64.5,7.6,1019.0,0.6364998875093049,0.0632804198951611,0.5732194676141438,0.3868159310833686
GTEX-1IY9M-0011-R6a-SM-D4P28.1,BRAIN,64.5,6.8,1019.0,0.6906669723072782,-0.16281637415772862,0.8534833464650069,0.19449709320219466
GTEX-1IY9M-0011-R7a-SM-D4P49.1,BRAIN,64.5,6.8,1019.0,0.6128317850839662,0.2331618363339705,0.3796699487499957,-0.0499023690876683
GTEX-1IY9M-0011-R8a-SM-EYYWW.1,BRAIN,64.5,6.1,1019.0,0.8661384917322421,-0.6383458163265351,1.5044843080587773,0.615685319386283
GTEX-1IY9M-0011-R9b-SM-D3L8J.1,BRAIN,64.5,7.6,1019.0,1.0391076210318435,-2.5987159907306365,3.63782361176248,0.960440701985282
GTEX-1IY9M-0126-SM-D3L8S.1,SKIN,64.5,8.4,1117.0,0.01183091308922166,0.3442887949664637,-0.332457881877242,0.5371067974879097
GTEX-1IY9M-0326-SM-ARZMN.1,MUSCLE,64.5,8.5,1129.0,0.1964163734106466,0.21015218099777996,-0.013735807587133358,0.07442543848222134
GTEX-1IY9M-0626-SM-D4P2L.1,HEART,64.5,7.0,1166.0,0.5114870942350439,0.07305481328228544,0.43843228095275844,0.06234244723219272
GTEX-1IY9M-2826-SM-ARU8H.1,SKIN,64.5,7.9,1297.0,-0.3522134071178147,0.8602626808562918,-1.2124760879741063,0.19504226519527518
GTEX-1IY9M-3026-SM-A9G37.1,BRAIN,64.5,7.4,1341.0,0.2159479865430972,0.2788755799492782,-0.06292759340618101,0.015520405277328135
GTEX-1IY9M-3126-SM-AHZ3A.1,BRAIN,64.5,8.1,1342.0,0.7798962198046067,-0.8539701752640769,1.6338663950686836,-0.1046985893314797
GTEX-1J1OQ-0011-R10a-SM-A9G1Y.1,BRAIN,44.5,6.6,1210.0,0.521570324515,-0.10917617862450436,0.6307465031395043,0.2486451367070623
GTEX-1J1OQ-0011-R11a-SM-A96S3.1,BRAIN,44.5,7.3,1210.0,0.7753625430663039,-0.9730387795103366,1.7484013225766404,-0.028592669558214188
GTEX-1J1OQ-0011-R1a-SM-A9G1Z.1,BRAIN,44.5,5.9,1210.0,-0.5046771050915345,0.6281881168757528,-1.1328652219672875,-0.17522102629329142
GTEX-1J1OQ-0011-R2b-SM-ARU88.1,BRAIN,44.5,6.2,1210.0,-1.13616674728939,1.04947126172808,-2.18563800901747,-0.253522363305885
GTEX-1J1OQ-0011-R3b-SM-D4P2B.1,BRAIN,44.5,7.0,1210.0,0.45791111870289064,-0.09551269972657192,0.5534238184294625,-0.060459076018924154
GTEX-1J1OQ-0011-R4a-SM-D4P2A.1,BRAIN,44.5,6.9,1210.0,-0.01291308540213637,0.16325716674510166,-0.17617025214723803,0.08654096434884508
GTEX-1J1OQ-0011-R5a-SM-D3L8K.1,BRAIN,44.5,7.9,1210.0,0.8114379323793054,-0.11259955254234258,0.924037484921648,0.1249732016175785
GTEX-1J1OQ-0011-R6a-SM-ARU86.1,BRAIN,44.5,7.3,1210.0,-0.1363409506253902,0.659786061188287,-0.7961270118136772,-0.09558772627972545
GTEX-1J1OQ-0011-R7b-SM-ARU87.1,BRAIN,44.5,7.9,1210.0,0.4342600551275127,0.18248499505146482,0.2517750600760479,0.3680176049694649
GTEX-1J1OQ-0011-R8a-SM-ACKVE.1,BRAIN,44.5,6.4,1210.0,-0.004989002728981396,0.5636407113001616,-0.568629714029143,0.06346193832321674
GTEX-1J1OQ-0011-R9b-SM-ARZMK.1,BRAIN,44.5,7.4,1210.0,0.046927216282718995,-0.23907028109682066,0.28599749737953967,0.8988379583076868
GTEX-1J1OQ-0126-SM-D4P2N.1,SKIN,44.5,5.9,1238.0,-0.3112637580778101,0.870024497252733,-1.181288255330543,-0.5552270100763073
GTEX-1J1OQ-0226-SM-CYPSH.1,SKIN,44.5,6.4,1239.0,-0.4539021088509657,0.7792900988339557,-1.2331922076849215,-0.2100509162537149
GTEX-1J1OQ-0426-SM-A9SLI.1,MUSCLE,44.5,7.9,1240.0,0.33462195035056336,-0.5879051596765293,0.9225271100270926,1.242139405199699
GTEX-1J1OQ-0826-SM-CXZJG.1,LIVER,44.5,5.6,1252.0,0.42291021409673113,0.1084543656126597,0.31445584848407143,1.586148891600286
GTEX-1J1OQ-2226-SM-A96SS.1,HEART,44.5,7.2,1304.0,0.01737802918237086,-0.12007443578962144,0.13745246497199232,-0.12052316400934925
GTEX-1J1OQ-3126-SM-D4P2O.1,BRAIN,44.5,7.0,1371.0,0.8696241594148992,-1.567640715944061,2.4372648753589603,0.03394204284024958
GTEX-1J1OQ-3226-SM-A9G2Q.1,BRAIN,44.5,6.8,1373.0,0.3105978230580623,-0.0043456661488106086,0.3149434892068729,0.24965262615993478
GTEX-1J1R8-1726-SM-ARL8M.1,SKIN,44.5,7.7,415.0,-0.5833819509250695,0.8733918386021482,-1.4567737895272177,0.09273769600620596
GTEX-1J1R8-2026-SM-CL53Y.1,SKIN,44.5,6.1,418.0,-0.8861472139838149,1.4549475976813584,-2.3410948116651733,-0.15430765174913463
GTEX-1J1R8-2326-SM-CKZPS.1,MUSCLE,44.5,7.9,428.0,-0.818656747138627,0.8888996334141674,-1.7075563805527945,-0.7447753753687959
GTEX-1J8EW-0011-R11a-SM-AHZ37.1,BRAIN,64.5,7.6,1044.0,0.4572029789750676,-0.10407316081205496,0.5612761397871225,-0.2996802894143914
GTEX-1J8EW-0011-R3a-SM-ARU8A.1,BRAIN,64.5,5.6,1044.0,-1.6935279212574512,1.1435041912650772,-2.8370321125225284,-0.7504017892553112
GTEX-1J8EW-0011-R4b-SM-ARU89.1,BRAIN,64.5,5.6,1044.0,-1.6105478876033417,1.0865614698673927,-2.697109357470734,-0.6378212696025664
GTEX-1J8EW-0011-R5b-SM-ARU8B.1,BRAIN,64.5,6.0,1044.0,-1.7443562440162035,1.38558030373872,-3.1299365477549235,-0.7547079640156634
GTEX-1J8EW-0011-R9b-SM-D4P2F.1,BRAIN,64.5,7.2,1044.0,-0.4484838982603566,0.358526203906284,-0.8070101021666406,-0.2737990715149073
GTEX-1J8EW-0126-SM-CJI4F.1,SKIN,64.5,6.9,1081.0,-0.10726153803322837,0.3958400931963683,-0.5031016312295967,0.14357062508352528
GTEX-1J8EW-0326-SM-CYPSX.1,MUSCLE,64.5,7.7,1087.0,0.167563437433506,-0.0006852200616823507,0.16824865749518833,1.6472478943120743
GTEX-1J8EW-0626-SM-CM2TY.1,HEART,64.5,6.6,1107.0,0.3137956900694724,-0.17915421826493125,0.49294990833440366,0.17874950618194557
GTEX-1J8EW-0926-SM-A9G33.1,HEART,64.5,7.7,1120.0,0.9455668296112911,-0.4219394784550529,1.367506308066344,-0.05263751531587326
GTEX-1J8EW-1626-SM-C1YQ8.1,LIVER,64.5,6.1,1136.0,-0.38330199763405365,0.8333190825990849,-1.2166210802331385,-0.17878595153344426
GTEX-1J8EW-2726-SM-CY8HR.1,SKIN,64.5,7.0,1189.0,-0.49376081289878826,0.44777005210089194,-0.9415308649996802,-0.290224565182285
GTEX-1J8EW-2926-SM-A8N9A.1,BRAIN,64.5,6.3,1227.0,0.014522751580279403,0.2179791483636101,-0.2034563967833307,-0.21877061808663997
GTEX-1J8JJ-0011-R5a-SM-D4P2G.1,BRAIN,64.5,5.8,1033.0,-2.3169374619528953,1.4306724130488921,-3.747609875001787,-1.178681368652256
GTEX-1J8JJ-0011-R9a-SM-ACKVF.1,BRAIN,64.5,6.3,1033.0,0.1828313761454973,-0.6803588503530853,0.8631902264985826,0.3262485335645481
GTEX-1J8JJ-0126-SM-D3L93.1,MUSCLE,64.5,7.9,1236.0,0.3705402753346076,-0.30111324436630915,0.6716535197009168,-0.03937944764658769
GTEX-1J8JJ-0226-SM-CL53I.1,SKIN,64.5,8.4,1237.0,-0.112205426635642,0.08143698023244897,-0.19364240686809098,0.24094943902522095
GTEX-1J8JJ-0626-SM-ARZMQ.1,SKIN,64.5,7.3,1243.0,0.41617859820885184,-0.2873002319101562,0.703478830119008,0.7574476926850479
GTEX-1J8Q2-0011-R10b-SM-D4P2C.1,BRAIN,64.5,6.5,911.0,0.8634996679678921,-0.5462800059765353,1.4097796739444273,-0.17375069533489548
GTEX-1J8Q2-0011-R11a-SM-A9SKI.1,BRAIN,64.5,6.1,911.0,-0.9278155435648815,0.9418636801846444,-1.8696792237495259,-0.8780282243095907
GTEX-1J8Q2-0011-R1a-SM-D4P2D.1,BRAIN,64.5,6.0,911.0,-1.5471431382172545,0.7822088011045457,-2.3293519393218003,-0.8125261441082696
GTEX-1J8Q2-0011-R2b-SM-EAZ2X.1,BRAIN,64.5,6.5,911.0,-0.31334416215546046,0.2304003330368269,-0.5437444951922874,-0.18886791566683572
GTEX-1J8Q2-0011-R3b-SM-ACKVG.1,BRAIN,64.5,6.7,911.0,-0.015577583523672044,0.4769752341642523,-0.49255281768792436,-0.29493972423162224
GTEX-1J8Q2-0011-R4a-SM-ADEHA.1,BRAIN,64.5,6.0,911.0,-0.8806883125963898,0.4883867761334632,-1.369075088729853,-0.5731741861376298
GTEX-1J8Q2-0011-R5b-SM-A9SKH.1,BRAIN,64.5,7.2,911.0,0.04059245630351887,0.5815757544459548,-0.540983298142436,-0.19679595637671862
GTEX-1J8Q2-0011-R6a-SM-CKZPG.1,BRAIN,64.5,6.0,911.0,0.17064723953338307,0.14379676376624356,0.026850475767139503,-0.44246148615801817
GTEX-1J8Q2-0011-R7a-SM-CKZPF.1,BRAIN,64.5,6.0,911.0,-0.41400155784987597,0.6294193951468119,-1.0434209529966878,-0.6627925427887912
GTEX-1J8Q2-0011-R8b-SM-D4P2E.1,BRAIN,64.5,7.0,911.0,0.2612953437190863,0.36861385577851,-0.10731851205942372,-0.1846687333837714
GTEX-1J8Q2-0126-SM-E9J2G.1,MUSCLE,64.5,8.8,1087.0,0.2854541391688234,-1.5856669191279593,1.8711210582967828,-0.13131785872212787
GTEX-1J8Q2-0526-SM-CM2RW.1,SKIN,64.5,7.3,1099.0,0.36853438617933054,0.23051095531424523,0.1380234308650853,0.024004718428689013
GTEX-1J8Q2-1026-SM-ARU8I.1,HEART,64.5,6.3,1135.0,0.38610293089480757,-0.252669090261012,0.6387720211558195,0.19652625174946994
GTEX-1J8Q2-1226-SM-A9G2W.1,HEART,64.5,5.9,1152.0,-1.3632994057605505,0.9317025952853929,-2.2950020010459435,-0.9631367709645358
GTEX-1J8Q2-2626-SM-ACKWQ.1,SKIN,64.5,6.4,1237.0,-0.18264867174484783,0.7959569851432149,-0.9786056568880628,-0.2543941977549695
GTEX-1J8Q2-3026-SM-CKZN8.1,BRAIN,64.5,6.5,1281.0,0.28133264906572075,0.05946660784058006,0.2218660412251407,0.02379394215118495
GTEX-1J8Q3-0526-SM-ARL8U.1,SKIN,64.5,5.7,117.0,-0.3421119895099338,0.049499976498849366,-0.3916119660087832,0.40272571681544705
GTEX-1J8Q3-1126-SM-ARU8N.1,HEART,64.5,8.7,138.0,0.20979077419373338,-0.15826061473923891,0.3680513889329723,0.5415119093436436
GTEX-1J8Q3-1226-SM-CKZPT.1,HEART,64.5,8.6,138.0,0.46247760327642684,-0.08993074716548631,0.5524083504419132,0.1729473755998328
GTEX-1J8Q3-1426-SM-CKZPU.1,MUSCLE,64.5,8.5,143.0,0.24759721242686877,-0.4822642292817345,0.7298614417086033,-0.14655853860068493
GTEX-1J8Q3-1626-SM-CMKGC.1,SKIN,64.5,7.1,149.0,-0.023649486905959312,0.7777499605229372,-0.8013994474288966,0.11682121595040629
GTEX-1J8QM-0326-SM-CL53D.1,HEART,64.5,8.9,181.0,0.8911817122792639,-0.5370493486663581,1.4282310609456221,0.5902742080891497
GTEX-1J8QM-0426-SM-AHZ3X.1,HEART,64.5,7.2,194.0,0.83193170544274,-0.810831334557763,1.6427630400005029,0.42150190940198373
GTEX-1J8QM-2126-SM-CYPSJ.1,SKIN,64.5,7.2,299.0,0.08305254648433574,-0.8261434403709702,0.9091959868553059,-0.08481560115324073
GTEX-1J8QM-2226-SM-CYPSK.1,MUSCLE,64.5,8.0,309.0,0.9018212260569578,-0.3862787166714898,1.2880999427284476,0.12127250891655403
GTEX-1J8QM-2426-SM-A9SLS.1,SKIN,64.5,8.0,316.0,0.10989296821690066,0.12914976983257034,-0.019256801615669686,-0.012770830036822197
GTEX-1JJ6O-0011-R11b-SM-EXUS2.1,BRAIN,64.5,7.1,640.0,0.6606294173378995,-0.28462211121348713,0.9452515285513866,-0.026760036728126574
GTEX-1JJ6O-0011-R7b-SM-EXUTB.1,BRAIN,64.5,7.3,640.0,0.0199432820642511,0.432523926882228,-0.4125806448179769,0.11864970791619632
GTEX-1JJ6O-0011-R9a-SM-EYYXP.1,BRAIN,64.5,7.7,640.0,0.2960713469578603,-0.18947770310312778,0.4855490500609881,0.6540590853468954
GTEX-1JJ6O-0126-SM-E6CI8.1,SKIN,64.5,7.7,946.0,-0.5186772925265756,0.171464782951678,-0.6901420754782536,-0.5146612349015279
GTEX-1JJ6O-0826-SM-CXZJL.1,LIVER,64.5,5.7,963.0,-0.0158559900803974,-0.13209502884324223,0.11623903876284483,-0.15366321145333345
GTEX-1JJ6O-0926-SM-CYPT1.1,MUSCLE,64.5,8.6,964.0,0.5513636968789583,0.01451693743461215,0.5368467594443461,-0.02183784546105752
GTEX-1JJ6O-2126-SM-CNNP6.1,HEART,64.5,5.6,995.0,-0.7253582917274601,0.800052589866559,-1.525410881594019,-0.5702444053638235
GTEX-1JJ6O-2226-SM-AHZ3I.1,HEART,64.5,6.6,996.0,0.42722391010873934,-0.7510158110201915,1.1782397211289308,0.7730531521885048
GTEX-1JJ6O-2726-SM-CNPOG.1,SKIN,64.5,6.8,1014.0,-0.3573604004359204,0.5319753700143649,-0.8893357704502853,-0.08756955981750579
GTEX-1JJ6O-3026-SM-C1YQH.1,BRAIN,64.5,7.2,1051.0,0.40446599965443475,-0.3539214721451988,0.7583874717996335,0.11722838772724253
GTEX-1JJ6O-3126-SM-CNNP8.1,BRAIN,64.5,6.9,1050.0,0.3739367988221621,0.1427997202377724,0.23113707858438967,0.17592945843347704
GTEX-1JJE9-0326-SM-CL53Z.1,SKIN,74.5,7.5,1084.0,0.08077510914940614,0.13005063895195884,-0.0492755298025527,0.1984830306167068
GTEX-1JJE9-1426-SM-ARL8P.1,HEART,74.5,6.4,1113.0,-0.5516155652703496,-0.6502328691877772,0.09861730391742762,0.9436334428071906
GTEX-1JJE9-2626-SM-ARZMT.1,SKIN,74.5,7.2,1153.0,-0.33567582198944107,0.5968407357883329,-0.9325165577777739,-0.12921740033897203
GTEX-1JJE9-2926-SM-CY8HV.1,BRAIN,74.5,6.1,1185.0,-1.6653808369068688,1.0504852129498572,-2.715866049856726,-0.5892067078767387
GTEX-1JJE9-3026-SM-CNNPA.1,BRAIN,74.5,5.8,1188.0,-0.5495479972373606,0.7250809487451513,-1.2746289459825118,-0.30440815560264506
GTEX-1JJEA-0011-R11a-SM-EXUTE.1,BRAIN,64.5,7.8,937.0,0.6568256678312607,-0.43004518185370877,1.0868708496849695,-0.13078013731790836
GTEX-1JJEA-0011-R3b-SM-EXUTD.1,BRAIN,64.5,6.5,937.0,0.49897309644068055,-0.21547937521570837,0.7144524716563889,0.090840226037652
GTEX-1JJEA-0011-R4a-SM-EXUTC.1,BRAIN,64.5,5.7,937.0,-2.247344933516003,0.9401029355007827,-3.187447869016786,-1.0802079820365138
GTEX-1JJEA-0011-R6a-SM-EXUS1.1,BRAIN,64.5,6.2,937.0,-0.6723023360389504,0.8450315213111921,-1.5173338573501425,-0.5751410619375915
GTEX-1JJEA-0126-SM-D3L8A.1,MUSCLE,64.5,7.7,1107.0,0.3034110609293472,0.15485111731077705,0.14855994361857017,-0.23212593212824925
GTEX-1JJEA-0326-SM-CNPOT.1,SKIN,64.5,8.3,1110.0,-0.25339504572958804,-0.37186561912822896,0.11847057339864092,-0.3930224682660425
GTEX-1JJEA-0826-SM-CL53T.1,HEART,64.5,6.8,1122.0,0.04877090601708911,0.6216420138459327,-0.5728711078288435,-0.6948609462851152
GTEX-1JJEA-0926-SM-CYPSO.1,HEART,64.5,6.7,1123.0,0.03774416058150314,-0.1071422243114543,0.14488638489295744,0.25467158639454346
GTEX-1JJEA-1526-SM-CNNPK.1,LIVER,64.5,6.5,1133.0,0.027358433378751292,0.37645630933088364,-0.3490978759521324,-0.011116026230156017
GTEX-1JJEA-1826-SM-ARU8P.1,SKIN,64.5,6.5,1139.0,-0.6690345204774396,0.6437995911991548,-1.3128341116765943,-0.38094984302158563
GTEX-1JJEA-2826-SM-ARU8R.1,BRAIN,64.5,5.9,1224.0,-0.25333462730477696,0.6066871220009794,-0.8600217493057564,-0.17198500762745322
GTEX-1JJEA-2926-SM-C1YSK.1,BRAIN,64.5,7.5,1225.0,0.7948912752268991,-0.855878428125256,1.6507697033521551,-0.09002636784353774
GTEX-1JK1U-0226-SM-ARZMX.1,SKIN,64.5,7.8,130.0,-0.5953547961999348,1.004818622404869,-1.6001734186048038,-0.3213338824507497
GTEX-1JK1U-0526-SM-CYPSQ.1,HEART,64.5,8.3,158.0,0.37600220696514536,0.3749502790157434,0.001051927949401954,-0.5879551317795233
GTEX-1JK1U-0626-SM-CKZOJ.1,HEART,64.5,8.7,168.0,0.06696313152981327,0.40895838438330373,-0.3419952528534905,-0.01211471515054624
GTEX-1JK1U-2026-SM-CM2RZ.1,SKIN,64.5,8.7,281.0,-0.05618366992710498,-0.0827624189330475,0.026578749005942523,0.29456476593350966
GTEX-1JK1U-2226-SM-CNNPL.1,MUSCLE,64.5,8.7,293.0,-0.1628451158593234,0.4143024650467764,-0.5771475809060999,-0.3768737006961072
GTEX-1JKYN-0826-SM-ARU8S.1,SKIN,34.5,6.3,143.0,-0.941802096145941,1.4731285080595184,-2.4149306042054595,0.15042742812915075
GTEX-1JKYN-1326-SM-CGQG9.1,SKIN,34.5,8.6,183.0,0.11581000422915341,0.38091762124379974,-0.26510761701464636,0.46569039630516273
GTEX-1JKYN-1826-SM-ARZMZ.1,MUSCLE,34.5,6.9,188.0,-0.8243711761496243,1.0258660637088772,-1.8502372398585014,-0.8747247731421515
GTEX-1JKYR-0126-SM-CNPOJ.1,SKIN,24.5,6.8,409.0,-0.44111706029704933,1.0911257865955861,-1.5322428468926355,-0.2577645985038477
GTEX-1JKYR-0326-SM-CNPOL.1,MUSCLE,24.5,8.6,414.0,-0.2121098873036899,0.3606558528169123,-0.5727657401206022,-0.534499302790052
GTEX-1JKYR-0626-SM-ARL8R.1,SKIN,24.5,8.4,421.0,-0.06921008814713073,-0.2815195453859566,0.21230945723882585,0.1670507780751001
GTEX-1JMLX-0011-R6b-SM-EXUT9.1,BRAIN,54.5,8.3,1113.0,0.8342627935881483,-0.7096284816735083,1.5438912752616565,0.28673219270443107
GTEX-1JMLX-0011-R9a-SM-EYYXM.1,BRAIN,54.5,7.9,1113.0,0.13629559918743214,-0.3840864671523398,0.5203820663397719,0.3100170750448373
GTEX-1JMLX-0226-SM-CM2RO.1,SKIN,54.5,7.3,1276.0,-0.9010481889661281,0.7184324336739143,-1.6194806226400424,-0.5651185371998011
GTEX-1JMLX-0326-SM-CM2RP.1,MUSCLE,54.5,8.3,1277.0,0.3477935596437028,-0.784280405522055,1.1320739651657579,-0.039809587185302905
GTEX-1JMLX-0626-SM-ARL8T.1,SKIN,54.5,7.3,1281.0,-0.8562158553294883,0.8845843620413242,-1.7408002173708126,-0.11715175306525022
GTEX-1JMLX-1326-SM-CXZJO.1,LIVER,54.5,7.0,1330.0,0.4761908866088281,0.2865584663755312,0.1896324202332969,0.1465667127316724
GTEX-1JMLX-1626-SM-ARZMV.1,HEART,54.5,7.2,1333.0,0.11054589635070627,0.10041824818113267,0.010127648169573608,0.18746604277855486
GTEX-1JMLX-1826-SM-CNPOX.1,HEART,54.5,6.3,1334.0,0.09095843535886156,-0.226028716159439,0.3169871515183006,0.09045817045210165
GTEX-1JMLX-2926-SM-CL54C.1,BRAIN,54.5,6.3,1387.0,0.13442412984761387,0.14755015875328054,-0.013126028905666665,-0.005648259463082703
GTEX-1JMLX-3026-SM-EV79Q.1,BRAIN,54.5,7.1,1389.0,0.6096492410479091,-0.7734059084631377,1.3830551495110468,-0.16224080784409917
GTEX-1JMOU-0011-R11b-SM-EXUTA.1,BRAIN,64.5,7.3,1300.0,0.2011877196627105,0.0669070495052466,0.13428067015746392,-0.16485455073539312
GTEX-1JMOU-0011-R3a-SM-EYYXN.1,BRAIN,64.5,6.8,1300.0,0.3291434424461582,0.038834789257787654,0.2903086531883705,0.15311095071988703
GTEX-1JMOU-0226-SM-CNNPD.1,HEART,64.5,5.8,1321.0,-2.1981400214075317,1.0367080800558557,-3.2348481014633874,-0.8802627838250248
GTEX-1JMOU-0326-SM-ARL8X.1,HEART,64.5,6.2,1324.0,-1.0773530619772336,0.838128372593432,-1.9154814345706654,-0.07814318519741095
GTEX-1JMOU-1026-SM-CYPSS.1,SKIN,64.5,6.4,1350.0,-0.11387795608984488,0.5247008188631292,-0.6385787749529741,0.4299449111126282
GTEX-1JMOU-1526-SM-CL54I.1,SKIN,64.5,7.9,1370.0,0.007927900990334856,-0.28738980269588404,0.2953177036862189,0.48979330149257505
GTEX-1JMOU-2726-SM-CY8IO.1,BRAIN,64.5,6.6,1420.0,0.17518040704732152,0.25978695848908145,-0.08460655144175994,0.1522763237796467
GTEX-1JMOU-2826-SM-EV79R.1,BRAIN,64.5,7.0,1422.0,0.4223101825849855,-0.17257986029254666,0.5948900428775321,-0.014811749982708958
GTEX-1JMPY-0226-SM-CKZOK.1,SKIN,34.5,7.0,159.0,-1.5387309947916463,1.6267809297938458,-3.165511924585492,-0.6813973118956723
GTEX-1JMPY-1226-SM-CJI3A.1,MUSCLE,34.5,8.3,378.0,-0.9642391405292573,0.4425967625082721,-1.4068359030375295,-0.28779100409084635
GTEX-1JMPY-1326-SM-ARL8Y.1,SKIN,34.5,7.3,384.0,-0.9051451192799213,1.0536816447252606,-1.958826764005182,-0.1514734459964474
GTEX-1JMPZ-0011-R3a-SM-EYYWX.1,BRAIN,34.5,5.5,475.0,1.0897268027723517,-1.2924039852984843,2.3821307880708362,0.2979443921516769
GTEX-1JMPZ-0011-R5b-SM-EYYWY.1,BRAIN,34.5,6.0,475.0,0.8213874454589609,-0.7848985700180636,1.6062860154770244,0.2933075436385525
GTEX-1JMPZ-0126-SM-CNPOZ.1,MUSCLE,34.5,7.9,737.0,0.7486882600044231,-1.0057482222083909,1.754436482212814,1.2775524363635409
GTEX-1JMPZ-0226-SM-CNPP1.1,SKIN,34.5,7.5,740.0,-0.513678626443185,-0.142475128879777,-0.371203497563408,-0.29258891409051746
GTEX-1JMPZ-0726-SM-CY8HZ.1,SKIN,34.5,7.9,748.0,0.26083186299490957,-0.28542852864548673,0.5462603916403963,0.2235170029319985
GTEX-1JMPZ-1426-SM-CJI3C.1,HEART,34.5,5.7,766.0,0.3214318970687265,0.08652828296109415,0.23490361410763233,0.11289183516276685
GTEX-1JMPZ-2726-SM-ARZNF.1,BRAIN,34.5,6.8,830.0,0.715768969212275,-0.8118916838217809,1.5276606530340557,0.4261382676012013
GTEX-1JMPZ-2826-SM-C1YRA.1,BRAIN,34.5,8.3,834.0,1.1043734713227256,-2.2398548049195353,3.344228276242261,0.27929041585236053
GTEX-1JMQI-1726-SM-ARL93.1,SKIN,54.5,6.8,597.0,-0.5840258436539965,0.8485316564188536,-1.43255750007285,-0.06910310884286888
GTEX-1JMQI-2126-SM-CM2SC.1,MUSCLE,54.5,8.3,698.0,0.8628901499041532,-0.0915044568134641,0.9543946067176173,-0.15067863984151064
GTEX-1JMQI-2226-SM-CM2SD.1,SKIN,54.5,7.9,702.0,-0.21082309265761526,0.16310319467303497,-0.37392628733065025,-0.03898237080976608
GTEX-1JMQJ-0011-R11a-SM-EXOJY.1,BRAIN,54.5,8.5,725.0,1.226468011744624,-2.3032937071420907,3.5297617188867147,-0.19889775546204158
GTEX-1JMQJ-0011-R4b-SM-EXUT8.1,BRAIN,54.5,6.7,725.0,1.0171780857929107,-0.9360745910870418,1.9532526768799525,-0.18415913719172286
GTEX-1JMQJ-0011-R5a-SM-EYYXO.1,BRAIN,54.5,7.4,725.0,0.4867992168648375,0.15687904518599488,0.32992017167884263,-0.05960849417305917
GTEX-1JMQJ-0126-SM-E6CI2.1,MUSCLE,54.5,8.1,851.0,0.3365169761640511,-1.2463563486989773,1.5828733248630282,-0.4256694932337705
GTEX-1JMQJ-0526-SM-CYPSU.1,SKIN,54.5,8.1,862.0,-0.12922169608068929,-0.20484215857980115,0.07562046249911186,-0.011035784718965116
GTEX-1JMQJ-0826-SM-CNPP7.1,SKIN,54.5,6.7,917.0,-0.48449852269032945,0.33454190480601,-0.8190404274963394,-0.269108900531354
GTEX-1JMQJ-3026-SM-D5OVS.1,BRAIN,54.5,6.3,981.0,-0.1709856546341684,-0.16718214490417097,-0.003803509729997434,0.08194914622622233
GTEX-1JMQJ-3126-SM-EV79G.1,BRAIN,54.5,6.6,983.0,0.743292145199138,-0.9545261811502015,1.6978183263493394,-0.36297393868205174
GTEX-1JMQK-0011-R2a-SM-EYYXQ.1,BRAIN,64.5,7.5,683.0,0.6159055187948905,-1.1328378459322799,1.7487433647271704,0.7997583242936106
GTEX-1JMQK-0011-R7b-SM-EXUTF.1,BRAIN,64.5,7.8,683.0,-0.18475305920392665,0.59849730080636,-0.7832503600102867,-0.17378650454785424
GTEX-1JMQK-0226-SM-CL543.1,SKIN,64.5,8.0,934.0,-0.18126143110079498,-0.017886963402770996,-0.163374467698024,-0.032086851842188596
GTEX-1JMQK-0326-SM-ARZN5.1,MUSCLE,64.5,8.2,936.0,0.4893541594362579,-0.749320841371788,1.2386750008080458,0.1826202093042
GTEX-1JMQK-0626-SM-D4P2R.1,HEART,64.5,6.7,940.0,0.6348620554181239,-0.26116450026765525,0.8960265556857792,-0.08242385176739388
GTEX-1JMQK-0926-SM-ARL96.1,HEART,64.5,6.3,946.0,-0.00040625868641553715,-0.3964238189502257,0.3960175602638102,0.6773900657859927
GTEX-1JMQK-1226-SM-D4P2S.1,SKIN,64.5,7.1,951.0,-0.0769582031990732,0.7210909130376835,-0.7980491162367567,-0.04406445420181838
GTEX-1JMQK-2926-SM-D4P2T.1,BRAIN,64.5,7.0,1024.0,0.564739808826982,-0.582397680632189,1.147137489459171,-0.3417342140274949
GTEX-1JMQK-3026-SM-ARL95.1,BRAIN,64.5,6.3,1025.0,-0.1899668989785046,0.3937673219400163,-0.5837342209185209,0.003005150219649841
GTEX-1JMQL-0126-SM-CY8HN.1,MUSCLE,54.5,7.3,874.0,-0.15220463642498155,-1.5365327887819384,1.3843281523569568,0.9301497016590055
GTEX-1JMQL-0226-SM-CNPP5.1,SKIN,54.5,6.5,876.0,-0.5901200490929597,0.0001671690555151962,-0.5902872181484748,-0.7096654126529912
GTEX-1JMQL-1026-SM-CMKGV.1,HEART,54.5,6.6,928.0,0.3056293324647504,-1.2164901372013817,1.522119469666132,0.6508683029716728
GTEX-1JMQL-2226-SM-CNPP4.1,SKIN,54.5,7.3,951.0,-0.28272197138059985,-0.05075421663765238,-0.23196775474294745,0.014916910528935278
GTEX-1JMQL-2826-SM-ARU91.1,BRAIN,54.5,6.0,995.0,-0.010891558923812187,0.06429461312948657,-0.07518617205329876,0.4555438790097193
GTEX-1JMQL-2926-SM-CXZJI.1,BRAIN,54.5,5.6,996.0,-0.3634766247729696,0.22247386185952445,-0.585950486632494,0.054980394398731584
GTEX-1JN1M-0011-R9a-SM-EZ6MR.1,BRAIN,64.5,5.8,519.0,0.7496244968834994,-1.4298026191549602,2.1794271160384597,0.8074840684808776
GTEX-1JN1M-0326-SM-CYPT3.1,SKIN,64.5,7.0,581.0,-0.527923276180673,0.37481931161976983,-0.9027425878004429,-0.0833878241402277
GTEX-1JN1M-0526-SM-CJI3D.1,MUSCLE,64.5,6.9,584.0,0.18112486696775826,-0.30105059715081306,0.4821754641185713,0.2983694416611234
GTEX-1JN1M-1026-SM-CNPOS.1,HEART,64.5,5.7,622.0,-1.2094459019510713,0.799123149602144,-2.0085690515532155,-0.38161798022703014
GTEX-1JN1M-2726-SM-CY8I4.1,SKIN,64.5,8.4,711.0,0.08157731860577429,-0.8033725329351337,0.884949851540908,0.20723923410578782
GTEX-1JN1M-3126-SM-AHZ4E.1,BRAIN,64.5,7.1,790.0,0.41499419274537125,-0.7347108169151692,1.1497050096605403,0.0659161457697582
GTEX-1JN6P-0011-R4a-SM-EZ6MS.1,BRAIN,64.5,5.8,885.0,-1.6850444974529166,0.9649867710745685,-2.650031268527485,-0.512018183410558
GTEX-1JN6P-0126-SM-D3L98.1,SKIN,64.5,8.1,869.0,-0.2568014846069109,0.4854088186754931,-0.742210303282404,-0.16448669307167094
GTEX-1JN6P-0526-SM-COH33.1,MUSCLE,64.5,8.8,887.0,0.1253305885831948,-0.21796642650236325,0.34329701508555804,-0.3583920434634529
GTEX-1JN6P-0826-SM-ARL97.1,HEART,64.5,6.9,959.0,0.14999727630164905,-0.2564762637505764,0.40647354005222547,0.7984851899716824
GTEX-1JN6P-1126-SM-CKZON.1,HEART,64.5,5.7,975.0,-3.2303162819868154,1.1752617659314697,-4.405578047918285,-1.5268014142405644
GTEX-1JN6P-2926-SM-CL54D.1,SKIN,64.5,6.9,1054.0,-0.36739567731684925,1.0177122032681305,-1.3851078805849797,0.05983618184209775
GTEX-1JN76-0126-SM-CNPPE.1,SKIN,24.5,8.5,123.0,-0.10445868933276586,0.13234639330654585,-0.23680508263931171,-0.07161998974576651
GTEX-1JN76-0326-SM-ARZNJ.1,MUSCLE,24.5,8.6,128.0,0.07678432779459664,0.7870705587164998,-0.7102862309219031,-0.45309951022340605
GTEX-1JN76-0626-SM-CKZOQ.1,SKIN,24.5,8.8,137.0,0.01153041859650307,0.5004756082931118,-0.4889451896966087,-0.20433773067127825
GTEX-1K2DA-1026-SM-CGQGF.1,SKIN,54.5,5.8,159.0,-1.2278490455802697,2.0740167916759704,-3.30186583725624,-0.40442131723306907
GTEX-1K2DA-1826-SM-CGQGT.1,SKIN,54.5,8.5,199.0,-0.5789037118008984,0.1415274697955074,-0.7204311815964057,-0.3175015497074878
GTEX-1K2DA-2226-SM-CGQGM.1,MUSCLE,54.5,8.5,220.0,0.14254375033168412,0.9385410377373689,-0.7959972874056848,-0.6352778441149126
GTEX-1K2DU-0226-SM-DIPF6.1,HEART,24.5,7.5,408.0,0.27210573643741354,0.02444903320999892,0.24765670322741462,0.2649848795146712
GTEX-1K2DU-1226-SM-CYPT4.1,SKIN,24.5,7.4,481.0,-0.07044694895495693,0.07032878493214169,-0.14077573388709863,-0.07903362005142114
GTEX-1K2DU-2326-SM-E9TIV.1,SKIN,24.5,7.9,560.0,0.015775431630753102,-0.6288411579552297,0.6446165895859828,-0.09905877350457054
GTEX-1K2DU-2526-SM-D3L8V.1,MUSCLE,24.5,8.0,574.0,-0.13817519478321885,0.3895569223198421,-0.527732117103061,-0.041505185649010415
GTEX-1K9T9-0126-SM-EVYCF.1,SKIN,54.5,6.9,440.0,-0.0637186732158401,0.14501431372719548,-0.20873298694303558,0.4530091041078182
GTEX-1K9T9-0326-SM-EWRNQ.1,MUSCLE,54.5,7.0,442.0,0.21635805798025332,-0.01575372713683267,0.232111785117086,0.10199572850241871
GTEX-1K9T9-0726-SM-CXZJZ.1,LIVER,54.5,7.6,484.0,0.20941402172914797,-0.004995537638236657,0.21440955936738462,0.3341155203218212
GTEX-1K9T9-1126-SM-D3L9E.1,HEART,54.5,7.5,492.0,0.06435938784086141,-0.23522480524125264,0.29958419308211404,0.7116997295304626
GTEX-1K9T9-1226-SM-EVR4R.1,HEART,54.5,7.8,494.0,0.5381815833404389,-3.1052425435944198,3.6434241269348586,1.913943069042782
GTEX-1K9T9-1526-SM-DIPFR.1,SKIN,54.5,7.0,500.0,-0.12079052140833556,0.746995302520066,-0.8677858239284015,0.07580033484698717
GTEX-1KAFJ-0126-SM-DIPEK.1,SKIN,54.5,6.6,475.0,-0.4758138615525654,0.6108821777524513,-1.0866960393050167,-0.25760378141064544
GTEX-1KAFJ-0726-SM-CXZKF.1,LIVER,54.5,6.4,545.0,0.05002657606764093,-0.14946645914273876,0.1994930352103797,0.12609363518509464
GTEX-1KAFJ-2026-SM-CY8ID.1,SKIN,54.5,7.5,614.0,-0.36634439149295756,0.20021646364707943,-0.566560855140037,-0.15377672472389867
GTEX-1KAFJ-2326-SM-D3L8Z.1,MUSCLE,54.5,8.3,625.0,-0.21668489391996656,0.4896851604693055,-0.706370054389272,-0.02555700932837078
GTEX-1KANA-0726-SM-D3L9I.1,SKIN,24.5,7.8,127.0,-0.1671789307590303,0.4805784246807154,-0.6477573554397457,-0.3932250009037112
GTEX-1KANA-0926-SM-D3L9K.1,MUSCLE,24.5,8.0,130.0,-0.3571159416815786,1.0830779300578997,-1.4401938717394782,-0.5800107294749227
GTEX-1KANA-1326-SM-DIPFA.1,SKIN,24.5,7.9,135.0,-0.32109292719979704,0.977075540411093,-1.29816846761089,0.16531734384605573
GTEX-1KANB-0011-R9b-SM-EZ6MO.1,BRAIN,54.5,5.9,541.0,-0.0748865103497086,-0.493422066206791,0.4185355558570824,-0.1066839332986444
GTEX-1KANB-0126-SM-E6CJT.1,MUSCLE,54.5,7.4,746.0,0.23966019707281655,-0.7779325882859923,1.017592785358809,1.2684768724458353
GTEX-1KANB-0526-SM-E6CJH.1,SKIN,54.5,7.3,755.0,-0.1876342089063566,0.058099298850270924,-0.24573350775662753,-0.05556018021111962
GTEX-1KANB-1126-SM-DHXJT.1,HEART,54.5,6.7,764.0,0.3858059387982846,-0.20649793440150058,0.5923038731997852,-0.20725420392656588
GTEX-1KANB-2226-SM-DHXJW.1,LIVER,54.5,6.7,808.0,0.013252827514303817,0.04121063364999765,-0.027957806135693833,-0.10707622929373131
GTEX-1KANB-2826-SM-CY8I6.1,SKIN,54.5,7.8,833.0,0.15030197157286296,-0.4067265957035334,0.5570285672763964,-0.1418872470594424
GTEX-1KANB-3226-SM-D4P3G.1,BRAIN,54.5,6.3,892.0,-0.8887410126993288,0.5907785608119849,-1.4795195735113138,-0.7244500488213235
GTEX-1KANC-0226-SM-E9TIW.1,HEART,54.5,8.0,209.0,-0.2780248871333909,0.27603377232566617,-0.5540586594590571,-0.41229795283168685
GTEX-1KANC-0426-SM-CXZK5.1,HEART,54.5,8.5,212.0,0.4158180945486106,-0.024831429597160594,0.4406495241457712,-0.6186144691979925
GTEX-1KANC-1226-SM-CYPT7.1,SKIN,54.5,7.3,230.0,0.14818660011155574,0.6497433102193552,-0.5015567101077995,0.2856612511577087
GTEX-1KANC-1526-SM-D3LAB.1,SKIN,54.5,8.2,323.0,-0.7825051458489064,-0.19453862190910243,-0.587966523939804,-0.49776786896636327
GTEX-1KANC-1626-SM-E6CIA.1,MUSCLE,54.5,8.4,328.0,0.06734348002281898,-0.3949026394197389,0.4622461194425579,-0.24566764888372217
GTEX-1KD4Q-0011-R11b-SM-EXOIE.1,BRAIN,44.5,7.6,706.0,1.037289034374426,-1.446264429594303,2.483553463968729,-0.2629458131338256
GTEX-1KD4Q-0011-R3b-SM-EXOID.1,BRAIN,44.5,5.8,706.0,-0.3750753935453467,0.40310908757827923,-0.7781844811236259,-0.36927049579953336
GTEX-1KD4Q-0226-SM-E9TJ9.1,SKIN,44.5,8.2,818.0,0.2567841654619315,-0.3773299495334855,0.634114114995417,-0.038537493130723265
GTEX-1KD4Q-0326-SM-E9TJA.1,MUSCLE,44.5,8.2,829.0,0.8539395406335938,-0.7221219926343418,1.5760615332679357,-0.0679529205244435
GTEX-1KD4Q-0726-SM-DIPGE.1,HEART,44.5,6.0,933.0,-2.8026880801761487,1.0439686289032668,-3.8466567090794155,-1.2583534046682063
GTEX-1KD4Q-1526-SM-D4P3L.1,LIVER,44.5,5.7,963.0,-1.2948032416731805,1.1156904653701682,-2.410493707043349,-0.3177319395687872
GTEX-1KD4Q-2926-SM-D3L9N.1,BRAIN,44.5,7.3,1149.0,0.37034329998764653,0.08391558632810209,0.28642771365954445,0.03790528660385465
GTEX-1KD4Q-3026-SM-EV7A7.1,BRAIN,44.5,6.5,1152.0,0.2578089724251263,-0.05907221938458643,0.31688119180971275,-0.2618746578288024
GTEX-1KD5A-0126-SM-E9U54.1,SKIN,54.5,7.8,531.0,0.2796579185450301,-0.17862323930041077,0.4582811578454409,0.2504448986489306
GTEX-1KD5A-0226-SM-D5OV3.1,SKIN,54.5,8.3,537.0,0.4010976972955468,-0.3563747052089808,0.7574724025045276,0.43084347335278095
GTEX-1KD5A-0726-SM-DIPEO.1,MUSCLE,54.5,8.1,550.0,0.4172919026568515,0.11611481345657342,0.3011770892002781,-0.35201994241839263
GTEX-1KD5A-0926-SM-D4P3U.1,HEART,54.5,6.4,559.0,-1.5767311008336362,0.8355742061678092,-2.4123053070014455,-0.405794034165743
GTEX-1KD5A-1026-SM-CY8I8.1,HEART,54.5,7.3,563.0,0.8780348595154245,-0.23392799233994713,1.1119628518553717,-0.03134557813358678
GTEX-1KD5A-1226-SM-CXZK7.1,LIVER,54.5,6.7,571.0,0.4518756403205824,-1.0653192897674844,1.5171949300880667,-0.019686957993488494
GTEX-1KWVE-0326-SM-EV7AF.1,LIVER,34.5,6.4,1342.0,-0.071440478433693,0.6651047068115665,-0.7365451852452596,-0.4951454153965907
GTEX-1KWVE-0926-SM-CXZKP.1,MUSCLE,34.5,8.1,1349.0,0.573601181063607,-0.6854403055357163,1.2590414865993234,0.002853326393321177
GTEX-1KWVE-1026-SM-D3L9O.1,SKIN,34.5,7.8,1349.0,0.21016251405587535,0.23750654376325833,-0.027344029707382977,0.32448954115973255
GTEX-1KWVE-1426-SM-E9TJO.1,SKIN,34.5,7.1,1355.0,0.013737130783517692,0.26646610951524036,-0.2527289787317227,-0.11948750362173416
GTEX-1KWVE-2226-SM-CXZKN.1,BRAIN,34.5,6.8,1373.0,0.7525973132207672,-0.7519289547674796,1.5045262679882467,0.056900146823601075
GTEX-1KWVE-2326-SM-D4P3N.1,BRAIN,34.5,6.6,1375.0,0.4052694469261252,0.09855951477149734,0.3067099321546279,0.009457170201962324
GTEX-1KXAM-1326-SM-E9TJW.1,HEART,64.5,8.8,149.0,0.542725828914927,0.168104786709365,0.374621042205562,-0.05370150840639003
GTEX-1KXAM-1426-SM-D3LAC.1,HEART,64.5,8.8,152.0,0.21391613590937897,0.37365315911604896,-0.15973702320667,-0.1383754575232881
GTEX-1KXAM-1626-SM-D3LAD.1,SKIN,64.5,7.3,159.0,-0.2625405250073363,0.5979287291959002,-0.8604692542032366,-0.04131492047421056
GTEX-1KXAM-2226-SM-CYPTC.1,SKIN,64.5,7.3,194.0,-0.18585510007882947,0.4721462295665113,-0.6580013296453407,-0.3383933394753126
GTEX-1KXAM-2426-SM-DIPFC.1,MUSCLE,64.5,9.2,199.0,-0.13088082519125294,0.5205295421859195,-0.6514103673771725,-0.444480386852685
GTEX-1L5NE-0426-SM-E9TIX.1,HEART,54.5,8.7,95.0,0.3636016303448335,0.0038996873952040234,0.3597019429496295,-0.28403059065165354
GTEX-1L5NE-0526-SM-DIPG5.1,HEART,54.5,8.5,98.0,0.3522958315478531,-0.0947333477903371,0.4470291793381902,0.4297118072017831
GTEX-1L5NE-1126-SM-D3L9P.1,SKIN,54.5,7.5,110.0,-0.18790358562940396,1.357496498362269,-1.545400083991673,0.3700149967524246
GTEX-1L5NE-2226-SM-CXZKS.1,MUSCLE,54.5,8.5,145.0,-0.7892705801716651,0.3706554972464887,-1.1599260774181537,-0.5698601787777843
GTEX-1L5NE-2526-SM-E6CIE.1,SKIN,54.5,7.1,150.0,-0.25690440745562143,-0.30110281478120426,0.044198407325582834,-0.8454467072568037
GTEX-1LB8K-0011-R1b-SM-EZ6MV.1,BRAIN,54.5,7.1,651.0,0.23662762083239963,-0.1703504982854867,0.40697811911788634,0.22224476534594195
GTEX-1LB8K-0011-R2a-SM-EZ6MQ.1,BRAIN,54.5,5.9,651.0,-0.2322741834538145,-0.15738346737046796,-0.07489071608334655,-0.2680473208256565
GTEX-1LB8K-0011-R6a-SM-EXURT.1,BRAIN,54.5,5.6,651.0,-1.434710793648735,1.106601101779647,-2.5413118954283824,-0.8744769337315306
GTEX-1LB8K-0011-R9a-SM-EZ6MP.1,BRAIN,54.5,6.9,651.0,-0.3042667342947318,0.21404594832918214,-0.518312682623914,-0.16426195920721273
GTEX-1LB8K-0126-SM-EVYCN.1,MUSCLE,54.5,8.0,812.0,0.22379700131298794,0.22430267877960033,-0.0005056774666123975,-0.6117190538269712
GTEX-1LB8K-0226-SM-EWRNW.1,SKIN,54.5,7.8,812.0,-0.11748767639167725,-0.27108062349337814,0.1535929471017009,-0.21190199577989235
GTEX-1LB8K-0726-SM-D5OV2.1,SKIN,54.5,8.1,819.0,-0.1509448468614441,0.03286045481759053,-0.18380530167903464,-0.18236448774097783
GTEX-1LB8K-0926-SM-D4P42.1,HEART,54.5,7.0,824.0,0.8102217105531112,-1.451196351024096,2.2614180615772073,1.0184441263073485
GTEX-1LB8K-1026-SM-DHXJJ.1,HEART,54.5,5.8,825.0,-1.250384409853417,0.9234449410760983,-2.1738293509295152,-0.6963486868091134
GTEX-1LB8K-3126-SM-E9U57.1,BRAIN,54.5,5.8,912.0,-0.04948238123773082,-0.6263768426073535,0.5768944613696226,-0.015574242008833328
GTEX-1LBAC-0126-SM-DIPEZ.1,SKIN,24.5,7.8,324.0,-0.4465045049751486,-0.5679553676778422,0.12145086270269356,-0.13668816348961668
GTEX-1LBAC-0326-SM-DIPF1.1,MUSCLE,24.5,8.3,332.0,0.007873090652682966,-0.2284345719105859,0.23630766256326885,-0.41466930333244256
GTEX-1LBAC-0826-SM-CY8IJ.1,SKIN,24.5,7.0,344.0,-0.9373191508201714,1.3604669191252339,-2.2977860699454054,0.03866004430589184
GTEX-1LC47-0011-R10b-SM-EYYWE.1,BRAIN,64.5,6.3,577.0,-0.5776487148747373,0.40787145378392575,-0.9855201686586631,-0.090880669974173
GTEX-1LC47-0011-R6b-SM-EZ6MI.1,BRAIN,64.5,6.3,577.0,-0.9886246850305372,0.8057018123891891,-1.7943264974197264,-0.6455777156582225
GTEX-1LC47-0326-SM-E9TJP.1,SKIN,64.5,8.0,596.0,0.17944865456661496,-0.8902101816041076,1.0696588361707224,0.27225167779970405
GTEX-1LC47-0626-SM-DIPFE.1,MUSCLE,64.5,8.7,610.0,0.08982800698606407,-0.501727112360425,0.5915551193464891,0.2674671393725749
GTEX-1LC47-1026-SM-D3LAH.1,HEART,64.5,7.5,624.0,0.401218593104884,-0.4943136596084977,0.8955322527133818,0.35635284708895715
GTEX-1LC47-2926-SM-CXZKC.1,BRAIN,64.5,6.0,773.0,-0.5334060793427643,0.47919436834599716,-1.0126004476887616,-0.1615930752944027
GTEX-1LG7Y-0011-R11a-SM-EXOIH.1,BRAIN,54.5,8.1,899.0,1.3186326127527896,-2.0425546344714327,3.3611872472242226,-0.032068385788018065
GTEX-1LG7Y-0011-R1a-SM-EYYWV.1,BRAIN,54.5,5.8,899.0,-0.36620154525395654,0.6572588101606941,-1.0234603554146506,-0.3685574059194457
GTEX-1LG7Y-0011-R5a-SM-EZ6MU.1,BRAIN,54.5,7.4,899.0,0.6199223161008345,0.17826298038875063,0.4416593357120838,-0.10366465817754618
GTEX-1LG7Y-0126-SM-E6CJ8.1,MUSCLE,54.5,8.3,1078.0,-0.2619547813216826,0.26416996964628814,-0.5261247509679707,-0.5742276735027477
GTEX-1LG7Y-0526-SM-DKPQC.1,SKIN,54.5,7.0,1080.0,0.20372947711456774,0.31235815280894713,-0.1086286756943794,0.2555898452330662
GTEX-1LG7Y-1226-SM-CXZKD.1,HEART,54.5,5.9,1093.0,-1.7795257493374963,0.9895594136288703,-2.7690851629663666,-0.3466443554087231
GTEX-1LG7Y-1426-SM-D4P31.1,HEART,54.5,6.8,1095.0,0.061273879542892096,0.3571055443385175,-0.2958316647956254,0.39398384499975997
GTEX-1LG7Y-2526-SM-EWRO7.1,SKIN,54.5,6.9,1126.0,-0.19631337219327816,0.7812606121674137,-0.9775739843606919,-0.12063229171981554
GTEX-1LG7Y-3026-SM-D5OVI.1,BRAIN,54.5,6.8,1176.0,0.5798407858964475,0.0022627207226680835,0.5775780651737794,-0.10529256251657057
GTEX-1LG7Y-3126-SM-EV7AS.1,BRAIN,54.5,7.1,1178.0,0.9929589771293212,-1.3387775035176004,2.3317364806469216,-0.246724427751889
GTEX-1LG7Z-1626-SM-CXKYR.1,SKIN,34.5,5.7,227.0,-0.5425905808355939,1.6222856930798315,-2.1648762739154255,0.09642676240047829
GTEX-1LG7Z-1726-SM-D3LA4.1,SKIN,34.5,7.4,231.0,-0.5329079937018893,0.21027496850657254,-0.7431829622084619,-0.5728452827003317
GTEX-1LG7Z-2126-SM-CXKYU.1,MUSCLE,34.5,8.1,243.0,0.13036169999751904,0.3052693830403644,-0.17490768304284535,0.8996789991999313
GTEX-1LGOU-0326-SM-D3LAM.1,HEART,24.5,9.0,104.0,0.3291068500280339,0.1962857197213619,0.132821130306672,0.030561922267995388
GTEX-1LGOU-0726-SM-E9TIY.1,HEART,24.5,8.9,154.0,0.6626139963795334,-0.0032353067688002646,0.6658493031483337,-0.4018633426610206
GTEX-1LGOU-1326-SM-D3L8M.1,SKIN,24.5,8.1,188.0,-0.3293869421186999,1.465346446121919,-1.794733388240619,-0.0015121287056264793
GTEX-1LGOU-2026-SM-DIPFF.1,SKIN,24.5,8.1,225.0,-0.2555928157725119,-0.23910233079499751,-0.016490484977514402,-0.27202755498921594
GTEX-1LGOU-2126-SM-DIPFG.1,MUSCLE,24.5,8.2,231.0,0.3540946913774646,0.7628876323422116,-0.408792940964747,-0.5510437557259188
GTEX-1LGRB-0626-SM-CNNQH.1,LIVER,54.5,9.6,158.0,0.7597743863047395,-0.3901966400063691,1.1499710263111087,0.020510765115903228
GTEX-1LGRB-0926-SM-COH3K.1,SKIN,54.5,7.7,200.0,-0.4150506469320162,0.4301629189548662,-0.8452135658868825,-0.19354186206254906
GTEX-1LGRB-1026-SM-CNPQD.1,HEART,54.5,8.7,199.0,-0.03145399715707586,-0.25549639941032054,0.22404240225324468,0.13104249787715855
GTEX-1LGRB-1126-SM-CNPP2.1,HEART,54.5,8.5,206.0,0.3921307099719989,-0.03251097147431979,0.4246416814463187,0.0014114090848394384
GTEX-1LGRB-2526-SM-CNPPQ.1,SKIN,54.5,8.0,381.0,-0.4023528735462463,0.22334425180846237,-0.6256971253547087,-0.2659394922822124
GTEX-1LGRB-2626-SM-CNPPR.1,MUSCLE,54.5,8.4,399.0,-0.07919663353806204,0.0519100743933912,-0.13110670793145324,0.14721299078116615
GTEX-1LH75-0011-R2b-SM-EYYWQ.1,BRAIN,54.5,6.9,995.0,0.9305515725437015,-0.6556918716562797,1.5862434441999813,0.7924446850700777
GTEX-1LH75-0011-R6a-SM-EXURS.1,BRAIN,54.5,7.0,995.0,0.9262101926631015,-0.8701247918318891,1.7963349844949905,0.6786770908594386
GTEX-1LH75-0011-R7a-SM-EXOIF.1,BRAIN,54.5,7.4,995.0,0.682828926135803,-0.40952635774134716,1.0923552838771502,0.29056820933317856
GTEX-1LH75-0426-SM-E9TJF.1,HEART,54.5,7.4,1029.0,1.2024488771070567,-0.8277569320207436,2.0302058091278004,0.05333642225336249
GTEX-1LH75-0526-SM-DIPG2.1,HEART,54.5,7.2,1033.0,0.18189073417324253,-0.48340746158495523,0.6652981957581978,0.5319218226772149
GTEX-1LH75-0926-SM-EAZ5C.1,LIVER,54.5,7.0,1056.0,0.6151427163290099,-1.1090798467715604,1.7242225631005703,-0.2559771287688333
GTEX-1LH75-2426-SM-E9TJE.1,SKIN,54.5,6.7,1118.0,-0.12457352802738052,0.07704572575186336,-0.2016192537792439,-0.024222361067380075
GTEX-1LH75-2626-SM-E9TKL.1,MUSCLE,54.5,7.8,1120.0,-0.26230468762657105,-0.7830852230780118,0.5207805354514408,-0.07666871067321138
GTEX-1LKK1-0011-R11a-SM-EXOIG.1,BRAIN,54.5,5.6,660.0,-1.240134639268173,1.0259748645229962,-2.266109503791169,-0.8644581407913808
GTEX-1LKK1-2626-SM-DKPQE.1,SKIN,54.5,6.1,973.0,-0.6916873054201307,0.8544447926181883,-1.5461320980383189,-0.5439874253251804
GTEX-1LKK1-3126-SM-EWRNY.1,BRAIN,54.5,5.8,1046.0,0.3221701973703612,-0.13959590139818745,0.4617660987685486,0.28400637286830954
GTEX-1LNCM-1126-SM-E9U5E.1,SKIN,54.5,6.9,512.0,0.14251585426998467,0.33397352440470934,-0.19145767013472467,0.7047298370318259
GTEX-1LNCM-1226-SM-E9U5C.1,MUSCLE,54.5,7.0,515.0,-0.07257287542060836,-0.16732680938717942,0.09475393396657106,-0.442015387932377
GTEX-1LSNL-0011-R2a-SM-EZ6MK.1,BRAIN,54.5,6.6,1143.0,-0.2836722067976398,0.3717157159024888,-0.6553879227001287,0.13254208229082856
GTEX-1LSNL-0011-R7a-SM-EYYWI.1,BRAIN,54.5,5.7,1143.0,-0.1746322338287585,0.5469035662602233,-0.7215358000889818,-0.3492093208065158
GTEX-1LSNL-0011-R9b-SM-EYYWK.1,BRAIN,54.5,6.7,1143.0,0.14835162561105295,-0.540537621164755,0.688889246775808,0.31965117673117593
GTEX-1LSNL-0126-SM-EWRNR.1,MUSCLE,54.5,8.1,1278.0,0.25436661428798735,-0.16648659213238703,0.4208532064203744,-0.43776138074392146
GTEX-1LSNL-0226-SM-EVYCG.1,SKIN,54.5,7.5,1278.0,-1.2728281956480536,-0.3213929943460897,-0.9514352013019639,-0.4850897992780532
GTEX-1LSNL-0626-SM-DIPFJ.1,HEART,54.5,6.1,1290.0,-1.3921641293362197,0.5914399140960195,-1.9836040434322393,0.5063856293893285
GTEX-1LSNL-2726-SM-E9TKJ.1,SKIN,54.5,7.8,1398.0,0.11260503960128362,0.17951205265963316,-0.06690701305834953,0.20144579849953587
GTEX-1LSNM-0426-SM-E9TIZ.1,HEART,54.5,8.6,219.0,0.2976959967513572,0.13206645986599425,0.16562953688536297,-0.06131185532559269
GTEX-1LSNM-0526-SM-DIPG6.1,HEART,54.5,8.3,222.0,0.3304431918232936,-0.027005462634564607,0.35744865445785823,-0.29484617830346166
GTEX-1LSNM-0826-SM-DIPG8.1,SKIN,54.5,6.0,230.0,-1.4211282960179696,1.9580774974585524,-3.379205793476522,-0.47165446267762456
GTEX-1LSNM-1926-SM-E6CII.1,SKIN,54.5,7.8,371.0,-0.7293413529331403,0.5538268981527744,-1.2831682510859146,-0.39564889851641644
GTEX-1LSNM-2326-SM-EWRO8.1,MUSCLE,54.5,8.2,380.0,0.5782236473039317,0.5060520484668533,0.07217159883707847,-0.11656553576455826
GTEX-1LSVX-0011-R11b-SM-EXOIA.1,BRAIN,64.5,7.7,560.0,0.7961918318879921,-1.1516792644311562,1.9478710963191483,-0.06473016606655049
GTEX-1LSVX-0011-R4b-SM-EXURP.1,BRAIN,64.5,6.4,560.0,0.21536155841315488,0.0060608235679304266,0.20930073484522446,0.29331313338627524
GTEX-1LSVX-2526-SM-DIPEU.1,SKIN,64.5,7.7,806.0,-0.0924995245188198,-0.030709048199445758,-0.06179047631937405,-0.019680000555275117
GTEX-1LSVX-2826-SM-EVR58.1,BRAIN,64.5,5.8,870.0,0.7740607251888934,-1.276496518447416,2.0505572436363093,-0.18235439300605924
GTEX-1LVA9-0011-R2a-SM-EZ6MJ.1,BRAIN,54.5,6.2,1142.0,-0.29343932196822825,0.26069107422830634,-0.5541303961965346,-0.41601060491646885
GTEX-1LVA9-0011-R6a-SM-EYYWH.1,BRAIN,54.5,5.8,1142.0,-0.13349662472583185,0.6831934258050093,-0.8166900505308412,-0.4960920357404931
GTEX-1LVA9-0011-R7a-SM-EYYWG.1,BRAIN,54.5,5.7,1142.0,-1.3517499655807528,1.22384357602543,-2.5755935416061826,-0.9060605972723318
GTEX-1LVA9-0011-R9a-SM-EYYWF.1,BRAIN,54.5,6.5,1142.0,-0.02596443257587294,0.35649902931179567,-0.3824634618876686,-0.16403438576649235
GTEX-1LVA9-0326-SM-DLHBU.1,MUSCLE,54.5,9.1,1212.0,0.7420067289269033,-0.406846619026591,1.1488533479534944,-0.10542805663968521
GTEX-1LVA9-0926-SM-EVR5G.1,HEART,54.5,5.7,1278.0,-2.1329710583753747,1.1117215968616674,-3.244692655237042,-1.0566315241142261
GTEX-1LVA9-2626-SM-EVYD4.1,SKIN,54.5,7.1,1394.0,0.09372838615124714,0.4236794617218757,-0.3299510755706286,0.1646287710389309
GTEX-1LVA9-3026-SM-E9U5M.1,BRAIN,54.5,5.9,1436.0,-0.5362954452801852,0.21950116863749394,-0.7557966139176792,-0.36383674881794587
GTEX-1LVAM-0326-SM-DIPFL.1,MUSCLE,54.5,8.6,380.0,0.09119249179219945,0.5215090292815185,-0.4303165374893191,-0.3324524859891885
GTEX-1LVAM-0726-SM-E6CIL.1,SKIN,54.5,7.3,387.0,-0.6066132332468182,0.8386275059710472,-1.4452407392178652,-0.32819680180165933
GTEX-1LVAN-0226-SM-COH3S.1,SKIN,54.5,7.8,329.0,-0.7691210555767279,0.7195704989632437,-1.4886915545399715,-0.4561134877762253
GTEX-1LVAN-0526-SM-CNNQ1.1,MUSCLE,54.5,8.2,358.0,-0.2359292026361001,0.8153592535196295,-1.0512884561557296,-0.6126454029030994
GTEX-1LVAN-0626-SM-CNPOQ.1,SKIN,54.5,5.6,376.0,-1.7669248935202468,1.9959136317137027,-3.7628385252339496,-0.4762502052845488
GTEX-1LVAN-1526-SM-CNPQN.1,HEART,54.5,7.4,448.0,0.06909121782295367,0.3208017172290021,-0.2517104994060484,-0.026669361633337968
GTEX-1LVAN-1726-SM-CNNR1.1,HEART,54.5,7.4,456.0,0.5308956694983515,0.18279544954438867,0.3481002199539629,-0.22146065109249125
GTEX-1LVAO-0011-R11b-SM-EXOI8.1,BRAIN,64.5,7.7,884.0,0.5521158596740957,-0.49204128331705654,1.0441571429911523,-0.03507803767339759
GTEX-1LVAO-0011-R2a-SM-EYYX1.1,BRAIN,64.5,6.4,884.0,-0.13853948479884085,0.16864967554043053,-0.30718916033927135,0.16088316675665532
GTEX-1LVAO-0011-R3a-SM-EXOI7.1,BRAIN,64.5,5.9,884.0,0.48564856167285614,-0.10350642868112742,0.5891549903539836,0.2312545375195571
GTEX-1LVAO-0011-R4a-SM-EXURO.1,BRAIN,64.5,6.0,884.0,0.13775808943091797,0.148032973395245,-0.01027488396432702,0.03404099473946655
GTEX-1LVAO-0011-R6b-SM-EZ6MX.1,BRAIN,64.5,7.0,884.0,0.9157129766684259,-0.2579234658892867,1.1736364425577126,-0.10110831315577673
GTEX-1LVAO-0011-R7a-SM-EYYWZ.1,BRAIN,64.5,7.4,884.0,0.4796477949499357,0.10732061335705476,0.3723271815928809,0.09446336037394389
GTEX-1LVAO-0011-R9a-SM-EZ6MY.1,BRAIN,64.5,6.6,884.0,-0.3757722431668898,0.35376493633380995,-0.7295371795006997,-0.22923080047210992
GTEX-1LVAO-0526-SM-EWRNS.1,MUSCLE,64.5,5.9,986.0,-1.068860237292506,0.8785769768720623,-1.9474372141645682,1.5219067652631924
GTEX-1LVAO-0626-SM-EWRNT.1,HEART,64.5,5.9,1019.0,0.08636354222550177,-0.1135260181988677,0.19988956042436948,0.2719658280565032
GTEX-1LVAO-2726-SM-E9TJ8.1,SKIN,64.5,6.3,1111.0,0.056712985965682375,-0.024374305497581735,0.08108729146326411,0.4017329444531206
GTEX-1M4P7-0011-R11b-SM-EXOIK.1,BRAIN,64.5,6.5,922.0,0.39338247158879136,0.044451658219139586,0.34893081336965176,-0.5012752805736423
GTEX-1M4P7-0011-R3a-SM-EYYX2.1,BRAIN,64.5,5.8,922.0,-2.2556604739169788,1.0455371012098111,-3.30119757512679,-1.2717823512307276
GTEX-1M4P7-0126-SM-DKPQF.1,MUSCLE,64.5,7.3,1058.0,0.7051964091496327,-1.3452335446342176,2.0504299537838504,0.4495118174044058
GTEX-1M4P7-0226-SM-DIPEV.1,SKIN,64.5,6.9,1059.0,0.027448551082823895,-0.7380187942383396,0.7654673453211635,0.5524301001710247
GTEX-1M4P7-0726-SM-E6CJ3.1,SKIN,64.5,7.6,1065.0,-0.23565048006900216,0.18675819977417513,-0.4224086798431773,0.10462989968660362
GTEX-1M4P7-2726-SM-E9TJQ.1,BRAIN,64.5,6.0,1180.0,-0.6945792875873312,0.7190826307596149,-1.413661918346946,-0.39347612218790406
GTEX-1M5QR-1026-SM-DHXK9.1,HEART,44.5,6.0,454.0,-0.016385077304060285,0.38151725006370324,-0.39790232736776354,-0.4143019357261624
GTEX-1M5QR-1226-SM-EWROB.1,SKIN,44.5,7.0,459.0,-0.5657392329587692,0.7196660189572037,-1.2854052519159729,-0.5852333196867505
GTEX-1M5QR-1326-SM-EWROC.1,MUSCLE,44.5,7.9,462.0,0.6600405623404908,-0.23648657796608866,0.8965271403065794,-0.5299042641506556
GTEX-1M5QR-1626-SM-E9U5O.1,HEART,44.5,6.5,472.0,-0.6823547209816389,0.2503894066615906,-0.9327441276432294,0.6018570522215128
GTEX-1MA7W-1826-SM-DIPFP.1,MUSCLE,24.5,7.8,231.0,0.15682419361328467,0.5438932650925605,-0.38706907147927583,-0.36759000008306786
GTEX-1MA7W-2026-SM-E9TJ6.1,SKIN,24.5,8.5,241.0,-0.19105774185654434,-0.5809409571150814,0.3898832152585371,-0.32438987573776373
GTEX-1MA7X-0011-R2b-SM-EZ6MT.1,BRAIN,64.5,6.5,844.0,0.0009736251892398481,0.3930846394191049,-0.39211101422986505,-0.18530798285838837
GTEX-1MA7X-0011-R6a-SM-EYYWR.1,BRAIN,64.5,7.1,844.0,0.22369089883881577,0.359050125397424,-0.13535922655860821,-0.17590031106051712
GTEX-1MA7X-0011-R7b-SM-EYYWS.1,BRAIN,64.5,5.9,844.0,-1.366072678462444,1.0736219567092886,-2.4396946351717324,-0.7270214533648661
GTEX-1MA7X-2226-SM-E6CIY.1,SKIN,64.5,7.8,976.0,-0.06158282937779634,0.1653626442955695,-0.22694547367336582,0.4398815621262782
GTEX-1MCC2-0226-SM-EVYD5.1,HEART,34.5,8.1,151.0,0.39807631244725894,-0.2644372334642109,0.6625135459114698,0.22470365126836714
GTEX-1MCC2-0326-SM-EV7AK.1,HEART,34.5,8.9,161.0,0.40855103346997507,0.13029884071364425,0.27825219275633084,-0.42301774812771015
GTEX-1MCC2-1826-SM-DIPEX.1,SKIN,34.5,7.1,241.0,-0.17535991784804897,0.32937458833557137,-0.5047345061836204,-0.03155941966158264
GTEX-1MCC2-2726-SM-EWRN3.1,MUSCLE,34.5,8.6,386.0,0.9996303590072444,-0.32666070042455897,1.3262910594318034,-0.18730229126337414
GTEX-1MCQQ-0011-R3a-SM-EXURW.1,BRAIN,64.5,6.1,1184.0,-0.26611083321417334,0.45478340548271423,-0.7208942386968875,-0.3702265269295593
GTEX-1MCQQ-0626-SM-E9U5Q.1,MUSCLE,64.5,8.4,1275.0,-0.2625068213243635,-0.3679625161510992,0.10545569482673572,-0.09433630091526392
GTEX-1MCQQ-0826-SM-DLHC2.1,SKIN,64.5,7.4,1283.0,0.21281370943661385,0.2747497305832728,-0.06193602114665894,0.011189221047265887
GTEX-1MCQQ-2526-SM-E9TJZ.1,BRAIN,64.5,5.6,1390.0,-0.3843146612929207,-0.06742455405640926,-0.31689010723651145,0.024132933562637123
GTEX-1MCYP-0526-SM-E9U6Q.1,SKIN,24.5,7.4,102.0,-1.68628019872245,1.785273511339251,-3.471553710061701,-0.7559184356417434
GTEX-1MCYP-1926-SM-E9J2R.1,SKIN,24.5,6.0,212.0,-0.7661405431766325,1.7418573388721463,-2.507997882048779,-0.017723242875896366
GTEX-1MCYP-2026-SM-DTXE4.1,MUSCLE,24.5,7.9,216.0,-0.12660896770477717,0.3543072492149432,-0.4809162169197204,-0.10426389283605994
GTEX-1MGNQ-0126-SM-EVYCJ.1,SKIN,44.5,6.7,237.0,-0.6047953392765648,1.0270794090300117,-1.6318747483065765,-0.05292572001047099
GTEX-1MJIX-0326-SM-EVR42.1,HEART,44.5,6.8,432.0,-0.46609627114056346,0.919052661295036,-1.3851489324355994,-0.7516613976735852
GTEX-1MJIX-0426-SM-DTXEN.1,HEART,44.5,8.0,433.0,0.22689196282402585,0.5932928743274517,-0.36640091150342585,-0.389139064080438
GTEX-1MJIX-0726-SM-DPRYP.1,LIVER,44.5,6.6,436.0,-1.2724337789449598,1.1043417196997636,-2.376775498644723,-0.3529612869040443
GTEX-1MJIX-2126-SM-E9J3A.1,MUSCLE,44.5,7.6,620.0,0.27930454378135844,0.14121829513455283,0.1380862486468056,1.1284681118693287
GTEX-1MJK2-0011-R2b-SM-EXUS5.1,BRAIN,54.5,6.7,1022.0,0.48119125797230206,0.06388766309316679,0.41730359487913526,-0.010978642190621389
GTEX-1MJK2-0011-R6a-SM-EXUS3.1,BRAIN,54.5,7.2,1022.0,0.3755262067768657,0.2982365004685263,0.07728970630833942,-0.13101267193640417
GTEX-1MJK2-0011-R7a-SM-EXUS4.1,BRAIN,54.5,6.8,1022.0,-0.0902055932070385,0.5646360891066393,-0.6548416823136778,-0.06537897819720233
GTEX-1MJK2-0011-R9b-SM-EZ6MZ.1,BRAIN,54.5,7.3,1022.0,0.7030967977335445,-1.375992327707105,2.0790891254406496,0.9910667469201679
GTEX-1MJK2-0426-SM-DTXE5.1,SKIN,54.5,7.5,1165.0,-0.09077325517165714,-0.11578630787257407,0.02501305270091693,-0.5193222287417102
GTEX-1MJK2-1626-SM-EVYCQ.1,HEART,54.5,6.0,1278.0,-1.3069708171276682,0.9803565061961582,-2.2873273233238263,-0.37341058264736177
GTEX-1MJK2-3026-SM-EV7A5.1,BRAIN,54.5,7.1,1342.0,0.9520269518153537,-1.0960060729673593,2.048033024782713,-0.3543035641633434
GTEX-1MJK3-0726-SM-E6CJC.1,SKIN,24.5,7.4,477.0,-0.7429135080047364,0.8120338423152963,-1.5549473503200328,-0.1615109707312636
GTEX-1MJK3-1426-SM-E9TK1.1,MUSCLE,24.5,8.1,654.0,0.331932011410565,0.8462698476045372,-0.5143378361939721,-0.454110832032864
GTEX-1MUQO-0126-SM-EAZ58.1,SKIN,64.5,6.7,376.0,-0.1390259755660552,0.11834271912551753,-0.25736869469157275,0.02456310616946536
GTEX-1MUQO-0226-SM-E9TJL.1,MUSCLE,64.5,8.6,378.0,0.32453546300126257,-0.4029110237069299,0.7274464867081925,-0.2258086853109116
GTEX-1MUQO-1226-SM-E9TJK.1,HEART,64.5,8.3,391.0,0.9019039936650699,-0.2768979226734331,1.178801916338503,-0.3037997744424375
GTEX-1N2DV-0226-SM-E6CJ6.1,SKIN,44.5,7.7,161.0,-0.5759678235137045,1.2086384358322286,-1.784606259345933,0.06128524629005734
GTEX-1N2DV-0526-SM-DTX8W.1,MUSCLE,44.5,9.2,173.0,0.1822082802196253,0.09279690208579527,0.08941137813383002,0.8144860415897055
GTEX-1N2DV-1526-SM-DTXEP.1,SKIN,44.5,8.8,207.0,-0.5983082222628066,0.5940145741625806,-1.1923227964253873,-0.35703555125008324
GTEX-1N2DW-0011-R11b-SM-EXOIL.1,BRAIN,54.5,6.7,856.0,0.8757522444665907,-0.9030850921558511,1.7788373366224417,-0.43305991939239596
GTEX-1N2DW-0011-R4b-SM-EZ6MD.1,BRAIN,54.5,6.6,856.0,-0.18114561289534295,0.33739822180318046,-0.5185438346985234,0.24458732721228474
GTEX-1N2DW-0011-R5a-SM-EYYX3.1,BRAIN,54.5,6.7,856.0,-0.33655268505107816,0.9053466694565044,-1.2418993545075825,-0.30464861305502355
GTEX-1N2DW-0011-R6a-SM-EZ6MW.1,BRAIN,54.5,6.9,856.0,-0.16820750203740084,0.667939151282562,-0.8361466533199629,-0.28866353176759363
GTEX-1N2DW-0226-SM-E9TK2.1,SKIN,54.5,6.9,882.0,-0.3372244854729936,0.6920204256623381,-1.0292449111353317,0.0705123026393603
GTEX-1N2DW-0426-SM-E9TK4.1,MUSCLE,54.5,7.7,892.0,0.5902977505857265,-0.722088969411983,1.3123867199977095,-0.3845153155499906
GTEX-1N2DW-2826-SM-E9TK5.1,BRAIN,54.5,5.5,1041.0,-0.44656983233127345,0.5558126019791226,-1.002382434310396,-0.3858962797303948
GTEX-1N2EE-0011-R11b-SM-EXOIJ.1,BRAIN,64.5,8.1,1049.0,1.189930671677204,-1.6662555844419566,2.8561862561191607,0.1256409522548784
GTEX-1N2EE-0011-R3b-SM-EXURY.1,BRAIN,64.5,6.2,1049.0,0.49509384023901915,0.019415002854336092,0.47567883738468303,0.08113403406759727
GTEX-1N2EE-0011-R4a-SM-EXOII.1,BRAIN,64.5,6.3,1049.0,-0.6670893198489017,0.7328179732673745,-1.3999072931162764,-0.15826047422521383
GTEX-1N2EE-0626-SM-E76PW.1,SKIN,64.5,6.8,1165.0,0.1727128920608988,-0.17341814341165282,0.34613103547255164,0.049021982643589736
GTEX-1N2EF-0226-SM-EYYXB.1,SKIN,64.5,8.3,615.0,0.2013570472360147,-0.9034798089285919,1.1048368561646067,0.24011780693179374
GTEX-1N2EF-0526-SM-E76OK.1,MUSCLE,64.5,7.3,619.0,0.46620906554853037,-1.0946196259217276,1.5608286914702578,1.4514022337323083
GTEX-1N2EF-2826-SM-E6CQF.1,HEART,64.5,5.7,665.0,-0.21312189121007794,0.2811601967773095,-0.4942820879873875,-0.4594476295873708
GTEX-1N5O9-0926-SM-E9J3C.1,SKIN,64.5,7.5,1051.0,-0.12975017253611917,0.035293051547920055,-0.16504322408403924,0.3073369705065965
GTEX-1N5O9-2926-SM-EXUSN.1,BRAIN,64.5,6.4,1108.0,-0.2989056028850255,0.4403299268748914,-0.7392355297599169,0.03274306835742966
GTEX-1NHNU-0626-SM-E6CP1.1,HEART,54.5,7.7,221.0,0.38583172545095856,0.029777672378221574,0.35605405307273696,-0.21583784823497687
GTEX-1NHNU-1026-SM-E9J2A.1,SKIN,54.5,6.5,286.0,0.319140476867339,0.2244549714879156,0.09468550537942338,0.21654967497336905
GTEX-1NHNU-1226-SM-DTX8I.1,MUSCLE,54.5,8.3,288.0,0.9180112177199632,-0.3546923092913776,1.2727035270113407,-0.14363533784776886
GTEX-1NSGN-0726-SM-DTXEF.1,SKIN,54.5,7.7,424.0,-0.4033680594590811,0.21055482155166722,-0.6139228810107483,-0.17451543127888033
GTEX-1NSGN-1226-SM-E76OL.1,HEART,54.5,7.1,436.0,0.6861926352568448,-0.795781829222717,1.4819744644795618,0.8537494738721221
GTEX-1NUQO-0726-SM-E9J3K.1,MUSCLE,24.5,8.3,495.0,0.19248627241685226,0.5625556800773093,-0.37006940766045704,-0.3649802726063137
GTEX-1NV5F-0226-SM-E8VNY.1,SKIN,64.5,6.9,918.0,-0.53793014773785,0.500826943431946,-1.038757091169796,-0.1930633643685625
GTEX-1NV5F-0626-SM-DTXEG.1,SKIN,64.5,7.8,936.0,-0.5624689196393104,-0.018283538226427108,-0.5441853814128833,-0.6955181753196465
GTEX-1NV5F-3226-SM-EXUSL.1,BRAIN,64.5,6.6,1060.0,-0.5120970373037158,0.8019523360025992,-1.314049373306315,-0.41407873838930803
GTEX-1NV8Z-1526-SM-DTX8X.1,HEART,64.5,6.1,1282.0,-2.360691294945663,0.9950740938781091,-3.355765388823772,-0.8393543336407355
GTEX-1NV8Z-1626-SM-DPRYT.1,LIVER,64.5,6.5,1284.0,0.4096740654232082,0.06894121740805105,0.3407328480151572,-0.29419129056969145
GTEX-1NV8Z-3026-SM-DTX8Z.1,BRAIN,64.5,7.3,1350.0,0.9832322147479361,-1.5006645584887697,2.483896773236706,-0.03158494920897544
GTEX-1NV8Z-3126-SM-E76R3.1,BRAIN,64.5,6.8,1351.0,0.5809860935664901,-0.13853888237546008,0.7195249759419502,0.08161132000686475
GTEX-1O97I-0326-SM-EYYX7.1,SKIN,64.5,8.0,1164.0,0.2179109658193949,-0.04283011734957319,0.2607410831689681,-0.10410211789167695
GTEX-1O97I-0826-SM-E8VNE.1,HEART,64.5,6.2,1184.0,-2.4495935118789625,1.090639038638972,-3.5402325505179344,-1.0981484756097382
GTEX-1O9I2-0226-SM-EYYXD.1,SKIN,54.5,6.4,1248.0,0.47573820842603054,0.6256281393067942,-0.14988993088076363,0.1200778297216834
GTEX-1O9I2-0526-SM-EYYXI.1,MUSCLE,54.5,7.2,1272.0,1.2261608460373583,-0.6656423934680018,1.8918032395053601,-0.24285404002057423
GTEX-1O9I2-1126-SM-DTXEA.1,HEART,54.5,5.6,1297.0,1.2937192153198405,-1.8136354953038112,3.1073547106236514,0.1416959465068504
GTEX-1O9I2-3026-SM-E76PX.1,BRAIN,54.5,5.9,1428.0,0.4567813833553565,-0.4225158962249835,0.87929727958034,0.17543343515780474
GTEX-1OFPY-0926-SM-DTX8Q.1,HEART,64.5,8.2,159.0,-0.16068909733398506,0.33114562250684987,-0.49183471984083493,-0.24619653060821384
GTEX-1OFPY-1026-SM-EXUSO.1,HEART,64.5,8.0,158.0,0.4939953905300339,0.12138212312618456,0.3726132674038493,-0.30922666416764366
GTEX-1OFPY-2426-SM-DTXEJ.1,SKIN,64.5,7.7,374.0,-0.2866385160919925,0.4643878012907864,-0.7510263173827789,-0.34911585242534693
GTEX-1OFPY-2526-SM-DTXEK.1,MUSCLE,64.5,8.1,375.0,-0.3661923152686323,0.2775730206059634,-0.6437653358745956,0.20854567879447938
GTEX-1OJC3-0126-SM-E76QX.1,SKIN,24.5,7.7,172.0,-0.5736059487395172,0.32595674099696326,-0.8995626897364805,-0.5448193497340901
GTEX-1OJC3-1226-SM-DTXER.1,SKIN,24.5,8.4,211.0,-1.1845186941861154,0.9797055072490409,-2.1642242014351565,-0.6810559305980981
GTEX-1OJC4-0011-R6a-SM-EXOIM.1,BRAIN,54.5,6.8,1219.0,0.7653611277038737,-0.15291992271660845,0.9182810504204821,-0.0013508405763065932
GTEX-1OJC4-0011-R7a-SM-EYYX4.1,BRAIN,54.5,5.8,1219.0,0.15501941041662592,0.3993485146882836,-0.24432910427165766,-0.12571080628731107
GTEX-1OJC4-0011-R9a-SM-EZ6N1.1,BRAIN,54.5,6.3,1219.0,-0.9988146299761437,0.794736391263569,-1.7935510212397126,-0.502197897076045
GTEX-1OJC4-0126-SM-E9J2E.1,SKIN,54.5,6.4,1270.0,0.043758936039591495,0.21232039241321757,-0.16856145637362607,0.6537032028103766
GTEX-1OJC4-2726-SM-E76PJ.1,SKIN,54.5,7.3,1337.0,0.19275417925757027,-0.47767365961433467,0.6704278388719049,-0.37180209870718633
GTEX-1OJC4-2826-SM-E6CQX.1,BRAIN,54.5,6.6,1370.0,0.29170091850532337,0.06954883212961098,0.22215208637571238,-0.04651171733893658
GTEX-1OKEX-0726-SM-DPRYE.1,HEART,64.5,7.9,263.0,0.47204021523926476,-0.13693963754428753,0.6089798527835523,-0.5450461773831388
GTEX-1OKEX-2026-SM-E8VNL.1,SKIN,64.5,5.6,317.0,0.15144584136010114,0.9191298924939973,-0.7676840511338963,0.6373686373940951
GTEX-1P4AB-0326-SM-EXUT3.1,MUSCLE,54.5,6.9,698.0,0.18915115717416692,-0.2535050857022034,0.44265624287637034,0.48717558906522307
GTEX-1P4AB-0926-SM-E76PV.1,HEART,54.5,7.3,784.0,0.40409445993706744,-0.009162684797383545,0.41325714473445097,0.2659025446605098
GTEX-1P4AB-3026-SM-EXOJS.1,BRAIN,54.5,7.4,999.0,0.7612109340136135,-1.1560690382896277,1.9172799723032412,-0.1581566194827268
GTEX-1PBJI-0526-SM-E8VNK.1,SKIN,24.5,5.5,1259.0,0.17886876517186784,0.7978597482668465,-0.6189909830949787,0.655166939755247
GTEX-1PBJI-1426-SM-EYYXG.1,SKIN,24.5,7.4,1278.0,0.3246793457871329,0.3826156456102431,-0.05793629982311016,0.9950795313658044
GTEX-1PBJJ-0326-SM-E8VNT.1,MUSCLE,34.5,8.1,677.0,-0.08286754083915637,0.5158015284552774,-0.5986690692944338,-0.41812598468060325
GTEX-1PBJJ-0626-SM-DPRYO.1,LIVER,34.5,6.1,680.0,-0.5520140518097026,0.3758344035512008,-0.9278484553609034,0.17634733084349644
GTEX-1PBJJ-1026-SM-E76OS.1,SKIN,34.5,7.8,683.0,-0.31331582886668174,-0.018714395494450583,-0.29460143337223116,-0.22994520586051814
GTEX-1PDJ9-0326-SM-DTX95.1,SKIN,24.5,8.9,835.0,-0.14572528510744248,-0.9683641406643522,0.8226388555569097,-0.291780937171916
GTEX-1PDJ9-0526-SM-DTXDL.1,MUSCLE,24.5,6.5,880.0,0.43051941827855006,0.05665943193316879,0.37385998634538126,-0.33542510405873477
GTEX-1PDJ9-1226-SM-EXUSX.1,SKIN,24.5,9.4,966.0,-0.2627259902593804,0.1286397884446004,-0.3913657787039808,-0.13375767962983423
GTEX-1PFEY-1526-SM-E76PP.1,SKIN,34.5,6.3,557.0,-0.8452878193637846,0.8677135977401813,-1.7130014171039658,-0.42194056518677425
GTEX-1PIEJ-0326-SM-EVYB5.1,MUSCLE,24.5,8.1,324.0,0.12937952558632693,-0.05534835118684423,0.18472787677317115,-0.057913022918582226
GTEX-1PIGE-0126-SM-EVYBJ.1,SKIN,24.5,8.1,475.0,-0.39602015456415496,0.47993830583714164,-0.8759584604012967,0.020086441188031854
GTEX-1PIGE-0226-SM-E76OT.1,MUSCLE,24.5,8.2,483.0,-0.0806899266732976,0.5059212494413416,-0.5866111761146392,-0.1819915398588331
GTEX-1PIGE-1826-SM-E8VOU.1,SKIN,24.5,6.7,567.0,0.8911474403678235,-0.6889556579324653,1.5801030983002886,-0.11096117506302111
GTEX-1PIIG-0126-SM-E9J46.1,MUSCLE,34.5,8.3,1442.0,0.7302406420443296,-0.9142182759292058,1.6444589179735354,-0.20534889301643336
GTEX-1PIIG-0226-SM-EWRN6.1,SKIN,34.5,7.2,1443.0,-0.4403960467018827,0.06480660631072556,-0.5052026530126082,-0.6181705171726426
GTEX-1PIIG-1326-SM-EXOIR.1,LIVER,34.5,6.0,1468.0,-1.6731064015111996,1.2573216371786462,-2.930428038689846,-0.7012129315699374
GTEX-1PIIG-2326-SM-DTXFR.1,SKIN,34.5,7.7,1478.0,-0.4026551139819788,-0.3319879023537833,-0.0706672116281955,-0.06282005895335539
GTEX-1PIIG-2726-SM-E76PQ.1,BRAIN,34.5,6.7,1481.0,0.44976562354227845,-0.12641985076889498,0.5761854743111734,0.28863550350569567
GTEX-1PIIG-2826-SM-DTX7O.1,BRAIN,34.5,6.9,1482.0,0.8960506215323469,-1.1085052752936386,2.004555896825986,0.15454481572370835
GTEX-1POEN-0126-SM-EYYXJ.1,SKIN,34.5,8.1,1159.0,0.2405990778718686,-0.44998000374555364,0.6905790816174222,0.47892553240743324
GTEX-1POEN-0626-SM-EVR4B.1,HEART,34.5,5.5,1180.0,1.3776107243664881,-1.2628835172816801,2.6404942416481685,0.10339633529615883
GTEX-1POEN-0726-SM-DTXDU.1,HEART,34.5,5.7,1182.0,-0.7258491896039118,0.6642498925744014,-1.3900990821783132,-0.1436568017294241
GTEX-1POEN-2326-SM-E9J2L.1,SKIN,34.5,6.0,1240.0,-0.2094107378291036,0.5565473435348911,-0.7659580813639947,-0.0038944714132948467
GTEX-1POEN-2726-SM-E9U6B.1,BRAIN,34.5,6.5,1303.0,0.8902593592595744,-1.0918503873197343,1.9821097465793087,-0.09411499011216885
GTEX-1PPGY-0426-SM-DTXFE.1,MUSCLE,64.5,8.7,832.0,0.4855274880195251,-1.2020518410299055,1.6875793290494305,-0.1212087951608605
GTEX-1PPGY-0926-SM-DTXFF.1,HEART,64.5,7.6,905.0,0.6555160005839833,-0.6790741207405595,1.3345901213245428,0.7677672160702824
GTEX-1PPGY-1126-SM-E76OU.1,HEART,64.5,7.0,909.0,0.022645524060728006,0.2612790566926485,-0.2386335326319205,-0.12670009420980033
GTEX-1PPGY-1626-SM-EVYBL.1,SKIN,64.5,7.1,918.0,0.04146091401163906,-0.24863370457558165,0.2900946185872207,-0.0027066737490492217
GTEX-1PPGY-3126-SM-EXUSR.1,BRAIN,64.5,7.0,973.0,0.3083562538477361,-0.20238553722426883,0.5107417910720049,0.015272863578120839
GTEX-1PPH7-1126-SM-DTX9A.1,SKIN,44.5,8.1,608.0,-0.19502762409119245,-0.011291046643036266,-0.1837365774481562,-0.25034481828424904
GTEX-1PPH7-2026-SM-E9J3N.1,HEART,44.5,6.9,663.0,0.16759294732967595,-4.409572422715276,4.577165370044952,1.7559339031986998
GTEX-1PPH7-2326-SM-EVYB8.1,SKIN,44.5,7.7,820.0,0.11771068990456855,-0.078359463463216,0.19607015336778455,0.3530839071220059
GTEX-1PPH7-2526-SM-E76OJ.1,MUSCLE,44.5,7.4,826.0,0.6564037697642099,-0.603670180211463,1.260073949975673,-0.48691505483016495
GTEX-1PPH8-0126-SM-EWRN8.1,SKIN,24.5,6.3,446.0,-0.7472710178588037,0.9069438595582736,-1.6542148774170773,-0.6581922353105215
GTEX-1PPH8-0226-SM-E8VND.1,SKIN,24.5,7.2,453.0,-0.8252932569113914,0.822497521041363,-1.6477907779527543,-0.3510978243513902
GTEX-1PPH8-0326-SM-E76PR.1,MUSCLE,24.5,8.5,455.0,0.4164907127454723,0.893676650105953,-0.4771859373604807,-0.8221095147111012
GTEX-1PWST-0226-SM-E76QJ.1,SKIN,74.5,7.2,1006.0,-0.27403368799633454,-0.48412116957118195,0.2100874815748474,0.2551111461325829
GTEX-1PWST-0426-SM-E76QV.1,MUSCLE,74.5,7.5,1010.0,0.36167844235305663,-0.4076979043255128,0.7693763466785695,0.6503339981280817
GTEX-1PWST-1026-SM-DTXF2.1,HEART,74.5,7.0,1022.0,-0.6023451223193786,0.6292928269513612,-1.2316379492707399,-0.409074010779575
GTEX-1PWST-3026-SM-EAZ3H.1,BRAIN,74.5,7.0,1081.0,0.7822089320839408,-1.543065126852839,2.3252740589367797,0.27245716221946
GTEX-1PWST-3126-SM-EXUSE.1,BRAIN,74.5,6.6,1083.0,0.24065118015446207,-0.10169322030293816,0.3423444004574002,0.4816919188640738
GTEX-1QAET-0326-SM-EVR3U.1,SKIN,54.5,7.2,357.0,0.1524337581395263,0.2599238453806864,-0.1074900872411601,-0.1544662375526725
GTEX-1QAET-0926-SM-E76QM.1,SKIN,54.5,7.2,371.0,-0.2817184076534354,0.3208164520298269,-0.6025348596832623,-0.4069035338797467
GTEX-1QAET-2026-SM-E9J3S.1,MUSCLE,54.5,8.3,410.0,0.2867029606297067,0.12465547233236161,0.16204748829734505,0.38524077902530157
GTEX-1QCLY-0226-SM-EWRNH.1,SKIN,34.5,6.9,842.0,0.32696060498724383,0.2816278012989548,0.045332803688289014,-0.24128377061975143
GTEX-1QCLY-0326-SM-E8VOG.1,SKIN,34.5,6.8,848.0,-0.23417467016010485,-0.2679920805447919,0.03381741038468705,-0.04694558562000426
GTEX-1QCLY-0426-SM-E8VOH.1,MUSCLE,34.5,7.9,849.0,0.3770757854200362,-0.6005989164533095,0.9776747018733458,-0.3284216279591576
GTEX-1QCLZ-0326-SM-DTXG2.1,MUSCLE,64.5,7.6,255.0,0.13779931519938285,-0.035240687546066976,0.17304000274544984,-0.03564320790305859
GTEX-1QCLZ-0926-SM-E6CQZ.1,HEART,64.5,7.6,278.0,0.7467319904100307,0.005478544405793818,0.7412534460042368,-0.4466752296572161
GTEX-1QCLZ-1126-SM-EWRNB.1,HEART,64.5,7.9,282.0,0.478285452294622,0.11713371534717013,0.36115173694745184,-0.001557706920110872
GTEX-1QCLZ-1226-SM-EAZ49.1,LIVER,64.5,8.1,288.0,0.6176234157867713,-0.9194936889297431,1.5371171047165144,-0.07567537573054076
GTEX-1QCLZ-2426-SM-EVYBW.1,SKIN,64.5,7.5,333.0,0.17056263291167903,0.34579204813833253,-0.1752294152266535,0.510440766154142
GTEX-1QEPI-0126-SM-EWRMQ.1,SKIN,64.5,8.2,660.0,0.5917412377126036,-0.7751286356972519,1.3668698734098554,0.5427061843895851
GTEX-1QEPI-0526-SM-E76QF.1,MUSCLE,64.5,7.9,669.0,0.34636659182403307,-0.25015429052769095,0.5965208823517241,0.6835658920193957
GTEX-1QEPI-1126-SM-E8VN7.1,HEART,64.5,6.2,719.0,1.045144724162027,-2.6614031741173867,3.706547898279414,1.5095662063036617
GTEX-1QEPI-2626-SM-DTXF4.1,SKIN,64.5,7.9,759.0,0.5410885417455655,-0.4267701251267469,0.9678586668723124,0.3070552144024331
GTEX-1QEPI-3026-SM-EXOIW.1,BRAIN,64.5,5.6,1038.0,-0.18755503689638475,0.43187842895084805,-0.6194334658472328,-0.4202835360161763
GTEX-1QMI2-0226-SM-EVYBX.1,SKIN,64.5,8.6,730.0,-0.32916804719638,-1.4588594901810445,1.1296914429846645,-0.009862484221125319
GTEX-1QMI2-0526-SM-DTXFU.1,MUSCLE,64.5,8.1,735.0,0.29970950529656304,-0.721186950118103,1.020896455414666,-0.026398415294600675
GTEX-1QMI2-1026-SM-DTX7T.1,HEART,64.5,6.6,779.0,0.18081702926863794,-1.0691150242232443,1.2499320534918823,0.4406899076465814
GTEX-1QMI2-2526-SM-E8VNZ.1,SKIN,64.5,7.6,825.0,0.11953374260071149,-0.7557194194887471,0.8752531620894586,0.177693657203317
GTEX-1QMI2-3126-SM-EXUT5.1,BRAIN,64.5,6.4,1059.0,0.8087472541329431,-0.6053073694301327,1.414054623563076,0.19705813022729773
GTEX-1QP28-0526-SM-E8VNR.1,MUSCLE,54.5,8.0,794.0,0.05573075884402389,-0.24225167931221225,0.29798243815623615,-0.2676475663785139
GTEX-1QP28-1126-SM-EVYC4.1,SKIN,54.5,6.4,871.0,-0.5053472505061967,0.22619165835668917,-0.7315389088628859,-0.24924889079307821
GTEX-1QP29-0626-SM-EWRMX.1,SKIN,54.5,5.9,539.0,0.23227166582855951,0.13983753523524023,0.09243413059331929,0.25340593849011905
GTEX-1QP29-1426-SM-DTX9Q.1,HEART,54.5,7.6,608.0,0.6618349492124125,-0.32260670382804046,0.984441653040453,0.3619621578523738
GTEX-1QP29-1526-SM-EXUSY.1,HEART,54.5,7.6,609.0,0.903392191160515,-0.3457967287974799,1.2491889199579949,-0.037535816355633266
GTEX-1QP29-1826-SM-DTX9S.1,SKIN,54.5,8.2,635.0,-0.16896504193765682,-0.9171559739637007,0.7481909320260439,0.714768488371129
GTEX-1QP2A-0126-SM-E9J43.1,SKIN,54.5,8.0,398.0,0.13984002166909165,0.19839743055171558,-0.058557408882623924,0.20526761718317985
GTEX-1QP2A-0526-SM-E8VN5.1,MUSCLE,54.5,7.9,410.0,-0.103597189877686,-0.7881858146789876,0.6845886248013017,-0.295471568002341
GTEX-1QP2A-1126-SM-EVR3H.1,HEART,54.5,8.3,448.0,0.5845698212903077,-0.25087028142195267,0.8354401027122603,-0.25433007286022596
GTEX-1QP2A-1726-SM-E76QC.1,SKIN,54.5,7.3,497.0,-0.5750341736852269,0.26114392316232216,-0.8361780968475491,-0.5799207587623749
GTEX-1QP66-0226-SM-DPRXS.1,LIVER,54.5,6.8,49.0,-0.19387368894109072,-0.23131943108535577,0.03744574214426505,-0.2848247291442725
GTEX-1QP66-1226-SM-DTX7U.1,SKIN,54.5,6.6,832.0,0.4495641069804339,0.38498336281549883,0.06458074416493509,0.4875310212079714
GTEX-1QP66-1626-SM-E76PC.1,MUSCLE,54.5,8.2,837.0,1.2368262684727265,-1.46800069712245,2.7048269655951764,0.02555184141733964
GTEX-1QP66-1726-SM-E8VO1.1,SKIN,54.5,5.9,834.0,-0.722380734606927,1.4077364543521185,-2.1301171889590456,-0.044180558436891136
GTEX-1QP67-1626-SM-EAZ3X.1,SKIN,44.5,5.7,431.0,0.056155450731217624,0.6641864198266434,-0.6080309690954258,0.690455431416723
GTEX-1QP67-1826-SM-DTX8D.1,MUSCLE,44.5,8.2,431.0,-0.08209054440724979,0.02512996455379196,-0.10722050896104175,-0.35396078722018437
GTEX-1QP6S-0326-SM-DTXF7.1,SKIN,44.5,7.9,1253.0,0.5194951747343778,-0.2302619624529141,0.7497571371872919,0.960113046484316
GTEX-1QP6S-0426-SM-DTXG4.1,MUSCLE,44.5,8.4,1255.0,0.7493141151965377,-1.2941060118716834,2.043420127068221,-0.3661602787923942
GTEX-1QP6S-1026-SM-DTXFW.1,HEART,44.5,5.6,1265.0,-0.6657391184721827,0.659376719085101,-1.3251158375572838,0.2828297450399827
GTEX-1QP6S-1326-SM-DPRZ8.1,LIVER,44.5,6.6,1273.0,0.3838972073299421,0.10812378240474933,0.27577342492519274,-0.014788054089398945
GTEX-1QP6S-2926-SM-DTXF8.1,BRAIN,44.5,6.6,1357.0,0.3466127067851107,-0.4133000461575328,0.7599127529426435,0.15499872001065945
GTEX-1QP6S-3026-SM-EAZ4N.1,BRAIN,44.5,6.4,1358.0,0.9799885224230663,-1.4221668131587175,2.4021553355817837,0.07578171595502348
GTEX-1QP9N-1226-SM-E76QN.1,SKIN,34.5,7.5,262.0,-0.2998035043063446,0.17351806840177833,-0.4733215727081229,-0.3065921725279749
GTEX-1QP9N-1426-SM-DTXFL.1,SKIN,34.5,7.3,277.0,-1.0208622353322334,0.9656651230148222,-1.9865273583470557,-0.5019907537258169
GTEX-1QP9N-1926-SM-E6CPY.1,MUSCLE,34.5,7.9,290.0,0.493072383838936,0.5378163447956479,-0.0447439609567119,-0.7612804677223214
GTEX-1QPFJ-0226-SM-E76PB.1,SKIN,34.5,6.8,349.0,-0.1260514179159324,0.006584956812178146,-0.13263637472811055,-0.1395040499771379
GTEX-1QPFJ-0326-SM-E8VO2.1,MUSCLE,34.5,5.5,358.0,0.5187830693008856,-0.04909841246206151,0.5678814817629471,0.7245527222269469
GTEX-1QPFJ-0926-SM-EVR3K.1,HEART,34.5,8.9,377.0,0.7703975964111083,-0.8361236391429318,1.6065212355540401,0.6690555019274474
GTEX-1QPFJ-1026-SM-E6CR6.1,HEART,34.5,8.5,379.0,0.9265202868742096,-0.2700940278707534,1.196614314744963,-0.09430541064681824
GTEX-1QPFJ-1126-SM-E9U5V.1,LIVER,34.5,7.8,382.0,1.085776822790135,-0.42653551850364047,1.5123123412937756,0.006945863671053104
GTEX-1QPFJ-1926-SM-EVYBD.1,SKIN,34.5,7.9,404.0,-0.4414520387732865,0.3174480118749248,-0.7589000506482113,-0.2949038903435027
GTEX-1QW4Y-1126-SM-DTXE3.1,SKIN,34.5,7.4,496.0,-0.3584911615227214,0.9610034982831722,-1.3194946598058936,-0.18072569144167647
GTEX-1QW4Y-1526-SM-EAZ3Z.1,SKIN,34.5,7.2,735.0,0.2814724886220894,0.7146423285884698,-0.43316983996638037,0.6089917528760427
GTEX-1QW4Y-1726-SM-EWRN1.1,MUSCLE,34.5,7.9,738.0,0.5906588063832519,-0.3307731983523673,0.9214320047356191,0.22119167299537515
GTEX-1R46S-0011-R6a-SM-EZ6N6.1,BRAIN,64.5,6.5,761.0,-0.8801037646537351,0.8089433184119847,-1.6890470830657198,-0.47277260114633723
GTEX-1R46S-0011-R7b-SM-EXUTH.1,BRAIN,64.5,5.6,761.0,-1.8539134907080483,1.075357260627956,-2.9292707513360043,-0.9016716273572525
GTEX-1R46S-0011-R9a-SM-EZ6N7.1,BRAIN,64.5,6.8,761.0,0.6859034287265396,-1.509118280934743,2.1950217096612827,1.1293256817774675
GTEX-1R46S-0326-SM-EWRNE.1,MUSCLE,64.5,7.2,871.0,0.5328075736233344,-0.15242538543028977,0.6852329590536241,0.1333795105330421
GTEX-1R46S-0626-SM-E9J41.1,SKIN,64.5,7.3,873.0,-0.335309626965048,-0.015877213497511325,-0.3194324134675367,0.16738679941439766
GTEX-1R46S-2426-SM-E76QA.1,SKIN,64.5,7.8,895.0,-0.25827337395216515,-0.3867629137735573,0.12848953982139216,-0.32951806380142656
GTEX-1R46S-3026-SM-DTXFP.1,BRAIN,64.5,6.2,934.0,0.16339763131001706,-0.9681917644000553,1.1315893957100722,0.44176769888153217
GTEX-1R46S-3126-SM-DPRZ9.1,BRAIN,64.5,6.6,935.0,0.7388693094911355,-0.7780722779655871,1.5169415874567225,0.05883784273352695
GTEX-1R7EU-0226-SM-EVR4G.1,SKIN,64.5,7.1,384.0,-0.22069246407089918,0.4245170368264702,-0.6452095008973694,-0.22028673992289022
GTEX-1R7EU-0626-SM-DTX9N.1,MUSCLE,64.5,8.7,393.0,-0.10736147319869153,0.07298561168067995,-0.18034708487937148,0.9026200708540011
GTEX-1R7EU-1626-SM-DTXG3.1,SKIN,64.5,7.6,419.0,0.05914008307014663,-0.33147100440246063,0.39061108747260725,0.10641852375359254
GTEX-1R7EV-0326-SM-E76PA.1,HEART,44.5,6.7,328.0,-0.20139955363447312,0.6727177541322411,-0.8741173077667143,-0.8751272825604043
GTEX-1R7EV-0426-SM-DTX7Z.1,HEART,44.5,8.1,352.0,-0.03279944612520446,-0.02074516661196725,-0.01205427951323721,0.10842289233666547
GTEX-1R7EV-2026-SM-DTX83.1,MUSCLE,44.5,7.3,493.0,0.439153382500287,-0.5229000921118117,0.9620534746120987,-0.16657538981865122
GTEX-1R7EV-2426-SM-EVYBG.1,SKIN,44.5,7.6,509.0,-0.1062765664114085,-0.00582212485941171,-0.10045444155199679,0.17936458199307814
GTEX-1R9JW-0426-SM-E76QL.1,HEART,34.5,7.9,276.0,0.4434110019496499,-0.053612148634346296,0.49702315058399615,0.07198277636646722
GTEX-1R9JW-0526-SM-EWRNK.1,HEART,34.5,7.2,279.0,0.5155415417381859,0.4544929041270192,0.06104863761116669,-0.4534251740583484
GTEX-1R9JW-0826-SM-DPRZJ.1,LIVER,34.5,8.7,298.0,0.36469117926248074,-0.5087453555566886,0.8734365348191694,-0.17164470249908426
GTEX-1R9JW-2426-SM-DTXFI.1,MUSCLE,34.5,8.9,466.0,1.5495749977571582,-2.8711293646581018,4.42070436241526,0.5390763458116021
GTEX-1R9K4-0011-R11a-SM-EZ6N9.1,BRAIN,64.5,6.3,1140.0,0.6272893297378687,-0.4783079933133373,1.105597323051206,-0.4674499456390012
GTEX-1R9K4-0011-R5b-SM-EZ6N8.1,BRAIN,64.5,6.6,1140.0,0.6211702729190616,-0.06380285522307938,0.684973128142141,0.08471910555659891
GTEX-1R9K4-0126-SM-DTX9X.1,SKIN,64.5,7.8,1013.0,0.3783566329551381,-1.5842348498500127,1.9625914828051507,0.3710276159417944
GTEX-1R9K4-0626-SM-E76OZ.1,MUSCLE,64.5,8.0,1026.0,0.9040804974521754,-0.345299162945016,1.2493796603971914,-0.12039464451230178
GTEX-1R9K4-1026-SM-EXUT1.1,HEART,64.5,9.6,1046.0,-0.14134035814163176,-0.8911013667559258,0.7497610086142941,0.578892927586575
GTEX-1R9K4-1326-SM-DTX8G.1,HEART,64.5,6.9,1068.0,0.5412829649250854,-0.03231031737723224,0.5735932823023177,0.04854344282801977
GTEX-1R9K4-2826-SM-DTX8F.1,SKIN,64.5,7.4,1118.0,-0.3650971618953563,0.18863981212584904,-0.5537369740212054,0.09155289776933286
GTEX-1R9K4-3126-SM-DTX9Y.1,BRAIN,64.5,6.2,1374.0,0.2564876137985448,-0.11267794327399246,0.36916555707253723,0.13167712367036333
GTEX-1R9K5-0326-SM-EWRNG.1,MUSCLE,54.5,7.2,398.0,-0.04646383827340248,-1.4840941635465597,1.4376303252731573,1.8248519747978362
GTEX-1R9K5-1326-SM-E6CPR.1,HEART,54.5,7.9,444.0,0.5625289783414945,-0.021934717942463502,0.584463696283958,0.2040397441625419
GTEX-1R9PM-1926-SM-EVR3O.1,SKIN,24.5,7.0,1040.0,-0.3630376842505466,0.6379596764566455,-1.000997360707192,-0.43050114579441184
GTEX-1R9PM-2026-SM-E76OY.1,SKIN,24.5,7.3,1048.0,-0.31132695838824614,0.028162577179744058,-0.3394895355679902,-0.6528984400849537
GTEX-1R9PM-2226-SM-E8VOC.1,MUSCLE,24.5,7.3,1060.0,-0.07986649390055928,-0.329927178904551,0.2500606850039917,-0.02175674818760567
GTEX-1R9PN-0426-SM-DTXDT.1,SKIN,44.5,5.9,390.0,-0.5074904240441547,0.8846552146512651,-1.3921456386954199,-0.09765569186637166
GTEX-1R9PN-1826-SM-E8VO4.1,MUSCLE,44.5,8.0,413.0,0.000906269152025145,-0.8053001200160662,0.8062063891680914,-0.3919969958260962
GTEX-1R9PO-0011-R11b-SM-EZ6NB.1,BRAIN,64.5,8.6,1040.0,1.0177029379983833,-1.5504324925527622,2.5681354305511457,0.07378160021364731
GTEX-1R9PO-0011-R5a-SM-EZ6NA.1,BRAIN,64.5,6.6,1040.0,1.0476495097217775,-0.7179380037632497,1.7655875134850272,0.3099299401067028
GTEX-1R9PO-0326-SM-DTXA1.1,HEART,64.5,6.9,1073.0,0.659096111670138,-0.13413776287268522,0.7932338745428232,0.0319132725978918
GTEX-1R9PO-2126-SM-E9J4O.1,SKIN,64.5,7.1,1130.0,0.46860334016758404,0.8704006637956824,-0.40179732362809834,0.5994521498557902
GTEX-1R9PO-2426-SM-EVYBS.1,MUSCLE,64.5,8.0,1133.0,0.5067939246417665,0.21080537538379635,0.2959885492579702,0.2660399549439967
GTEX-1R9PO-2826-SM-E6CPV.1,BRAIN,64.5,7.3,1169.0,0.9210876550775128,-1.8664514209340508,2.7875390760115635,0.06069780396738128
GTEX-1R9PO-2926-SM-EVYBR.1,BRAIN,64.5,6.2,1169.0,0.7412959781012917,-0.6004698735815651,1.3417658516828568,0.6876616111366695
GTEX-1RAZA-0126-SM-E6CI3.1,SKIN,24.5,7.2,319.0,-0.7851250101188716,1.042214316402878,-1.8273393265217497,-0.057394177965737196
GTEX-1RAZA-0526-SM-E76R2.1,MUSCLE,24.5,8.3,334.0,-0.3381922348938611,0.40036743480708764,-0.7385596697009487,0.12420934251762834
GTEX-1RAZA-2226-SM-E9U4X.1,SKIN,24.5,7.4,393.0,0.8123477781318091,0.4124658687339772,0.3998819093978319,0.4751448712485215
GTEX-1RAZQ-0426-SM-DTXFQ.1,MUSCLE,34.5,8.6,466.0,0.1544554082798376,0.543041657127518,-0.38858624884768034,-0.5440825821202443
GTEX-1RAZQ-0726-SM-EAZ43.1,SKIN,34.5,6.0,480.0,0.14787690302885959,1.2016402608945582,-1.0537633578656986,0.5656485876637587
GTEX-1RAZQ-1326-SM-E9TK6.1,SKIN,34.5,6.4,698.0,-0.5164210878050198,0.7238220398058416,-1.2402431276108614,-0.5338676921399099
GTEX-1RAZR-0326-SM-EWRNM.1,MUSCLE,44.5,8.1,474.0,0.5077121698699406,0.9074346914418623,-0.3997225215719217,-0.4750066085709774
GTEX-1RAZR-2126-SM-E9U6T.1,SKIN,44.5,7.1,604.0,0.026181932116171727,0.1967082140516162,-0.17052628193544447,0.4510741338064814
GTEX-1RAZS-0826-SM-E76QP.1,HEART,54.5,5.8,1240.0,-2.2913849671573305,0.6198261454238343,-2.9112111125811646,-0.9538396426768926
GTEX-1RAZS-2526-SM-E6CHT.1,SKIN,54.5,7.6,1287.0,-0.25050525664631584,0.2934804880750674,-0.5439857447213832,-0.26879920024554643
GTEX-1RB15-0326-SM-E6CQB.1,HEART,64.5,8.2,1737.0,0.44669967842834785,0.004222731909721628,0.44247694651862624,0.1638933108074481
GTEX-1RB15-0426-SM-E9U4Y.1,HEART,64.5,8.2,1739.0,0.14508842451627676,-0.4959701838757621,0.6410586083920389,0.7649780011300795
GTEX-1RB15-1326-SM-E76Q9.1,SKIN,64.5,7.6,1777.0,-0.3142049966278533,0.3118971485442695,-0.6261021451721227,0.15589023740964428
GTEX-1RB15-2126-SM-E9TIM.1,SKIN,64.5,7.6,1938.0,0.17663218795596422,-0.17490997853642407,0.3515421664923883,0.05719170771301601
GTEX-1RB15-2226-SM-DTXFZ.1,MUSCLE,64.5,7.9,2075.0,-0.2089707561113153,0.21796387523197203,-0.42693463134328735,-0.41730487752303785
GTEX-1RDX4-0126-SM-E9J4P.1,SKIN,54.5,7.4,741.0,-0.029782089228555502,-0.0013143939183749831,-0.028467695310180518,0.12873194980168942
GTEX-1RDX4-2926-SM-E8VOF.1,SKIN,54.5,6.0,850.0,0.12590891714091304,0.11557538341620929,0.010333533724703747,0.8377923333316997
GTEX-1RDX4-3226-SM-DPS14.1,BRAIN,54.5,6.2,894.0,0.5969444502111481,-0.8090945884397561,1.406039038650904,-0.12012016597141749
GTEX-1RLM8-0011-R2a-SM-EZ6N4.1,BRAIN,54.5,5.9,727.0,-1.079411304564354,0.8407186410548382,-1.9201299456191923,-0.8453480843054467
GTEX-1RLM8-0011-R6a-SM-EYYXS.1,BRAIN,54.5,5.5,727.0,-1.5422055656150748,0.9607554115533851,-2.5029609771684598,-1.095743164720163
GTEX-1RLM8-0011-R8a-SM-EYYXR.1,BRAIN,54.5,7.7,727.0,0.7384621780162571,-0.8537444115394905,1.5922065895557478,0.6146501352995102
GTEX-1RLM8-0226-SM-E6CJY.1,HEART,54.5,5.5,803.0,-0.44042198323766496,0.15595241934124357,-0.5963744025789085,-0.12202091152207269
GTEX-1RLM8-2326-SM-EWRN4.1,SKIN,54.5,6.7,927.0,0.12458493781980617,0.4272271297598286,-0.30264219194002245,0.3716765307125987
GTEX-1RLM8-2926-SM-E8VON.1,SKIN,54.5,7.2,940.0,0.07178710482568398,-0.4621438815731796,0.5339309863988636,0.2811757713270573
GTEX-1RMOY-0626-SM-E9TIE.1,HEART,54.5,8.6,227.0,0.64307051195528,0.1535777105453538,0.4894928014099262,-0.3625779047693523
GTEX-1RMOY-1326-SM-E9TIH.1,SKIN,54.5,6.4,254.0,-0.9006689451708876,1.3737309124572534,-2.274399857628141,-0.46993541441692505
GTEX-1RNSC-0011-R11b-SM-EXUTG.1,BRAIN,64.5,5.7,466.0,-2.7441917497599024,1.2100043240540026,-3.954196073813905,-1.3080780000875387
GTEX-1RNSC-0011-R5a-SM-EZ6N5.1,BRAIN,64.5,5.9,466.0,-1.8239719622524968,0.9770342968816776,-2.8010062591341747,-0.8563578001960204
GTEX-1RNSC-3126-SM-EVR4V.1,BRAIN,64.5,5.7,728.0,-0.9450202734069759,0.7623702787424274,-1.7073905521494033,-0.7436860509529101
GTEX-1RQEC-0011-R9a-SM-EZ6N3.1,BRAIN,64.5,7.5,1038.0,0.6403372831686694,-0.9469871719219848,1.5873244550906542,0.6517125567335765
GTEX-1RQEC-0126-SM-E9J2H.1,MUSCLE,64.5,8.6,1212.0,0.5840384449472744,-0.2701843032252159,0.8542227481724903,-0.34119272518239324
GTEX-1RQEC-0426-SM-E6CHU.1,SKIN,64.5,7.4,1214.0,0.2718362625680592,0.32117995297496993,-0.04934369040691072,0.16579486619491537
GTEX-1RQEC-0926-SM-EWROG.1,HEART,64.5,6.8,1243.0,1.104313174393184,-0.3625903926297956,1.4669035670229795,-0.5289157409163674
GTEX-1RQEC-1126-SM-EAZ5E.1,LIVER,64.5,6.2,1268.0,-1.4063162968300182,1.2041580213075582,-2.6104743181375767,-0.34500033950230624
GTEX-1RQEC-2926-SM-EVR5A.1,BRAIN,64.5,5.6,1360.0,-0.020725958520557163,0.6254923788376137,-0.6462183373581708,-0.34615441218321963
GTEX-1RQEC-3026-SM-DPRXM.1,BRAIN,64.5,6.1,1362.0,0.4312799195109505,0.20917194970638597,0.22210796980456454,-0.2493439619261345
GTEX-1RQED-0126-SM-E9U6M.1,SKIN,64.5,6.0,1025.0,-0.31760299945116155,1.2975204223076962,-1.6151234217588577,0.6217598458715344
GTEX-1RQED-0426-SM-E6CJP.1,MUSCLE,64.5,7.6,1034.0,-0.19445270225787753,0.3333963451852797,-0.5278490474431572,-0.4040706516878451
GTEX-1S3DN-0726-SM-E9TIO.1,HEART,54.5,7.9,219.0,0.47803533051895347,0.2273037919332168,0.2507315385857367,-0.13606383852785056
GTEX-1S3DN-2126-SM-E9TIN.1,SKIN,54.5,6.0,274.0,-0.5045403257413376,1.5864767688013581,-2.091017094542696,-0.5012368375747677
GTEX-1S3DN-2226-SM-EVYCD.1,SKIN,54.5,7.2,281.0,-0.27396329149955245,0.13734928666149093,-0.4113125781610434,-0.14620626198839137
GTEX-1S5VW-0526-SM-E6CHL.1,MUSCLE,64.5,8.4,924.0,-0.02302546576829274,-0.1464182891696046,0.12339282340131184,-0.46472050255322683
GTEX-1S5VW-1326-SM-E9TKA.1,HEART,64.5,5.7,958.0,-3.0168178316596883,1.0594194447374845,-4.076237276397173,-1.4489171572606199
GTEX-1S5VW-1826-SM-EAZ53.1,LIVER,64.5,5.5,986.0,-1.177869237085811,0.9139190871671429,-2.091788324252954,-0.4267057056709244
GTEX-1S5ZA-0126-SM-EVYCV.1,SKIN,24.5,6.8,237.0,-0.660040727325021,0.6582667663542943,-1.318307493679315,-0.29755837918440875
GTEX-1S5ZA-0526-SM-EWRO1.1,MUSCLE,24.5,7.7,252.0,0.5274834777271512,0.17657765656200256,0.3509058211651487,-0.3739706977201962
GTEX-1S5ZU-2526-SM-E6CIF.1,SKIN,24.5,7.5,625.0,-0.23476099725313693,-0.5165487038209154,0.2817877065677785,0.00793070413652802
GTEX-1S82P-0326-SM-E9TIR.1,MUSCLE,64.5,8.6,284.0,-0.2466772253487151,0.057011554403120876,-0.303688779751836,-0.3437086239743726
GTEX-1S82P-2126-SM-E6CI5.1,SKIN,64.5,7.3,353.0,-0.6441740108727811,0.5954374652920873,-1.2396114761648684,-0.18277663669236924
GTEX-1S82U-1026-SM-E6CJK.1,SKIN,34.5,6.2,157.0,-0.9685856619116077,0.9523933730930563,-1.920979035004664,-0.3899607908216679
GTEX-1S82U-1426-SM-E6CJL.1,MUSCLE,34.5,7.8,165.0,-0.7119059430586128,1.0404833092955175,-1.7523892523541302,-0.18464379537041042
GTEX-1S82Y-1026-SM-EV7BJ.1,LIVER,44.5,5.5,449.0,-1.3096302338034989,1.1599445495257017,-2.4695747833292003,-0.33357690785997723
GTEX-1S82Y-2026-SM-EVYCM.1,SKIN,44.5,7.4,515.0,-0.2930666302298759,0.22231454462794223,-0.5153811748578181,0.22349508954304154
GTEX-1S82Y-2226-SM-EWRNV.1,MUSCLE,44.5,6.6,518.0,0.7175918348062,-0.3667725935318451,1.0843644283380451,0.2437320310724717
GTEX-1S82Z-0826-SM-E6CHY.1,SKIN,34.5,8.1,165.0,-0.18328037394606045,0.0002778979317273056,-0.18355827187778775,0.12045826060449102
GTEX-1S831-1826-SM-EWROF.1,SKIN,24.5,6.7,187.0,-0.5039287366020111,0.8829982796241939,-1.3869270162262048,-0.14685860030524675
GTEX-1S83E-0126-SM-EWRO4.1,SKIN,44.5,7.9,447.0,-0.23785045110760317,0.29125945794121205,-0.5291099090488152,-0.520970828308638
GTEX-1S83E-1326-SM-E6CJM.1,SKIN,44.5,7.0,496.0,-0.15581648141067855,-0.5005982837186251,0.3447818023079466,-0.1401554102843649
GTEX-1S83E-2126-SM-EWRO6.1,MUSCLE,44.5,7.0,572.0,0.4080182829325137,0.26856915657840197,0.13944912635411172,-0.30662660606396097
GTEX-N7MS-0008-SM-4E3JI.1,SKIN,64.5,10.0,,0.9471454113409097,-1.327459624366192,2.2746050357071015,-0.1488955465382054
GTEX-N7MS-0011-R10A-SM-2HMJK.1,BRAIN,64.5,7.1,1106.0,0.4995693776348815,0.017844108878406904,0.4817252687564746,-0.03702801213003558
GTEX-N7MS-0011-R11A-SM-2HMJS.1,BRAIN,64.5,6.6,1106.0,1.203482715835054,-2.027860177095723,3.231342892930777,-0.3495882093744233
GTEX-N7MS-0011-R1a-SM-2HMJG.1,BRAIN,64.5,7.3,1106.0,0.422341055148472,0.11062001538117326,0.3117210397672987,0.02169853636188361
GTEX-N7MS-0011-R2a-SM-2HML6.1,BRAIN,64.5,7.0,1106.0,0.7589529807035948,-0.44949169064122796,1.208444671344823,0.473933750464747
GTEX-N7MS-0011-R3a-SM-2HMKD.1,BRAIN,64.5,7.6,1106.0,1.0104360172468234,-1.1313151242947568,2.1417511415415804,0.44212755414228094
GTEX-N7MS-0011-R3a-SM-33HC6.1,BRAIN,64.5,7.6,1106.0,0.5534560562286103,-0.27804124370548255,0.8314972999340928,0.068129401027118
GTEX-N7MS-0011-R3a-SM-5SI8H.1,BRAIN,64.5,7.6,1106.0,0.8633065064987898,-0.7555692667890312,1.618875773287821,0.24771760176666
GTEX-N7MS-0011-R4a-SM-2HMKW.1,BRAIN,64.5,6.2,1106.0,0.13047650263044938,-0.0665582549539694,0.1970347575844188,0.26866361617173246
GTEX-N7MS-0011-R5a-SM-2HMK8.1,BRAIN,64.5,7.8,1106.0,0.45485228652325527,0.15192172137746973,0.30293056514578554,0.31369243797222734
GTEX-N7MS-0011-R6a-SM-2HMJ4.1,BRAIN,64.5,7.6,1106.0,0.7797175775193863,-0.34037920706392655,1.1200967845833127,0.23700404648253534
GTEX-N7MS-0011-R7a-SM-2HMKN.1,BRAIN,64.5,6.4,1106.0,-0.22850284474045318,0.7609294247401477,-0.9894322694806008,-0.02644370495750292
GTEX-N7MS-0011-R8a-SM-2YUMK.1,BRAIN,64.5,6.8,1106.0,0.2692391515946243,-0.4924781191517202,0.7617172707463444,0.7044419010894605
GTEX-N7MS-0225-SM-4E3HO.1,SKIN,64.5,7.7,1180.0,0.579661371953598,0.17563453127609374,0.4040268406775043,0.6476024244901462
GTEX-N7MS-0426-SM-2YUN6.1,MUSCLE,64.5,6.6,1193.0,-0.06698515616391476,-0.06780669281729122,0.0008215366533764618,0.36316265868946745
GTEX-N7MS-0826-SM-2HML4.1,HEART,64.5,8.5,1229.0,0.34039061184920644,-0.10224882690096367,0.4426394387501701,0.43705996888584886
GTEX-N7MS-2425-SM-26GMD.1,BRAIN,64.5,8.7,1285.0,-0.025421249677331177,0.3340877554339246,-0.3595090051112558,-0.39503201077594824
GTEX-N7MS-2425-SM-26GMU.1,BRAIN,64.5,8.7,1285.0,-1.2219844408986775,-2.70383368560983,1.4818492447111526,-0.47436992940679423
GTEX-N7MS-2526-SM-26GMA.1,BRAIN,64.5,9.6,1286.0,0.6671813302488699,-0.7000808535785986,1.3672621838274686,-0.32403694133054894
GTEX-N7MS-2526-SM-26GMR.1,BRAIN,64.5,9.6,1286.0,-0.79283626735303,-3.37975597533578,2.5869197079827497,-0.6598254929899264
GTEX-N7MS-2526-SM-2D7W3.1,BRAIN,64.5,9.6,1286.0,0.8871263381295406,-1.2566478032430841,2.143774141372625,-0.051141728440976
GTEX-N7MT-0011-R10A-SM-2I3E1.1,BRAIN,64.5,6.8,443.0,0.4729893159803765,-0.06473051220341822,0.5377198281837947,0.1649249379738779
GTEX-N7MT-0011-R11A-SM-2I3DZ.1,BRAIN,64.5,6.4,443.0,0.15627077132136066,0.15620542031506043,6.535100630022939e-05,0.21759423527779545
GTEX-N7MT-0011-R1a-SM-2TC6G.1,BRAIN,64.5,7.0,443.0,0.09856983590233363,-0.019412380126902214,0.11798221602923585,0.684144536743542
GTEX-N7MT-0011-R1a-SM-5SI7S.1,BRAIN,64.5,7.0,443.0,-0.044839610349336964,0.2733687669014736,-0.3182083772508106,0.34770824755796254
GTEX-N7MT-0011-R1a-SM-CNPO1.1,BRAIN,64.5,7.0,443.0,-0.020290968775231823,0.26611629784258145,-0.2864072666178133,0.2849414573985408
GTEX-N7MT-0011-R2a-SM-2I3GI.1,BRAIN,64.5,6.6,443.0,0.33364618828534676,-0.7410869235372406,1.0747331118225874,0.6925059577264152
GTEX-N7MT-0011-R3a-SM-2I3GC.1,BRAIN,64.5,6.4,443.0,0.33503332081099324,-0.9066628589780319,1.2416961797890251,0.6263289073671319
GTEX-N7MT-0011-R4a-SM-2I3G9.1,BRAIN,64.5,6.5,443.0,-0.45858820333333683,0.5273805625191528,-0.9859687658524896,0.19921231092899147
GTEX-N7MT-0011-R5a-SM-2I3G6.1,BRAIN,64.5,7.4,443.0,0.41918405802626174,0.01095716646166975,0.40822689156459196,0.6399438468313342
GTEX-N7MT-0011-R6a-SM-2I3G3.1,BRAIN,64.5,7.5,443.0,0.5659189628865582,-0.1446412618586252,0.7105602247451834,0.5334484015775922
GTEX-N7MT-0011-R7a-SM-2I3FZ.1,BRAIN,64.5,7.3,443.0,0.1328684416925269,0.2598495510724569,-0.12698110937992999,0.16121954909549235
GTEX-N7MT-0011-R8a-SM-2I5GU.1,BRAIN,64.5,5.3,443.0,-0.09839881790063787,0.14612946571456203,-0.2445282836151999,0.24199619221831253
GTEX-N7MT-1126-SM-2YUNQ.1,BRAIN,64.5,7.2,536.0,0.06631844763302037,-0.19681928352416433,0.2631377311571847,0.6784902963452082
GTEX-N7MT-1126-SM-5SI7V.1,BRAIN,64.5,7.2,536.0,-0.09943613613398787,0.22788753182663823,-0.3273236679606261,0.11629391956113659
GTEX-N7MT-1126-SM-CYPQY.1,BRAIN,64.5,7.2,536.0,0.0375404225890836,0.06030009960264307,-0.022759677013559472,0.17944435982373985
GTEX-N7MT-1226-SM-26GMC.1,BRAIN,64.5,9.5,538.0,0.2444349216727948,-0.3160552470627533,0.5604901687355481,-0.3206990292858684
GTEX-N7MT-1226-SM-26GMT.1,BRAIN,64.5,9.5,538.0,-0.7469410662890545,-2.9619200659640663,2.2149789996750116,-0.3833353438145341
GTEX-N7MT-1226-SM-2D7W4.1,BRAIN,64.5,9.5,538.0,0.4629081292526602,-0.4629065454316536,0.9258146746843139,-0.023016604608523804
GTEX-N7MT-1226-SM-2TC6K.1,BRAIN,64.5,9.5,538.0,0.4920530092855697,-0.5932017863784077,1.0852547956639773,0.017462051147831472
GTEX-N7MT-1226-SM-DKPOK.1,BRAIN,64.5,9.5,538.0,0.6307137653859842,-0.5869757871587203,1.2176895525447047,-0.00991681633296779
GTEX-N7MT-1326-SM-2I3FV.1,HEART,64.5,7.9,465.0,-2.4481008627300183,1.194952459442147,-3.6430533221721655,-0.6869711284991822
GTEX-NFK9-0008-SM-4E3JE.1,SKIN,44.5,10.0,,0.5916491299384178,-1.3104761336540418,1.9021252635924597,0.017384027982474945
GTEX-NFK9-0226-SM-2HMKQ.1,SKIN,44.5,9.6,294.0,-0.5959955788531373,0.23805267662064544,-0.8340482554737827,-0.19463250852208977
GTEX-NFK9-0626-SM-2HMIV.1,MUSCLE,44.5,9.9,330.0,0.3641450146349828,-0.30523276802081073,0.6693777826557935,-0.3061148515949662
GTEX-NFK9-0926-SM-2HMJU.1,HEART,44.5,9.4,351.0,-0.3093009221859122,0.4727136377751449,-0.7820145599610571,-0.7390689376897552
GTEX-NL3G-0008-SM-4E3JX.1,SKIN,64.5,10.0,,0.9394050086858071,-0.8026763041609848,1.7420813128467918,-0.21512763032935472
GTEX-NL3H-0008-SM-4E3HU.1,SKIN,64.5,10.0,,0.6609833690975198,-1.1674046838314363,1.828388052928956,-0.2214923808966619
GTEX-NL3H-0011-R10A-SM-2I3E9.1,BRAIN,64.5,7.7,680.0,0.8369131867055127,-0.9161444797544015,1.7530576664599142,-0.034536871722199686
GTEX-NL3H-0011-R11A-SM-2I3E6.1,BRAIN,64.5,7.0,680.0,0.8075532232697493,-2.102394312879694,2.9099475361494433,-0.1929872737701301
GTEX-NL3H-0011-R1a-SM-48TDJ.1,BRAIN,64.5,6.7,680.0,-0.995228758094784,0.7285662182644687,-1.7237949763592526,-0.7622003182252832
GTEX-NL3H-0011-R2a-SM-2I3GG.1,BRAIN,64.5,6.3,680.0,-0.7413254014145068,0.73426910722988,-1.4755945086443867,-0.13886445707952244
GTEX-NL3H-0011-R3a-SM-2I3GL.1,BRAIN,64.5,7.6,680.0,0.08617652736170224,0.2841620173342148,-0.19798548997251258,-0.16183922156399613
GTEX-NL3H-0011-R4a-SM-2I3GK.1,BRAIN,64.5,7.0,680.0,-0.6510989288552858,0.6604920376586588,-1.3115909665139447,-0.4705544001490612
GTEX-NL3H-0011-R5a-SM-2I3GB.1,BRAIN,64.5,7.8,680.0,-0.5473272965894007,0.6038173498417172,-1.151144646431118,-0.14212624436782342
GTEX-NL3H-0011-R6a-SM-2I3G8.1,BRAIN,64.5,8.4,680.0,0.3352204939067476,0.010546877937889007,0.3246736159688586,-0.11807120404906038
GTEX-NL3H-0011-R7a-SM-2I3G5.1,BRAIN,64.5,7.0,680.0,-1.3082277569891476,1.051420513015245,-2.3596482700043926,-0.6038188140715701
GTEX-NL3H-0011-R8a-SM-2YUNH.1,BRAIN,64.5,7.1,680.0,-0.728940483863315,0.5533148102235801,-1.282255294086895,0.1331071821302489
GTEX-NL3H-0011-R8a-SM-5S2VF.1,BRAIN,64.5,7.1,680.0,-0.9147944376575268,0.7570128221533211,-1.6718072598108478,-0.34285338614849914
GTEX-NL3H-0011-R8a-SM-DIPDY.1,BRAIN,64.5,7.1,680.0,-0.6468208701568543,0.4725276698995743,-1.1193485400564285,-0.28282368716019907
GTEX-NL4W-0008-SM-4E3I2.1,SKIN,54.5,10.0,,0.9480678293290997,-0.8270129891549778,1.7750808184840774,-0.3011905861298661
GTEX-NL4W-0011-R10A-SM-2I3DY.1,BRAIN,54.5,6.1,852.0,-0.1282600816372815,0.31939096531687466,-0.44765104695415614,0.2552740718261099
GTEX-NL4W-0011-R11A-SM-2I3DW.1,BRAIN,54.5,5.0,852.0,0.7243724082909758,-0.756105903510654,1.4804783118016298,-0.2191167171611714
GTEX-NL4W-0011-R2a-SM-2I5GV.1,BRAIN,54.5,5.1,852.0,-0.9881686453012513,0.8440821993218031,-1.8322508446230543,0.09819403008072076
GTEX-NL4W-0011-R4a-SM-2I5GZ.1,BRAIN,54.5,5.9,852.0,-0.17097165857391558,0.2966624288269065,-0.46763408740082213,0.0648338227090591
GTEX-NL4W-0011-R5a-SM-2I3GD.1,BRAIN,54.5,7.5,852.0,-0.3559671547087059,0.5773640403633399,-0.9333311950720458,0.2893864281021052
GTEX-NL4W-0011-R6a-SM-2I3GA.1,BRAIN,54.5,7.2,852.0,-0.20111717308735189,0.3917254815034992,-0.5928426545908511,0.03726710868485399
GTEX-NL4W-0011-R8a-SM-2I3G4.1,BRAIN,54.5,6.5,852.0,0.01227216430224913,0.2034507696951725,-0.19117860539292336,0.6324061387712789
GTEX-NL4W-0011-R9a-SM-2I3G1.1,BRAIN,54.5,6.0,852.0,-0.5112870887746941,0.4022920199789665,-0.9135791087536607,0.21548540079911133
GTEX-NPJ7-0008-SM-4E3JS.1,SKIN,64.5,10.0,,0.6487502662096886,-1.1244942203188644,1.773244486528553,-0.008443882418548708
GTEX-NPJ7-0011-R10A-SM-2I3E5.1,BRAIN,64.5,7.3,650.0,0.5392705739731256,-0.5332218253672564,1.072492399340382,0.45408046866506174
GTEX-NPJ7-0011-R11A-SM-2I3E8.1,BRAIN,64.5,7.2,650.0,0.3958745170891771,-0.5255946299105942,0.9214691469997713,-0.10089515638309719
GTEX-NPJ7-0011-R1a-SM-3GACT.1,BRAIN,64.5,6.7,650.0,-0.6017591360503569,0.5710047444037201,-1.172763880454077,-0.002537831761413131
GTEX-NPJ7-0011-R2a-SM-2I3GF.1,BRAIN,64.5,7.0,650.0,0.4238523526688826,-0.4644039411374633,0.8882562938063459,0.653894264360612
GTEX-NPJ7-0011-R4a-SM-2I3GJ.1,BRAIN,64.5,6.0,650.0,-0.566066144395552,0.5801607547236045,-1.1462268991191564,-0.09032867458352153
GTEX-NPJ7-0011-R5a-SM-2I5GY.1,BRAIN,64.5,5.9,650.0,-0.8095707330819937,0.7407602110071286,-1.5503309440891222,-0.31619945949132633
GTEX-NPJ7-0011-R5a-SM-33HBK.1,BRAIN,64.5,5.9,650.0,-0.7186161907064303,0.7498009310440914,-1.4684171217505217,-0.3477870154552704
GTEX-NPJ7-0011-R6a-SM-2I3G7.1,BRAIN,64.5,7.7,650.0,0.27790841806429833,0.17104572904776616,0.10686268901653218,0.09431475724701308
GTEX-NPJ7-0011-R7a-SM-EV79B.1,BRAIN,64.5,5.6,650.0,-1.1478114667680996,0.9590238347209041,-2.1068353014890038,-0.5226979434845814
GTEX-NPJ7-0011-R8a-SM-2I3G2.1,BRAIN,64.5,7.1,650.0,0.5226763605174011,-0.09702117253221632,0.6196975330496174,0.5034530365095886
GTEX-NPJ7-0011-R9a-SM-2TC5R.1,BRAIN,64.5,7.0,650.0,-0.04552104815070366,-0.09908346401617094,0.053562415865467276,0.680014672687984
GTEX-NPJ7-2726-SM-2I3FT.1,BRAIN,64.5,8.9,643.0,-0.294131015906438,0.44022652637276055,-0.7343575422791986,-0.0039771535838700415
GTEX-NPJ7-2826-SM-2I3FU.1,BRAIN,64.5,9.4,646.0,0.09791183574905053,0.12825097963501086,-0.030339143885960332,-0.046440748515875915
GTEX-NPJ8-0011-R10A-SM-2YUMO.1,BRAIN,44.5,7.8,379.0,0.867489288330928,-1.4982695712928604,2.3657588596237886,0.6050476020880026
GTEX-NPJ8-0011-R11A-SM-2YUMS.1,BRAIN,44.5,7.8,379.0,0.5369463625293895,-1.6364483045692093,2.1733946670985986,0.17958614594261035
GTEX-NPJ8-0011-R1a-SM-2HMLC.1,BRAIN,44.5,6.6,379.0,-1.0001390992193309,0.7731386786473805,-1.7732777778667113,0.11562388707861135
GTEX-NPJ8-0011-R1a-SM-33HCB.1,BRAIN,44.5,6.6,379.0,-1.4647310208067479,0.8945625779744005,-2.3592935987811483,-0.0725091817228136
GTEX-NPJ8-0011-R1a-SM-5SI8B.1,BRAIN,44.5,6.6,379.0,-1.0975438363083996,0.8507969622520304,-1.94834079856043,0.02763157021036088
GTEX-NPJ8-0011-R2a-SM-2TC6M.1,BRAIN,44.5,5.9,379.0,-0.8682218863923707,0.5353244986271226,-1.4035463850194934,0.23685905911256716
GTEX-NPJ8-0011-R3a-SM-2HMIW.1,BRAIN,44.5,7.3,379.0,0.3854113148563574,-0.925367990090024,1.3107793049463814,0.9956774489149013
GTEX-NPJ8-0011-R4a-SM-2HML3.1,BRAIN,44.5,6.5,379.0,-0.7521584839476375,0.5564113162981317,-1.308569800245769,-0.024705311087645163
GTEX-NPJ8-0011-R5a-SM-2HMJY.1,BRAIN,44.5,7.3,379.0,-0.16679322614905068,0.1178250829109783,-0.284618309060029,0.48431533876780153
GTEX-NPJ8-0011-R6a-SM-2HMKB.1,BRAIN,44.5,7.8,379.0,0.5230794001218179,-0.4811806287052748,1.0042600288270926,0.6610654927062307
GTEX-NPJ8-0011-R7a-SM-2HMJV.1,BRAIN,44.5,6.1,379.0,-0.6985523591992152,0.5297030077571425,-1.2282553669563576,-0.1353702609371107
GTEX-NPJ8-0011-R8a-SM-2HMLG.1,BRAIN,44.5,7.9,379.0,0.7778957571335345,-1.1668361744927893,1.9447319316263239,1.3663829411558397
GTEX-NPJ8-0011-R9a-SM-2YUN5.1,BRAIN,44.5,7.5,379.0,0.41699061528210013,-1.1195936774137847,1.5365842926958848,0.8765295277343237
GTEX-NPJ8-0126-SM-2YUNR.1,SKIN,44.5,7.5,311.0,0.15961245377806607,-0.32707826404190854,0.48669071781997464,-0.1104308979984054
GTEX-NPJ8-0426-SM-2HMK6.1,HEART,44.5,8.8,325.0,0.19036603806718885,0.026158133768098477,0.16420790429909038,-0.16239604013568876
GTEX-NPJ8-1526-SM-26GMH.1,BRAIN,44.5,9.4,379.0,0.3191942396173102,-0.7657567544157126,1.0849509940330226,0.16434386516999744
GTEX-NPJ8-1526-SM-26GMY.1,BRAIN,44.5,9.4,379.0,-0.8224855733989713,-2.372266692952277,1.5497811195533058,0.24286049543099844
GTEX-NPJ8-1526-SM-2D7VU.1,BRAIN,44.5,9.4,379.0,0.6149367797278998,-1.0597327386063424,1.6746695183342424,0.6594892873633758
GTEX-NPJ8-1626-SM-2HMIY.1,MUSCLE,44.5,9.8,308.0,-0.07362997200328167,-2.1437811920340426,2.070151220030761,0.24016875417711578
GTEX-NPJ8-2626-SM-26GMI.1,BRAIN,44.5,8.8,380.0,0.11684549655421765,-0.8080403669847287,0.9248858635389463,-0.28120187202829067
GTEX-NPJ8-2626-SM-26GMZ.1,BRAIN,44.5,8.8,380.0,-1.2778450710719842,-4.505718643592098,3.2278735725201138,-0.6001598420439972
GTEX-NPJ8-2626-SM-2D7W2.1,BRAIN,44.5,8.8,380.0,0.32903701765474946,-0.8278311560238525,1.156868173678602,-0.012875898439307736
GTEX-O5YT-0008-SM-4E3IQ.1,SKIN,24.5,10.0,239.0,0.7042903854868053,-0.7950907652768018,1.499381150763607,-0.28256141033861754
GTEX-O5YT-0126-SM-48TBW.1,SKIN,24.5,5.9,242.0,0.3552493055421378,-0.22561085524845353,0.5808601607905913,-0.37833694132473866
GTEX-O5YT-0326-SM-32PKA.1,HEART,24.5,8.0,139.0,0.41916506907827855,-0.296748050138346,0.7159131192166246,-0.125567738053555
GTEX-O5YT-0826-SM-3TW8N.1,LIVER,24.5,7.4,168.0,1.4763154886322332,-2.5765948469903446,4.0529103356225775,1.7921039542873456
GTEX-O5YT-1626-SM-32PK6.1,MUSCLE,24.5,7.7,248.0,-0.9238614818916372,0.23843164981742782,-1.162293131709065,-0.19188707700763116
GTEX-O5YU-0008-SM-4E3I7.1,SKIN,64.5,10.0,,0.7877830397752729,-1.0584010620962216,1.8461841018714944,-0.2539856863841204
GTEX-O5YV-0008-SM-4E3HP.1,SKIN,64.5,10.0,,0.4279013305550662,-1.3640121886926577,1.791913519247724,-0.09120678985352089
GTEX-O5YV-0326-SM-2I5H2.1,HEART,64.5,6.9,248.0,0.3419093474491279,-0.06652898024022356,0.40843832768935145,-0.12716697165746313
GTEX-O5YV-0726-SM-EV798.1,LIVER,64.5,5.7,260.0,0.30734313537972047,-0.702397883915585,1.0097410192953054,-0.34902335996025147
GTEX-O5YV-2026-SM-26GMK.1,MUSCLE,64.5,7.1,293.0,-0.5626993244293307,0.49739413063035137,-1.060093455059682,-0.34512295560622974
GTEX-O5YV-2026-SM-26GN2.1,MUSCLE,64.5,7.1,293.0,-3.2978509324001997,-2.645069516031907,-0.6527814163682928,-0.4252963995977761
GTEX-O5YV-2026-SM-2D7VS.1,MUSCLE,64.5,7.1,293.0,-0.3404562448568767,0.13780972963738675,-0.47826597449426345,0.07628158734790069
GTEX-O5YW-0008-SM-4E3IE.1,SKIN,54.5,10.0,,0.2855475667882878,-1.0376195602524674,1.3231671270407552,0.18890754174756091
GTEX-O5YW-0126-SM-3LK6D.1,SKIN,54.5,5.4,194.0,-0.4886556179549376,0.7091597912053336,-1.1978154091602713,-0.20196072171792148
GTEX-O5YW-0326-SM-2I5EI.1,HEART,54.5,8.0,138.0,0.1788052185736035,0.4666124162497546,-0.28780719767615104,-0.7919978246932124
GTEX-OHPJ-0008-SM-4E3JG.1,SKIN,64.5,10.0,,0.8194786234997635,-0.9892771752819068,1.8087557987816703,-0.27348025948956833
GTEX-OHPJ-0926-SM-2HMJ1.1,HEART,64.5,8.2,437.0,0.2884541767068624,0.07855508947083469,0.20989908723602774,0.020069396494609485
GTEX-OHPJ-1626-SM-2HMKO.1,MUSCLE,64.5,7.5,456.0,-1.2411853064592624,0.5814008304275805,-1.822586136886843,-0.4660705303005484
GTEX-OHPK-0008-SM-4E3JL.1,SKIN,54.5,10.0,264.0,0.49193092204230365,-1.7537827696260992,2.245713691668403,-0.07259010598477396
GTEX-OHPK-0326-SM-2HMJO.1,HEART,54.5,7.3,313.0,-0.1544312923228906,0.1525582345496142,-0.3069895268725048,-0.7105790235061359
GTEX-OHPK-1626-SM-2YUN3.1,MUSCLE,54.5,6.9,441.0,-0.5431711996790533,-0.273521511953629,-0.26964968772542425,-0.5684084591995269
GTEX-OHPL-0008-SM-4E3I9.1,SKIN,64.5,10.0,,0.5790148571425215,-1.0413677755066761,1.6203826326491977,-0.008788781570074462
GTEX-OHPL-0126-SM-2HMJ7.1,SKIN,64.5,7.1,189.0,-0.4945554123719633,1.0207569021135905,-1.5153123144855538,-0.19122872681577877
GTEX-OHPL-0326-SM-2HMKS.1,HEART,64.5,8.5,84.0,0.39149540387164283,0.01810424171864135,0.3733911621530015,-0.16327914927042345
GTEX-OHPL-0326-SM-33HC8.1,HEART,64.5,8.5,84.0,-0.32930807107650095,0.6219968250139919,-0.9513048960904928,-0.6391115661607503
GTEX-OHPL-1626-SM-2HMIR.1,MUSCLE,64.5,8.0,193.0,-0.5269898614192813,-0.16207055010827928,-0.36491931131100197,0.3273208995056086
GTEX-OHPM-0008-SM-4E3IP.1,SKIN,54.5,10.0,,0.5793472569829918,-1.2731610796012984,1.8525083365842903,-0.08060456940604643
GTEX-OHPM-0126-SM-2YUN9.1,SKIN,54.5,6.1,149.0,-1.0161886518683874,1.5539653521322827,-2.57015400400067,-0.1405201138549403
GTEX-OHPM-0326-SM-2HMKT.1,HEART,54.5,7.3,72.0,0.44666983838778107,0.050962633355452355,0.3957072050323287,-0.45701939369271133
GTEX-OHPM-0326-SM-33HCA.1,HEART,54.5,7.3,72.0,-0.053230931357252285,0.5328343708738372,-0.5860653022310895,-0.5374660280349379
GTEX-OHPM-1626-SM-2HMK4.1,MUSCLE,54.5,8.5,155.0,0.4546666633529707,-0.06422087103964955,0.5188875343926203,-0.03894198847069313
GTEX-OHPN-0008-SM-4E3HW.1,SKIN,64.5,10.0,,0.22957051056317385,-1.296502451081353,1.5260729616445268,0.05134399900067787
GTEX-OHPN-0011-R10A-SM-2I5FL.1,BRAIN,64.5,5.7,350.0,-1.251157594959441,0.5483182487214221,-1.799475843680863,0.07179948437983992
GTEX-OHPN-0011-R10A-SM-33HBU.1,BRAIN,64.5,5.7,350.0,-1.281543477642283,0.6247783530560445,-1.9063218306983274,0.09789632664929569
GTEX-OHPN-0011-R10A-SM-5S2U3.1,BRAIN,64.5,5.7,350.0,-0.9419747748231093,0.5041000869808486,-1.4460748618039578,0.29164475436971493
GTEX-OHPN-0011-R11A-SM-2I5FM.1,BRAIN,64.5,5.9,350.0,-1.0223870111873896,0.6941605927688539,-1.7165476039562435,-0.6387578150061844
GTEX-OHPN-0011-R1A-SM-2I5GB.1,BRAIN,64.5,6.0,350.0,-1.3267627097173214,0.401774652298994,-1.7285373620163154,-0.5308235069994849
GTEX-OHPN-0011-R2A-SM-2I5FB.1,BRAIN,64.5,6.0,350.0,-1.3170833435590459,0.6887482515346152,-2.005831595093661,-0.1671254755699815
GTEX-OHPN-0011-R3A-SM-2I5FC.1,BRAIN,64.5,5.5,350.0,-1.173224451007768,0.28667151527062534,-1.4598959662783935,-0.021760828562265112
GTEX-OHPN-0011-R4A-SM-2I5FD.1,BRAIN,64.5,5.0,350.0,-1.4061159263874978,0.6957897048568109,-2.1019056312443087,-0.26929707066465636
GTEX-OHPN-0011-R5A-SM-2I5FF.1,BRAIN,64.5,7.4,350.0,-0.23378936122483338,0.30763741038600223,-0.5414267716108356,0.46898978582243334
GTEX-OHPN-0011-R6A-SM-2I5FH.1,BRAIN,64.5,6.4,350.0,-0.6430047636542684,0.5963548484590503,-1.2393596121133186,0.35924532111446983
GTEX-OHPN-0011-R7A-SM-2I5FI.1,BRAIN,64.5,6.4,350.0,-0.9789454027528883,0.791783217037364,-1.7707286197902523,-0.08236381204792972
GTEX-OHPN-0011-R8A-SM-2I5FJ.1,BRAIN,64.5,5.4,350.0,-1.56216927877149,0.8483087684198392,-2.4104780471913294,-0.2695453656001948
GTEX-OHPN-0011-R8A-SM-33HBT.1,BRAIN,64.5,5.4,350.0,-1.7495886761232122,0.7901512668142663,-2.5397399429374783,-0.2768508956498298
GTEX-OHPN-0011-R9A-SM-2YUMN.1,BRAIN,64.5,7.0,350.0,-0.005638981456412816,-0.1722428804359583,0.1666038989795455,0.8052942469046561
GTEX-OHPN-0011-R9A-SM-4DXUH.1,BRAIN,64.5,7.0,350.0,0.09557253167463829,-0.3043635884976779,0.3999361201723162,0.9041286624546225
GTEX-OHPN-0011-R9A-SM-5TDEJ.1,BRAIN,64.5,7.0,350.0,-0.03515163355272207,-0.07283704175944591,0.03768540820672384,0.8448857366630699
GTEX-OHPN-2526-SM-2I5H3.1,BRAIN,64.5,6.8,506.0,-0.017137449968114015,-0.07089344144929448,0.05375599148118046,0.41622377933436266
GTEX-OHPN-2626-SM-2I5H1.1,BRAIN,64.5,6.3,507.0,-0.7250187580185945,0.6369032612997458,-1.3619220193183403,-0.2900388273305799
GTEX-OHPN-2726-SM-2I5H4.1,MUSCLE,64.5,7.0,510.0,0.2698102098300104,0.4595638463626368,-0.1897536365326264,0.9284913936169917
GTEX-OIZF-0126-SM-7SB8I.1,SKIN,64.5,7.3,215.0,-0.09037339011964012,0.09711951367887886,-0.18749290379851896,0.4224564006797811
GTEX-OIZF-0326-SM-3MJGY.1,HEART,64.5,8.2,121.0,0.5769441989514797,0.2785113274388825,0.29843287151259723,-0.39067399601035213
GTEX-OIZF-0826-SM-3MJGO.1,LIVER,64.5,8.3,101.0,0.9409018969911929,-0.7759617230867742,1.7168636200779672,0.37065950091675737
GTEX-OIZF-1626-SM-2YUNE.1,MUSCLE,64.5,7.9,222.0,0.10081983845165561,-0.19703976276645946,0.29785960121811506,-0.2416093627175968
GTEX-OIZG-0008-SM-4E3J2.1,SKIN,54.5,10.0,,0.8528254413890272,-0.9926672465059171,1.8454926878949443,-0.13775040748243095
GTEX-OIZG-0726-SM-2I5GS.1,SKIN,54.5,5.9,730.0,0.19654368508479422,-0.36834672206658126,0.5648904071513755,-0.2069160378740833
GTEX-OIZG-0726-SM-33HBL.1,SKIN,54.5,5.9,730.0,0.21585513865643877,-0.49777709386031643,0.7136322325167552,-0.10170704178755974
GTEX-OIZG-1126-SM-2HMIU.1,HEART,54.5,6.7,741.0,-0.40022124718914404,0.6856806847078248,-1.085901931896969,-0.49701140531522137
GTEX-OIZG-1326-SM-2HMIQ.1,MUSCLE,54.5,7.8,748.0,-0.3044933174229206,0.2853857090153634,-0.589879026438284,-0.48355193980367617
GTEX-OIZH-0126-SM-2HMIS.1,SKIN,54.5,6.6,219.0,0.23081227431293067,-0.5133045157291188,0.7441167900420496,-0.45395713889257716
GTEX-OIZH-0326-SM-2HMKC.1,HEART,54.5,7.6,126.0,0.564730654980481,-0.003967836476607811,0.5686984914570888,-0.1334362245917064
GTEX-OIZH-1626-SM-2HMKI.1,MUSCLE,54.5,7.9,234.0,-0.7186188735574212,0.5079248240678816,-1.2265436976253028,-0.4272300806810325
GTEX-OIZI-0008-SM-2XCFD.1,SKIN,44.5,10.0,,-0.32911197439955675,-0.6615673470062734,0.33245537260671665,0.1438111708134318
GTEX-OIZI-0626-SM-2XCEH.1,MUSCLE,44.5,8.4,418.0,-0.8297085642172601,1.205785856178405,-2.035494420395665,-0.1352949632850572
GTEX-OIZI-0926-SM-E6CHF.1,HEART,44.5,5.6,455.0,0.6385323982331836,-0.6138653950329991,1.2523977932661827,0.7659260471176207
GTEX-OOBJ-0008-SM-3NB26.1,SKIN,64.5,10.0,,0.8313284429393465,-0.4419229949580146,1.2732514378973612,-0.37743940676684073
GTEX-OOBJ-0126-SM-E6CJW.1,SKIN,64.5,5.8,211.0,-1.0014008708004578,1.010287851923301,-2.0116887227237585,-0.2578984984797254
GTEX-OOBJ-0326-SM-2I3F8.1,HEART,64.5,7.5,119.0,0.6896674383951319,-0.22414072559757942,0.9138081639927114,-0.40262548993819
GTEX-OOBJ-0326-SM-33HBO.1,HEART,64.5,7.5,119.0,0.4928856226949672,0.1226510091866234,0.3702346135083438,-0.5591136614252785
GTEX-OOBJ-0326-SM-5SI84.1,HEART,64.5,7.5,119.0,0.8887297544948314,-0.3378290072693971,1.2265587617642284,-0.4337373718912882
GTEX-OOBJ-0826-SM-3NB2K.1,LIVER,64.5,7.2,139.0,0.4306784951241165,-1.1113720911197784,1.542050586243895,0.13744274519652977
GTEX-OOBJ-1626-SM-2I3F7.1,MUSCLE,64.5,8.0,217.0,0.04327193740026941,0.373017283796359,-0.3297453463960896,-0.5414907724021109
GTEX-OOBK-0008-SM-3NB27.1,SKIN,44.5,10.0,,0.8616265994622567,-0.6210448906784518,1.4826714901407085,0.046488770407463235
GTEX-OOBK-0126-SM-2YUND.1,SKIN,44.5,7.2,261.0,0.00548880470130145,0.19334978787952828,-0.18786098317822683,0.3353503827848818
GTEX-OOBK-1626-SM-2HMKG.1,MUSCLE,44.5,7.9,285.0,-0.3331077588642029,-0.33774320175916345,0.00463544289496054,-0.2372996586188136
GTEX-OOBK-3025-SM-48TBP.1,HEART,44.5,8.2,220.0,0.5012349068915748,-3.4854938846604027,3.9867287915519776,1.8902769289943868
GTEX-OXRK-0008-SM-3NB28.1,SKIN,54.5,9.8,,0.8452540526785807,-1.730072345419707,2.5753263980982877,-0.1503275132094556
GTEX-OXRK-0226-SM-2YUN1.1,SKIN,54.5,6.7,280.0,-0.4736098317281783,0.7911701155377334,-1.2647799472659118,0.11925800610845365
GTEX-OXRK-0226-SM-3NB2G.1,SKIN,54.5,6.7,280.0,-0.323246315576783,0.6254737418701394,-0.9487200574469223,0.17768018452746698
GTEX-OXRK-0826-SM-2HMK7.1,HEART,54.5,8.6,303.0,0.6368269148980286,-0.36884738833357655,1.0056743032316051,-0.14372286582775082
GTEX-OXRK-1826-SM-2HMJE.1,MUSCLE,54.5,7.6,322.0,0.32529839885648965,-0.47364799726608714,0.7989463961225768,-0.38083049420293874
GTEX-OXRL-0008-SM-3NB29.1,SKIN,54.5,10.0,310.0,0.7565193535487464,-0.7440475592279723,1.5005669127767187,-0.23581985524697882
GTEX-OXRL-0126-SM-2YUMP.1,SKIN,54.5,6.0,312.0,-0.7875764415473497,1.9525474727846357,-2.7401239143319853,0.024884765965378797
GTEX-OXRL-0326-SM-2I3F2.1,HEART,54.5,7.8,250.0,0.4467665749326979,0.169617276422182,0.2771492985105159,-0.5156448961225649
GTEX-OXRL-0326-SM-447BG.1,HEART,54.5,7.8,250.0,0.6327203615510719,0.011252832074436343,0.6214675294766355,-0.45507107303457245
GTEX-OXRL-0326-SM-4MVNY.1,HEART,54.5,7.8,250.0,0.6559047516782865,-0.05447434980983586,0.7103791014881224,-0.4354041020242379
GTEX-OXRL-1626-SM-2YUMU.1,MUSCLE,54.5,7.9,323.0,0.20607343109037085,-0.04765926622081489,0.25373269731118575,-0.27465253528473854
GTEX-OXRN-0011-R10A-SM-2I5GC.1,BRAIN,54.5,7.4,514.0,-0.1799276681481569,0.39251855348331605,-0.572446221631473,-0.18747021438826844
GTEX-OXRN-0011-R5A-SM-2I5EF.1,BRAIN,54.5,6.9,514.0,-1.0761942450601565,0.986201693352836,-2.0623959384129926,-0.4956326029480835
GTEX-OXRN-0011-R8A-SM-E9TI1.1,BRAIN,54.5,5.7,514.0,-1.9286091042558726,1.1961319099923835,-3.124741014248256,-0.8159429246394917
GTEX-OXRN-0126-SM-48TDM.1,SKIN,54.5,8.6,572.0,-0.25737054751910976,0.2540893856588066,-0.5114599331779164,0.034159572837302976
GTEX-OXRN-1326-SM-3LK5V.1,MUSCLE,54.5,7.3,733.0,0.5084466596285964,-0.2776693999389366,0.7861160595675329,-0.13639691646543364
GTEX-OXRN-2426-SM-2I5EQ.1,BRAIN,54.5,7.2,786.0,-0.26743475720565446,0.488316744153845,-0.7557515013594995,-0.20875125787579366
GTEX-OXRO-0011-R10A-SM-2I5EH.1,BRAIN,64.5,6.1,825.0,-0.7932002197622801,0.43151692453033175,-1.2247171442926117,-0.5252350149685824
GTEX-OXRO-0011-R2A-SM-3NB1W.1,BRAIN,64.5,6.3,825.0,-1.127541662760704,0.3908826669519039,-1.5184243297126079,-0.32047981408350595
GTEX-OXRO-0011-R5A-SM-2I5EG.1,BRAIN,64.5,5.3,825.0,-2.245532209679971,1.187432075475912,-3.432964285155883,-1.04899137240425
GTEX-OXRO-0011-R9A-SM-3NB1X.1,BRAIN,64.5,6.1,825.0,-0.903228103593893,0.2386846005300933,-1.1419127041239863,0.07541798460465776
GTEX-OXRO-0011-R9A-SM-5S2RR.1,BRAIN,64.5,6.1,825.0,-1.0027706707956716,0.4364157166459648,-1.4391863874416364,0.0009372631633883301
GTEX-OXRO-0011-R9A-SM-5S2W3.1,BRAIN,64.5,6.1,825.0,-1.1310491433750083,0.5200666162115944,-1.6511157595866028,-0.06998260233258567
GTEX-OXRO-0126-SM-2YUN4.1,SKIN,64.5,7.0,835.0,0.20767809587236538,0.10115325988597829,0.1065248359863871,0.40790678736444164
GTEX-OXRO-1726-SM-3LK6C.1,MUSCLE,64.5,6.4,832.0,-0.2847298993686646,-1.2049893291956943,0.9202594298270297,2.061618147772647
GTEX-OXRO-2026-SM-2YUMZ.1,HEART,64.5,5.1,848.0,-1.6063455218982896,0.6964594367646654,-2.302804958662955,-0.8474246728982776
GTEX-OXRP-0126-SM-3NB32.1,SKIN,64.5,8.4,1063.0,0.036835861162654325,-0.4382666300542617,0.475102491216916,0.5476432589802459
GTEX-OXRP-0126-SM-48TDI.1,SKIN,64.5,8.4,1063.0,0.07248447603269377,-0.5546106873446223,0.6270951633773161,0.501143869338512
GTEX-OXRP-2326-SM-2S1NL.1,MUSCLE,64.5,8.0,1113.0,-0.28293260446392215,-0.8343258754360464,0.5513932709721243,-0.15148083846790938
GTEX-P44G-0011-R10A-SM-2I3FF.1,BRAIN,34.5,8.0,574.0,0.5836745462360933,-0.44485851360865936,1.0285330598447526,0.2836418998490772
GTEX-P44G-0011-R11A-SM-2I3FD.1,BRAIN,34.5,8.4,574.0,0.7080581415730355,-1.0486712743152231,1.7567294158882585,-0.1178056940902816
GTEX-P44G-0011-R1A-SM-2I3FE.1,BRAIN,34.5,7.3,574.0,0.04972821071665818,0.26114272709776104,-0.21141451638110287,0.029514568558087748
GTEX-P44G-0011-R2A-SM-2XCD2.1,BRAIN,34.5,6.5,574.0,0.08127193253915237,0.11521384703078448,-0.033941914491632114,0.279824067216351
GTEX-P44G-0011-R3A-SM-2I3FC.1,BRAIN,34.5,7.9,574.0,0.6158156599003451,-0.29038190771990513,0.9061975676202503,0.18997425447233313
GTEX-P44G-0011-R4A-SM-2I3FB.1,BRAIN,34.5,6.6,574.0,-0.596867886194637,0.825125480668522,-1.421993366863159,-0.10838642110155637
GTEX-P44G-0011-R5A-SM-2I3FA.1,BRAIN,34.5,8.0,574.0,-0.1693784457942085,0.6960347652647714,-0.8654132110589798,0.12229362643432277
GTEX-P44G-0011-R6A-SM-2XCD3.1,BRAIN,34.5,7.4,574.0,0.3507837215266202,-0.0016574324395208057,0.352441153966141,0.7246943578557136
GTEX-P44G-0011-R7A-SM-2I3F9.1,BRAIN,34.5,7.5,574.0,-0.5899932327866789,0.8893403692100925,-1.4793336019967716,-0.26253158086562034
GTEX-P44G-0226-SM-2I3F3.1,SKIN,34.5,6.3,667.0,-0.6704121710353275,1.1744528945320387,-1.8448650655673662,0.2684560015352334
GTEX-P44G-0526-SM-2XCD1.1,MUSCLE,34.5,7.6,698.0,-0.7439889463498142,0.5323126500213645,-1.2763015963711788,0.6088816661465467
GTEX-P44G-0826-SM-2I5ES.1,HEART,34.5,5.9,713.0,-1.7534344625558893,1.0427043029969956,-2.796138765552885,-0.8060912341104052
GTEX-P44G-1126-SM-3NM9D.1,LIVER,34.5,6.0,722.0,-1.466112095006248,0.8640557713665058,-2.330167866372754,-0.2743255618415218
GTEX-P44G-2426-SM-2I5ER.1,BRAIN,34.5,7.5,782.0,0.15551815276445885,0.17334522513292125,-0.0178270723684624,0.2795547160635701
GTEX-P44G-2526-SM-2I5EK.1,BRAIN,34.5,7.0,784.0,0.15106524330779966,0.14045664131646798,0.010608601991331679,-0.27060363247746017
GTEX-P44H-0008-SM-48TDW.1,SKIN,44.5,9.9,,0.8006592854618682,-1.4909592425355618,2.29161852799743,0.20231700123832774
GTEX-P44H-0011-R10A-SM-2XCEK.1,BRAIN,44.5,6.4,280.0,0.35861964306211436,-0.10079752556209247,0.45941716862420684,0.2513831205632617
GTEX-P44H-0011-R11A-SM-2XCER.1,BRAIN,44.5,6.9,280.0,1.0230250447410532,-2.111803536517282,3.134828581258335,0.057976960372261147
GTEX-P44H-0011-R1A-SM-3NM8J.1,BRAIN,44.5,6.5,280.0,0.5583260657770482,-0.4791978718479208,1.037523937624969,0.564420349083128
GTEX-P44H-0011-R3A-SM-2XCEQ.1,BRAIN,44.5,6.1,280.0,0.280587944817012,0.004401697419801291,0.2761862473972107,0.7519815604212122
GTEX-P44H-0011-R3A-SM-5SI8A.1,BRAIN,44.5,6.1,280.0,0.3727941541701135,-0.10304396253516426,0.47583811670527776,0.1960787406021074
GTEX-P44H-0011-R3A-SM-D3L8E.1,BRAIN,44.5,6.1,280.0,0.6070126972404898,-0.3796159182595583,0.9866286155000481,0.1795126766877178
GTEX-P44H-0011-R4A-SM-2XCEW.1,BRAIN,44.5,6.5,280.0,-0.18360931373772627,0.3477711030704191,-0.5313804168081453,-0.008002913671324427
GTEX-P44H-0011-R5A-SM-2XCEX.1,BRAIN,44.5,7.7,280.0,0.522766171467444,-0.032964509588840715,0.5557306810562846,0.43035369023460646
GTEX-P44H-0011-R6A-SM-2XCF3.1,BRAIN,44.5,6.5,280.0,0.3634546033434606,-0.37099645959447225,0.7344510629379328,0.9080312072585716
GTEX-P44H-0011-R8A-SM-2XCEL.1,BRAIN,44.5,6.9,280.0,0.47737238750101474,-0.2145992294645312,0.6919716169655459,0.40004030547725405
GTEX-P44H-0226-SM-2XCEU.1,SKIN,44.5,7.0,458.0,-0.7001297616035839,0.7013878578982917,-1.4015176195018757,0.06810142622817417
GTEX-P44H-0426-SM-2XCEZ.1,MUSCLE,44.5,7.9,487.0,-0.18742261584136585,0.6746288174623517,-0.8620514333037176,0.030177377160155925
GTEX-P44H-0726-SM-48TBT.1,HEART,44.5,5.9,504.0,0.33374258896914016,0.32524855857802426,0.008494030391115903,0.0733244418824006
GTEX-P44H-2426-SM-2XCEJ.1,BRAIN,44.5,7.1,597.0,0.7625315694652652,-1.5485668456908592,2.3110984151561245,0.2475383409533655
GTEX-P4PP-0008-SM-48TDV.1,SKIN,34.5,10.0,198.0,0.9800831631443158,-1.4343344953732151,2.414417658517531,-0.26735600653743247
GTEX-P4PP-0126-SM-3LK69.1,SKIN,34.5,6.1,196.0,0.1215366273128516,-1.0252020935800028,1.1467387208928543,-0.18256957680155808
GTEX-P4PP-0326-SM-2HML9.1,HEART,34.5,8.6,78.0,0.14539739443499208,0.5234930758550239,-0.3780956814200318,-0.6186253369351102
GTEX-P4PP-0326-SM-33HC4.1,HEART,34.5,8.6,78.0,-0.44904906117771876,0.924323945003176,-1.3733730061808949,-0.958417645995311
GTEX-P4PP-0326-SM-5S2TQ.1,HEART,34.5,8.6,78.0,-0.16585801589975854,0.8271572104589178,-0.9930152263586763,-0.8741707398165433
GTEX-P4PP-1626-SM-2HMJF.1,MUSCLE,34.5,8.5,200.0,-0.7897186470718702,0.6517723572317375,-1.4414910043036078,0.27982961960944547
GTEX-P4PQ-0008-SM-48TDX.1,SKIN,64.5,10.0,235.0,0.24159434614611622,-2.0753847755612083,2.3169791217073246,-0.12626400764814888
GTEX-P4PQ-0126-SM-2S1NM.1,SKIN,64.5,6.0,235.0,0.030087202107655187,0.4530951877321337,-0.4230079856244785,0.0956126640612339
GTEX-P4PQ-0326-SM-2HMJ8.1,HEART,64.5,8.2,164.0,0.3422021702828026,0.20107238635604124,0.14112978392676134,-0.4197178981968817
GTEX-P4PQ-1626-SM-2HMKK.1,MUSCLE,64.5,8.4,241.0,0.12452983395589692,0.4272788440331414,-0.30274901007724453,-0.13895640922139527
GTEX-P4QR-0008-SM-48TE2.1,SKIN,64.5,10.0,412.0,0.5479256306741754,-1.4285758846175038,1.9765015152916794,-0.10052830739487806
GTEX-P4QR-0326-SM-2S1NU.1,SKIN,64.5,6.2,411.0,-0.3146154147778482,0.6043808027305203,-0.9189962175083686,0.15999185462229318
GTEX-P4QR-0326-SM-5SI8P.1,SKIN,64.5,6.2,411.0,-0.40963376067283414,0.7664522984565411,-1.1760860591293751,0.08103344981838377
GTEX-P4QR-0726-SM-2I5GO.1,MUSCLE,64.5,7.7,445.0,0.12945400893640172,0.073391912609871,0.05606209632653071,-0.0727481946455209
GTEX-P4QS-0008-SM-48TDY.1,SKIN,64.5,10.0,204.0,0.1462530686880831,-2.1763319104816308,2.3225849791697137,0.06934944200934369
GTEX-P4QS-0326-SM-2I3EU.1,HEART,64.5,8.8,83.0,0.40295932584650723,-1.4635257991334396,1.8664851249799468,1.4141856085595734
GTEX-P4QS-1626-SM-2S1NH.1,MUSCLE,64.5,7.4,213.0,-0.9818942497233029,0.21790667819581763,-1.1998009279191204,-0.21257878610873657
GTEX-P4QT-0008-SM-48TDZ.1,SKIN,54.5,10.0,214.0,0.49462076805716076,-1.443340377292158,1.9379611453493188,0.0007742381651363777
GTEX-P4QT-0126-SM-2I3FL.1,SKIN,54.5,6.3,212.0,-0.7120699743985719,-0.2143096605231117,-0.49776031387546016,-0.6235616690765887
GTEX-P4QT-1626-SM-2S1NP.1,MUSCLE,54.5,8.3,215.0,-0.8714387862469939,0.3794072653325149,-1.2508460515795088,-0.041994450923010816
GTEX-P4QT-1626-SM-5S2UR.1,MUSCLE,54.5,8.3,215.0,-0.9391110517013798,0.7351294983021283,-1.674240550003508,-0.30263941942819217
GTEX-P4QT-1626-SM-DHXIR.1,MUSCLE,54.5,8.3,215.0,-0.5819793128694557,0.5803808465129964,-1.1623601593824522,-0.3083673519012399
GTEX-P78B-0008-SM-48TE1.1,SKIN,44.5,9.4,479.0,0.7989648888221778,0.10771382200235301,0.6912510668198247,-0.17078365613217175
GTEX-P78B-0426-SM-2I5F5.1,HEART,44.5,7.9,532.0,0.5708060190125535,-0.124727186461085,0.6955332054736385,-0.12296099308120303
GTEX-P78B-1326-SM-3P611.1,LIVER,44.5,7.8,573.0,0.5119542129289444,-0.3112185010460365,0.8231727139749809,-0.2781929585487318
GTEX-P78B-1326-SM-3P611.2,LIVER,44.5,7.8,573.0,0.5119542129289444,-0.3112185010460365,0.8231727139749809,-0.2781929585487318
GTEX-P78B-1326-SM-3P611.3,LIVER,44.5,7.8,573.0,0.5119542129289444,-0.3112185010460365,0.8231727139749809,-0.2781929585487318
GTEX-P78B-1626-SM-2S1O1.1,MUSCLE,44.5,8.1,587.0,-0.2715810987941728,0.25190348707751586,-0.5234845858716887,-0.325621270541834
GTEX-P78B-1626-SM-5SI85.1,MUSCLE,44.5,8.1,587.0,0.13855807601227688,0.3260452831121484,-0.18748720709987154,-0.5400007955555362
GTEX-PLZ4-0008-SM-48TE6.1,SKIN,54.5,10.0,653.0,0.23992609685377905,-1.51993137994251,1.7598574767962891,-0.15299081813432724
GTEX-PLZ4-0126-SM-2S1OG.1,SKIN,54.5,6.1,652.0,-0.34016474622189724,0.7013500702320633,-1.0415148164539605,0.4646802681238041
GTEX-PLZ4-0126-SM-5SI8O.1,SKIN,54.5,6.1,652.0,-0.46849721837708164,0.9998177556296107,-1.4683149740066923,0.41174031147484685
GTEX-PLZ4-0926-SM-2S1OI.1,MUSCLE,54.5,7.2,680.0,-1.27802618723746,0.6781930395563075,-1.9562192267937677,-0.15306173212426052
GTEX-PLZ5-0626-SM-2I5F8.1,HEART,54.5,8.1,120.0,-0.20418447745804533,0.3142020487245726,-0.5183865261826179,-0.3765367061715907
GTEX-PLZ5-1726-SM-2I5F6.1,MUSCLE,54.5,8.0,208.0,-0.6854110793261292,0.8967919644826685,-1.5822030438087977,-0.6385086308967958
GTEX-PLZ5-2026-SM-2S1O4.1,SKIN,54.5,6.7,210.0,-0.9374725702589092,1.4537479165715286,-2.391220486830438,-0.06489006219912356
GTEX-PLZ6-0008-SM-48TD5.1,SKIN,34.5,9.6,219.0,0.9360363143254553,-0.3852666745157384,1.3213029888411938,-0.16500986633838416
GTEX-PLZ6-1426-SM-2S1OQ.1,SKIN,34.5,7.0,231.0,-0.8044889557303508,1.2494030790138657,-2.0538920347442167,-0.3310434497465962
GTEX-PLZ6-1426-SM-5S2TR.1,SKIN,34.5,7.0,231.0,-0.7224022473212963,1.2056829349404703,-1.9280851822617666,-0.3535209784609563
GTEX-PLZ6-1426-SM-DKPOT.1,SKIN,34.5,7.0,231.0,-0.46895044196745617,0.9712213026113615,-1.4401717445788176,-0.3502559570432286
GTEX-PLZ6-1526-SM-2S1OC.1,MUSCLE,34.5,7.9,242.0,-0.5386819019455465,0.38556405399080773,-0.9242459559363543,0.13843008550455177
GTEX-POMQ-0008-SM-48TE7.1,SKIN,24.5,8.8,355.0,0.9830583633611915,-0.04048886416133099,1.0235472275225224,-0.1687424713909991
GTEX-POMQ-0326-SM-2I5FO.1,HEART,24.5,8.1,214.0,0.38666998387014173,0.24383128974646517,0.14283869412367656,-0.3393892253964136
GTEX-POMQ-1926-SM-3NB1Y.1,MUSCLE,24.5,8.2,313.0,-0.335760301955066,-0.3909182024972345,0.055157900542168514,0.3334506981497904
GTEX-POMQ-2226-SM-2I5FK.1,SKIN,24.5,7.1,362.0,0.19847167897731294,-1.4939977864578786,1.6924694654351915,-0.6246143839862578
GTEX-POYW-0008-SM-48TE4.1,SKIN,64.5,10.0,669.0,1.0849011570991325,-1.677077750762238,2.7619789078613706,-0.3302073877041596
GTEX-POYW-0526-SM-2XCEY.1,MUSCLE,64.5,7.7,666.0,1.4647429300806807,-2.0754524561160754,3.540195386196756,0.7512576482847434
GTEX-POYW-0526-SM-5KM2H.1,MUSCLE,64.5,7.7,666.0,1.5088200296590355,-2.1125851165517355,3.621405146210771,0.48904748500074596
GTEX-PSDG-0008-SM-48TE5.1,SKIN,54.5,10.0,412.0,1.0767916488326368,-1.4140393443185642,2.490830993151201,-0.21429308866842303
GTEX-PSDG-0226-SM-2I5FR.1,SKIN,54.5,7.4,411.0,-0.546055332639713,-0.06258993780918774,-0.4834653948305252,-0.191829397502221
GTEX-PSDG-0226-SM-33HC1.1,SKIN,54.5,7.4,411.0,-0.6957405934465996,0.33847794213572896,-1.0342185355823286,-0.23683578963481178
GTEX-PSDG-0226-SM-DKPOZ.1,SKIN,54.5,7.4,411.0,-0.37429501694476863,-0.2101973851142729,-0.16409763183049572,-0.3094981651005997
GTEX-PSDG-0426-SM-2S1OF.1,MUSCLE,54.5,7.6,464.0,-0.9629912951773896,0.3161127418643402,-1.2791040370417297,0.16811900699734922
GTEX-PSDG-0426-SM-5SI86.1,MUSCLE,54.5,7.6,464.0,-0.7477613344732793,0.4803108396075324,-1.2280721740808116,-0.02548129229235928
GTEX-PSDG-0926-SM-2I5FP.1,HEART,54.5,7.1,495.0,0.16500531728086154,0.4661776148303076,-0.3011722975494461,-0.38678049631114175
GTEX-PVOW-0008-SM-48TE8.1,SKIN,44.5,9.1,635.0,0.7197358695657121,0.21893043890500866,0.5008054306607035,0.15962752332982605
GTEX-PVOW-0011-R10A-SM-EXOHB.1,BRAIN,44.5,5.5,517.0,1.1528299384841807,-0.8711890739280626,2.0240190124122432,-0.0011423965808835803
GTEX-PVOW-0011-R1A-SM-32PL6.1,BRAIN,44.5,6.7,517.0,0.4235895564963366,-0.041256020877243185,0.4648455773735798,0.33669057139029923
GTEX-PVOW-0011-R3A-SM-32PKX.1,BRAIN,44.5,7.4,517.0,0.5679998187903449,-0.6712655259166619,1.2392653447070068,0.44019486378841444
GTEX-PVOW-0011-R5A-SM-32PL7.1,BRAIN,44.5,7.9,517.0,0.22887096132616552,0.19921867372512578,0.029652287601039745,0.404733004984248
GTEX-PVOW-0126-SM-2XCFA.1,SKIN,44.5,7.6,634.0,-0.5436209851039425,0.5140566412878381,-1.0576776263917806,0.06403027433570677
GTEX-PVOW-0426-SM-2XCF8.1,HEART,44.5,6.9,651.0,-0.5344031642312079,0.677689827616947,-1.2120929918481549,-0.04149356477412874
GTEX-PVOW-0426-SM-5MR5R.1,HEART,44.5,6.9,651.0,-0.6969586135812502,0.7904920418858364,-1.4874506554670868,-0.3129308639497
GTEX-PVOW-0426-SM-5N9DW.1,HEART,44.5,6.9,651.0,-0.3476143941146189,0.6190541005415006,-0.9666684946561195,-0.10223318935472375
GTEX-PVOW-2526-SM-2XCF7.1,BRAIN,44.5,7.1,755.0,0.4082011640409767,-0.08156356615183256,0.4897647301928093,0.06867172255509607
GTEX-PVOW-2626-SM-32PL8.1,BRAIN,44.5,7.1,758.0,0.8292671016644757,-1.4394944053582002,2.268761507022676,0.18867129819817824
GTEX-PW2O-0008-SM-48TEB.1,SKIN,24.5,10.0,274.0,0.5165246258981154,-1.2256328107404246,1.7421574366385402,-0.013225876359055007
GTEX-PW2O-1526-SM-2I5FT.1,SKIN,24.5,5.5,278.0,1.3084220590700995,0.2503273755020613,1.0580946835680383,0.20072450657885774
GTEX-PW2O-1526-SM-7RHHB.1,SKIN,24.5,5.7,278.0,-0.6171118229353394,1.5679428952214662,-2.1850547181568056,-0.016080031347441997
GTEX-PW2O-1726-SM-2S1OO.1,MUSCLE,24.5,6.7,283.0,-1.2612100423169759,1.107347797231454,-2.36855783954843,-0.39462963033513004
GTEX-PWCY-0008-SM-48TE9.1,SKIN,24.5,9.8,276.0,0.8179699774752867,-0.2147964571561999,1.0327664346314867,0.11534366605601439
GTEX-PWCY-0526-SM-2I3ER.1,HEART,24.5,8.8,203.0,0.36643764763952613,-0.2836612136585165,0.6500988612980426,-0.04608781559410677
GTEX-PWCY-0526-SM-5P9HG.1,HEART,24.5,8.8,203.0,0.3074613919251874,-0.09093662442083503,0.39839801634602245,-0.2298273780191825
GTEX-PWCY-0526-SM-5PNU8.1,HEART,24.5,8.8,203.0,0.37265257560338894,-0.17142067721874008,0.544073252822129,-0.15800610602393805
GTEX-PWCY-1826-SM-2S1OK.1,SKIN,24.5,6.2,281.0,-0.32947289922483125,0.6698441093829461,-0.9993170086077774,0.07291475269396384
GTEX-PWCY-1826-SM-5SI7U.1,SKIN,24.5,6.2,281.0,-0.22042051422404513,0.599755960384688,-0.8201764746087332,0.03141396239785589
GTEX-PWCY-1826-SM-DHXIZ.1,SKIN,24.5,6.2,281.0,-0.024226066930659314,0.199535186416266,-0.22376125334692532,0.004757159884616268
GTEX-PWCY-2026-SM-2S1NF.1,MUSCLE,24.5,8.1,290.0,-1.1575607582108136,1.1262103863602853,-2.283771144571099,-0.608908601206201
GTEX-PWCY-2026-SM-5Q5BF.1,MUSCLE,24.5,8.1,290.0,-0.4273595119559048,0.97497035523632,-1.4023298671922249,-0.7715940093205624
GTEX-PWCY-2026-SM-5QGQ9.1,MUSCLE,24.5,8.1,290.0,-0.516121543698432,0.9755615830022306,-1.4916831267006625,-0.786252097183163
GTEX-PWCY-2026-SM-5SI8R.1,MUSCLE,24.5,8.1,290.0,-0.6035038529215953,0.9540860795067201,-1.5575899324283153,-0.7369097913516394
GTEX-PWN1-0008-SM-48TEA.1,SKIN,44.5,10.0,210.0,0.5570063255819271,-1.5011106049885694,2.0581169305704963,0.1412667886441921
GTEX-PWN1-0126-SM-2I3FK.1,SKIN,44.5,7.3,212.0,-0.8008722841638194,0.7151943338183231,-1.5160666179821425,-0.22878178095463877
GTEX-PWN1-1626-SM-2S1OL.1,MUSCLE,44.5,8.1,220.0,-0.9455811140863484,0.6393707100348109,-1.5849518241211593,-0.1463039582599074
GTEX-PWO3-0011-R1A-SM-2I5EW.1,BRAIN,64.5,6.8,1279.0,-0.5352694174648013,0.470485144141078,-1.0057545616058792,0.02756167009555113
GTEX-PWO3-0011-R2A-SM-2S1OX.1,BRAIN,64.5,6.7,1279.0,-0.5345477806368609,0.5958953736602713,-1.1304431542971323,0.18441618195338194
GTEX-PWO3-0011-R3A-SM-2I5EX.1,BRAIN,64.5,6.5,1279.0,-0.2176039052653206,0.422732824533238,-0.6403367297985586,0.28238994733491646
GTEX-PWO3-0011-R5A-SM-2I5EZ.1,BRAIN,64.5,6.7,1279.0,-0.46480810669992206,0.7431107153436913,-1.2079188220436134,0.04222099681041239
GTEX-PWO3-0011-R6A-SM-2I5F3.1,BRAIN,64.5,7.5,1279.0,-0.010166970902668293,0.31458431607858944,-0.3247512869812577,0.7568922844880281
GTEX-PWO3-0011-R8A-SM-2I5GD.1,BRAIN,64.5,7.8,1279.0,0.3725624166169991,0.06061946983890938,0.31194294677808976,0.9799783463095735
GTEX-PWO3-0011-R9A-SM-EVR2V.1,BRAIN,64.5,5.5,1279.0,0.5424465399600588,-1.1403023522724995,1.6827488922325582,0.740254202615513
GTEX-PWO3-0926-SM-2I5EY.1,BRAIN,64.5,5.4,1374.0,-0.7106847711305763,0.7741978830979411,-1.4848826542285174,-0.25964993892222077
GTEX-PWO3-1026-SM-2I5F2.1,BRAIN,64.5,6.0,1376.0,0.12604453606723626,0.06697481627099335,0.05906971979624291,-0.1584051922783348
GTEX-PWO3-1526-SM-48TCM.1,SKIN,64.5,5.9,1290.0,-0.14503254026769064,0.42445004777028456,-0.5694825880379752,-0.009437128999972365
GTEX-PWOO-0008-SM-48TDU.1,SKIN,44.5,9.2,235.0,0.7151180158656767,0.2912017026294602,0.4239163132362165,-0.007673681896615503
GTEX-PWOO-0526-SM-2S1Q3.1,HEART,44.5,8.3,123.0,0.09867024491669998,-0.13288192186780262,0.2315521667845026,-0.22819434699090918
GTEX-PWOO-0826-SM-48TCL.1,LIVER,44.5,7.8,178.0,0.16514820905423597,-0.8931402153970907,1.0582884244513266,0.055396510458348924
GTEX-PWOO-2326-SM-2S1PQ.1,MUSCLE,44.5,7.8,251.0,-0.9161543869087109,-0.41235884998037875,-0.5037955369283321,0.3271988404026754
GTEX-PX3G-0008-SM-48U2L.1,SKIN,24.5,10.0,246.0,1.2483792454989868,-1.376129311642863,2.6245085571418496,-0.3422331468350183
GTEX-PX3G-0126-SM-2I3EN.1,SKIN,24.5,7.5,247.0,-0.768458997045013,0.4637111332319174,-1.2321701302769303,-0.5367090902975172
GTEX-PX3G-0326-SM-2I3EO.1,HEART,24.5,8.7,119.0,0.22740744307835908,0.21991549372869335,0.0074919493496657386,-0.1991806045254115
GTEX-PX3G-0826-SM-48TZS.1,LIVER,24.5,7.5,222.0,0.22347351531757617,-0.5595404671032302,0.7830139824208064,-0.060955191665393024
GTEX-PX3G-1626-SM-2S1PT.1,MUSCLE,24.5,8.7,255.0,-0.10337989957256266,-0.6847824846347002,0.5814025850621375,0.23229101074808384
GTEX-Q2AG-0008-SM-48U2K.1,SKIN,44.5,9.8,696.0,0.8893045328294908,0.081543763461616,0.8077607693678749,-0.26700764852698383
GTEX-Q2AG-0011-R10A-SM-2HMLA.1,BRAIN,44.5,8.5,615.0,0.7298740994247479,-0.5507464181862034,1.2806205176109513,0.2358069549552114
GTEX-Q2AG-0011-R11A-SM-2HMKZ.1,BRAIN,44.5,9.5,615.0,1.0230629748437108,-1.963655244121512,2.9867182189652226,0.20846916770087312
GTEX-Q2AG-0011-R1A-SM-2HMJI.1,BRAIN,44.5,8.3,615.0,0.6517020100255861,-0.4699543117997165,1.1216563218253026,0.3219992466723549
GTEX-Q2AG-0011-R2A-SM-2HMIT.1,BRAIN,44.5,8.1,615.0,0.5630687493316925,-0.5825751618358755,1.145643911167568,0.43364233441172534
GTEX-Q2AG-0011-R3A-SM-2HMJ9.1,BRAIN,44.5,7.6,615.0,0.7271661400379766,-0.5084802351227549,1.2356463751607314,0.185104923664972
GTEX-Q2AG-0011-R4A-SM-2HMKA.1,BRAIN,44.5,7.7,615.0,0.5975919742990449,-0.36176624791176953,0.9593582222108143,0.2283085260617106
GTEX-Q2AG-0011-R5A-SM-2HMJH.1,BRAIN,44.5,8.5,615.0,0.49928737678474333,0.03670688679081065,0.4625804899939327,0.2537079116545
GTEX-Q2AG-0011-R6A-SM-2HML7.1,BRAIN,44.5,8.3,615.0,0.3939759069565858,0.11782167240269394,0.2761542345538919,0.1380672039697494
GTEX-Q2AG-0011-R7A-SM-2HMJP.1,BRAIN,44.5,8.8,615.0,-0.2635710059765468,0.731153009492963,-0.9947240154695098,-0.10964620414083057
GTEX-Q2AG-0011-R8A-SM-2HMK5.1,BRAIN,44.5,6.5,615.0,-0.15139981787339252,0.535099661442592,-0.6864994793159845,-0.002813258592025107
GTEX-Q2AG-0011-R9A-SM-2HMJ6.1,BRAIN,44.5,7.0,615.0,-1.2468462666835474,0.9230716804464402,-2.1699179471299876,-0.48042447648357506
GTEX-Q2AG-0126-SM-2HMLB.1,SKIN,44.5,7.4,696.0,-0.11401804763786087,-0.06308280745365259,-0.05093524018420828,0.4834383298940169
GTEX-Q2AG-0126-SM-33HBV.1,SKIN,44.5,7.4,696.0,-0.11706081019402775,0.2367521016068968,-0.35381291180092456,0.5003745788808345
GTEX-Q2AG-0426-SM-2S1PU.1,MUSCLE,44.5,8.1,718.0,0.024716348042260857,0.05715728943802823,-0.03244094139576738,0.07484715610394349
GTEX-Q2AG-1126-SM-48U1P.1,LIVER,44.5,6.2,807.0,-0.8109670555354673,0.9967453590124341,-1.8077124145479013,0.026960710865659612
GTEX-Q2AG-2826-SM-2HMJQ.1,BRAIN,44.5,6.3,854.0,0.6509773235909043,-0.9770346661779779,1.6280119897688823,-0.1332400161041391
GTEX-Q2AG-2926-SM-2HMJ3.1,BRAIN,44.5,6.0,851.0,0.13595663318075846,0.27513383456248125,-0.1391772013817228,0.09148017597021939
GTEX-Q2AH-0008-SM-48U2J.1,SKIN,44.5,10.0,180.0,0.7488933839401978,-0.6684099103261236,1.4173032942663215,-0.30837593215123554
GTEX-Q2AH-0526-SM-2I3ED.1,HEART,44.5,8.2,108.0,0.3406553276592131,0.1754812247077729,0.1651741029514402,-0.3847159542155065
GTEX-Q2AH-1626-SM-3GAF8.1,SKIN,44.5,6.9,186.0,-0.7454301736627783,1.1294554385683306,-1.8748856122311088,-0.03960726084086846
GTEX-Q2AH-1826-SM-2S1Q2.1,MUSCLE,44.5,8.2,190.0,-0.9193991849685097,-0.35479477039472285,-0.5646044145737869,0.43701254677651075
GTEX-Q2AI-0008-SM-48U2H.1,SKIN,44.5,9.1,186.0,0.6700015382465113,0.18041747011588624,0.48958406813062505,-0.30400814837011403
GTEX-Q2AI-1326-SM-2S1PL.1,SKIN,44.5,7.3,185.0,-0.8149045231614905,1.3699640318059325,-2.184868554967423,-0.015702746211767586
GTEX-Q2AI-1526-SM-3GIJ3.1,MUSCLE,44.5,8.4,186.0,-0.7505989570511263,0.21760773185940296,-0.9682066889105293,0.12692153684277435
GTEX-Q734-0008-SM-48U2I.1,SKIN,44.5,9.5,130.0,0.06194500823795716,-0.14051214061889167,0.20245714885684882,0.01830290957879873
GTEX-Q734-0326-SM-48U15.1,LIVER,44.5,8.7,45.0,0.4490582343684848,-0.5860567364219231,1.035114970790408,0.7348001240649689
GTEX-Q734-1926-SM-2I5EV.1,SKIN,44.5,5.4,130.0,-0.4262171256902868,1.4927129545988242,-1.918930080289111,0.31407564983582636
GTEX-Q734-2026-SM-3GADA.1,MUSCLE,44.5,8.5,135.0,-0.16519057728606537,-0.17497329348234264,0.009782716196277269,0.3770946922089969
GTEX-QCQG-0008-SM-48U2G.1,SKIN,54.5,9.8,301.0,0.6597915676424894,-0.5512588007921114,1.2110503684346008,-0.04570276782241852
GTEX-QCQG-1726-SM-3GIJ9.1,SKIN,54.5,6.7,298.0,-0.5849876012453692,0.6968183785618968,-1.2818059798072658,0.09521597466563503
GTEX-QCQG-2126-SM-2S1P8.1,MUSCLE,54.5,7.9,315.0,-0.5079686075886992,0.6131396207370644,-1.1211082283257636,-0.27690291202984146
GTEX-QCQG-2126-SM-DTXFV.1,MUSCLE,54.5,8.2,315.0,0.012728907079825403,0.4161118855985079,-0.40338297851868254,-0.436770169745418
GTEX-QDT8-0008-SM-48U2F.1,SKIN,34.5,9.8,448.0,0.22814410473377958,-1.2645165455380185,1.492660650271798,-0.10225368233370796
GTEX-QDT8-0011-R10A-SM-32PKG.1,BRAIN,34.5,9.0,370.0,0.7801400756898306,-1.4142786091962591,2.19441868488609,0.5708767504731579
GTEX-QDT8-0011-R11A-SM-32PKD.1,BRAIN,34.5,8.6,370.0,0.8161296964902217,-1.7913607249413555,2.607490421431577,0.32695992443450683
GTEX-QDT8-0011-R1A-SM-32PKS.1,BRAIN,34.5,6.2,370.0,0.0019791514232861606,0.18689872055653114,-0.18491956913324498,0.33904145861429613
GTEX-QDT8-0011-R2A-SM-32PKQ.1,BRAIN,34.5,7.1,370.0,0.3887466567199418,-0.0661844372447271,0.4549310939646689,0.5788091819551899
GTEX-QDT8-0011-R3A-SM-32PKR.1,BRAIN,34.5,6.6,370.0,-0.07857569417443845,0.00856563318526021,-0.08714132735969866,0.2605928210077565
GTEX-QDT8-0011-R4A-SM-32PKM.1,BRAIN,34.5,7.3,370.0,-0.06321494970547542,-0.11502449714290905,0.05180954743743363,0.30151863492810593
GTEX-QDT8-0011-R5A-SM-32PKN.1,BRAIN,34.5,7.0,370.0,-0.5995954491342954,0.6211037738278951,-1.2206992229621905,-0.0928842921808516
GTEX-QDT8-0011-R6A-SM-32PKI.1,BRAIN,34.5,7.0,370.0,-0.4529951910689398,0.47152758506184733,-0.9245227761307871,0.05137866128111637
GTEX-QDT8-0011-R7A-SM-32PKF.1,BRAIN,34.5,8.9,370.0,0.4393700152330619,-0.3638900107271295,0.8032600259601914,0.3179645030088328
GTEX-QDT8-0011-R8A-SM-32PKE.1,BRAIN,34.5,7.2,370.0,-0.4050214441277947,0.3463424340575382,-0.7513638781853329,0.3908862252619686
GTEX-QDT8-0011-R9A-SM-32PKH.1,BRAIN,34.5,7.4,370.0,0.26927811774184734,-0.5951305878954016,0.8644087056372489,1.125607907663066
GTEX-QDT8-0011-R9A-SM-5SI8J.1,BRAIN,34.5,7.4,370.0,0.3493194107791232,-0.7899160467549327,1.1392354575340558,1.0078304171324866
GTEX-QDT8-0011-R9A-SM-CYPRD.1,BRAIN,34.5,7.4,370.0,0.491971410015298,-1.0160939112268292,1.5080653212421273,1.0167133448479952
GTEX-QDT8-0126-SM-48TZ1.1,SKIN,34.5,5.9,446.0,-0.09831791839284038,0.699164246984929,-0.7974821653777693,0.4040861562771823
GTEX-QDT8-0526-SM-32PL5.1,MUSCLE,34.5,7.4,507.0,-0.33114095707011754,0.7618589318890608,-1.0929998889591783,0.35156679256948
GTEX-QDT8-0526-SM-3NMD8.1,MUSCLE,34.5,7.4,507.0,0.2820623462622223,0.3661107547820603,-0.08404840851983797,0.28889191266302644
GTEX-QDT8-0526-SM-4LMJR.1,MUSCLE,34.5,7.4,507.0,-0.047856982625179074,0.7188945841056942,-0.7667515667308733,0.07347028008168718
GTEX-QDT8-2926-SM-32PKC.1,BRAIN,34.5,6.5,694.0,0.15230788534086984,-0.04345764623163476,0.1957655315725046,0.05040993449811584
GTEX-QDT8-3026-SM-32PKB.1,BRAIN,34.5,7.3,696.0,0.7130064356687293,-1.4160294654001526,2.1290359010688817,0.030850825482430164
GTEX-QDVJ-0008-SM-48U2E.1,SKIN,54.5,8.8,536.0,0.4582453722144543,0.6099817457565402,-0.15173637354208586,-0.21747222843894629
GTEX-QDVJ-0426-SM-2I5FW.1,HEART,54.5,8.2,479.0,0.48532601825249344,0.11812425752386412,0.3672017607286293,-0.0813625405153675
GTEX-QDVJ-1726-SM-2I5FX.1,SKIN,54.5,6.5,535.0,-0.5420825734763053,1.2907478356191038,-1.832830409095409,-0.037288795212117296
GTEX-QDVJ-1926-SM-2S1PJ.1,MUSCLE,54.5,7.8,540.0,-0.6203406154387793,0.4937518787926709,-1.1140924942314503,0.13883727551288408
GTEX-QDVN-0008-SM-48U2D.1,SKIN,54.5,9.3,260.0,0.41838321827166897,0.42625752206441836,-0.007874303792749393,0.11023035616750528
GTEX-QDVN-0326-SM-2I3FS.1,HEART,54.5,8.7,125.0,0.3090272995090248,-0.07989507626900466,0.38892237577802946,-0.026407597463685508
GTEX-QDVN-0826-SM-48TZ2.1,LIVER,54.5,8.8,152.0,0.5172276448279276,-1.5072390430669058,2.0244666878948334,0.6046985685928291
GTEX-QDVN-2026-SM-3GAEP.1,SKIN,54.5,6.0,260.0,0.40146167851230224,-0.25881502285038593,0.6602767013626882,0.2960290795769965
GTEX-QDVN-2426-SM-2S1Q4.1,MUSCLE,54.5,7.7,281.0,-0.07487588470227771,-0.6748351466879075,0.5999592619856298,0.5834746674625391
GTEX-QEG4-0008-SM-48TYZ.1,SKIN,34.5,8.9,893.0,0.4645395654774814,0.48467943343589437,-0.020139867958412994,-0.25472579820374475
GTEX-QEG4-0226-SM-2S1PY.1,SKIN,34.5,7.3,893.0,-0.5149531831122397,1.174587440641202,-1.6895406237534418,-0.03873699045411923
GTEX-QEG4-0426-SM-2I5GK.1,HEART,34.5,7.2,899.0,0.3865713832959623,0.11499673920722148,0.2715746440887408,-0.275469524500414
GTEX-QEG4-0426-SM-33HC3.1,HEART,34.5,7.2,899.0,0.5248629882683048,-0.03006716802834771,0.5549301562966525,-0.08331668148327642
GTEX-QEG4-0426-SM-5S2VQ.1,HEART,34.5,7.2,899.0,0.6491728581133621,-0.08023763419201954,0.7294104923053817,-0.22242300467026768
GTEX-QEG4-0626-SM-2S1OY.1,MUSCLE,34.5,8.5,907.0,-0.17607331159503645,-0.5072963335222892,0.3312230219272527,-0.1599052179281127
GTEX-QEG4-1826-SM-447AK.1,LIVER,34.5,7.4,970.0,1.5893753239962134,-0.62886218084504,2.2182375048412535,3.358866919389069
GTEX-QEG4-1826-SM-4R1JN.1,LIVER,34.5,7.4,970.0,0.1463900976025171,0.2903684759161983,-0.1439783783136812,-0.3852216362123955
GTEX-QEG4-1826-SM-CKZN9.1,LIVER,34.5,7.4,970.0,0.22542781895783923,0.17170410608418235,0.053723712873656876,-0.41057136970463565
GTEX-QEG5-0008-SM-4R1KL.1,SKIN,24.5,9.6,591.0,0.0962366029264782,-1.0521561468270326,1.148392749753511,0.3907803910683364
GTEX-QEG5-0008-SM-CE6QS.1,SKIN,24.5,9.6,591.0,0.08522584873251536,-1.2382726642646231,1.3234985129971384,0.39632597484633014
GTEX-QEG5-0226-SM-2I5GI.1,SKIN,24.5,7.3,590.0,-0.04895274292119952,0.12357301891939597,-0.17252576184059548,0.06670946972831476
GTEX-QEG5-0426-SM-2I5GJ.1,MUSCLE,24.5,7.8,612.0,-0.5396988602671413,-0.19074659220422774,-0.3489522680629136,0.0091774534683367
GTEX-QEG5-0926-SM-2TC64.1,HEART,24.5,7.0,685.0,0.776108884973096,-1.3000240776094478,2.0761329625825438,0.11185641958195797
GTEX-QEL4-0008-SM-447AZ.1,SKIN,54.5,9.6,477.0,0.0025192713883382067,0.012438801938936305,-0.009919530550598098,0.08455339788717171
GTEX-QEL4-0626-SM-3GIJM.1,MUSCLE,54.5,7.7,504.0,-0.43989574421651906,0.6426959604152299,-1.082591704631749,-0.3710062044419463
GTEX-QEL4-0926-SM-3GAD1.1,HEART,54.5,6.7,523.0,0.4126284799815154,-0.029402169677965297,0.4420306496594807,-0.026148475261618828
GTEX-QEL4-1226-SM-447A4.1,LIVER,54.5,7.9,532.0,0.8078660237300354,-0.802529266001846,1.6103952897318814,0.47606838299812104
GTEX-QESD-0008-SM-447B2.1,SKIN,24.5,9.7,327.0,0.3523532294809023,0.19059593289582005,0.16175729658508226,0.12508188179802746
GTEX-QESD-0526-SM-2I5G5.1,HEART,24.5,8.0,242.0,0.2088410331238086,0.24926312027262976,-0.040422087148821145,-0.3176677663196326
GTEX-QESD-1426-SM-2S1R9.1,SKIN,24.5,6.8,326.0,-0.37942274947605126,0.46221090533208575,-0.841633654808137,-0.11604334145534677
GTEX-QESD-1626-SM-2S1RB.1,MUSCLE,24.5,7.8,338.0,0.0006539524337659086,-0.0988808890689731,0.09953484150273902,0.0008379327002219409
GTEX-QESD-2026-SM-447BI.1,LIVER,24.5,7.4,367.0,0.80217583760642,-0.30127274094643614,1.103448578552856,0.4118385250083024
GTEX-QLQ7-0008-SM-447AW.1,SKIN,64.5,10.0,173.0,0.377670905806009,-1.0986456664590902,1.4763165722650993,0.13026607833328888
GTEX-QLQ7-0526-SM-2I5G3.1,HEART,64.5,7.9,91.0,0.31192195506832265,0.20452167097508545,0.10740028409323721,-0.4042986604410548
GTEX-QLQ7-1626-SM-2S1R8.1,SKIN,64.5,6.6,178.0,-0.3040272050213284,0.9596299306491353,-1.2636571356704636,0.17469020526362644
GTEX-QLQ7-1726-SM-2S1QQ.1,MUSCLE,64.5,8.2,182.0,0.12252080661243211,-0.2013400701422693,0.32386087675470143,0.25786255581948925
GTEX-QLQW-1126-SM-2S1Q8.1,SKIN,34.5,7.3,159.0,-0.24739568228658243,0.7563660618094701,-1.0037617440960525,0.2909138621789056
GTEX-QLQW-1326-SM-2S1QS.1,MUSCLE,34.5,8.1,168.0,-0.3246489951214493,0.12609628104611373,-0.450745276167563,0.10037655664122777
GTEX-QMR6-0008-SM-447AV.1,SKIN,54.5,9.8,791.0,0.524560493007966,-0.6542977735158075,1.1788582665237737,0.006881534539869984
GTEX-QMR6-0011-R10A-SM-32PKO.1,BRAIN,54.5,7.8,783.0,0.5820345957540506,-0.35082671279193633,0.9328613085459869,0.32112474451008444
GTEX-QMR6-0011-R11A-SM-32PKK.1,BRAIN,54.5,8.1,783.0,0.620872714419696,-0.8159390678414042,1.4368117822611004,-0.03763434098684364
GTEX-QMR6-0011-R1A-SM-32PKW.1,BRAIN,54.5,6.1,783.0,0.3023481181275681,-0.4149817463429374,0.7173298644705055,0.30753486011684844
GTEX-QMR6-0011-R2A-SM-32PKV.1,BRAIN,54.5,7.3,783.0,0.24685546140708,0.014798796628371904,0.2320566647787081,0.45440862061564036
GTEX-QMR6-0011-R4A-SM-32PKU.1,BRAIN,54.5,6.6,783.0,-0.3249713886324488,0.28589212902037625,-0.610863517652825,0.06791453856593761
GTEX-QMR6-0011-R5A-SM-32PKT.1,BRAIN,54.5,6.8,783.0,-0.3462513315358245,0.5652998603301422,-0.9115511918659667,0.07871708605128586
GTEX-QMR6-0011-R6A-SM-32PKP.1,BRAIN,54.5,8.1,783.0,0.464596455780952,-0.12611997651555834,0.5907164322965104,0.24776223040043896
GTEX-QMR6-0011-R7A-SM-32PKL.1,BRAIN,54.5,6.4,783.0,-0.7572434992278333,0.6899530548214076,-1.4471965540492409,-0.1684018977983917
GTEX-QMR6-0011-R8A-SM-32PKJ.1,BRAIN,54.5,8.4,783.0,0.8136812591163541,-0.9523687085080466,1.7660499676244008,0.9329332948716385
GTEX-QMR6-1326-SM-32PLB.1,BRAIN,54.5,6.9,881.0,0.3575862046137075,-0.5021677904592796,0.8597539950729871,-0.017078318360948176
GTEX-QMR6-1426-SM-32PLA.1,BRAIN,54.5,6.9,883.0,0.3162088364080619,-0.1967203097553877,0.5129291461634496,0.3075053521194131
GTEX-QMRM-0008-SM-447B1.1,SKIN,54.5,10.0,206.0,0.5915015999241386,-0.8954502943102317,1.4869518942343705,0.20331097543948334
GTEX-QMRM-0526-SM-2I5GA.1,HEART,54.5,8.4,104.0,0.17732978566753732,0.4658570844305261,-0.28852729876298877,-0.2624980966589317
GTEX-QV31-0008-SM-447AT.1,SKIN,34.5,9.7,221.0,0.8931756336419322,-0.32480425284485015,1.2179798864867823,0.13274870550827111
GTEX-QV31-1426-SM-2S1QD.1,MUSCLE,34.5,8.0,226.0,-0.015334185209173018,0.39428477694400477,-0.4096189621531778,-0.21286882642483637
GTEX-QV44-0008-SM-447AX.1,SKIN,54.5,9.7,196.0,0.2553891726931391,-0.28344371278371383,0.5388328854768529,-0.046623672164788556
GTEX-QV44-0326-SM-4R1KD.1,LIVER,54.5,8.5,83.0,0.043987817278344214,-0.7453460661999701,0.7893338834783143,-0.01295748202083544
GTEX-QV44-0326-SM-C1YQX.1,LIVER,54.5,8.5,83.0,0.1884659741000096,-1.0385748483357329,1.2270408224357425,-0.01388096608285027
GTEX-QV44-0526-SM-2S1RE.1,HEART,54.5,8.1,104.0,0.6481621073733971,0.019649545683303023,0.6285125616900941,-0.30209189928069036
GTEX-QV44-1926-SM-2S1RF.1,SKIN,54.5,6.4,196.0,0.043652876904335114,0.47590659902068483,-0.4322537221163497,-0.11112837900727902
GTEX-QV44-2026-SM-2S1RD.1,MUSCLE,54.5,8.9,199.0,0.059484038490692344,0.16573481146429453,-0.10625077297360219,-0.07126831953627735
GTEX-QVJO-0008-SM-447AU.1,SKIN,64.5,9.6,1222.0,0.9047416485467881,-0.25505654788723775,1.1597981964340258,-0.19470800734011603
GTEX-QVJO-0011-R10A-SM-2S1QJ.1,BRAIN,64.5,7.9,1201.0,0.9204907364582183,-1.0773679359748558,1.997858672433074,0.6645151151163159
GTEX-QVJO-0011-R1A-SM-2S1QI.1,BRAIN,64.5,7.6,1201.0,0.3928987868863915,-0.18970107687657015,0.5825998637629617,0.7195260070539372
GTEX-QVJO-0011-R2A-SM-2S1QK.1,BRAIN,64.5,7.1,1201.0,0.5252489421249638,-0.07438897082552133,0.5996379129504851,0.35241697955638573
GTEX-QVJO-0011-R4A-SM-2S1QL.1,BRAIN,64.5,7.7,1201.0,0.7116950798938754,-0.48580346269698665,1.197498542590862,0.6381799277940374
GTEX-QVJO-0011-R5A-SM-2S1QM.1,BRAIN,64.5,7.4,1201.0,0.7313842733802792,-0.40555761946774876,1.136941892848028,0.561931962313369
GTEX-QVJO-0011-R6A-SM-2S1QN.1,BRAIN,64.5,7.3,1201.0,0.9359328920057589,-1.1229555512831229,2.0588884432888817,0.801562940436669
GTEX-QVJO-0011-R7A-SM-2S1QO.1,BRAIN,64.5,7.6,1201.0,0.8231038239148163,-0.5994248329658265,1.4225286568806428,0.6126878647436106
GTEX-QVJO-0011-R8A-SM-447C7.1,BRAIN,64.5,5.9,1201.0,0.6945612207464404,-0.16189382104003677,0.8564550417864772,0.6075517502221994
GTEX-QVJO-0011-R9A-SM-2S1QH.1,BRAIN,64.5,7.9,1201.0,0.6303736554607804,-0.5489416141867983,1.1793152696475788,0.8544704251246968
GTEX-QVJO-0126-SM-3GIK4.1,MUSCLE,64.5,8.7,1220.0,0.5119887438879633,0.1916363263470844,0.32035241754087895,0.522964899088423
GTEX-QVJO-1325-SM-2S1QX.1,BRAIN,64.5,7.3,1276.0,0.825371441800319,-1.0661372451432654,1.8915086869435842,0.0354928311483049
GTEX-QVJO-1426-SM-2S1QY.1,BRAIN,64.5,6.9,1279.0,0.504433634556195,-0.19018293918593476,0.6946165737421298,0.15340718214613494
GTEX-QVJO-1626-SM-2S1QW.1,SKIN,64.5,6.5,1222.0,-0.419864023756751,1.157769403249632,-1.577633427006383,-0.11284621705998713
GTEX-QVJO-1926-SM-2S1QZ.1,HEART,64.5,6.6,1249.0,-1.4633535416894596,0.9808240327348128,-2.4441775744242724,-0.6709677725047349
GTEX-QVUS-0008-SM-447AY.1,SKIN,64.5,9.6,924.0,0.7532898299179168,-0.4620509029128836,1.2153407328308004,0.09376434413012118
GTEX-QVUS-0011-R10A-SM-3GIK3.1,BRAIN,64.5,7.8,923.0,0.3619441690537371,-0.3011433652224157,0.6630875342761529,0.5831643436518251
GTEX-QVUS-0011-R1A-SM-3GAD2.1,BRAIN,64.5,7.6,923.0,0.5561065665576227,-0.9374557570840041,1.4935623236416267,1.294353692130272
GTEX-QVUS-0011-R3A-SM-3GAFD.1,BRAIN,64.5,7.9,923.0,0.8106181019899934,-0.9166175635210319,1.7272356655110253,0.43984922274353916
GTEX-QVUS-0011-R4A-SM-3GAE7.1,BRAIN,64.5,6.8,923.0,0.14767247761218297,-0.34271019018426785,0.4903826677964508,0.3350542604957379
GTEX-QVUS-0011-R6A-SM-3GACX.1,BRAIN,64.5,6.4,923.0,0.4073562074498426,-0.027061878216863774,0.43441808566670637,0.34436416216598775
GTEX-QVUS-0011-R8A-SM-3GAD7.1,BRAIN,64.5,7.6,923.0,0.9961287257271558,-1.2339057020607176,2.2300344277878734,0.8261076663743173
GTEX-QVUS-0011-R9A-SM-3GIJA.1,BRAIN,64.5,6.0,923.0,0.4728668169719461,-0.7085384626508611,1.1814052796228072,0.7354641601180548
GTEX-QVUS-0226-SM-3GIJY.1,MUSCLE,64.5,6.9,930.0,-0.8076973013205204,0.6045607001628945,-1.412258001483415,-0.17473283757985195
GTEX-QVUS-2826-SM-3GADB.1,BRAIN,64.5,6.1,997.0,0.4350913182841863,-0.18365147983747743,0.6187427981216638,0.35875526242605854
GTEX-QVUS-2926-SM-3GIJB.1,BRAIN,64.5,7.2,1002.0,0.6420189499028818,-1.0240752727618463,1.6660942226647282,-0.0013463678619313525
GTEX-QXCU-0008-SM-48FCH.1,SKIN,54.5,10.0,1104.0,0.8830131173097633,-1.1608534378579856,2.0438665551677486,-0.10283435625372113
GTEX-QXCU-0826-SM-2TC6F.1,HEART,54.5,7.8,1062.0,0.2357766800489629,0.23300242047869124,0.0027742595702716644,-0.374435069861672
GTEX-QXCU-1726-SM-2TC6L.1,MUSCLE,54.5,7.3,1086.0,-0.408172442360848,1.0017059266704569,-1.4098783690313048,-0.15939566641910846
GTEX-R3RS-0008-SM-48FF1.1,SKIN,44.5,10.0,1152.0,0.7212890833553541,-1.5576194036457003,2.2789084870010545,-0.05238275270043084
GTEX-R3RS-0126-SM-3GIJL.1,SKIN,44.5,6.6,1151.0,-0.25345569191775,0.703313463784486,-0.956769155702236,0.09596301812963451
GTEX-R3RS-0526-SM-3GADG.1,MUSCLE,44.5,7.6,1175.0,-0.10511211808935934,-0.8375065283722692,0.7323944102829099,0.48672154550793045
GTEX-R45C-0008-SM-48FF2.1,SKIN,64.5,10.0,1036.0,0.5151588004406327,-1.0989786181236707,1.6141374185643034,-0.014101170796122657
GTEX-R45C-0126-SM-EAZ2R.1,SKIN,64.5,5.5,1035.0,-0.8076906497883605,1.115392543668967,-1.9230831934573274,0.1209816952915255
GTEX-R45C-0926-SM-3GAD4.1,HEART,64.5,6.0,1113.0,-0.5799296496926868,0.7720002200345996,-1.3519298697272863,-0.6284932098278607
GTEX-R53T-0008-SM-48FEW.1,SKIN,54.5,10.0,185.0,0.11032429595321976,-1.4933509002130902,1.60367519616631,-0.07398354686505047
GTEX-R53T-0326-SM-48FEC.1,LIVER,54.5,9.4,69.0,1.449385717547807,-5.028421477124056,6.477807194671863,0.13884315042032605
GTEX-R53T-0926-SM-3GADH.1,HEART,54.5,7.4,100.0,0.591460540265939,-0.11237744046828668,0.7038379807342257,-0.034789564753266805
GTEX-R53T-1826-SM-3GIJX.1,MUSCLE,54.5,7.2,190.0,-0.5498188681561679,0.8184338903863974,-1.3682527585425652,-0.5318434027198132
GTEX-R55C-0008-SM-48FCF.1,SKIN,44.5,10.0,241.0,0.41568509571970047,-1.002609865833887,1.4182949615535874,-0.18587583745683156
GTEX-R55C-0326-SM-3GAF1.1,HEART,44.5,8.1,146.0,-0.1322376382460941,0.38197973859106593,-0.5142173768371601,-0.8222176170356821
GTEX-R55C-1726-SM-3GADJ.1,MUSCLE,44.5,7.0,250.0,-0.866805163725468,1.3438032285005783,-2.2106083922260464,-0.8928297139949944
GTEX-R55D-0008-SM-48FEV.1,SKIN,54.5,10.0,360.0,0.3117067118248853,-1.530421065489074,1.8421277773139593,-0.07633111694105796
GTEX-R55D-0626-SM-3GAD5.1,MUSCLE,54.5,8.1,380.0,0.6448647436213267,-0.7272995222959879,1.3721642659173146,0.11176592025574422
GTEX-R55E-0008-SM-48FCG.1,SKIN,24.5,10.0,925.0,0.5560934720972033,-1.6737806464878544,2.229874118585058,-0.3006917709437816
GTEX-R55E-0011-R11A-SM-2TC6I.1,BRAIN,24.5,8.1,720.0,0.933629872456977,-1.839729399541262,2.773359271998239,0.3809409960427035
GTEX-R55E-0011-R1A-SM-2TC6N.1,BRAIN,24.5,6.2,720.0,0.13906092155128327,0.15192610098149123,-0.012865179430207957,0.2274812875188127
GTEX-R55E-0011-R2A-SM-EYYV9.1,BRAIN,24.5,5.6,720.0,0.05426918336137246,0.0666019801149908,-0.012332796753618341,0.3675259031019618
GTEX-R55E-0011-R4A-SM-2TC5H.1,BRAIN,24.5,6.9,720.0,0.5763447344396492,-0.3202350625862707,0.89657979702592,0.3581228980255858
GTEX-R55E-0011-R5A-SM-2TC5N.1,BRAIN,24.5,7.6,720.0,0.3487643594553393,0.14534573347642007,0.20341862597891922,0.2671102591540101
GTEX-R55E-0011-R6A-SM-2TC5T.1,BRAIN,24.5,7.7,720.0,0.42125365898118394,0.011095795687184423,0.4101578632939995,0.3099999339359527
GTEX-R55E-0011-R7A-SM-2TC5Z.1,BRAIN,24.5,7.3,720.0,0.19036500085079983,0.26947714910990833,-0.0791121482591085,0.17001926259669004
GTEX-R55E-0011-R8A-SM-2TC66.1,BRAIN,24.5,6.6,720.0,0.20024038988072673,-0.0902760978057938,0.29051648768652055,0.5160970482996935
GTEX-R55E-0011-R9A-SM-2TC6C.1,BRAIN,24.5,7.4,720.0,0.531328314583769,-0.8316245505672849,1.3629528651510538,1.101897349377692
GTEX-R55E-0126-SM-2TC5Y.1,SKIN,24.5,7.6,924.0,0.19857142002254033,0.3353666395218137,-0.1367952194992734,0.7232658184006181
GTEX-R55E-0526-SM-2TC6B.1,MUSCLE,24.5,8.0,944.0,0.21637494330053372,0.3074028909448353,-0.09102794764430158,-0.3355812436339766
GTEX-R55E-1026-SM-2TC5S.1,HEART,24.5,7.2,967.0,0.7683524433935314,-0.2550676771579651,1.0234201205514966,-0.20188208442568042
GTEX-R55E-2526-SM-2TC6H.1,BRAIN,24.5,6.7,1002.0,0.6085621403675796,-0.6195206501105954,1.228082790478175,0.5890949049761663
GTEX-R55F-0008-SM-48FE6.1,SKIN,54.5,9.7,1284.0,0.5304419370987498,-1.1168595559942662,1.6473014930930159,-0.42411500339731545
GTEX-R55F-0011-R5A-SM-2TF5L.1,BRAIN,54.5,6.7,1275.0,-0.5691278438861241,0.6794991521657268,-1.248626996051851,-0.2520042608736807
GTEX-R55F-0011-R6A-SM-2TF4L.1,BRAIN,54.5,7.5,1275.0,0.15860074181801564,0.14731442764690605,0.01128631417110959,-0.07505347481274179
GTEX-R55F-0011-R8A-SM-2TF4F.1,BRAIN,54.5,7.5,1275.0,0.4283153838256272,-0.4972674930115746,0.9255828768372019,0.7045804255108492
GTEX-R55F-0126-SM-48FCK.1,SKIN,54.5,5.8,1287.0,0.615002275632154,-1.2025376257386453,1.8175399013707993,0.376965819629292
GTEX-R55F-1226-SM-2TF59.1,BRAIN,54.5,6.1,1363.0,-0.04495660821608064,-0.0720817757077279,0.027125167491647263,-0.4667055529613362
GTEX-R55F-1326-SM-2TF5F.1,BRAIN,54.5,6.2,1366.0,0.07207632359480821,0.03613463765909119,0.035941685935717026,0.34033208297441914
GTEX-R55F-1326-SM-5S2V4.1,BRAIN,54.5,6.2,1366.0,0.1196524881104299,0.12423736018367823,-0.004584872073248328,0.003101378980065796
GTEX-R55F-1526-SM-2TF4X.1,MUSCLE,54.5,6.5,1288.0,0.15868208783512777,-1.797699341433128,1.9563814292682558,0.3078761297420415
GTEX-R55G-0008-SM-48FEX.1,SKIN,44.5,10.0,189.0,0.2584206523095851,-1.463102290271435,1.7215229425810201,0.07959320451630841
GTEX-R55G-0526-SM-2TC5O.1,HEART,44.5,9.1,85.0,0.7173251659666192,-0.5877795493859416,1.3051047153525608,0.6921592771596
GTEX-R55G-2326-SM-2TC61.1,MUSCLE,44.5,8.4,187.0,0.6981304825393623,0.5284544244099609,0.16967605812940134,0.0007270085011346207
GTEX-R55G-2526-SM-2TC6D.1,SKIN,44.5,7.0,189.0,0.02409723604798157,0.5027049722996574,-0.4786077362516758,0.2663965295900145
GTEX-REY6-0826-SM-2TF4S.1,MUSCLE,64.5,8.0,293.0,-0.9025170444659902,0.07266795371075802,-0.9751849981767482,0.1329857559618026
GTEX-REY6-1026-SM-2TF4Y.1,HEART,64.5,6.3,298.0,-0.3156195587641174,0.32876352312169516,-0.6443830818858125,-0.2962951571597786
GTEX-REY6-1226-SM-48FDR.1,LIVER,64.5,6.2,304.0,0.6857796683634277,-0.3235694809904594,1.009349149353887,-0.04864727069687915
GTEX-RM2N-0008-SM-48FF3.1,SKIN,54.5,10.0,227.0,0.9743111481982627,-1.4956685410611787,2.4699796892594414,-0.12079220605022332
GTEX-RM2N-1426-SM-2TF4H.1,SKIN,54.5,6.5,227.0,-0.3654662189083586,0.5189581163820326,-0.8844243352903912,0.05708344032914208
GTEX-RM2N-1626-SM-2TF5N.1,MUSCLE,54.5,8.1,221.0,-0.31543400200807264,0.30142587327698334,-0.616859875285056,0.230380353930121
GTEX-RM2N-1926-SM-48FCU.1,LIVER,54.5,8.9,505.0,0.2684155775043032,-0.9056388701270747,1.174054447631378,0.14557696971643191
GTEX-RN64-0008-SM-48FEZ.1,SKIN,54.5,10.0,677.0,0.03228159422174906,-1.2815538018713966,1.3138353960931457,0.014331738175565828
GTEX-RN64-0126-SM-2TC68.1,SKIN,54.5,7.2,676.0,0.020080144136683263,0.4705017011993541,-0.45042155706267084,0.5486252306184932
GTEX-RN64-0326-SM-2TC5J.1,MUSCLE,54.5,8.2,695.0,0.039416106416508834,0.42334780323727045,-0.3839316968207616,-0.4362292069219512
GTEX-RN64-0826-SM-2TC62.1,HEART,54.5,6.5,764.0,-1.6771217394724731,1.0461539962018556,-2.7232757356743287,-0.7471484589592259
GTEX-RN64-1826-SM-48FDV.1,LIVER,54.5,6.4,784.0,-0.30331898610339936,0.6318590831366199,-0.9351780692400192,-0.285825940699586
GTEX-RNOR-0008-SM-48FEY.1,SKIN,54.5,10.0,825.0,0.06623815342736467,-1.1288268612689059,1.1950650146962705,-0.10025696782171961
GTEX-RNOR-0011-R1A-SM-2TF5D.1,BRAIN,54.5,6.3,680.0,0.28926408889234845,-0.095184347782786,0.38444843667513445,0.25497938333662834
GTEX-RNOR-0011-R1A-SM-5SI8F.1,BRAIN,54.5,6.3,680.0,0.29390490877533426,0.16276686563809747,0.1311380431372368,-0.008189377452695596
GTEX-RNOR-0011-R1A-SM-CNNP5.1,BRAIN,54.5,6.3,680.0,0.2868743205634899,0.25175584523674865,0.03511847532674123,-0.12001522261756063
GTEX-RNOR-0011-R3A-SM-2TF5J.1,BRAIN,54.5,7.0,680.0,0.849362430092426,-0.6352431268926997,1.4846055569851258,0.3148137742962404
GTEX-RNOR-0011-R3A-SM-5SI8E.1,BRAIN,54.5,7.0,680.0,0.6338950783863799,-0.08905091347867944,0.7229459918650594,-0.059443180121541095
GTEX-RNOR-0011-R4A-SM-3GAD3.1,BRAIN,54.5,6.2,680.0,0.5130720900259413,-0.3238550915620231,0.8369271815879644,0.33898340333823795
GTEX-RNOR-0011-R5A-SM-2TF4J.1,BRAIN,54.5,7.9,680.0,0.7944321363355624,-0.6810239942402307,1.4754561305757932,0.35868021767579683
GTEX-RNOR-0011-R7A-SM-2TF4V.1,BRAIN,54.5,7.7,680.0,0.26611198827239907,0.1496414695332575,0.11647051873914158,-0.14678295537809108
GTEX-RNOR-0011-R8A-SM-EZ6MN.1,BRAIN,54.5,5.7,680.0,0.4473633772892356,-0.28761174166974623,0.7349751189589818,0.23187305059839708
GTEX-RNOR-0011-R9A-SM-2TF52.1,BRAIN,54.5,7.1,680.0,0.3999023513643796,-1.570393031788708,1.9702953831530876,1.462341305105149
GTEX-RNOR-0126-SM-2TF57.1,SKIN,54.5,7.4,827.0,-0.6453385781749928,1.2334299006972655,-1.8787684788722583,0.09501546878773676
GTEX-RNOR-0126-SM-E9J4R.1,SKIN,54.5,6.8,827.0,-0.4866104574327894,0.7660712036819759,-1.2526816611147653,0.1492607204005889
GTEX-RNOR-0526-SM-2TF4O.1,MUSCLE,54.5,8.3,870.0,0.30061488978244494,-0.3165693675917311,0.617184257374176,-0.19826345351423988
GTEX-RNOR-0826-SM-2TF5C.1,HEART,54.5,6.6,925.0,0.4579957059454123,0.07355317019256005,0.38444253575285225,-0.32772644633472237
GTEX-RNOR-1426-SM-48FDJ.1,LIVER,54.5,6.2,940.0,-0.45259645165594686,0.825851896966622,-1.2784483486225688,-0.22042179097743198
GTEX-RNOR-2226-SM-2TF5O.1,BRAIN,54.5,6.7,964.0,0.8178701988176285,-1.0602957907089476,1.878165989526576,0.26086283285070416
GTEX-RNOR-2326-SM-2TF4I.1,BRAIN,54.5,6.2,966.0,0.3390943832952099,-0.06912852790512626,0.40822291120033616,-0.018599725807007826
GTEX-RTLS-0008-SM-48FET.1,SKIN,64.5,9.3,633.0,0.7052143851833321,0.08945257131209751,0.6157618138712346,-0.036964034974117495
GTEX-RTLS-0126-SM-447CA.1,SKIN,64.5,5.9,632.0,-0.23704070609961148,0.21359218630055093,-0.4506328924001624,0.02872215924804914
GTEX-RTLS-0526-SM-2TF64.1,MUSCLE,64.5,7.7,641.0,-0.26398807388436857,0.6626072569764536,-0.9265953308608221,-0.058241532416636994
GTEX-RTLS-0826-SM-2TF5Q.1,HEART,64.5,6.4,658.0,-0.5855149832138883,0.7284744100251722,-1.3139893932390605,-0.183104667310757
GTEX-RTLS-1326-SM-46MUN.1,LIVER,64.5,6.6,668.0,0.4345827252998506,-0.02642724842200387,0.4610099737218545,-0.30893554438445403
GTEX-RU1J-0008-SM-46MV9.1,SKIN,24.5,10.0,281.0,0.22412876941240734,-1.5217812454855444,1.7459100148979516,0.06152182351478566
GTEX-RU1J-1726-SM-2TF5S.1,MUSCLE,24.5,6.9,289.0,-0.3695967581673166,-0.4326941970566748,0.0630974388893582,-0.1991394510530322
GTEX-RU72-0008-SM-46MV8.1,SKIN,54.5,10.0,458.0,-0.026121636011995457,-1.596112440862433,1.5699908048504376,-0.260227598576495
GTEX-RU72-0011-R10A-SM-2TF6D.1,BRAIN,54.5,6.4,323.0,-1.3053032205707487,-0.3616894721426111,-0.9436137484281375,-0.44055482907082266
GTEX-RU72-0011-R11A-SM-2TF6J.1,BRAIN,54.5,7.8,323.0,0.5885857586450318,-0.8913405450488827,1.4799263036939145,0.082621931969979
GTEX-RU72-0011-R11A-SM-5SI8G.1,BRAIN,54.5,7.8,323.0,0.47733700401250767,-0.483118394270465,0.9604553982829727,-0.1862009233963867
GTEX-RU72-0011-R11A-SM-CM2U1.1,BRAIN,54.5,7.8,323.0,0.7244337743848296,-0.8942322797205174,1.618666054105347,-0.11888958537538565
GTEX-RU72-0011-R2A-SM-2TF6O.1,BRAIN,54.5,6.1,323.0,-0.5852270864156851,0.4694517319575842,-1.0546788183732694,-0.15536411015458426
GTEX-RU72-0011-R5A-SM-2TF6U.1,BRAIN,54.5,7.3,323.0,0.022850670991474347,0.324107812616897,-0.3012571416254226,-0.017280783848023326
GTEX-RU72-0011-R6A-SM-2TF71.1,BRAIN,54.5,7.4,323.0,-0.0879404510109518,0.38971382150500783,-0.4776542725159596,-0.02939512676959233
GTEX-RU72-0011-R7A-SM-2TF5U.1,BRAIN,54.5,6.4,323.0,-0.96869168471366,0.8410844761919266,-1.8097761609055865,-0.5972742765769525
GTEX-RU72-0011-R8A-SM-2TF61.1,BRAIN,54.5,7.4,323.0,0.4300091514480833,-0.39238850652375157,0.8223976579718348,0.5777477909016736
GTEX-RU72-0011-R9A-SM-2TF67.1,BRAIN,54.5,6.8,323.0,-1.2667749871386875,0.5978257321422252,-1.8646007192809129,-0.357255321817601
GTEX-RU72-0326-SM-2TF5T.1,HEART,54.5,7.8,439.0,0.7779017260908365,-0.3342561562999569,1.1121578823907934,0.20550721855669185
GTEX-RU72-0926-SM-2TF6B.1,SKIN,54.5,6.8,457.0,-0.1551862928269469,0.5784635046996248,-0.7336497975265717,0.2503563627397925
GTEX-RU72-1326-SM-2TF6T.1,MUSCLE,54.5,8.6,481.0,0.3517248296954186,-0.2552587425575434,0.606983572252962,0.13628511709198946
GTEX-RU72-1426-SM-46MUF.1,LIVER,54.5,6.2,502.0,0.17378796345990358,0.3939857068912104,-0.2201977434313068,-0.15767335317069683
GTEX-RU72-2926-SM-2TF66.1,BRAIN,54.5,7.4,542.0,0.7262935620200351,-0.8982698413746483,1.6245634033946834,0.5996586153382005
GTEX-RU72-3026-SM-2TF6C.1,BRAIN,54.5,6.7,544.0,0.1736264056106079,-0.046001273157235054,0.21962767876784295,0.4207907181282696
GTEX-RU72-3026-SM-5SI7Y.1,BRAIN,54.5,6.7,544.0,-0.02278460748676824,0.4070525182257424,-0.42983712571251065,-0.15862846800269398
GTEX-RU72-3026-SM-CYPRV.1,BRAIN,54.5,6.7,544.0,0.13394126974978832,0.2319413734544473,-0.09800010370465898,-0.10219505739907857
GTEX-RUSQ-0526-SM-2TF72.1,HEART,54.5,7.8,197.0,0.0026189865903354535,0.32206565984979496,-0.3194466732594595,-0.5212359981165655
GTEX-RUSQ-1526-SM-2TF62.1,SKIN,54.5,6.2,288.0,-0.5659632991676057,1.0317929918796205,-1.5977562910472263,0.3996943990465297
GTEX-RUSQ-1726-SM-2TF68.1,MUSCLE,54.5,8.1,297.0,-1.5547205539468623,0.3179090978606325,-1.8726296518074947,0.11482283249430196
GTEX-RVPU-0008-SM-3NM8B.1,SKIN,54.5,10.0,1431.0,0.5818452440293981,-1.3123346726320717,1.8941799166614697,0.01767203029757184
GTEX-RVPU-0011-R10A-SM-2XCAH.1,BRAIN,54.5,7.0,1254.0,-0.09595861166045581,0.23207843886596272,-0.3280370505264185,-0.2254151817827855
GTEX-RVPU-0011-R11A-SM-2XCAF.1,BRAIN,54.5,7.5,1254.0,-1.9296068923422247,1.2117182652841083,-3.141325157626333,-1.0389695326425095
GTEX-RVPU-0011-R1A-SM-2XCAI.1,BRAIN,54.5,6.5,1254.0,-1.868328318289293,1.0132231483336336,-2.8815514666229265,-0.8187291389374336
GTEX-RVPU-0011-R2A-SM-2XCAG.1,BRAIN,54.5,6.8,1254.0,-2.0086245178399897,1.1531736950486415,-3.1617982128886313,-0.8620349405824542
GTEX-RVPU-0011-R3A-SM-2XCAE.1,BRAIN,54.5,7.1,1254.0,-1.144235253148326,0.8268658103603624,-1.9711010635086885,-0.6897802925146107
GTEX-RVPU-0011-R4A-SM-2TF6X.1,BRAIN,54.5,6.2,1254.0,-2.720943453669141,1.1796683647053343,-3.9006118183744753,-1.2162890802567763
GTEX-RVPU-0011-R4A-SM-5SI8K.1,BRAIN,54.5,6.2,1254.0,-2.72948087883707,1.1576165332168686,-3.8870974120539383,-1.2382376147486862
GTEX-RVPU-0011-R5A-SM-2XCAD.1,BRAIN,54.5,7.4,1254.0,-0.5629065983662327,0.7881027353238583,-1.351009333690091,-0.01199975649070081
GTEX-RVPU-0011-R6A-SM-2XCAC.1,BRAIN,54.5,7.2,1254.0,-2.656903714804091,1.2387891967542854,-3.8956929115583763,-1.1994816601117972
GTEX-RVPU-0011-R7A-SM-2XCAB.1,BRAIN,54.5,7.3,1254.0,-1.2701356761750888,0.9081722990101266,-2.1783079751852155,-0.5129092781428947
GTEX-RVPU-0011-R8A-SM-2TF74.1,BRAIN,54.5,6.3,1254.0,-1.2084711575788267,0.9592492115719795,-2.167720369150806,-0.44609006743627333
GTEX-RVPU-0011-R8A-SM-5SI8I.1,BRAIN,54.5,6.3,1254.0,-1.1147743420408907,0.9336208451748781,-2.048395187215769,-0.5243559715137011
GTEX-RVPU-0011-R9A-SM-3NM8E.1,BRAIN,54.5,7.6,1254.0,-0.3524348340102784,-0.47023856747478726,0.11780373346450884,0.1778818406281545
GTEX-RVPU-2226-SM-2XCAQ.1,SKIN,54.5,7.2,1431.0,-0.16145761696344976,-0.032459930278691415,-0.12899768668475836,-0.029681636893124506
GTEX-RVPU-2426-SM-2XCAR.1,MUSCLE,54.5,8.1,1435.0,-0.41208579756331415,0.029865737899051167,-0.4419515354623653,-0.20031334721888475
GTEX-RVPV-0008-SM-47JYW.1,SKIN,64.5,10.0,1410.0,1.0420872786637323,-1.3854505105982116,2.427537789261944,-0.20129688260332063
GTEX-RVPV-0011-R11A-SM-2TF6F.1,BRAIN,64.5,6.0,1407.0,0.5417247253340058,-0.6965949562489274,1.2383196815829334,-0.3630739047581822
GTEX-RVPV-0011-R3A-SM-2TF63.1,BRAIN,64.5,6.3,1407.0,0.11129419229111974,0.19375893944337008,-0.08246474715225034,0.15271677125667102
GTEX-RVPV-0011-R5A-SM-2TF69.1,BRAIN,64.5,6.9,1407.0,-0.37121648079691105,0.6824723277574444,-1.0536888085543554,0.16418924066188417
GTEX-RVPV-0126-SM-EAZAW.1,SKIN,64.5,5.5,1410.0,0.45944360017320107,-0.0227836659471557,0.48222726612035677,-0.05666814895593826
GTEX-RVPV-0926-SM-47JXU.1,MUSCLE,64.5,5.9,1461.0,-2.2361819657845703,1.6578768029989872,-3.8940587687835575,-0.40243152660173254
GTEX-RWS6-0008-SM-47JYV.1,SKIN,64.5,10.0,234.0,0.017874710608975674,-1.3910216042552497,1.4088963148642253,0.026849945537781375
GTEX-RWS6-0326-SM-2XCAP.1,HEART,64.5,8.0,143.0,-0.05814242267910517,0.5648052869942523,-0.6229477096733574,-0.6615680769606906
GTEX-RWS6-2026-SM-2XCB5.1,SKIN,64.5,6.6,235.0,-0.4924043727433315,0.9082891618011947,-1.4006935345445262,0.09944361012597365
GTEX-RWS6-2126-SM-2XCAV.1,MUSCLE,64.5,8.0,239.0,-0.29418127541112493,0.37443151920087964,-0.6686127946120046,0.12179169450137124
GTEX-RWSA-0008-SM-47JYX.1,SKIN,44.5,10.0,1285.0,1.1788439880962829,-1.4471560766511173,2.6260000647474,-0.34876484130166685
GTEX-RWSA-0126-SM-2XCBB.1,SKIN,44.5,8.0,1284.0,-0.122132169883267,0.17676259201854364,-0.29889476190181063,0.20876179777337708
GTEX-RWSA-0626-SM-2XCBD.1,HEART,44.5,7.3,1335.0,0.15791610799898345,0.35193870868382465,-0.1940226006848412,-0.2202553615290007
GTEX-RWSA-0726-SM-2XCBE.1,MUSCLE,44.5,8.4,1349.0,0.3519452134120845,0.2647197335897607,0.08722547982232381,-0.05059637571399025
GTEX-RWSA-1426-SM-47JXA.1,LIVER,44.5,6.4,1361.0,-0.4860952142951067,0.5742223115957535,-1.0603175258908601,0.03476047520371701
GTEX-S32W-0626-SM-2XCBG.1,HEART,54.5,8.6,264.0,0.46523623399100295,0.05831425016289133,0.4069219838281116,-0.2766980817647914
GTEX-S32W-0626-SM-5S2TC.1,HEART,54.5,8.6,264.0,0.7594463797375897,-0.24881935878327235,1.008265738520862,-0.1226648882883124
GTEX-S32W-1926-SM-4AD63.1,LIVER,54.5,7.3,363.0,1.360149989298058,-1.3473999669864152,2.707549956284473,0.46016941320002364
GTEX-S32W-2126-SM-2XCB1.1,SKIN,54.5,7.9,393.0,0.20207134279659542,-0.7796564511663858,0.9817277939629813,-0.13012595481822414
GTEX-S32W-2326-SM-2XCAW.1,MUSCLE,54.5,8.1,399.0,-0.2738851652600279,0.05701901854096731,-0.3309041838009952,0.06225184740878699
GTEX-S32W-2326-SM-5S2S6.1,MUSCLE,54.5,8.1,399.0,0.11911169493337619,-0.4574825721202969,0.5765942670536731,0.1763861750195399
GTEX-S33H-0008-SM-4AD6C.1,SKIN,34.5,10.0,235.0,0.14100598177000978,-1.4408242683793135,1.5818302501493233,0.09945825199051037
GTEX-S33H-0526-SM-2XCBK.1,HEART,34.5,6.4,218.0,-1.064759023797739,0.764375439297853,-1.829134463095592,-0.5752999423028581
GTEX-S33H-0526-SM-5SI83.1,HEART,34.5,6.4,218.0,-1.1054031469014731,0.8156285417436273,-1.9210316886451004,-0.7719715262170511
GTEX-S33H-0526-SM-COH1W.1,HEART,34.5,6.4,218.0,-0.986618655587358,0.7402366118776562,-1.7268552674650142,-0.739834074330274
GTEX-S33H-1026-SM-EZ6L6.1,SKIN,34.5,5.7,234.0,0.032128770275559805,-0.2416237288653279,0.27375249914088773,-0.006241537226368643
GTEX-S33H-1626-SM-4AD68.1,LIVER,34.5,6.6,248.0,0.3466404886572684,0.14341072599327565,0.20322976266399273,0.1462464897537962
GTEX-S33H-2226-SM-2XCB7.1,MUSCLE,34.5,7.8,261.0,-1.0008535798416018,0.9221107302522183,-1.9229643100938203,0.23250631080942535
GTEX-S33H-2226-SM-5S2UF.1,MUSCLE,34.5,7.8,261.0,-1.1004233193711759,1.012829168675908,-2.1132524880470838,-0.10974082984251975
GTEX-S33H-2226-SM-DKPOP.1,MUSCLE,34.5,7.8,261.0,-0.5895984162546374,0.7725873731046826,-1.3621857893593199,-0.005500399429289396
GTEX-S341-0008-SM-4AD6D.1,SKIN,44.5,9.6,225.0,0.3873773737759863,-0.6343425435948065,1.0217199173707927,0.07532470051113611
GTEX-S341-1726-SM-3K2AK.1,SKIN,44.5,6.1,224.0,-0.6473691995497274,-0.204423978308584,-0.4429452212411434,-0.39073575919258613
GTEX-S341-1826-SM-3K2AB.1,MUSCLE,44.5,7.8,225.0,-0.06266318212023599,-0.3448069037553472,0.28214372163511126,-0.07324709032107372
GTEX-S3LF-0526-SM-EZ6LK.1,MUSCLE,74.5,5.7,688.0,-1.157671807388619,0.10422782136022235,-1.2618996287488413,0.017824214578206887
GTEX-S3XE-0008-SM-3NM8O.1,SKIN,54.5,9.1,207.0,0.657489140876108,-0.06287075420995628,0.7203598950860642,0.1464667133680129
GTEX-S3XE-0426-SM-3K2AC.1,HEART,54.5,8.8,90.0,-0.02169347492066694,0.33083317175162896,-0.3525266466722959,-0.5658524860772597
GTEX-S3XE-1726-SM-3K2AM.1,SKIN,54.5,7.8,207.0,-0.9203318727905786,1.1655532736784133,-2.085885146468992,-0.2595726807778189
GTEX-S3XE-2026-SM-3K2B5.1,MUSCLE,54.5,8.5,221.0,-0.6546474978211364,0.37121287800203195,-1.0258603758231684,-0.07828842470434012
GTEX-S4P3-0008-SM-3NM8R.1,SKIN,54.5,9.1,230.0,0.36133110730346163,0.7463795623197002,-0.3850484550162385,-0.09291575266160942
GTEX-S4P3-1626-SM-3K2AZ.1,MUSCLE,54.5,8.1,237.0,-0.3662542126104417,0.1978166838849675,-0.5640708964954092,-0.16960758186491082
GTEX-S4Q7-0008-SM-3NM8A.1,SKIN,24.5,9.4,212.0,0.4835968289345815,0.2785786776674012,0.20501815126718032,0.23620103584413185
GTEX-S4Q7-1526-SM-3K2AG.1,MUSCLE,24.5,8.4,206.0,-0.174958227894905,-0.4018751144131353,0.22691688651823028,0.4694321995999555
GTEX-S4UY-0008-SM-3NM8H.1,SKIN,44.5,8.5,324.0,0.8515656722613978,-0.05674902388937417,0.908314696150772,-0.4588745500192579
GTEX-S4UY-0126-SM-3K2BB.1,SKIN,44.5,7.4,323.0,-0.56047514450359,0.15525833247681073,-0.7157334769804008,-0.21890285404400886
GTEX-S4UY-0526-SM-3K2AN.1,MUSCLE,44.5,9.0,362.0,0.20640411816608104,0.3586489209014045,-0.15224480273532345,-0.08291815105220776
GTEX-S4Z8-0008-SM-33HAZ.1,SKIN,64.5,9.8,182.0,-0.22931638293126075,-0.9668143748207497,0.737497991889489,0.03596037037125901
GTEX-S4Z8-0526-SM-4AD4T.1,LIVER,64.5,8.7,127.0,0.4241710079174104,-0.7181482752979065,1.1423192832153168,0.12401188396093678
GTEX-S4Z8-1026-SM-3K2AI.1,HEART,64.5,7.4,151.0,-0.04326521263339176,-0.08103817493975063,0.03777296230635887,0.3173036725282269
GTEX-S4Z8-1026-SM-72D6N.1,HEART,64.5,6.4,151.0,0.44975440571211583,-0.6482408073799566,1.0979952130920725,0.5873486547363581
GTEX-S4Z8-1026-SM-CM2RE.1,HEART,64.5,6.4,151.0,0.5584468047557153,-0.7910516517323101,1.3494984564880252,0.5259149710031905
GTEX-S4Z8-1826-SM-3K2BH.1,MUSCLE,64.5,8.5,189.0,0.009344886221207573,-0.13960185929130026,0.14894674551250783,0.5042348301982446
GTEX-S7PM-0008-SM-3NM9Q.1,SKIN,64.5,8.9,1267.0,0.9599080701684054,-0.16124754885056303,1.1211556190189684,-0.029511024620993878
GTEX-S7PM-0011-R5A-SM-3NM8G.1,BRAIN,64.5,6.3,1167.0,-1.6698285764292702,1.2232164275299826,-2.893045003959253,-0.6185021536277432
GTEX-S7PM-0011-R6A-SM-3NM8F.1,BRAIN,64.5,6.0,1167.0,-1.7367121852399507,1.2277479473323107,-2.9644601325722615,-0.7087067363898987
GTEX-S7PM-0126-SM-4AD6S.1,SKIN,64.5,7.2,1266.0,0.18889620874665294,0.05045302163716954,0.1384431871094834,0.3329559818770905
GTEX-S7PM-0526-SM-3NM92.1,MUSCLE,64.5,7.1,1278.0,0.23051856292968562,-0.5398603775871114,0.770378940516797,0.24914691766861116
GTEX-S7SE-0008-SM-33HB1.1,SKIN,54.5,9.5,937.0,-0.028039967612453292,0.20321569911595222,-0.2312556667284055,-0.09382101227424344
GTEX-S7SE-0011-R10A-SM-2XCDF.1,BRAIN,54.5,7.5,822.0,0.8656870864713737,-0.8690869588959474,1.7347740453673213,0.32935357318174563
GTEX-S7SE-0011-R11A-SM-2XCDD.1,BRAIN,54.5,8.0,822.0,1.0955048274653512,-1.4866646901528107,2.582169517618162,0.17268679400530115
GTEX-S7SE-0011-R1A-SM-2XCDE.1,BRAIN,54.5,6.7,822.0,-0.6437895324424291,0.6414188586136353,-1.2852083910560643,-0.11144988676305849
GTEX-S7SE-0011-R2A-SM-2XCDC.1,BRAIN,54.5,6.2,822.0,0.39820649474137815,-0.24990850167758022,0.6481149964189583,0.5098068398982466
GTEX-S7SE-0011-R4A-SM-2XCDB.1,BRAIN,54.5,7.7,822.0,0.1344615434591801,0.07930323258011508,0.05515831087906502,0.24326774088651
GTEX-S7SE-0011-R5A-SM-2XCDA.1,BRAIN,54.5,8.2,822.0,0.2834389858605439,0.3423414744344123,-0.05890248857386843,0.34465389204872776
GTEX-S7SE-0011-R6A-SM-2XCD9.1,BRAIN,54.5,7.6,822.0,0.5271730716919959,-0.053480245724375416,0.5806533174163713,0.4076839189143733
GTEX-S7SE-0011-R7A-SM-2XCDI.1,BRAIN,54.5,6.1,822.0,0.6367835572884012,-0.06613979513231873,0.7029233524207199,-0.07858867714172063
GTEX-S7SE-0011-R8A-SM-2XCDG.1,BRAIN,54.5,7.5,822.0,0.17813712806071885,0.16772581966192457,0.010411308398794283,0.335592520521831
GTEX-S7SE-0126-SM-2XCD5.1,SKIN,54.5,6.8,936.0,0.3377965934388146,-0.5141254388565947,0.8519220322954093,-0.0959535557979497
GTEX-S7SE-2526-SM-2XCDL.1,BRAIN,54.5,6.9,1098.0,0.9507990175917359,-1.4716935488461795,2.4224925664379153,0.1332536439764704
GTEX-S7SF-0008-SM-3NM8T.1,SKIN,24.5,9.5,345.0,0.9198723023069281,-0.3346298930059346,1.2545021953128628,-0.27462895623518346
GTEX-S7SF-0526-SM-3K2BC.1,HEART,24.5,8.7,287.0,0.4571940970174943,-0.5746990653689916,1.031893162386486,0.24187717733650982
GTEX-S7SF-1626-SM-3K2AY.1,SKIN,24.5,6.8,339.0,-0.17167033230866405,0.08973046512424712,-0.26140079743291117,-0.3016548337915744
GTEX-S7SF-2026-SM-3K2AS.1,MUSCLE,24.5,8.2,355.0,-1.1063047589516233,-0.45785786772209885,-0.6484468912295245,-0.20308593380945084
GTEX-S95S-0008-SM-4AT5M.1,SKIN,64.5,9.2,277.0,0.7207527162105213,0.005339604640980352,0.7154131115695409,-0.001760776096580738
GTEX-S95S-1226-SM-4GICG.1,SKIN,64.5,5.8,275.0,-0.38851206407911976,1.041231651753407,-1.4297437158325268,-0.17823450351803055
GTEX-S95S-1426-SM-2XCDM.1,MUSCLE,64.5,7.0,279.0,-0.40278868590979416,1.2637358104049186,-1.6665244963147128,-0.39140478454778205
GTEX-SE5C-0008-SM-4B64J.1,SKIN,44.5,10.0,230.0,0.6592147278185341,-0.47621818300775254,1.1354329108262866,-0.10107532641751465
GTEX-SE5C-0626-SM-2XCDV.1,HEART,44.5,8.6,167.0,0.5463056940072093,0.0629552049298432,0.4833504890773661,-0.2370365943956492
GTEX-SE5C-0626-SM-3P5ZJ.1,HEART,44.5,8.6,167.0,0.5808100170455229,0.1286794384476776,0.45213057859784533,-0.34149759544994324
GTEX-SE5C-0626-SM-4IHLJ.1,HEART,44.5,8.6,167.0,0.5508260180396636,0.19509945918023244,0.35572655885943116,-0.3836593442924702
GTEX-SE5C-1626-SM-2XCE3.1,SKIN,44.5,7.5,215.0,1.1875554458848103,1.503644366313238,-0.3160889204284276,-0.8132888967857725
GTEX-SE5C-1826-SM-2XCE4.1,MUSCLE,44.5,7.7,223.0,0.36773726541270796,0.04531286846134222,0.3224243969513657,0.5397291070285383
GTEX-SIU7-0426-SM-2XCDX.1,HEART,54.5,7.3,83.0,0.01940794800379999,0.4131935402955389,-0.39378559229173893,-0.5633879089001694
GTEX-SIU7-1726-SM-2XCDZ.1,SKIN,54.5,7.1,168.0,-0.11585550728893299,0.40964599435489685,-0.5255015016438298,0.8838352465532944
GTEX-SIU7-1826-SM-2XCE2.1,MUSCLE,54.5,8.0,169.0,-0.0519717287588208,-0.47597958399711116,0.4240078552382904,1.1354194241274227
GTEX-SIU8-0008-SM-4BRUC.1,SKIN,54.5,9.7,1232.0,0.4100480684400628,0.14815232327250497,0.26189574516755787,-0.015599882456327612
GTEX-SIU8-0126-SM-2XCDT.1,SKIN,54.5,6.2,1231.0,-0.1716063236000299,0.7028139413612997,-0.8744202649613296,0.08303106581167184
GTEX-SIU8-0526-SM-2XCDP.1,MUSCLE,54.5,8.4,1263.0,0.02189182297541788,0.3593879181523203,-0.33749609517690243,0.11828071161507273
GTEX-SIU8-0826-SM-2XCDQ.1,HEART,54.5,6.6,1310.0,-0.23487571410244168,0.2821705430288772,-0.5170462571313188,0.3680788371160183
GTEX-SJXC-0008-SM-4DM7G.1,SKIN,64.5,10.0,974.0,0.4713947803163051,-1.3110801502636993,1.7824749305800043,-0.07911564348531971
GTEX-SJXC-0126-SM-2XCFF.1,SKIN,64.5,7.4,973.0,0.02182415581729608,0.19221037088607046,-0.17038621506877438,0.1873598652529038
GTEX-SJXC-0526-SM-2XCFG.1,MUSCLE,64.5,8.2,1023.0,0.03249326544907285,-0.24267712748200404,0.27517039293107687,0.5172824897120951
GTEX-SJXC-1226-SM-4DM78.1,LIVER,64.5,6.0,1060.0,-0.48605583980410233,0.8353645900439101,-1.3214204298480123,-0.37391132375835434
GTEX-SN8G-0008-SM-4DM4X.1,SKIN,54.5,9.5,1035.0,0.7695586801622261,0.07107957559944655,0.6984791045627795,-0.24403136655777005
GTEX-SN8G-0126-SM-32PLI.1,SKIN,54.5,7.2,1034.0,0.3266156384490986,-2.2390675119600276,2.565683150409126,0.12940289882278716
GTEX-SN8G-0326-SM-32PLG.1,MUSCLE,54.5,8.0,1040.0,-0.1517480861848278,-0.31867893240936035,0.16693084622453255,0.5000719083374704
GTEX-SNMC-0008-SM-4DM5A.1,SKIN,24.5,9.3,277.0,0.9185923961655994,0.08365285449238141,0.8349395416732179,-0.23005795386482533
GTEX-SNMC-0126-SM-2XCFO.1,HEART,24.5,8.9,185.0,0.4339651062402803,0.2422974139500263,0.191667692290254,-0.09705560881825728
GTEX-SNMC-1226-SM-2XCFP.1,SKIN,24.5,7.7,269.0,-0.9086560159604938,0.9605060379633682,-1.869162053923862,-0.19587898450630004
GTEX-SNMC-1426-SM-2XCFM.1,MUSCLE,24.5,7.9,274.0,0.616023326297021,0.033631049306848765,0.5823922769901722,-0.1287035564488631
GTEX-SNOS-0008-SM-4DM6I.1,SKIN,44.5,9.1,191.0,0.8583327577193598,-0.2638427231270704,1.1221754808464302,0.016088938366202368
GTEX-SNOS-1526-SM-32PLW.1,MUSCLE,44.5,8.4,201.0,0.015079302333596662,0.12609707040344428,-0.11101776806984762,-0.2624769080279488
GTEX-SSA3-0008-SM-47JWJ.1,SKIN,64.5,9.5,35.0,0.6578287697573979,-0.37803860945561346,1.0358673792130113,0.0220391851088449
GTEX-SSA3-0126-SM-32QPU.1,SKIN,64.5,7.1,40.0,-0.38989777589411934,0.6333871559413755,-1.0232849318354948,0.3788417580140704
GTEX-SSA3-0326-SM-32QPS.1,MUSCLE,64.5,8.2,55.0,0.09699830562446467,-1.1692374973954704,1.2662358030199352,1.177372464370187
GTEX-SSA3-0326-SM-47JWY.1,MUSCLE,64.5,8.2,55.0,0.013887098896635081,-1.225275374207345,1.23916247310398,1.0244933838668555
GTEX-SUCS-0008-SM-4DM53.1,SKIN,74.5,10.0,208.0,0.9830110793063308,-1.2811905495180747,2.2642016288244053,-0.07683184262489241
GTEX-SUCS-0326-SM-32PLL.1,HEART,74.5,8.9,146.0,0.7438851475285088,-0.848483806704893,1.5923689542334016,0.08382053729059895
GTEX-SUCS-1626-SM-32PLS.1,MUSCLE,74.5,7.8,200.0,-0.1903120950133169,0.10359417994076475,-0.2939062749540816,0.19081898222489205
GTEX-SUCS-1926-SM-32PM3.1,SKIN,74.5,6.9,209.0,-0.2570298598758761,0.24160451719453657,-0.4986343770704127,-0.1383279394352162
GTEX-T2IS-0008-SM-4DM75.1,SKIN,24.5,10.0,1077.0,0.48836982011399266,-1.000536283666709,1.4889061037807019,-0.23131068438114757
GTEX-T2IS-0011-R11A-SM-32QPC.1,BRAIN,24.5,8.5,1099.0,1.2194732444034675,-1.6150454749644252,2.8345187193678925,-0.1882525139825219
GTEX-T2IS-0011-R2A-SM-32QPF.1,BRAIN,24.5,6.0,1099.0,0.3747893039157035,-0.1061523687284706,0.4809416726441741,0.6059622989314364
GTEX-T2IS-0011-R3A-SM-32QPB.1,BRAIN,24.5,6.7,1099.0,0.8600987101375972,-0.37060837249449985,1.230707082632097,0.08239599496761096
GTEX-T2IS-0011-R5A-SM-32QP4.1,BRAIN,24.5,7.0,1099.0,0.6292027269702901,0.06560248410699712,0.563600242863293,0.04508323793413046
GTEX-T2IS-0011-R6A-SM-32QP2.1,BRAIN,24.5,7.4,1099.0,0.5479026162542443,0.12396961151785134,0.42393300473639295,0.17939724066214394
GTEX-T2IS-0126-SM-4DM6O.1,SKIN,24.5,7.8,1076.0,0.1143078052555607,0.2582680349720915,-0.1439602297165308,0.06606701486892998
GTEX-T2IS-0426-SM-32QPE.1,HEART,24.5,6.2,1119.0,-1.6242946535959966,1.023826694558403,-2.6481213481543993,-0.8908233813842581
GTEX-T2IS-2626-SM-32QPP.1,MUSCLE,24.5,7.8,1224.0,0.27436502927128253,0.29939262701664693,-0.025027597745364394,-0.07405770967381008
GTEX-T2IS-2926-SM-32QPO.1,BRAIN,24.5,7.2,1232.0,0.8580622933173598,-0.9212305443996603,1.77929283771702,-0.04587058405707322
GTEX-T2IS-3026-SM-32QPM.1,BRAIN,24.5,7.2,1235.0,0.232735098174951,0.27468808212814144,-0.04195298395319044,-0.13321165033747395
GTEX-T2YK-0008-SM-4DM6M.1,SKIN,54.5,10.0,860.0,0.8474211566208009,-1.7248196659167563,2.572240822537557,-0.14269890231968646
GTEX-T2YK-0226-SM-4DM5O.1,MUSCLE,54.5,5.7,844.0,-2.7035498778574985,1.6490288236104447,-4.352578701467943,0.1516747913155886
GTEX-T2YK-0526-SM-32QPJ.1,SKIN,54.5,7.0,859.0,-0.6845420617136007,-0.3166153483090977,-0.36792671340450295,-0.1232952416342883
GTEX-T5JC-0008-SM-4DM6A.1,SKIN,24.5,9.8,664.0,1.005919231265424,-0.9126180020358016,1.9185372333012256,0.17550321131574062
GTEX-T5JC-0011-R10A-SM-32PM2.1,BRAIN,24.5,9.4,483.0,0.9166854997424174,-0.7884175416165768,1.7051030413589943,0.5989060432390583
GTEX-T5JC-0011-R10A-SM-5S2TK.1,BRAIN,24.5,9.4,483.0,0.8339872789797721,-0.9789923785404449,1.8129796575202168,0.7161643306674293
GTEX-T5JC-0011-R11A-SM-32PMB.1,BRAIN,24.5,9.8,483.0,1.0182545940461245,-2.173467408740093,3.1917220027862174,0.06442655459053831
GTEX-T5JC-0011-R11A-SM-5S2RX.1,BRAIN,24.5,9.8,483.0,0.9699643919342492,-2.4441611741534297,3.414125566087679,0.0928484634574047
GTEX-T5JC-0011-R1A-SM-32PM6.1,BRAIN,24.5,8.3,483.0,0.14611326895729282,0.24665777154082924,-0.10054450258353642,0.33534827538976814
GTEX-T5JC-0011-R2A-SM-32PLZ.1,BRAIN,24.5,8.0,483.0,0.31592626446929784,-0.20772863833664076,0.5236549028059386,0.6779018676357116
GTEX-T5JC-0011-R4A-SM-32PLT.1,BRAIN,24.5,8.6,483.0,0.7096821026487691,-0.3734442180077317,1.0831263206565007,0.7222571822334987
GTEX-T5JC-0011-R5A-SM-32PLK.1,BRAIN,24.5,8.9,483.0,0.21262900108115299,0.5065955149454053,-0.2939665138642523,0.16821704880755697
GTEX-T5JC-0011-R6A-SM-32PMI.1,BRAIN,24.5,9.0,483.0,0.337403242032104,0.1994346605601123,0.13796858147199167,0.684565640952137
GTEX-T5JC-0011-R6A-SM-5SI89.1,BRAIN,24.5,9.0,483.0,0.31846739253601275,0.369359142482442,-0.050891749946429254,0.552447970163566
GTEX-T5JC-0011-R6A-SM-D3L87.1,BRAIN,24.5,9.0,483.0,0.574638545826409,0.07153072732448304,0.503107818501926,0.6738692382798849
GTEX-T5JC-0011-R7A-SM-32PME.1,BRAIN,24.5,9.1,483.0,0.4483455340848357,0.1993144098261769,0.24903112425865878,0.21801396496286402
GTEX-T5JC-0011-R8A-SM-32PLM.1,BRAIN,24.5,9.3,483.0,1.0042459135460442,-0.8797355782614067,1.883981491807451,0.6369698888653595
GTEX-T5JC-0011-R9A-SM-32PLV.1,BRAIN,24.5,8.9,483.0,0.5489440144405726,-2.0329553230439443,2.5818993374845167,1.7214679820644598
GTEX-T5JC-0426-SM-32PLO.1,SKIN,24.5,8.2,663.0,-0.05556502238021825,0.5216228992416191,-0.5771879216218373,0.04158933239145019
GTEX-T5JC-0426-SM-5S2SL.1,SKIN,24.5,8.2,663.0,-0.0062611021504174955,0.3390442589545862,-0.34530536110500365,0.06534671040447818
GTEX-T5JC-0626-SM-3NMA6.1,MUSCLE,24.5,8.0,669.0,1.2492537105727204,-0.19891117082126827,1.4481648813939887,-0.1104230476627692
GTEX-T5JC-0626-SM-5S2RW.1,MUSCLE,24.5,8.0,669.0,0.9625871218999369,-0.04625177591900748,1.0088388978189444,-0.06413514155537019
GTEX-T5JC-2326-SM-32PMR.1,BRAIN,24.5,7.8,740.0,0.7876393901354992,-1.7748718420730651,2.562511232208564,-0.14360490610199708
GTEX-T5JC-2426-SM-3NMDB.1,BRAIN,24.5,7.0,743.0,0.6818944623470464,-0.5150896815775092,1.1969841439245557,0.13438145737196724
GTEX-T5JW-0008-SM-4DM5X.1,SKIN,24.5,9.6,235.0,0.9474828576284593,-0.3834214473349574,1.3309043049634166,-0.038560185659362624
GTEX-T5JW-1626-SM-3GADZ.1,SKIN,24.5,6.8,235.0,-0.1853220216520057,0.12013232119406486,-0.30545434284607054,-0.3013892307864168
GTEX-T5JW-1826-SM-3GAE1.1,MUSCLE,24.5,7.2,243.0,0.3208110721295239,-0.0559056064429949,0.37671667857251884,-0.12304334637477672
GTEX-T6MN-0008-SM-4DM7H.1,SKIN,54.5,9.7,690.0,0.6914256248304693,-0.2519131140797795,0.9433387389102488,0.06075263440651639
GTEX-T6MN-0011-R10A-SM-32QP7.1,BRAIN,54.5,8.0,570.0,1.1840726004226303,-1.22757230463747,2.4116449050601005,0.22576040514152387
GTEX-T6MN-0011-R10A-SM-5S2SB.1,BRAIN,54.5,8.0,570.0,1.1533819455520844,-1.4637996609169548,2.617181606469039,0.27973623648926066
GTEX-T6MN-0011-R11A-SM-32QOX.1,BRAIN,54.5,8.9,570.0,1.278324614077854,-2.862800215968551,4.1411248300464045,0.19737871300019727
GTEX-T6MN-0011-R11A-SM-5S2TH.1,BRAIN,54.5,8.9,570.0,1.1923665039984288,-2.644010069045952,3.8363765730443804,0.17984685614636287
GTEX-T6MN-0011-R1A-SM-32QOY.1,BRAIN,54.5,6.4,570.0,0.9024745305737202,-0.8460493560016699,1.74852388657539,0.4743054117232598
GTEX-T6MN-0011-R2A-SM-32QOW.1,BRAIN,54.5,6.1,570.0,0.41340881425403503,-0.4592463006604186,0.8726551149144537,0.6168928543287765
GTEX-T6MN-0011-R4A-SM-32QPG.1,BRAIN,54.5,7.4,570.0,-0.02925628843218555,0.10594558757082338,-0.13520187600300893,0.3034352447636931
GTEX-T6MN-0011-R5A-SM-32QPD.1,BRAIN,54.5,7.7,570.0,0.8944680916387857,-0.5326841181288269,1.4271522097676126,0.1517746148394169
GTEX-T6MN-0011-R6A-SM-32QP8.1,BRAIN,54.5,8.0,570.0,0.8948325127448826,-0.6851657732923193,1.579998286037202,0.4358488187356415
GTEX-T6MN-0011-R7A-SM-32QP5.1,BRAIN,54.5,8.0,570.0,0.8542851774567753,-0.670252575910056,1.5245377533668314,0.327257425688703
GTEX-T6MN-0011-R8A-SM-32QP3.1,BRAIN,54.5,6.7,570.0,0.6338320846603399,-0.7566644458264377,1.3904965304867776,0.4535676274475006
GTEX-T6MN-0011-R9A-SM-32QOZ.1,BRAIN,54.5,7.1,570.0,-0.38816242342792784,-0.056424373474514275,-0.33173804995341355,0.2577441547017373
GTEX-T6MN-0126-SM-32PLP.1,SKIN,54.5,7.8,689.0,-0.4795513845710453,-0.2775720392466916,-0.2019793453243537,-0.331292917028101
GTEX-T6MN-0126-SM-5S2TD.1,SKIN,54.5,7.8,689.0,-0.3433647637645581,-0.27479087346976916,-0.06857389029478894,-0.31367901858665587
GTEX-T6MN-0526-SM-32PMS.1,MUSCLE,54.5,8.5,743.0,0.38134063994961287,0.005907970763614099,0.37543266918599877,0.12300087780578582
GTEX-T6MN-0926-SM-32PLX.1,HEART,54.5,7.6,820.0,0.8641969932674818,-0.554736609146814,1.4189336024142958,0.35721027476014605
GTEX-T6MN-0926-SM-5S2S3.1,HEART,54.5,7.6,820.0,0.8498758755267992,-0.7035650674252764,1.5534409429520757,0.45045437068978816
GTEX-T6MN-1226-SM-3NMA5.1,LIVER,54.5,6.7,832.0,-0.011347086165371435,0.5884143629845869,-0.5997614491499583,0.05700378752280117
GTEX-T6MN-2526-SM-32PMN.1,BRAIN,54.5,7.3,880.0,1.0232780347593076,-1.6672730678468837,2.6905511026061912,0.20430944334475193
GTEX-T6MN-2626-SM-32PMQ.1,BRAIN,54.5,7.0,882.0,0.44009162223009607,-0.1468599067257731,0.5869515289558691,0.02855456970464707
GTEX-T6MO-0008-SM-4DM6T.1,SKIN,44.5,9.8,181.0,0.7546315760160738,-0.2363526364606035,0.9909842124766772,-0.0645910399802942
GTEX-T6MO-1626-SM-32QOM.1,SKIN,44.5,7.0,182.0,-0.42914215505778947,0.47366920460978174,-0.9028113596675712,0.09077008731853914
GTEX-T8EM-1026-SM-3DB7M.1,SKIN,44.5,7.3,378.0,-0.5552659120787711,0.6507840240412833,-1.2060499361200545,-0.11795915094763716
GTEX-T8EM-1326-SM-3DB7G.1,MUSCLE,44.5,6.3,389.0,-0.35622409644954467,0.562204288778963,-0.9184283852285077,-0.2074121402983568
GTEX-TKQ1-0008-SM-4DXSO.1,SKIN,34.5,9.5,185.0,0.6947621821838903,-0.09187535728616855,0.7866375394700589,-0.1058236324622697
GTEX-TKQ1-1026-SM-4GICL.1,SKIN,34.5,7.8,186.0,-0.48746423803797534,0.0704694069459684,-0.5579336449839437,-0.07326542409727022
GTEX-TKQ1-1426-SM-4GICK.1,MUSCLE,34.5,8.5,200.0,0.039679666079597324,0.18616515753876023,-0.1464854914591629,-0.4974843243264552
GTEX-TKQ2-0008-SM-4DM5L.1,SKIN,54.5,9.6,197.0,0.6559939198875223,-0.07852935729487603,0.7345232771823984,0.04819639071970182
GTEX-TKQ2-0826-SM-33HB6.1,MUSCLE,54.5,8.1,213.0,-1.5983279925597156,1.5635833082452733,-3.161911300804989,-0.388189848559591
GTEX-TKQ2-1726-SM-4DXUP.1,LIVER,54.5,8.4,235.0,0.10118566513114476,-0.7029126893743475,0.8040983545054923,0.20173833269828914
GTEX-TMKS-0126-SM-3DB7S.1,SKIN,54.5,7.2,37.0,-0.5745804167681265,0.5398700141253676,-1.1144504308934942,0.5513468966644853
GTEX-TMKS-0326-SM-3DB8A.1,MUSCLE,54.5,7.6,47.0,-1.0629313305021744,0.7054854797918877,-1.768416810294062,1.361854259462128
GTEX-TML8-0008-SM-4DXUI.1,SKIN,44.5,9.6,254.0,0.575021664828215,0.06386534629046853,0.5111563185377466,-0.010797433740430067
GTEX-TML8-1826-SM-32QOR.1,MUSCLE,44.5,8.6,254.0,0.624829140870089,-0.6051692354929867,1.2299983763630757,-0.01622933690127633
GTEX-TML8-1926-SM-32QOS.1,SKIN,44.5,7.2,256.0,-0.38549422327666405,-0.18536629225760068,-0.20012793101906337,-0.06977863246815728
GTEX-TMMY-0008-SM-4DXU3.1,SKIN,44.5,9.5,360.0,0.3618590379118448,-0.5642089782945917,0.9260680162064365,0.2004566725228342
GTEX-TMMY-0226-SM-33HBA.1,SKIN,44.5,6.8,359.0,-0.22022058288822674,0.4513486794310543,-0.671569262319281,0.10036401498811201
GTEX-TMMY-0426-SM-33HBB.1,MUSCLE,44.5,6.9,368.0,-1.230811788712429,0.10357937377395016,-1.3343911624863791,0.0706247382516721
GTEX-TMZS-0008-SM-47JWM.1,SKIN,64.5,9.8,46.0,0.300039441732099,-0.22392724753168228,0.5239666892637813,0.03308848855290058
GTEX-TMZS-0126-SM-3DB9Q.1,SKIN,64.5,6.4,49.0,-0.7539440979285981,1.6243501369703677,-2.3782942348989655,-0.2817901197353344
GTEX-TMZS-0326-SM-3DB9P.1,MUSCLE,64.5,8.1,56.0,-0.26022197313871553,0.20329510906355164,-0.46351708220226717,-0.11186774947139676
GTEX-TSE9-0008-SM-4DXT8.1,SKIN,64.5,9.6,1024.0,0.27252685359963746,-1.008114320521991,1.2806411741216284,0.03316512315882544
GTEX-TSE9-0011-R10A-SM-3DB7O.1,BRAIN,64.5,7.0,900.0,0.04850180477743864,-0.14997419750566218,0.1984760022831008,0.0009049799691445593
GTEX-TSE9-0011-R11A-SM-3DB7N.1,BRAIN,64.5,8.1,900.0,0.39838026947688476,-1.1252082369090566,1.5235885063859413,-0.048932183494598686
GTEX-TSE9-0011-R1A-SM-3DB7E.1,BRAIN,64.5,6.4,900.0,-0.25506898639496345,0.3006517996803276,-0.5557207860752911,-0.08446184872823517
GTEX-TSE9-0011-R4A-SM-3DB7H.1,BRAIN,64.5,6.9,900.0,0.001638451158104299,0.08452044346080842,-0.08288199230270413,0.11992137856288104
GTEX-TSE9-0011-R5A-SM-3DB7J.1,BRAIN,64.5,7.6,900.0,-0.08127530484146914,0.3920941256875779,-0.473369430529047,-0.04070004876127513
GTEX-TSE9-0011-R6A-SM-3DB7L.1,BRAIN,64.5,7.5,900.0,0.07104250116000548,0.1655534783533044,-0.09451097719329891,-0.10131212009776186
GTEX-TSE9-0011-R7A-SM-3DB7P.1,BRAIN,64.5,7.3,900.0,-0.5287337584576519,0.6963658936813897,-1.2250996521390416,-0.3126440206465809
GTEX-TSE9-0011-R8A-SM-3DB7R.1,BRAIN,64.5,6.8,900.0,0.2710781528270695,-0.24574908516950023,0.5168272379965697,0.22241978808881394
GTEX-TSE9-0011-R9A-SM-3DB7Q.1,BRAIN,64.5,7.0,900.0,-0.6277087455857093,0.15415897600263115,-0.7818677215883405,-0.0033395053370432375
GTEX-TSE9-0126-SM-3DB83.1,SKIN,64.5,8.0,1023.0,-0.3660436208514101,0.33841147569387814,-0.7044550965452883,0.06069720478801119
GTEX-TSE9-0526-SM-3DB7Z.1,MUSCLE,64.5,8.1,1071.0,-0.6212536002880622,-0.21612615356802237,-0.40512744672003986,0.4065646535512656
GTEX-TSE9-2926-SM-3DB77.1,BRAIN,64.5,7.6,1218.0,0.40155589325563484,-1.2998019360790911,1.701357829334726,0.13279389489428814
GTEX-TSE9-3026-SM-3DB76.1,BRAIN,64.5,7.2,1220.0,0.10282604731828134,0.004763044983143612,0.09806300233513772,0.03657272772644332
GTEX-U3ZG-0008-SM-47JWL.1,SKIN,54.5,10.0,37.0,0.17030477124247284,-1.0082475060562557,1.1785522772987285,0.08343660097948327
GTEX-U3ZG-0326-SM-47JXN.1,MUSCLE,54.5,6.8,46.0,-0.7508609797004524,0.8298256746109749,-1.5806866543114273,-0.05651854835404432
GTEX-U3ZH-0008-SM-4DXT2.1,SKIN,34.5,9.1,249.0,0.5265376273577288,-0.3386496357444687,0.8651872631021975,0.1792736458363116
GTEX-U3ZH-0326-SM-3DB7A.1,HEART,34.5,8.0,190.0,0.24102821006290553,0.226124932062419,0.014903278000486547,-0.3408082337619618
GTEX-U3ZH-0326-SM-4WWDX.1,HEART,34.5,8.0,190.0,0.5859180408053603,0.045062375849266194,0.540855664956094,-0.28930535286884607
GTEX-U3ZH-0326-SM-51MS7.1,HEART,34.5,8.0,190.0,0.40497248727532087,0.27966021697754156,0.1253122702977793,-0.5457052582996
GTEX-U3ZH-1926-SM-4DXTR.1,MUSCLE,34.5,7.6,246.0,0.5885369641322132,-1.3902325417903443,1.9787695059225574,0.8200485798825793
GTEX-U3ZH-2026-SM-3DB78.1,SKIN,34.5,8.0,248.0,-0.5209819230641758,0.9335664579361862,-1.4545483810003619,0.13753080302093892
GTEX-U3ZM-0008-SM-4DXTQ.1,SKIN,44.5,9.3,241.0,0.8014838950974017,-0.31060772736176906,1.1120916224591708,0.040084776316522394
GTEX-U3ZM-1226-SM-3DB9G.1,MUSCLE,44.5,8.4,239.0,0.30272075811690863,-0.5085684700521577,0.8112892281690662,0.10138811854561525
GTEX-U3ZM-1526-SM-3DB9D.1,SKIN,44.5,6.3,249.0,-0.42186709714096665,1.3268420319442964,-1.748709129085263,0.062394250740510075
GTEX-U3ZN-0008-SM-4DXTL.1,SKIN,34.5,9.7,175.0,0.48924401761428293,-0.326379863138171,0.815623880752454,0.13392839561978048
GTEX-U3ZN-0226-SM-3DB8D.1,LIVER,34.5,9.1,114.0,0.08313376996849117,-0.29231034383758836,0.37544411380607956,0.13867943912904115
GTEX-U3ZN-1426-SM-3DB87.1,HEART,34.5,9.0,138.0,0.6804799024677793,-0.606893372033648,1.2873732745014275,0.06850313472997091
GTEX-U3ZN-2226-SM-3DB88.1,MUSCLE,34.5,8.5,175.0,-0.3550219794349883,0.3141696791073574,-0.6691916585423456,0.04461627600935321
GTEX-U3ZN-2326-SM-3DB7W.1,SKIN,34.5,6.7,176.0,-0.6133603174853756,1.1243787441796331,-1.7377390616650086,0.32498415111908985
GTEX-U412-0008-SM-4DXTE.1,SKIN,64.5,9.1,1360.0,0.46313237138461943,-0.691837009606112,1.1549693809907315,0.2179061735961971
GTEX-U412-0326-SM-3DB9L.1,MUSCLE,64.5,7.8,1349.0,-0.34896757937439943,0.2932244927939235,-0.642192072168323,-0.05434326622035889
GTEX-U412-0326-SM-5BC7E.1,MUSCLE,64.5,7.8,1349.0,-0.3023081542190053,0.4347526514936378,-0.7370608057126431,-0.010700751873026555
GTEX-U412-0326-SM-5DUVP.1,MUSCLE,64.5,7.8,1349.0,-0.24933270028662907,0.3679486142972918,-0.6172813145839209,-0.12481612105286313
GTEX-U412-0426-SM-3DB9O.1,SKIN,64.5,6.8,1359.0,-0.3853675316879444,0.37842565739265616,-0.7637931890806006,-0.22986405015153724
GTEX-U4B1-0008-SM-4DXUW.1,SKIN,44.5,10.0,246.0,0.48752506067840307,-1.022935473065075,1.510460533743478,0.11090110871071712
GTEX-U4B1-0326-SM-3DB8K.1,HEART,44.5,8.7,118.0,0.4342050440249315,-0.0023223561180623514,0.43652740014299385,-0.018507206601288663
GTEX-U4B1-1626-SM-3DB8N.1,MUSCLE,44.5,7.9,240.0,-0.5056534628950528,0.28661893417884676,-0.7922723970738995,-0.012361062165793808
GTEX-U4B1-1826-SM-4DXSU.1,SKIN,44.5,6.9,245.0,0.20634841517204652,0.8751578449408939,-0.6688094297688474,0.5872644854219234
GTEX-U8T8-0008-SM-4DXSP.1,SKIN,64.5,9.8,976.0,0.7490347527961758,-0.2653194867919315,1.0143542395881073,0.06253427661417701
GTEX-U8T8-0126-SM-3DB94.1,SKIN,64.5,6.5,975.0,-0.17396725287280354,0.3229628390144551,-0.4969300918872587,-0.08304815376543231
GTEX-U8T8-1426-SM-3DB9H.1,MUSCLE,64.5,7.2,1125.0,0.2850468719454307,0.30590542763520445,-0.02085855568977374,-0.1787575081982123
GTEX-U8XE-0008-SM-4E3K4.1,SKIN,34.5,10.0,358.0,0.13350723331087194,-1.639630624142889,1.773137857453761,-0.07226946599138971
GTEX-U8XE-0226-SM-4E3J3.1,SKIN,34.5,7.5,356.0,0.2964320635313127,-0.4802077687669736,0.7766398322982863,0.5907711481008999
GTEX-U8XE-0326-SM-3DB8P.1,SKIN,34.5,7.1,358.0,0.29820344117813985,-0.15039679569686795,0.44860023687500783,0.19104575539335067
GTEX-U8XE-0726-SM-3DB8O.1,MUSCLE,34.5,8.2,384.0,-0.44789373115889375,-0.052080814129418666,-0.3958129170294751,-0.0686035164034935
GTEX-U8XE-0926-SM-3DB8V.1,HEART,34.5,7.9,402.0,0.2904558359640573,-0.10280271206363653,0.3932585480276938,0.4510685504781981
GTEX-U8XE-1126-SM-3DB8W.1,HEART,34.5,8.1,406.0,0.5341493034811426,-0.02195644730980018,0.5561057507909428,0.20366385168853943
GTEX-U8XE-1526-SM-4E3HT.1,LIVER,34.5,7.8,418.0,0.001975418863672599,-1.4133111370238005,1.4152865558874732,0.49499423735599946
GTEX-UJHI-0008-SM-4IHL1.1,SKIN,54.5,10.0,310.0,0.45990310870121737,-0.9412958622568117,1.401198970958029,0.11396028806347355
GTEX-UJHI-0426-SM-3DB8Y.1,HEART,54.5,8.7,169.0,0.44920702228883325,-0.11218147655810805,0.5613884988469413,-0.37196489844705427
GTEX-UJHI-1526-SM-3DB99.1,SKIN,54.5,6.6,287.0,-0.2431789783885127,-0.7084382684741635,0.46525929008565076,-0.3776536934174789
GTEX-UJHI-1726-SM-3DB9B.1,MUSCLE,54.5,8.2,297.0,-0.009408400278663905,0.09119694327311328,-0.1006053435517772,-0.31571987288415254
GTEX-UJMC-0008-SM-4IHKK.1,SKIN,54.5,10.0,237.0,1.0537083644774985,-1.2898943467364032,2.3436027112139017,-0.2452862009612661
GTEX-UJMC-0526-SM-3GAE3.1,HEART,54.5,8.4,156.0,0.659601864889339,-0.40128417423981,1.060886039129149,-0.005577107503296419
GTEX-UJMC-1826-SM-3GADT.1,MUSCLE,54.5,7.9,257.0,0.07635994745634497,-0.47958706179114896,0.555947009247494,-0.22198523793528296
GTEX-UPIC-0926-SM-4IHLV.1,LIVER,24.5,6.7,226.0,0.7875624762565275,-0.449456501112335,1.2370189773688625,-0.08886483665784103
GTEX-UPIC-1626-SM-4IHKT.1,SKIN,24.5,5.8,247.0,0.3386294993213656,-0.23240056692279226,0.5710300662441579,0.13865078609670722
GTEX-UPJH-0226-SM-3GADV.1,SKIN,54.5,7.7,795.0,-0.40726198983299355,0.08182599456433115,-0.4890879843973247,-0.007780813853333065
GTEX-UPJH-0326-SM-3GADU.1,SKIN,54.5,7.5,799.0,-0.2734158504132901,0.23565736723173508,-0.5090732176450252,0.07482438617889313
GTEX-UPJH-0526-SM-4IHK8.1,MUSCLE,54.5,8.5,828.0,-0.15183879174403128,0.3144010428114391,-0.46623983455547036,-0.5156696835524268
GTEX-UPK5-0008-SM-4IHJD.1,SKIN,44.5,9.8,984.0,0.47107681627771925,0.3719050993472279,0.09917171693049137,0.22099031452279264
GTEX-UPK5-0226-SM-3GAEV.1,HEART,44.5,7.2,974.0,0.24996357236999547,-0.22905120379834826,0.47901477616834376,0.4732971953273026
GTEX-UPK5-0326-SM-3GAF3.1,HEART,44.5,7.0,976.0,0.4973809858492805,0.25132766800238704,0.24605331784689344,0.09857506408090815
GTEX-UPK5-0326-SM-5SI81.1,HEART,44.5,7.0,976.0,0.6810394213657229,0.10358036490791316,0.5774590564578098,0.00038416768261554496
GTEX-UPK5-0326-SM-CYPR4.1,HEART,44.5,7.0,976.0,0.7730828433302968,-0.0025872010644322208,0.775670044394729,-0.08319836357855423
GTEX-UPK5-0426-SM-3GAEK.1,SKIN,44.5,6.4,978.0,0.47543130034249487,0.6071048394232409,-0.13167353908074603,0.3420738766657377
GTEX-UPK5-0726-SM-4IHL7.1,SKIN,44.5,5.8,983.0,0.5440360063471247,0.7371970862204589,-0.1931610798733342,-0.0703416232308232
GTEX-UPK5-1426-SM-4JBHH.1,LIVER,44.5,7.3,1001.0,0.25353501240225546,-1.2180444611345664,1.471579473536822,0.10445194173325413
GTEX-UTHO-0008-SM-4JBID.1,SKIN,64.5,10.0,431.0,0.18475973147813735,-1.869469940238628,2.054229671716765,0.016970943703540315
GTEX-UTHO-0011-R10A-SM-3GIJQ.1,BRAIN,64.5,6.3,325.0,0.9549984674545684,-1.3086173410772588,2.263615808531827,0.1930043656425919
GTEX-UTHO-0011-R11A-SM-3GIJE.1,BRAIN,64.5,6.2,325.0,0.3574669567735605,-0.6402723033637494,0.9977392601373098,-0.23894333510532703
GTEX-UTHO-0011-R1A-SM-3GIJO.1,BRAIN,64.5,7.1,325.0,-0.4707400947060144,0.29384370139743415,-0.7645837961034485,0.3728450115796967
GTEX-UTHO-0011-R2A-SM-3GIKC.1,BRAIN,64.5,7.2,325.0,-0.1453445599281343,-0.23479323677142389,0.08944867684328958,0.4890086573536773
GTEX-UTHO-0011-R3A-SM-3GIK8.1,BRAIN,64.5,6.4,325.0,-0.023044527412814923,0.10854998697740507,-0.13159451439022,0.08989336938328321
GTEX-UTHO-0011-R4A-SM-3GIJP.1,BRAIN,64.5,6.8,325.0,-0.5865514549657108,0.5121204555732715,-1.0986719105389824,-0.01840053910860048
GTEX-UTHO-0011-R5A-SM-3GIJD.1,BRAIN,64.5,7.5,325.0,0.14904767103429492,0.35281650710721757,-0.20376883607292265,0.12812139941212053
GTEX-UTHO-0011-R6A-SM-3GIJW.1,BRAIN,64.5,7.4,325.0,0.3474055006630084,0.06328679872158521,0.2841187019414232,0.17414246645492137
GTEX-UTHO-0726-SM-3GAEN.1,MUSCLE,64.5,8.1,446.0,-0.3786047522946286,-0.21891153961127652,-0.15969321268335207,0.2730810263973945
GTEX-UTHO-1226-SM-3GAEE.1,HEART,64.5,6.7,461.0,-0.36638602472227666,-0.3093518571571927,-0.05703416756508395,1.0859796802709467
GTEX-UTHO-2426-SM-4JBHD.1,LIVER,64.5,9.3,489.0,1.0839592607323452,-0.5195637601256267,1.6035230208579718,1.1274883169396055
GTEX-UTHO-2926-SM-3P5Z9.1,BRAIN,64.5,8.9,499.0,0.8463743815079086,-1.2659532175930257,2.1123275991009343,-0.012874440516980942
GTEX-UTHO-2926-SM-3P5Z9.2,BRAIN,64.5,8.9,499.0,0.8463743815079086,-1.2659532175930257,2.1123275991009343,-0.012874440516980942
GTEX-UTHO-2926-SM-3P5Z9.3,BRAIN,64.5,8.9,499.0,0.8463743815079086,-1.2659532175930257,2.1123275991009343,-0.012874440516980942
GTEX-UTHO-3026-SM-3GAFB.1,BRAIN,64.5,8.7,502.0,0.37709778909540365,-0.16544051523253392,0.5425383043279376,0.08534872159365109
GTEX-V1D1-0008-SM-4JBIJ.1,SKIN,54.5,10.0,475.0,1.1344036619377598,-0.8391514374798243,1.9735550994175841,-0.25694847469638327
GTEX-V1D1-0526-SM-4JBGW.1,HEART,54.5,6.1,334.0,0.1376251233039937,0.2742451349484972,-0.13662001164450352,-0.500493925268561
GTEX-V1D1-0626-SM-4JBHN.1,HEART,54.5,5.8,338.0,-0.18488512369407611,0.1496475636024637,-0.33453268729653984,0.020493923828473593
GTEX-V1D1-2026-SM-3GAF4.1,SKIN,54.5,6.2,427.0,-0.5994703187607738,1.251718822111808,-1.8511891408725818,-0.02705313692505777
GTEX-V1D1-2226-SM-3NMAX.1,SKIN,54.5,7.1,472.0,0.36953913229557417,0.21849325045657247,0.1510458818390017,0.44063305412674925
GTEX-V1D1-2426-SM-3GAER.1,MUSCLE,54.5,8.0,480.0,-0.32086830878599704,0.7454500898929605,-1.0663183986789575,0.0397442732670159
GTEX-V955-0726-SM-3GAFG.1,HEART,64.5,8.4,135.0,0.047099554100917734,0.3713407564456538,-0.3242412023447361,-0.43257821013284875
GTEX-V955-0826-SM-3GAF9.1,HEART,64.5,8.8,139.0,0.3590551136986996,-0.6224018456811297,0.9814569593798292,0.41722662043518216
GTEX-V955-0826-SM-5SI82.1,HEART,64.5,8.8,139.0,0.2741158116404024,-0.10042338017166884,0.37453919181207124,0.21048801879449394
GTEX-V955-0826-SM-CYPR5.1,HEART,64.5,8.8,139.0,0.36448701454324073,-0.2500171878311693,0.6145042023744101,0.2478858981606944
GTEX-V955-2426-SM-3GAEF.1,MUSCLE,64.5,7.6,254.0,-0.17223957203604223,-0.11091886885512367,-0.06132070318091856,0.7912524777451191
GTEX-VJWN-0126-SM-3GIK7.1,SKIN,54.5,7.5,1045.0,-0.3444519886880194,0.09409569804171881,-0.4385476867297382,0.08551523205006445
GTEX-VJWN-0426-SM-3GIJI.1,MUSCLE,54.5,6.8,1084.0,-0.14693930099277486,0.23232146549985516,-0.37926076649263,-0.08114503149558093
GTEX-VJWN-1026-SM-4M1ZN.1,HEART,54.5,5.8,1104.0,0.37620437229891074,-0.5478783592233614,0.9240827315222722,0.7770603902000419
GTEX-VJYA-1126-SM-3GIJU.1,SKIN,64.5,7.2,257.0,-0.5835322203048204,0.6596160186697475,-1.2431482389745678,0.27217322301902014
GTEX-VJYA-1526-SM-3GIJV.1,SKIN,64.5,7.6,265.0,-0.5094314159580632,0.9370949752726111,-1.4465263912306743,0.6480154316323178
GTEX-VJYA-1926-SM-3GIJJ.1,MUSCLE,64.5,8.0,275.0,-0.8472787307385226,0.11645107737173836,-0.9637298081102609,0.2046133357081738
GTEX-VUSG-0008-SM-4KL24.1,SKIN,54.5,9.3,288.0,0.5925682828958525,0.6332187399082123,-0.04065045701235981,0.0037698208415739985
GTEX-VUSG-0126-SM-4KL1X.1,LIVER,54.5,8.2,128.0,-0.1791101940201406,-0.7362186987800877,0.5571085047599471,0.06167325045580306
GTEX-VUSG-0726-SM-3GIK1.1,HEART,54.5,7.2,163.0,0.17711687022067507,-0.1533301069744093,0.33044697719508437,0.6756380663549005
GTEX-VUSG-2326-SM-4KL1U.1,SKIN,54.5,6.2,273.0,0.19184688385411766,0.4056361640114904,-0.21378928015737272,0.1816622356191368
GTEX-VUSG-2526-SM-4KL1V.1,SKIN,54.5,7.2,289.0,0.04476327105398663,0.29360143024948243,-0.2488381591954958,0.3157471073782383
GTEX-VUSG-2526-SM-5S2S9.1,SKIN,54.5,7.2,289.0,-0.01787336989214737,0.05058939483735765,-0.06846276472950502,0.39837304783521504
GTEX-VUSG-2626-SM-4KKZI.1,MUSCLE,54.5,8.3,293.0,-0.7715156199465334,-1.7668402714313791,0.9953246514848457,1.7069691737702737
GTEX-VUSG-2626-SM-5S2TM.1,MUSCLE,54.5,8.3,293.0,-0.7038212498478905,-2.2482098927058014,1.544388642857911,1.9511048022385957
GTEX-VUSH-0008-SM-47JWK.1,SKIN,34.5,10.0,55.0,0.02864634811939215,-1.435191933827831,1.463838281947223,0.11978002959521042
GTEX-VUSH-0326-SM-3NB2I.1,MUSCLE,34.5,7.0,81.0,-1.5078293926842425,0.8887320539736552,-2.3965614466578975,0.8252608896308158
GTEX-W5WG-0008-SM-4KL25.1,SKIN,54.5,9.2,297.0,0.5717946697392969,0.7172769874890476,-0.14548231774975062,0.0012073787065224903
GTEX-W5WG-1826-SM-4KL2Y.1,SKIN,54.5,6.6,266.0,-0.16871028252369852,0.39889863902077694,-0.5676089215444755,-0.005445508231165457
GTEX-W5WG-1926-SM-4KKZK.1,MUSCLE,54.5,8.0,272.0,0.12741290145959247,0.9453367692141253,-0.8179238677545329,-0.48897498241695936
GTEX-W5X1-0008-SM-4LMKA.1,SKIN,44.5,10.0,365.0,-0.11636642633116435,-1.5857073343182806,1.4693409079871163,0.07117448171247072
GTEX-W5X1-0826-SM-3GILN.1,HEART,44.5,6.5,231.0,0.14922260132507958,-0.06972446086837734,0.21894706219345694,-0.47053418665178837
GTEX-W5X1-2526-SM-3GILC.1,SKIN,44.5,7.1,344.0,-0.6110888257410197,0.7081885023840913,-1.3192773281251111,-0.005621743263102646
GTEX-W5X1-3026-SM-EAZAX.1,SKIN,44.5,5.5,365.0,-0.29242882213325494,0.2978450617400184,-0.5902738838732733,-0.3249938794185948
GTEX-WCDI-0008-SM-47JYE.1,SKIN,54.5,9.9,95.0,0.8975284398949389,-1.047089240541254,1.9446176804361928,-0.18201988229039479
GTEX-WEY5-0008-SM-4LMKC.1,SKIN,44.5,9.9,279.0,0.05601045035667693,-0.9820280559818267,1.0380385063385036,0.18746927634164698
GTEX-WEY5-0226-SM-3GIKN.1,HEART,44.5,8.2,199.0,0.1589362595151202,0.372343661273403,-0.21340740175828282,-0.014890000433111346
GTEX-WEY5-0426-SM-3GIKT.1,HEART,44.5,8.7,206.0,0.1962007185685504,0.520229911778422,-0.32402919320987167,-0.5018604233019981
GTEX-WEY5-2026-SM-3GILE.1,MUSCLE,44.5,6.3,290.0,-1.0009597572277533,1.6693369537338525,-2.6702967109616056,-0.7970414908917721
GTEX-WEY5-2026-SM-5SI8D.1,MUSCLE,44.5,6.3,290.0,-0.7496494884344587,1.4295655037839956,-2.179214992218454,-0.8664154863096142
GTEX-WEY5-2026-SM-CYPRC.1,MUSCLE,44.5,6.3,290.0,-0.6898745241485474,1.4747247921245916,-2.164599316273139,-0.892208178739543
GTEX-WEY5-2326-SM-3GIKK.1,SKIN,44.5,6.8,299.0,-0.7146095711457792,1.4333620285161552,-2.1479715996619344,0.028132045949742068
GTEX-WFG7-0008-SM-4LMKB.1,SKIN,24.5,10.0,249.0,0.4068584798914372,-0.6272900427318551,1.0341485226232923,0.07224023161196551
GTEX-WFG7-0726-SM-3GIKO.1,HEART,24.5,8.1,126.0,0.3898107027490904,-0.04123328378754042,0.43104398653663084,-0.14721931467751342
GTEX-WFG7-0826-SM-3GIKU.1,HEART,24.5,8.2,129.0,0.05391741294670255,0.33805796224579665,-0.2841405492990941,-0.034126845321835665
GTEX-WFG7-2026-SM-3GIL7.1,SKIN,24.5,6.3,215.0,-1.4279564886985612,1.5562089935119081,-2.9841654822104693,-0.6379269046841681
GTEX-WFG7-2026-SM-5SI7P.1,SKIN,24.5,6.3,215.0,-1.2507104594065181,1.1884164906998869,-2.439126950106405,-0.5583531779308977
GTEX-WFG7-2226-SM-3GIKP.1,MUSCLE,24.5,8.2,238.0,0.21706804939980076,0.5351498815393939,-0.3180818321395932,0.041314761460571794
GTEX-WFG8-0008-SM-4LVN6.1,SKIN,24.5,9.7,333.0,0.45884881025030716,-0.23058866804547165,0.6894374782957788,0.20953917254747095
GTEX-WFG8-0626-SM-3GILJ.1,HEART,24.5,8.3,207.0,0.44871726790836775,0.011233396085586267,0.4374838718227815,-0.18447525574644263
GTEX-WFG8-0726-SM-3GILP.1,HEART,24.5,8.4,211.0,-0.19978332117696584,0.04763312650245996,-0.2474164476794258,0.5631653430789045
GTEX-WFG8-2126-SM-3GIKQ.1,SKIN,24.5,7.0,309.0,-0.44846085396331287,1.5592883346318394,-2.0077491885951524,0.20984377396531437
GTEX-WFG8-2226-SM-3GIL9.1,SKIN,24.5,6.2,333.0,-0.862835217967744,1.1149861916982948,-1.977821409666039,-0.3194491545995096
GTEX-WFG8-2426-SM-3GILL.1,MUSCLE,24.5,8.0,320.0,0.09221058037675936,0.3212379453623298,-0.22902736498557044,0.06577068706497023
GTEX-WFJO-0008-SM-4LVN7.1,SKIN,34.5,9.9,286.0,0.6748645465841682,-0.0022144598518214977,0.6770790064359896,0.021896222107545833
GTEX-WFON-0226-SM-3GIKR.1,HEART,44.5,8.4,135.0,-0.16768660246869965,0.48307060651386113,-0.6507572089825608,-0.14606234049131359
GTEX-WFON-0326-SM-3GIKX.1,HEART,44.5,8.2,148.0,0.17069777966979843,0.54616980880697,-0.37547202913717154,-0.5216600290463117
GTEX-WFON-0326-SM-5S2TP.1,HEART,44.5,8.2,148.0,0.40020512420127646,0.35402021627808283,0.04618490792319363,-0.44898316343704536
GTEX-WFON-1726-SM-4LVMQ.1,LIVER,44.5,8.0,238.0,0.0698148849547677,-0.4016960358948223,0.47151092084959,0.028687766552788305
GTEX-WFON-1926-SM-3LK7L.1,SKIN,44.5,7.7,234.0,0.11108673495147728,-0.26314971321104297,0.3742364481625202,0.3591187368836727
GTEX-WFON-2126-SM-3LK7O.1,SKIN,44.5,7.7,219.0,0.028203617205993136,-0.36559775318165355,0.3938013703876467,-0.4035719425345561
GTEX-WFON-2126-SM-5S2T9.1,SKIN,44.5,7.7,219.0,-0.10578515221712566,-0.2756082410558115,0.16982308883868585,-0.45213078964066933
GTEX-WFON-2326-SM-3LK7M.1,MUSCLE,44.5,6.3,220.0,0.5229024426945027,0.005735775870129304,0.5171666668243734,-0.026630294879736276
GTEX-WFON-2326-SM-5S2SF.1,MUSCLE,44.5,6.3,220.0,0.47800865921098984,0.01724736914205368,0.4607612900689362,0.04248009881040181
GTEX-WH7G-0008-SM-4LVNM.1,SKIN,44.5,9.7,371.0,0.0672887857361862,-1.491912616439709,1.559201402175895,0.16361493986861755
GTEX-WH7G-0326-SM-3NMBH.1,HEART,44.5,8.3,265.0,0.3406930067821252,0.10225092996831238,0.23844207681381285,-0.016201197708438107
GTEX-WH7G-0426-SM-3NMBJ.1,HEART,44.5,8.4,268.0,0.2648575934962871,-0.010349341660725729,0.27520693515701283,-0.11117885071092505
GTEX-WH7G-2026-SM-3NMBL.1,SKIN,44.5,7.0,329.0,-0.24847051429205236,-0.3942818080254196,0.14581129373336726,-0.16001424875130704
GTEX-WH7G-2326-SM-3NMBC.1,SKIN,44.5,6.2,376.0,-0.3712602388528217,0.7704833649799804,-1.1417436038328022,0.16833805455551962
GTEX-WHPG-0008-SM-4M1ZQ.1,SKIN,54.5,10.0,310.0,0.0357219831000826,-0.9625639170195484,0.9982859001196309,0.2685903758458837
GTEX-WHPG-0826-SM-3NMBF.1,HEART,54.5,8.9,252.0,0.47897691815049687,0.22326788848314527,0.2557090296673516,-0.18348219700479476
GTEX-WHPG-1026-SM-3NMBA.1,HEART,54.5,7.8,257.0,0.2701752041466613,0.0358367174912365,0.23433848665542478,0.7976078926869545
GTEX-WHPG-2226-SM-3NMBO.1,MUSCLE,54.5,8.1,305.0,-0.12877288052158578,0.395774371389031,-0.5245472519106168,-0.016335854420095882
GTEX-WHPG-2626-SM-3NMBR.1,SKIN,54.5,6.3,314.0,-0.805510405640553,0.8479626512628228,-1.6534730569033758,0.06812640754396165
GTEX-WHSB-0008-SM-4M1ZP.1,SKIN,54.5,9.9,290.0,0.5222029347004015,-0.048046200392632674,0.5702491350930341,0.2825725997205972
GTEX-WHSB-1326-SM-3LK6W.1,SKIN,54.5,6.5,285.0,-0.6558576823067914,0.5691650723395416,-1.225022754646333,-0.7143710425216778
GTEX-WHSB-1826-SM-3TW8M.1,MUSCLE,54.5,8.1,299.0,-0.911311218253223,0.9410966183460363,-1.8524078365992593,-0.4513381753761762
GTEX-WHSE-0008-SM-4M1ZO.1,SKIN,24.5,9.7,470.0,0.7101199216605806,0.05689924211942813,0.6532206795411525,-0.02493424081635891
GTEX-WHSE-0011-R10A-SM-EYYVG.1,BRAIN,24.5,5.6,452.0,0.27598697203757877,0.10349706267488806,0.1724899093626907,0.19505610084376984
GTEX-WHSE-0011-R11A-SM-3P5YY.1,BRAIN,24.5,7.2,452.0,0.4128981444299331,-0.4128535373014064,0.8257516817313395,0.1034977237316184
GTEX-WHSE-0011-R11A-SM-3P5YY.2,BRAIN,24.5,7.2,452.0,0.4128981444299331,-0.4128535373014064,0.8257516817313395,0.1034977237316184
GTEX-WHSE-0011-R11A-SM-3P5YY.3,BRAIN,24.5,7.2,452.0,0.4128981444299331,-0.4128535373014064,0.8257516817313395,0.1034977237316184
GTEX-WHSE-0011-R1A-SM-3P5ZK.1,BRAIN,24.5,6.9,452.0,0.5320393475322424,-0.3185737784748983,0.8506131260071407,0.41284444908564766
GTEX-WHSE-0011-R1A-SM-3P5ZK.2,BRAIN,24.5,6.9,452.0,0.5320393475322424,-0.3185737784748983,0.8506131260071407,0.41284444908564766
GTEX-WHSE-0011-R1A-SM-3P5ZK.3,BRAIN,24.5,6.9,452.0,0.5320393475322424,-0.3185737784748983,0.8506131260071407,0.41284444908564766
GTEX-WHSE-0011-R2A-SM-3P5ZL.1,BRAIN,24.5,7.4,452.0,0.6036798686295131,-0.3501935987608451,0.9538734673903582,0.9138454395849047
GTEX-WHSE-0011-R3A-SM-3P5ZM.1,BRAIN,24.5,6.4,452.0,0.12424554913916229,0.32249868502973267,-0.19825313589057036,0.29045096730040987
GTEX-WHSE-0011-R3A-SM-3P5ZM.2,BRAIN,24.5,6.4,452.0,0.12424554913916229,0.32249868502973267,-0.19825313589057036,0.29045096730040987
GTEX-WHSE-0011-R3A-SM-3P5ZM.3,BRAIN,24.5,6.4,452.0,0.12424554913916229,0.32249868502973267,-0.19825313589057036,0.29045096730040987
GTEX-WHSE-0011-R4A-SM-3P5ZN.1,BRAIN,24.5,7.1,452.0,0.5207660143928041,-0.5589507612890533,1.0797167756818573,1.1068943618151004
GTEX-WHSE-0011-R4A-SM-3P5ZN.2,BRAIN,24.5,7.1,452.0,0.5207660143928041,-0.5589507612890533,1.0797167756818573,1.1068943618151004
GTEX-WHSE-0011-R4A-SM-3P5ZN.3,BRAIN,24.5,7.1,452.0,0.5207660143928041,-0.5589507612890533,1.0797167756818573,1.1068943618151004
GTEX-WHSE-0011-R5A-SM-3P5ZO.1,BRAIN,24.5,8.8,452.0,0.3162551563756658,0.07617338888675207,0.24008176748891374,0.8107399270368878
GTEX-WHSE-0011-R5A-SM-3P5ZO.2,BRAIN,24.5,8.8,452.0,0.3162551563756658,0.07617338888675207,0.24008176748891374,0.8107399270368878
GTEX-WHSE-0011-R5A-SM-3P5ZO.3,BRAIN,24.5,8.8,452.0,0.3162551563756658,0.07617338888675207,0.24008176748891374,0.8107399270368878
GTEX-WHSE-0011-R6A-SM-3P5ZP.1,BRAIN,24.5,7.4,452.0,0.35172200379836516,0.22244896870245376,0.1292730350959114,0.4263172484910887
GTEX-WHSE-0011-R6A-SM-3P5ZP.2,BRAIN,24.5,7.4,452.0,0.35172200379836516,0.22244896870245376,0.1292730350959114,0.4263172484910887
GTEX-WHSE-0011-R6A-SM-3P5ZP.3,BRAIN,24.5,7.4,452.0,0.35172200379836516,0.22244896870245376,0.1292730350959114,0.4263172484910887
GTEX-WHSE-0011-R7A-SM-3P5YZ.1,BRAIN,24.5,7.9,452.0,-0.06730812589381312,0.6451820792937113,-0.7124902051875244,0.03123583751577367
GTEX-WHSE-0011-R7A-SM-3P5YZ.2,BRAIN,24.5,7.9,452.0,-0.06730812589381312,0.6451820792937113,-0.7124902051875244,0.03123583751577367
GTEX-WHSE-0011-R7A-SM-3P5YZ.3,BRAIN,24.5,7.9,452.0,-0.06730812589381312,0.6451820792937113,-0.7124902051875244,0.03123583751577367
GTEX-WHSE-0011-R8A-SM-3P5Z1.1,BRAIN,24.5,6.8,452.0,0.7705996492677352,-0.9158260061022371,1.6864256553699724,0.8439370428660106
GTEX-WHSE-0011-R8A-SM-3P5Z1.2,BRAIN,24.5,6.8,452.0,0.7705996492677352,-0.9158260061022371,1.6864256553699724,0.8439370428660106
GTEX-WHSE-0011-R8A-SM-3P5Z1.3,BRAIN,24.5,6.8,452.0,0.7705996492677352,-0.9158260061022371,1.6864256553699724,0.8439370428660106
GTEX-WHSE-0126-SM-3NMBT.1,SKIN,24.5,8.1,468.0,-0.5283495202762986,0.051354259164047455,-0.579703779440346,0.48722779664366234
GTEX-WHSE-0526-SM-4SOJ6.1,MUSCLE,24.5,8.3,489.0,0.4681228304470984,-0.6977642651328217,1.16588709557992,0.9681348612925644
GTEX-WHSE-0526-SM-5GZZD.1,MUSCLE,24.5,8.3,489.0,0.4404167134262684,-0.6205921615147187,1.0610088749409872,0.9739432316539802
GTEX-WHSE-0526-SM-5HL79.1,MUSCLE,24.5,8.3,489.0,0.18219928449043093,-0.24758782417207367,0.4297871086625046,0.8343814452340578
GTEX-WHSE-0826-SM-4SOJU.1,HEART,24.5,8.1,524.0,-0.19887515893857102,0.3518491534611746,-0.5507243123997456,0.366287818798622
GTEX-WHSE-0926-SM-3NMBS.1,HEART,24.5,7.3,554.0,0.584465041349137,-0.11635417994509764,0.7008192212942347,-0.03487980486655523
GTEX-WHSE-2926-SM-3NMBG.1,BRAIN,24.5,6.7,644.0,0.9233581227661501,-1.5580304277778045,2.481388550543955,0.3170784989553535
GTEX-WHSE-3026-SM-3P5ZH.1,BRAIN,24.5,6.7,647.0,0.597407717801798,-0.6029741090718276,1.2003818268736257,0.5107988163504987
GTEX-WHSE-3026-SM-3P5ZH.2,BRAIN,24.5,6.7,647.0,0.597407717801798,-0.6029741090718276,1.2003818268736257,0.5107988163504987
GTEX-WHSE-3026-SM-3P5ZH.3,BRAIN,24.5,6.7,647.0,0.597407717801798,-0.6029741090718276,1.2003818268736257,0.5107988163504987
GTEX-WHWD-0008-SM-4OOSU.1,SKIN,54.5,9.9,327.0,0.08980707489108003,-0.8060721757467001,0.8958792506377802,0.24028811902195604
GTEX-WHWD-0326-SM-3LK6L.1,HEART,54.5,8.0,233.0,0.6640067866655897,-0.6980489668899046,1.3620557535554942,0.868498472219003
GTEX-WHWD-0426-SM-3LK83.1,HEART,54.5,8.4,239.0,0.8448482378778887,-0.3391281321931942,1.1839763700710828,0.10529038050050805
GTEX-WHWD-1826-SM-3LK6I.1,SKIN,54.5,7.5,319.0,-0.2727177948883106,0.35898490841496594,-0.6317027033032765,0.00648383138646186
GTEX-WI4N-0008-SM-4OOSV.1,SKIN,44.5,9.9,689.0,0.1420353608859256,-0.6641868637042132,0.8062222245901388,0.041535129188145836
GTEX-WI4N-0626-SM-3TW8Z.1,HEART,44.5,6.6,617.0,-0.27371788605474356,0.46807659986487793,-0.7417944859196215,0.18321696809404062
GTEX-WI4N-0726-SM-3TW93.1,HEART,44.5,7.7,624.0,0.5044163177201529,-1.4537022040696617,1.9581185217898147,1.2174155163624059
GTEX-WI4N-1026-SM-3LK7N.1,SKIN,44.5,7.0,688.0,-0.66186990758211,-0.0977087479520533,-0.5641611596300566,0.05935180806113259
GTEX-WI4N-2726-SM-3LK7Y.1,SKIN,44.5,6.5,790.0,-0.7389024846717447,0.5608548951931446,-1.2997573798648894,-0.06791435383047573
GTEX-WK11-0008-SM-4OOSX.1,SKIN,54.5,9.5,828.0,0.2409166640263006,-0.37381143684051865,0.6147281008668193,0.2012418618894026
GTEX-WK11-0626-SM-3NMAV.1,HEART,54.5,7.7,915.0,0.8242833375836403,-0.6889454776364823,1.5132288152201225,0.5473282491254006
GTEX-WK11-0826-SM-EZ6LH.1,HEART,54.5,5.7,924.0,-2.3643370425256003,1.0295561300556433,-3.393893172581244,-1.1451005722536434
GTEX-WK11-1326-SM-4OOSI.1,LIVER,54.5,6.4,943.0,-2.5169546295334007,1.4173906251096742,-3.934345254643075,-0.7814734898070244
GTEX-WK11-2526-SM-3NM9Y.1,MUSCLE,54.5,6.8,982.0,0.45579558469063763,-0.47756649536743123,0.9333620800580689,-0.21967456410559
GTEX-WK11-2726-SM-3NMAQ.1,SKIN,54.5,7.6,1010.0,0.5571528551494965,-0.3370765379927553,0.8942293931422518,0.498817536627839
GTEX-WL46-0008-SM-4OOSW.1,SKIN,54.5,10.0,943.0,-0.13980000277975305,-0.6091091488835699,0.4693091461038169,0.2769156524986687
GTEX-WL46-0011-R10A-SM-3MJFQ.1,BRAIN,54.5,7.6,865.0,0.8479728394413184,-0.5827162141668325,1.430689053608151,0.03813571174022135
GTEX-WL46-0011-R11A-SM-3MJFT.1,BRAIN,54.5,7.2,865.0,1.2053930175504064,-1.8515010753351435,3.0568940928855497,-0.006830739276979127
GTEX-WL46-0011-R1A-SM-3LK6M.1,BRAIN,54.5,6.6,865.0,0.700229777896423,-0.3866717268898023,1.0869015047862254,0.24233024414577975
GTEX-WL46-0011-R2A-SM-3LK6O.1,BRAIN,54.5,7.6,865.0,0.5807363849787864,0.056125553939119124,0.5246108310396673,0.09401679268221164
GTEX-WL46-0011-R3A-SM-3TW8E.1,BRAIN,54.5,7.3,865.0,0.8445068114324324,-0.4985337673912343,1.3430405788236668,0.045049690964302655
GTEX-WL46-0011-R5A-SM-3LK6V.1,BRAIN,54.5,7.6,865.0,0.3374153573767185,0.2945930364452364,0.04282232093148214,0.20380269638693138
GTEX-WL46-0011-R6A-SM-3LK6X.1,BRAIN,54.5,6.5,865.0,0.5834582688020798,-0.39617330912103726,0.9796315779231171,0.5517051056565327
GTEX-WL46-0011-R7A-SM-3LK7X.1,BRAIN,54.5,7.5,865.0,-0.024032372393257537,0.7434899616981018,-0.7675223340913593,-0.16881859363535393
GTEX-WL46-0011-R9A-SM-3MJFP.1,BRAIN,54.5,7.4,865.0,0.46784312740367484,-0.8980924497781978,1.3659355771818726,0.514889146805698
GTEX-WL46-0626-SM-3LK7R.1,MUSCLE,54.5,8.0,961.0,0.7706627408663109,-0.47619677912469743,1.2468595199910084,0.0053319629918956715
GTEX-WL46-0726-SM-3LK5Z.1,HEART,54.5,7.4,970.0,0.4971232752116814,-0.2888395580688607,0.7859628332805422,0.6775317570791428
GTEX-WL46-0926-SM-3LK7T.1,HEART,54.5,6.8,977.0,0.2705966083089741,0.40168971945149096,-0.13109311114251687,-0.14240412421225912
GTEX-WL46-2826-SM-3LK81.1,BRAIN,54.5,7.7,1050.0,0.9511982550008523,-1.6232210222924428,2.5744192772932952,-0.17591934851157193
GTEX-WL46-2926-SM-3LK82.1,BRAIN,54.5,7.0,1053.0,0.6210295205142244,-0.3493077727610527,0.9703372932752772,0.00610391593045408
GTEX-WOFL-0008-SM-4OOSZ.1,SKIN,64.5,10.0,577.0,0.13606145733213784,-1.178340665784969,1.314402123117107,0.22014724976768105
GTEX-WOFL-0126-SM-3MJG2.1,SKIN,64.5,7.4,576.0,0.08403232041318462,0.08231731717409037,0.001715003239094251,0.3878171334168628
GTEX-WOFL-0626-SM-3MJG3.1,MUSCLE,64.5,6.5,614.0,-0.8836614444483988,0.7890467879584251,-1.6727082324068239,1.250541605713693
GTEX-WOFL-1226-SM-4OOST.1,HEART,64.5,5.7,636.0,-0.41918040888026,0.31347636823222846,-0.7326567771124884,0.41083176460407117
GTEX-WOFM-0008-SM-4OOSY.1,SKIN,24.5,10.0,218.0,-0.06952803613281601,-0.795809393826266,0.72628135769345,0.30754916369848195
GTEX-WOFM-1326-SM-3MJFR.1,MUSCLE,24.5,7.0,224.0,-0.04848231279177432,0.22209656750595064,-0.270578880297725,-0.3068595990423121
GTEX-WQUQ-0008-SM-4OOT1.1,SKIN,64.5,10.0,405.0,-0.051066081435315,-0.24781162420129668,0.1967455427659817,0.5316405686712513
GTEX-WQUQ-0426-SM-3MJFU.1,SKIN,64.5,7.1,404.0,0.1341252324744111,0.01266950954172975,0.12145572293268135,0.01525484365672186
GTEX-WQUQ-1326-SM-3MJFF.1,HEART,64.5,7.0,484.0,0.259370241967081,0.022467527080619207,0.2369027148864618,0.46751963571099336
GTEX-WQUQ-1426-SM-3MJFD.1,HEART,64.5,6.9,486.0,0.028711729547635595,0.4541448449765758,-0.42543311542894025,-0.3816282676592133
GTEX-WQUQ-1926-SM-4OOSA.1,LIVER,64.5,6.7,494.0,-0.0387516189614191,-0.21150211436959765,0.17275049540817855,-0.3912290987047882
GTEX-WRHK-0008-SM-4MVPA.1,SKIN,24.5,9.7,299.0,0.5480590972235514,-0.9970674943112454,1.545126591534797,-0.041393040810812715
GTEX-WRHK-1426-SM-3MJF9.1,SKIN,24.5,7.0,299.0,-0.18925240207416846,0.3733721562134464,-0.5626245582876148,0.11238341079225277
GTEX-WRHK-1626-SM-3MJFH.1,MUSCLE,24.5,7.3,303.0,-0.36363850533590697,-0.15651946440443146,-0.2071190409314755,0.015587143284442355
GTEX-WRHU-0008-SM-4MVPB.1,SKIN,54.5,9.8,556.0,0.5118922016555731,-1.1486218463576354,1.6605140480132086,-0.14532757189012918
GTEX-WRHU-0826-SM-3MJFN.1,MUSCLE,54.5,8.0,505.0,0.3097771843006275,0.2501183409343238,0.059658843366303727,0.6930405748774968
GTEX-WRHU-1026-SM-4E3ID.1,HEART,54.5,7.4,518.0,-0.2388822898743455,0.21356703086549136,-0.4524493207398369,0.389891626371375
GTEX-WRHU-1226-SM-4E3IJ.1,HEART,54.5,6.7,521.0,-2.068402229023296,0.92687544237228,-2.995277671395576,-1.0576925968178263
GTEX-WRHU-2826-SM-3MJG8.1,SKIN,54.5,6.8,571.0,0.3039770552821241,-0.4024310217537796,0.7064080770359037,0.5536850906745397
GTEX-WVJS-0008-SM-4MVPC.1,SKIN,54.5,9.9,726.0,0.5512679235844513,-1.0446788660684225,1.5959467896528738,-0.013997730305074264
GTEX-WVJS-0126-SM-4MVOT.1,SKIN,54.5,6.2,726.0,0.18154379329329953,0.45585246601540735,-0.2743086727221078,0.02725101917758504
GTEX-WVLH-0008-SM-4MVPD.1,SKIN,54.5,10.0,765.0,0.8450576930006756,-0.046499987618868026,0.8915576806195435,-0.25902218982048436
GTEX-WVLH-0011-R10A-SM-3MJFM.1,BRAIN,54.5,8.1,694.0,1.1937959039018118,-1.5621360724221505,2.7559319763239625,0.40515649571745227
GTEX-WVLH-0011-R11A-SM-3MJFO.1,BRAIN,54.5,8.6,694.0,1.2322965411903728,-2.694174430422353,3.926470971612726,-0.04081098365265897
GTEX-WVLH-0011-R1A-SM-4MVOK.1,BRAIN,54.5,5.9,694.0,-0.4275935300899083,0.6290741293143658,-1.056667659404274,-0.13245168324145642
GTEX-WVLH-0011-R2A-SM-3MJFJ.1,BRAIN,54.5,6.8,694.0,0.8194252572888778,-0.5271806786934724,1.3466059359823501,0.3095945604656164
GTEX-WVLH-0011-R4A-SM-3MJFS.1,BRAIN,54.5,7.3,694.0,0.6424581908176632,-0.2565304822146212,0.8989886730322845,0.25435431890877175
GTEX-WVLH-0011-R5A-SM-3MJFW.1,BRAIN,54.5,8.1,694.0,0.51702311147673,0.14254635003844415,0.3744767614382858,0.24923199061671802
GTEX-WVLH-0011-R6A-SM-3MJFZ.1,BRAIN,54.5,7.7,694.0,0.5554690782827225,-0.13059868636866356,0.6860677646513861,0.4077970696288203
GTEX-WVLH-0011-R7A-SM-3MJFB.1,BRAIN,54.5,7.0,694.0,-0.8114628433259304,1.0034476972956372,-1.8149105406215678,-0.28653061068595287
GTEX-WVLH-0011-R8A-SM-3MJFC.1,BRAIN,54.5,6.0,694.0,-0.6914400629502703,0.7194139568711512,-1.4108540198214214,-0.10574231224121355
GTEX-WVLH-2126-SM-EYYWD.1,LIVER,54.5,5.6,965.0,-0.46470364884601206,0.8075468571458144,-1.2722505059918265,-0.36563447452342407
GTEX-WVLH-2926-SM-3MJG5.1,BRAIN,54.5,6.3,1015.0,0.8216294165145999,-0.9892780965741091,1.8109075130887091,0.07892591887916298
GTEX-WVLH-3026-SM-3MJG9.1,BRAIN,54.5,6.8,1017.0,0.6116270882728898,-0.17882065168728747,0.7904477399601773,-0.026650628643206564
GTEX-WWTW-0008-SM-4MVPE.1,SKIN,54.5,9.7,621.0,0.6502602088169783,-1.395175623353464,2.0454358321704422,0.19041362287739597
GTEX-WWTW-0626-SM-4MVNS.1,MUSCLE,54.5,6.3,704.0,0.6806968761086791,-0.41415622792136314,1.0948531040300422,0.686619621598587
GTEX-WWYW-0008-SM-4MVPF.1,SKIN,54.5,10.0,747.0,0.3636838010750928,-0.8628599419706773,1.2265437430457702,0.18124089324965476
GTEX-WWYW-0011-R10A-SM-3NB35.1,BRAIN,54.5,8.1,725.0,1.1951878713699329,-1.987326528145099,3.182514399515032,0.7391607226785488
GTEX-WWYW-0011-R11A-SM-3NB38.1,BRAIN,54.5,7.1,725.0,1.187798917436474,-2.2630714118414463,3.4508703292779206,0.20260859555015556
GTEX-WWYW-0011-R1A-SM-3TW8G.1,BRAIN,54.5,7.8,725.0,0.6537222888549703,-0.6233809244853893,1.2771032133403595,0.5936462601300615
GTEX-WWYW-0011-R5A-SM-3NB3E.1,BRAIN,54.5,8.5,725.0,0.7237754570076528,-0.5922288670654202,1.316004324073073,0.7506924604200359
GTEX-WWYW-0011-R6A-SM-3NB3G.1,BRAIN,54.5,8.3,725.0,0.7631380801870863,-0.6440075052264539,1.4071455854135402,0.4588971567396313
GTEX-WWYW-0011-R7A-SM-3NB3H.1,BRAIN,54.5,7.3,725.0,0.5248543178312914,-0.6226135314469512,1.1474678492782426,0.6757133614323512
GTEX-WWYW-0011-R8A-SM-3NB3S.1,BRAIN,54.5,6.1,725.0,0.08983101494662327,0.015637069815594738,0.07419394513102853,0.45093250984053834
GTEX-WWYW-0526-SM-3NB2W.1,MUSCLE,54.5,8.7,753.0,0.8279020109080482,-1.8587441400493037,2.686646150957352,0.26720450298333287
GTEX-WWYW-1126-SM-3NB2Q.1,HEART,54.5,6.8,817.0,0.41332201406208074,-1.6202697886414592,2.03359180270354,0.8174898321470204
GTEX-WWYW-1326-SM-3NB2S.1,HEART,54.5,6.6,823.0,-0.8101937766788653,0.5804063415243552,-1.3906001182032206,-0.08137709122638487
GTEX-WWYW-3026-SM-3NB36.1,BRAIN,54.5,6.3,872.0,0.9009978695505674,-1.8429521893164906,2.743950058867058,0.32756291942182103
GTEX-WWYW-3126-SM-3NB39.1,BRAIN,54.5,6.8,874.0,0.5608713948049913,-0.5066084593969596,1.067479854201951,0.3263790741949187
GTEX-WXYG-0008-SM-4ONDU.1,SKIN,54.5,9.6,212.0,0.38233144551905074,-0.8579342358818083,1.240265681400859,-0.06678792494091965
GTEX-WXYG-2026-SM-4E3IY.1,SKIN,54.5,7.9,203.0,-0.21394806853257498,0.6374795668867729,-0.8514276354193479,-0.016388649434263918
GTEX-WXYG-2326-SM-4E3I6.1,SKIN,54.5,7.8,213.0,-0.20913173547201377,0.46185283992733756,-0.6709845753993513,-0.033056721873743256
GTEX-WXYG-2526-SM-3NB3F.1,MUSCLE,54.5,8.6,223.0,0.9107047497763979,-1.57788779543816,2.488592545214558,-0.35177693543204797
GTEX-WY7C-0008-SM-4ONDW.1,SKIN,54.5,10.0,234.0,0.033738746956024385,-1.3821049361423177,1.415843683098342,-0.008568793664243027
GTEX-WY7C-0526-SM-3NB3D.1,HEART,54.5,8.4,176.0,0.4438589083412197,-0.08797104669705189,0.5318299550382716,0.03401279007216666
GTEX-WY7C-0726-SM-4ONCB.1,LIVER,54.5,9.5,180.0,0.9006783262684858,-0.2072064644942327,1.1078847907627185,0.06882738984713378
GTEX-WY7C-1126-SM-3NB3A.1,HEART,54.5,9.1,190.0,0.3949042823069637,-0.3725896569848406,0.7674939392918043,0.5672768220936554
GTEX-WY7C-2126-SM-3NB2R.1,SKIN,54.5,7.7,221.0,-0.16176952643631756,0.9388301385466765,-1.100599664982994,0.021444993791108653
GTEX-WY7C-2326-SM-3NB2U.1,SKIN,54.5,7.1,235.0,0.14022665338899007,0.7103614263078298,-0.5701347729188397,0.15114720719042685
GTEX-WY7C-2526-SM-3NB2N.1,MUSCLE,54.5,8.6,237.0,0.8951903061075026,-0.18205553065465796,1.0772458367621605,-0.008795574840847396
GTEX-WYBS-0008-SM-4ONDX.1,SKIN,64.5,10.0,854.0,0.8036020540401257,-1.0575606146929188,1.8611626687330447,-0.11747172746895722
GTEX-WYBS-0626-SM-3NMAS.1,SKIN,64.5,8.1,867.0,-0.13703535812275489,-0.6173811107906424,0.4803457526678875,0.6937582810793776
GTEX-WYBS-1226-SM-3NM9N.1,HEART,64.5,6.1,896.0,-0.5986044151428809,0.43451161232878033,-1.033116027471661,-0.0063540435574319844
GTEX-WYJK-0008-SM-4ONDV.1,SKIN,54.5,9.9,705.0,0.23266681979130466,-1.3888242888440716,1.6214911086353763,0.10345752742295163
GTEX-WYJK-0126-SM-3NMAB.1,SKIN,54.5,6.9,704.0,-0.3042603424678852,0.09593059856854388,-0.40019094103642905,-0.1068186012028896
GTEX-WYJK-0526-SM-3NM8Z.1,SKIN,54.5,8.6,748.0,0.0148544419803519,0.2792902535218849,-0.264435811541533,0.20332535589223147
GTEX-WYJK-1026-SM-3NM8W.1,HEART,54.5,7.7,774.0,0.7058974483400264,-0.07135024009096251,0.7772476884309889,-0.3330884773796338
GTEX-WYJK-1126-SM-3NM9Z.1,HEART,54.5,7.5,777.0,-0.10455008363478564,0.25546393478065615,-0.3600140184154418,0.33588921061688654
GTEX-WYJK-1726-SM-3NM9U.1,MUSCLE,54.5,7.8,792.0,0.21746831199089206,-0.10854056243417637,0.32600887442506843,-0.5163900193455789
GTEX-WYVS-0008-SM-4ONDY.1,SKIN,44.5,9.9,311.0,0.4917370033918896,0.4311003028760831,0.060636700515806496,0.010734027432336944
GTEX-WYVS-1626-SM-3NM9R.1,SKIN,44.5,8.0,282.0,-0.09514188335234539,-0.08532770420417557,-0.009814179148169816,0.61620693321374
GTEX-WYVS-1926-SM-4PQZ2.1,LIVER,44.5,8.2,297.0,0.06373273505308408,-0.34402374529956636,0.40775648035265044,0.83724581250991
GTEX-WYVS-1926-SM-4SOIC.1,LIVER,44.5,8.2,297.0,0.06381217883216359,-0.29298105998909807,0.3567932388212617,0.8817321426075437
GTEX-WYVS-2126-SM-3NMA3.1,SKIN,44.5,7.7,311.0,0.05722521160559418,-0.3142435746592953,0.3714687862648895,0.33746024546156883
GTEX-WYVS-2326-SM-3NMAI.1,MUSCLE,44.5,8.6,315.0,-0.9014124174214406,1.0065242308973992,-1.9079366483188398,-0.5904782596584988
GTEX-WZTO-0008-SM-4PQZZ.1,SKIN,44.5,10.0,479.0,-0.035776872237663085,-0.7603206198005548,0.7245437475628916,-0.12374475025188723
GTEX-WZTO-0011-R10B-SM-4E3KB.1,BRAIN,44.5,8.1,430.0,0.6491519509824095,-0.16755783660981688,0.8167097875922265,0.089600161587746
GTEX-WZTO-0011-R11A-SM-4E3K9.1,BRAIN,44.5,8.6,430.0,1.0903596368067576,-1.5545047319185235,2.644864368725281,0.04688158831604983
GTEX-WZTO-0011-R1B-SM-3NMAR.1,BRAIN,44.5,7.2,430.0,0.656546748183672,-0.4639903442040436,1.1205370923877156,0.5154459299591388
GTEX-WZTO-0011-R3B-SM-3NMC6.1,BRAIN,44.5,7.7,430.0,0.989932649715933,-0.8149244838181182,1.804857133534051,0.4561283299565419
GTEX-WZTO-0011-R4A-SM-3NMC7.1,BRAIN,44.5,7.0,430.0,0.6730116201304714,-0.28464981454896565,0.9576614346794371,0.28638148454690915
GTEX-WZTO-0011-R5B-SM-3NMC5.1,BRAIN,44.5,8.0,430.0,0.35710005213197105,0.38446099045214477,-0.027360938320173722,0.22016216598447083
GTEX-WZTO-0011-R6B-SM-4E3J6.1,BRAIN,44.5,7.5,430.0,0.46557471133725514,0.10031313677631282,0.3652615745609423,0.15718133633634282
GTEX-WZTO-0011-R7B-SM-4E3IS.1,BRAIN,44.5,7.9,430.0,0.026266501365350393,0.6668371145453845,-0.6405706131800342,-0.04408916293779543
GTEX-WZTO-0011-R8A-SM-4E3II.1,BRAIN,44.5,7.4,430.0,0.7456953983545529,-0.2594749409577205,1.0051703393122735,0.4719541039825117
GTEX-WZTO-0126-SM-3NM95.1,SKIN,44.5,7.7,478.0,-0.22804778555702576,1.1546247517247719,-1.3826725372817976,-0.05423365842098237
GTEX-WZTO-0626-SM-4PQYY.1,LIVER,44.5,7.4,499.0,-0.8462893701533768,1.103592692080645,-1.9498820622340216,-0.5523083491180959
GTEX-WZTO-0826-SM-3NM8Q.1,MUSCLE,44.5,8.3,508.0,0.39723100616914714,0.48273370673135524,-0.0855027005622081,-0.18553791501803837
GTEX-WZTO-1226-SM-3NMAZ.1,HEART,44.5,7.5,515.0,0.30629692469858577,0.1709181624624755,0.13537876223611028,0.35387001190365586
GTEX-WZTO-1326-SM-3NM8X.1,HEART,44.5,7.5,518.0,0.9212551521174264,-0.09382689872453948,1.0150820508419658,-0.260089286724408
GTEX-WZTO-2826-SM-3NM8P.1,BRAIN,44.5,7.9,583.0,0.8080852279853796,-1.0286656522127595,1.8367508801981391,0.07503223648989993
GTEX-WZTO-2926-SM-3NM9I.1,BRAIN,44.5,7.9,586.0,0.6716022179649609,-0.34146729987963487,1.0130695178445959,0.6648977227712803
GTEX-X15G-0008-SM-4PR2D.1,SKIN,54.5,9.8,355.0,0.1217504198285088,-1.509273133688743,1.631023553517252,0.24076343902359784
GTEX-X15G-0426-SM-4PQZ6.1,HEART,54.5,5.9,217.0,0.7340103245879233,-0.15553194532979345,0.8895422699177167,-0.2769866784469154
GTEX-X261-0008-SM-4PR11.1,SKIN,54.5,10.0,743.0,0.2565823117464441,-0.7193980484016145,0.9759803601480586,0.18557723759952377
GTEX-X261-0011-R10B-SM-4E3JT.1,BRAIN,54.5,7.1,727.0,-0.3816213369769197,0.45633334109218754,-0.8379546780691072,0.03218017375628083
GTEX-X261-0011-R11A-SM-4E3JY.1,BRAIN,54.5,8.0,727.0,0.740402785584418,-0.9413923374084696,1.6817951229928876,-0.07501435946700365
GTEX-X261-0011-R5A-SM-3NMB4.1,BRAIN,54.5,6.6,727.0,-0.6284949847639605,0.7608504178718986,-1.389345402635859,-0.09682316042684659
GTEX-X261-0011-R6B-SM-4E3J8.1,BRAIN,54.5,5.9,727.0,-1.2998099255333497,0.9864345678546145,-2.286244493387964,-0.5414732141004064
GTEX-X261-0011-R7A-SM-4E3JJ.1,BRAIN,54.5,6.3,727.0,-1.4153915068757306,1.1009664726466908,-2.5163579795224216,-0.5595134537956665
GTEX-X261-0011-R8A-SM-4E3I5.1,BRAIN,54.5,7.4,727.0,0.7394398353497664,-1.0906023967093745,1.830042232059141,1.0886610985460905
GTEX-X261-0126-SM-3NMD6.1,SKIN,54.5,8.0,741.0,-0.0451784915167285,0.06937185745324334,-0.11455034896997185,-0.18287310319382682
GTEX-X261-0326-SM-3NMD4.1,MUSCLE,54.5,8.4,754.0,-0.44617729599841977,-0.8223983812866433,0.37622108528822357,0.06528835174213266
GTEX-X261-0926-SM-3NMCY.1,HEART,54.5,6.7,836.0,-0.1266048075929086,-0.18037884554166395,0.05377403794875535,0.7148702316640557
GTEX-X261-1426-SM-4PQZ1.1,HEART,54.5,5.9,850.0,-2.9176978272123626,1.1036193880243848,-4.021317215236747,-1.0633725954326585
GTEX-X261-1726-SM-4PQYT.1,LIVER,54.5,5.8,858.0,-0.5944110845488961,0.7093988102625762,-1.3038098948114722,-0.27270818383255907
GTEX-X261-3126-SM-4PQZC.1,BRAIN,54.5,5.8,990.0,0.5720308425215493,-0.7266864098325416,1.2987172523540909,-0.1698551669198533
GTEX-X3Y1-0008-SM-4PR12.1,SKIN,44.5,10.0,175.0,0.15424997874115384,-1.3170478419221499,1.4712978206633036,0.09635464747592784
GTEX-X3Y1-0226-SM-3P5Z5.1,HEART,44.5,7.1,182.0,0.561410852318814,-0.45336308875682046,1.0147739410756345,0.07056884440051413
GTEX-X3Y1-0226-SM-3P5Z5.2,HEART,44.5,7.1,182.0,0.5612671368512434,-0.4533991489748577,1.014666285826101,0.07055658085905217
GTEX-X3Y1-0226-SM-3P5Z5.3,HEART,44.5,7.1,182.0,0.5612671368512434,-0.4533991489748577,1.014666285826101,0.07055658085905217
GTEX-X3Y1-0426-SM-3P5Z4.1,HEART,44.5,8.1,189.0,0.4690895571293005,-0.02540471653414903,0.49449427366344956,-0.35466496548121046
GTEX-X3Y1-0426-SM-3P5Z4.2,HEART,44.5,8.1,189.0,0.4690895571293005,-0.02540471653414903,0.49449427366344956,-0.35466496548121046
GTEX-X3Y1-0426-SM-3P5Z4.3,HEART,44.5,8.1,189.0,0.4690895571293005,-0.02540471653414903,0.49449427366344956,-0.35466496548121046
GTEX-X3Y1-2026-SM-3P5YM.1,SKIN,44.5,7.6,176.0,-0.16354237517481432,0.7993782859118433,-0.9629206610866576,0.4475340808093414
GTEX-X3Y1-2026-SM-3P5YM.2,SKIN,44.5,7.6,176.0,-0.16354237517481432,0.7993782859118433,-0.9629206610866576,0.4475340808093414
GTEX-X3Y1-2026-SM-3P5YM.3,SKIN,44.5,7.6,176.0,-0.16354237517481432,0.7993782859118433,-0.9629206610866576,0.4475340808093414
GTEX-X3Y1-2726-SM-4PQZH.1,LIVER,44.5,8.1,214.0,-0.14175624032523143,-0.6679089312783942,0.5261526909531629,-0.12311380117996612
GTEX-X4EO-0008-SM-4QASS.1,SKIN,64.5,10.0,780.0,0.22661018407267253,-0.4407689561310564,0.6673791402037289,0.12394035007559105
GTEX-X4EO-0326-SM-3P5YO.1,SKIN,64.5,7.8,779.0,-0.075348876070545,-0.04729528801948587,-0.028053588051059127,0.30835028449969154
GTEX-X4EO-0326-SM-3P5YO.2,SKIN,64.5,7.8,779.0,-0.075348876070545,-0.04729528801948587,-0.028053588051059127,0.30835028449969154
GTEX-X4EO-0326-SM-3P5YO.3,SKIN,64.5,7.8,779.0,-0.075348876070545,-0.04729528801948587,-0.028053588051059127,0.30835028449969154
GTEX-X4EO-0526-SM-3P5Z3.1,MUSCLE,64.5,7.7,784.0,0.06021344144098718,-0.1879297083980142,0.24814314983900138,-0.026531460497622124
GTEX-X4EO-0526-SM-3P5Z3.2,MUSCLE,64.5,7.7,784.0,0.06021344144098718,-0.1879297083980142,0.24814314983900138,-0.026531460497622124
GTEX-X4EO-0526-SM-3P5Z3.3,MUSCLE,64.5,7.7,784.0,0.06021344144098718,-0.1879297083980142,0.24814314983900138,-0.026531460497622124
GTEX-X4EO-1126-SM-4QARQ.1,LIVER,64.5,7.1,804.0,-0.35137824078483365,0.8426554464340037,-1.1940336872188373,-0.3046705897085958
GTEX-X4EO-2926-SM-4E3JH.1,SKIN,64.5,7.5,851.0,-0.013137120144869218,-0.07890296472420036,0.06576584457933114,0.22014341752298613
GTEX-X4EP-0008-SM-4PQYO.1,SKIN,64.5,10.0,1104.0,-0.0010921110324457171,-0.7959175151037109,0.7948254040712652,0.18024199383946338
GTEX-X4EP-0011-R10B-SM-4QASJ.1,BRAIN,64.5,7.2,1055.0,1.0697880160445643,-2.573413357284226,3.6432013733287905,1.233547691917465
GTEX-X4EP-0011-R11B-SM-4QASK.1,BRAIN,64.5,7.8,1055.0,1.04792488405228,-3.506531500496488,4.554456384548768,0.2101489189347834
GTEX-X4EP-0011-R1A-SM-3P624.1,BRAIN,64.5,7.2,1055.0,0.6173301242365747,-2.672134204435227,3.289464328671802,1.9240202151851507
GTEX-X4EP-0011-R1A-SM-3P624.2,BRAIN,64.5,7.2,1055.0,0.6173301242365747,-2.672134204435227,3.289464328671802,1.9240202151851507
GTEX-X4EP-0011-R1A-SM-3P624.3,BRAIN,64.5,7.2,1055.0,0.6173301242365747,-2.672134204435227,3.289464328671802,1.9240202151851507
GTEX-X4EP-0011-R2B-SM-3P625.1,BRAIN,64.5,7.4,1055.0,0.9629444550692696,-4.1279671473372535,5.090911602406523,2.04541291112698
GTEX-X4EP-0011-R2B-SM-3P625.2,BRAIN,64.5,7.4,1055.0,0.9629444550692696,-4.1279671473372535,5.090911602406523,2.04541291112698
GTEX-X4EP-0011-R2B-SM-3P625.3,BRAIN,64.5,7.4,1055.0,0.9629444550692696,-4.1279671473372535,5.090911602406523,2.04541291112698
GTEX-X4EP-0011-R3A-SM-3P626.1,BRAIN,64.5,7.1,1055.0,0.6006820445693657,-3.6625548646761277,4.263236909245493,2.0752158794665303
GTEX-X4EP-0011-R4B-SM-3P627.1,BRAIN,64.5,7.1,1055.0,0.6696790664247161,-5.26237800508686,5.932057071511576,2.4637875602345507
GTEX-X4EP-0011-R5A-SM-3P628.1,BRAIN,64.5,8.3,1055.0,1.3257673579304405,-6.170157184568249,7.49592454249869,1.870780079915377
GTEX-X4EP-0011-R5A-SM-3P628.2,BRAIN,64.5,8.3,1055.0,1.325768750028378,-6.170158336327119,7.495927086355497,1.8707798121371344
GTEX-X4EP-0011-R5A-SM-3P628.3,BRAIN,64.5,8.3,1055.0,1.325768750028378,-6.170158336327119,7.495927086355497,1.8707798121371344
GTEX-X4EP-0011-R6A-SM-3P629.1,BRAIN,64.5,7.7,1055.0,1.1012825444691086,-4.86398453829103,5.965267082760138,1.948488551590342
GTEX-X4EP-0011-R6A-SM-3P629.2,BRAIN,64.5,7.7,1055.0,1.1012825444691086,-4.86398453829103,5.965267082760138,1.948488551590342
GTEX-X4EP-0011-R6A-SM-3P629.3,BRAIN,64.5,7.7,1055.0,1.1012825444691086,-4.86398453829103,5.965267082760138,1.948488551590342
GTEX-X4EP-0011-R7B-SM-4PQZW.1,BRAIN,64.5,8.0,1055.0,1.187458712152249,-4.7116572547832005,5.899115966935449,1.0321866203777021
GTEX-X4EP-0011-R8B-SM-4QASL.1,BRAIN,64.5,7.7,1055.0,1.0506174033924074,-4.783594303422436,5.834211706814844,2.332000512474008
GTEX-X4EP-0011-R9B-SM-4QASI.1,BRAIN,64.5,7.5,1055.0,0.8652493164937571,-2.7397557864509006,3.6050051029446575,1.6488944883798324
GTEX-X4EP-0126-SM-3P5YV.1,SKIN,64.5,6.0,1104.0,0.04474668272443876,0.06862728439862503,-0.02388060167418627,0.13477439655762175
GTEX-X4EP-0126-SM-3P5YV.2,SKIN,64.5,6.0,1104.0,0.04474692784558038,0.06862747734111051,-0.023880549495530125,0.13477448177380888
GTEX-X4EP-0126-SM-3P5YV.3,SKIN,64.5,6.0,1104.0,0.04474668272443876,0.06862728439862503,-0.02388060167418627,0.13477439655762175
GTEX-X4EP-0326-SM-3P5Z6.1,HEART,64.5,7.9,1119.0,0.4665305489886575,-0.5165417952921236,0.9830723442807812,0.24748514513865694
GTEX-X4EP-0626-SM-3P621.1,SKIN,64.5,7.0,1129.0,0.06244747753080592,0.16009267028876698,-0.09764519275796105,0.32790564096567654
GTEX-X4EP-1026-SM-4QAS5.1,LIVER,64.5,6.7,1137.0,0.07714526796809122,0.09073294908357021,-0.013587681115478992,-0.2334549371755102
GTEX-X4EP-3026-SM-3P5YP.1,BRAIN,64.5,7.1,1189.0,0.9066866248865294,-2.7649622969407637,3.671648921827293,0.4930223270046367
GTEX-X4EP-3026-SM-3P5YP.2,BRAIN,64.5,7.1,1189.0,0.9066866248865294,-2.7649622969407637,3.671648921827293,0.4930223270046367
GTEX-X4EP-3026-SM-3P5YP.3,BRAIN,64.5,7.1,1189.0,0.9066866248865294,-2.7649622969407637,3.671648921827293,0.4930223270046367
GTEX-X4LF-0008-SM-4QAST.1,SKIN,54.5,10.0,180.0,0.38411665587693633,-0.52332453689056,0.9074411927674964,-0.03174235180058828
GTEX-X4XX-0008-SM-46MVK.1,SKIN,64.5,10.0,288.0,0.35703482544303006,-0.7531576025292132,1.1101924279722433,0.186767015543789
GTEX-X4XX-0011-R10B-SM-46MWO.1,BRAIN,64.5,7.9,223.0,0.9145028316497268,-0.7513043926325745,1.6658072242823012,0.33850079996654564
GTEX-X4XX-0011-R11A-SM-46MWQ.1,BRAIN,64.5,8.0,223.0,0.8870647070097648,-1.6429413612749275,2.5300060682846923,0.11846050655752044
GTEX-X4XX-0011-R1B-SM-3P622.1,BRAIN,64.5,7.8,223.0,-0.16010274984296735,0.5362927370401042,-0.6963954868830715,0.21736354925329374
GTEX-X4XX-0011-R1B-SM-3P622.2,BRAIN,64.5,7.8,223.0,-0.16010274984296735,0.5362927370401042,-0.6963954868830715,0.21736354925329374
GTEX-X4XX-0011-R1B-SM-3P622.3,BRAIN,64.5,7.8,223.0,-0.16010274984296735,0.5362927370401042,-0.6963954868830715,0.21736354925329374
GTEX-X4XX-0011-R2A-SM-3P623.1,BRAIN,64.5,7.6,223.0,0.8712620859320286,-2.1685906934098664,3.039852779341895,0.6997623075613345
GTEX-X4XX-0011-R2A-SM-3P623.2,BRAIN,64.5,7.6,223.0,0.8712620859320286,-2.1685906934098664,3.039852779341895,0.6997623075613345
GTEX-X4XX-0011-R2A-SM-3P623.3,BRAIN,64.5,7.6,223.0,0.8712620859320286,-2.1685906934098664,3.039852779341895,0.6997623075613345
GTEX-X4XX-0011-R3B-SM-46MWK.1,BRAIN,64.5,7.4,223.0,0.4790774273321413,-0.0664177342116549,0.5454951615437962,0.3009318201889052
GTEX-X4XX-0011-R4B-SM-46MWL.1,BRAIN,64.5,5.9,223.0,-0.5818189530946057,0.7412474257161802,-1.323066378810786,-0.04500636056183878
GTEX-X4XX-0011-R5A-SM-46MWN.1,BRAIN,64.5,7.1,223.0,0.21154404882739536,0.059138620063376196,0.15240542876401916,0.6444054233210177
GTEX-X4XX-0011-R6B-SM-46MWP.1,BRAIN,64.5,7.6,223.0,0.4130923661653556,0.2597175613304564,0.15337480483489918,0.17032769130780331
GTEX-X4XX-0011-R7A-SM-46MWR.1,BRAIN,64.5,6.2,223.0,-0.40942368906903337,0.6734562603280254,-1.082879949397059,0.22927008813942895
GTEX-X4XX-0011-R8B-SM-46MWM.1,BRAIN,64.5,6.9,223.0,0.466927501506566,0.062073380135727836,0.40485412137083815,0.6000803739762323
GTEX-X4XX-0126-SM-3NMC2.1,SKIN,64.5,6.5,287.0,-0.20925104967173874,0.6116484946129306,-0.8208995442846694,-0.1685057736391364
GTEX-X4XX-0626-SM-3NMC1.1,MUSCLE,64.5,8.3,302.0,0.5526647517399521,-0.7688245153292569,1.321489267069209,0.906825177566551
GTEX-X4XX-1126-SM-3NMBY.1,HEART,64.5,6.8,323.0,0.2080435142818144,-0.7228464444069841,0.9308899586887984,1.0711917560211512
GTEX-X4XX-2926-SM-3NMB1.1,BRAIN,64.5,7.2,380.0,0.7435387122732067,-1.3293739441659356,2.0729126564391422,-0.0018479075546547247
GTEX-X4XX-3026-SM-3NMB2.1,BRAIN,64.5,7.0,383.0,0.6708488361174291,-0.38858471519849785,1.059433551315927,0.2517480609538503
GTEX-X4XY-0008-SM-46MVL.1,SKIN,64.5,10.0,610.0,0.13988470428877753,-1.2173723626199637,1.3572570669087414,0.18117060672698365
GTEX-X4XY-0011-R10B-SM-46MWS.1,BRAIN,64.5,6.5,424.0,-1.7550750946749698,0.7259470425055439,-2.4810221371805135,-0.984354525814299
GTEX-X4XY-0011-R3B-SM-EXOHI.1,BRAIN,64.5,5.5,424.0,-0.7083831822094062,0.6798884703907976,-1.3882716526002037,-0.7075541674299961
GTEX-X4XY-0011-R6B-SM-46MVB.1,BRAIN,64.5,6.2,424.0,-2.458017262623686,1.3841986696265136,-3.842215932250199,-1.2356495590215533
GTEX-X4XY-0011-R8A-SM-46MVC.1,BRAIN,64.5,6.1,424.0,-1.7467256635318436,1.0941025487390013,-2.8408282122708446,-0.7176337715465195
GTEX-X4XY-0226-SM-4E3IZ.1,SKIN,64.5,8.5,609.0,0.031060547896358374,0.5433425754281421,-0.5122820275317838,0.06067408035583467
GTEX-X4XY-0626-SM-4E3IN.1,MUSCLE,64.5,8.6,618.0,-0.4469380497789302,-0.13963290076780563,-0.3073051490111246,0.20913660251955407
GTEX-X4XY-1626-SM-46MVN.1,LIVER,64.5,6.7,653.0,-0.08593161692824566,0.1391889912722484,-0.22512060820049407,-0.055807310324237254
GTEX-X4XY-3026-SM-EWRM9.1,BRAIN,64.5,5.5,691.0,-0.10700506431362525,0.41635204689877026,-0.5233571112123955,-0.3428611170364571
GTEX-X585-0008-SM-46MU4.1,SKIN,54.5,9.4,780.0,0.3317217357227435,-1.3133499971281746,1.6450717328509181,0.31931773642248235
GTEX-X585-0011-R10A-SM-46MUY.1,BRAIN,54.5,7.1,720.0,1.4889486514255112,-3.333142722584643,4.822091374010154,0.9740697541141484
GTEX-X585-0011-R11B-SM-46MUZ.1,BRAIN,54.5,7.9,720.0,1.0011333878588928,-4.8902830958763195,5.891416483735212,1.0252301583439762
GTEX-X585-0011-R1B-SM-46MVE.1,BRAIN,54.5,8.0,720.0,1.04474209793665,-1.043137349604006,2.087879447540656,0.6744406764885439
GTEX-X585-0011-R2B-SM-46MVF.1,BRAIN,54.5,7.6,720.0,1.1041070672780096,-1.4388465473229861,2.5429536146009957,1.1442115972539826
GTEX-X585-0011-R3B-SM-46MVG.1,BRAIN,54.5,8.1,720.0,1.0615325685794292,-1.3283603463406142,2.3898929149200434,0.6632219983403352
GTEX-X585-0011-R4B-SM-46MVH.1,BRAIN,54.5,7.7,720.0,0.7910404017385504,-1.2478525596439785,2.038892961382529,1.0792515239589964
GTEX-X585-0011-R5A-SM-46MVI.1,BRAIN,54.5,7.7,720.0,0.9336024078841959,-0.8847705007440129,1.8183729086282088,0.8732168433850152
GTEX-X585-0011-R6A-SM-46MVJ.1,BRAIN,54.5,7.4,720.0,1.018526584055993,-0.7709413110409871,1.78946789509698,0.45511702017624245
GTEX-X585-0011-R8A-SM-46MUX.1,BRAIN,54.5,6.9,720.0,1.4668850381027179,-2.465585888077785,3.932470926180503,0.9899934211487293
GTEX-X585-0226-SM-4QAS2.1,SKIN,54.5,5.7,780.0,0.04697068070404122,0.21549952431022182,-0.1685288436061806,0.048400297153749244
GTEX-X585-2426-SM-46MW2.1,SKIN,54.5,6.8,847.0,-0.20330440594496446,-0.3093830536140023,0.10607864766903785,-0.25622098684345473
GTEX-X585-3026-SM-46MWF.1,BRAIN,54.5,6.5,864.0,1.2976195444805252,-3.4039457002590274,4.701565244739553,1.2784596253840035
GTEX-X5EB-0008-SM-46MU3.1,SKIN,44.5,9.9,276.0,0.07677436607077587,-0.7850058829746468,0.8617802490454227,0.14775065436463952
GTEX-X5EB-0626-SM-46MVQ.1,HEART,44.5,8.6,206.0,0.2619956105577977,-0.0067003251541976104,0.2686959357119953,0.2691558367343882
GTEX-X5EB-0826-SM-46MVS.1,HEART,44.5,6.8,217.0,-0.38962932272779,-1.1746105566435738,0.7849812339157838,1.9154640348778842
GTEX-X5EB-1926-SM-4E3IW.1,SKIN,44.5,8.4,257.0,-0.48351827667249825,0.5381427199591463,-1.0216609966316446,0.178196279879818
GTEX-X5EB-2226-SM-46MW4.1,SKIN,44.5,7.4,274.0,0.10713025503865675,-0.12016165981630497,0.22729191485496172,0.09720016850462208
GTEX-X5EB-2326-SM-46MW5.1,MUSCLE,44.5,8.2,279.0,-1.0692520947866881,0.7763128411606354,-1.8455649359473236,-0.3006636573031212
GTEX-X62O-0008-SM-46MU5.1,SKIN,54.5,7.8,852.0,0.7331146138596513,0.369545107306944,0.36356950655270726,-0.11357587658241326
GTEX-X62O-0126-SM-4E3JN.1,SKIN,54.5,6.4,851.0,0.09460154434643438,0.9182082784065512,-0.8236067340601168,0.5230283013374369
GTEX-X62O-0826-SM-46MW8.1,HEART,54.5,8.5,893.0,0.8133948175720976,-2.8281069522483113,3.641501769820409,1.0912846575981499
GTEX-X638-0008-SM-47JZ7.1,SKIN,74.5,10.0,39.0,0.22506479613675612,-0.27488385221544165,0.49994864835219777,0.13825175908393553
GTEX-X638-0126-SM-47JZ8.1,SKIN,74.5,7.4,42.0,-0.24367764812194467,0.5522344404285795,-0.7959120885505242,0.5215291540039592
GTEX-X638-0326-SM-47JY1.1,MUSCLE,74.5,8.2,53.0,0.3712739731181269,-0.2638589262627481,0.6351328993808749,0.7188989921561547
GTEX-X88G-0008-SM-47JWN.1,SKIN,34.5,9.3,126.0,-0.05479421749938344,-1.5803327402583751,1.5255385227589917,0.2573333651920675
GTEX-X88G-0126-SM-47JZ3.1,SKIN,34.5,6.6,130.0,-0.3752247380870942,0.0998612696928938,-0.475086007779988,0.006039253853120053
GTEX-X88G-0326-SM-47JZ4.1,MUSCLE,34.5,7.4,138.0,0.8898091514747583,-0.34196913922828914,1.2317782907030475,1.0020296141487124
GTEX-X8HC-0008-SM-46MU6.1,SKIN,54.5,7.9,749.0,0.6150772072624653,0.3282027946821182,0.28687441258034707,-0.25471909602945775
GTEX-X8HC-0126-SM-4E3JW.1,SKIN,54.5,6.6,749.0,-0.44002620723032226,0.43851495236174165,-0.8785411595920639,0.11739482082148628
GTEX-X8HC-0526-SM-4E3JA.1,MUSCLE,54.5,8.6,764.0,-0.6117627987576042,-0.3114242313478846,-0.3003385674097196,0.7300870730479394
GTEX-X8HC-0626-SM-4E3HQ.1,SKIN,54.5,7.7,769.0,-0.591145688915334,0.6292898508801087,-1.2204355397954427,0.32397037684626706
GTEX-X8HC-1026-SM-46MWH.1,HEART,54.5,7.6,785.0,-0.10806792155222623,-1.0156338420138527,0.9075659204616264,0.6522214303702675
GTEX-X8HC-1626-SM-46MWE.1,HEART,54.5,7.0,801.0,-0.46506099336455775,0.22106626158964163,-0.6861272549541994,-0.07271457026721527
GTEX-XAJ8-0008-SM-46MU7.1,SKIN,44.5,9.5,173.0,2.127123334179223,-4.564115905457204,6.691239239636427,-0.4262130094974756
GTEX-XAJ8-0826-SM-47JY6.1,SKIN,44.5,8.0,168.0,0.11041189970284224,0.1872192407774937,-0.07680734107465145,0.1319454652017295
GTEX-XAJ8-1026-SM-47JY9.1,MUSCLE,44.5,5.8,182.0,-0.0009204370598065258,0.6668743167758127,-0.6677947538356191,-0.28133949273045294
GTEX-XAJ8-1426-SM-47JYM.1,SKIN,44.5,7.1,213.0,-0.3036959305795018,0.9379738480581056,-1.2416697786376074,-0.16498205781266098
GTEX-XBEC-0008-SM-4AT3X.1,SKIN,54.5,10.0,424.0,0.211234063704213,-1.2860955428789558,1.4973296065831687,0.2649010035742671
GTEX-XBEC-0626-SM-4QARY.1,MUSCLE,54.5,7.2,477.0,-0.2891783536112496,0.958015263571046,-1.2471936171822957,-0.5068917876255254
GTEX-XBEC-0726-SM-4QARZ.1,SKIN,54.5,5.8,497.0,-0.2045884279369429,0.8010982255420523,-1.0056866534789952,0.17180705981208091
GTEX-XBEC-1226-SM-4AT65.1,HEART,54.5,7.7,531.0,1.0220674789804614,-1.7425238858809236,2.764591364861385,0.6837907651262205
GTEX-XBEC-1326-SM-4AT69.1,HEART,54.5,6.3,532.0,-1.8668793437710982,1.0500879180360543,-2.9169672618071525,-1.0576300423609724
GTEX-XBEC-1526-SM-4AT68.1,LIVER,54.5,6.3,536.0,-0.836375485295961,0.8647374911601446,-1.7011129764561055,-0.1887483631548703
GTEX-XBED-0008-SM-47JWO.1,SKIN,64.5,9.4,173.0,0.5906163812642314,0.15864591384823853,0.4319704674159929,0.21183182830755454
GTEX-XBED-0526-SM-47JY3.1,HEART,64.5,7.8,104.0,0.413416259751888,0.12768951604155507,0.2857267437103329,-0.26573863031805317
GTEX-XBED-1926-SM-47JYP.1,SKIN,64.5,8.0,164.0,-0.3630577893146547,0.25555615380914637,-0.6186139431238011,0.20002120706418677
GTEX-XBED-2226-SM-47JYQ.1,SKIN,64.5,8.5,211.0,-0.18269460703814225,0.46780206378063954,-0.6504966708187818,0.19582813914293604
GTEX-XBED-2626-SM-4E3J5.1,MUSCLE,64.5,8.7,222.0,-0.43786060553998973,0.4472896897735078,-0.8851502953134975,-0.13842454184955943
GTEX-XBEW-0008-SM-4AT3Y.1,SKIN,44.5,9.8,440.0,0.3735777065250718,-0.4331290118421316,0.8067067183672034,0.40945919574271766
GTEX-XBEW-0626-SM-4QASP.1,SKIN,44.5,8.9,439.0,-0.3044308751851283,-0.16215678853085141,-0.14227408665427688,-0.32871550885792655
GTEX-XBEW-1026-SM-4QARV.1,MUSCLE,44.5,8.3,447.0,0.8148034370846734,0.3549815931987141,0.4598218438859593,-0.6386108307130547
GTEX-XBEW-1126-SM-4QARW.1,SKIN,44.5,7.2,449.0,-1.083005206781768,1.4070471039099994,-2.4900523106917674,-0.4967685719949171
GTEX-XGQ4-0008-SM-4AT3Z.1,SKIN,54.5,8.1,215.0,1.295279030482491,-0.2573151026238697,1.5525941331063606,-0.12456165037809148
GTEX-XGQ4-0326-SM-4GIEE.1,HEART,54.5,7.7,143.0,0.3048079171823688,0.27216977533544545,0.032638141846923374,-0.417767501320724
GTEX-XGQ4-0526-SM-4AT6C.1,HEART,54.5,7.6,145.0,0.22099850000218935,0.32253667630230975,-0.10153817630012041,-0.29805706885345906
GTEX-XGQ4-2326-SM-4AT53.1,MUSCLE,54.5,7.4,199.0,-0.053904758182765626,0.38162273975780864,-0.43552749794057427,0.10601966937242865
GTEX-XK95-0008-SM-4AT5G.1,SKIN,44.5,8.9,693.0,0.8289654212696775,0.32256472483304965,0.5064006964366279,0.11194199518805947
GTEX-XK95-0226-SM-4AT58.1,SKIN,44.5,6.4,691.0,0.02578838538545601,0.20365122178221653,-0.17786283639676054,0.20313706054485958
GTEX-XLM4-0008-SM-4AT4W.1,SKIN,64.5,10.0,655.0,0.053187409194061536,-1.0831309763216876,1.1363183855157493,0.30770990326209846
GTEX-XLM4-0011-R10A-SM-4AT5P.1,BRAIN,64.5,8.0,569.0,0.8530221482686103,-0.6482973160842036,1.501319464352814,0.599715983236729
GTEX-XLM4-0011-R10A-SM-5S2TN.1,BRAIN,64.5,8.0,569.0,0.8185941212409169,-0.9655432173289269,1.7841373385698438,0.7422590120981641
GTEX-XLM4-0011-R11A-SM-4AT46.1,BRAIN,64.5,7.7,569.0,0.9105731503677165,-0.818163692136298,1.7287368425040146,1.078806898078728
GTEX-XLM4-0011-R11A-SM-5S2SY.1,BRAIN,64.5,7.7,569.0,0.9127989329678599,-1.1348603076242418,2.0476592405921017,1.1890116508279451
GTEX-XLM4-0011-R2B-SM-4AT5Z.1,BRAIN,64.5,6.5,569.0,0.21219282850228446,0.1385790577202528,0.07361377078203166,0.49988062609704975
GTEX-XLM4-0011-R3B-SM-4AT6E.1,BRAIN,64.5,7.9,569.0,0.907094073951324,-0.7342438993530007,1.6413379733043247,0.4799556822503232
GTEX-XLM4-0011-R4B-SM-4AT5C.1,BRAIN,64.5,7.3,569.0,0.5994007064974479,-0.4970750119245403,1.0964757184219882,0.4171784144558047
GTEX-XLM4-0011-R6A-SM-4AT4B.1,BRAIN,64.5,8.6,569.0,0.8294426502516978,-0.6529339821715371,1.482376632423235,0.5101325725372012
GTEX-XLM4-0011-R7A-SM-4AT5L.1,BRAIN,64.5,7.7,569.0,0.6343176048979005,-0.1408388112469174,0.7751564161448179,0.3907082961345329
GTEX-XLM4-0011-R8A-SM-4AT44.1,BRAIN,64.5,8.4,569.0,0.7214339459548191,-1.3961740651101686,2.1176080110649877,1.1764383972128563
GTEX-XLM4-0011-R9A-SM-4AT45.1,BRAIN,64.5,7.0,569.0,-0.776899902231656,0.6644398363143486,-1.4413397385460045,0.004527081502564424
GTEX-XLM4-2026-SM-4AT4X.1,HEART,64.5,6.9,749.0,0.3003330437859674,-1.097305212689267,1.3976382564752345,0.34993124464202624
GTEX-XLM4-2926-SM-4AT59.1,BRAIN,64.5,6.3,786.0,0.8092936244795775,-1.1492828819193512,1.9585765063989289,0.03135898775775679
GTEX-XLM4-3026-SM-4AT6L.1,BRAIN,64.5,6.1,789.0,0.5434269672860367,-0.2362988120454314,0.779725779331468,0.1963096305045218
GTEX-XMD1-0008-SM-4AT41.1,SKIN,64.5,9.7,918.0,0.872258444715479,-1.2942266664209106,2.1664851111363896,-0.24253443357417032
GTEX-XMD1-0011-R10A-SM-4AT4A.1,BRAIN,64.5,6.9,820.0,0.36472086758290767,-0.7276536366454626,1.0923745042283701,0.6291801717720132
GTEX-XMD1-0011-R11A-SM-4AT5J.1,BRAIN,64.5,6.8,820.0,0.18172279280267306,-0.7530137774513064,0.9347365702539794,-0.4285511588761878
GTEX-XMD1-0011-R1A-SM-4AT4C.1,BRAIN,64.5,6.7,820.0,-0.4420852398751798,0.15895528544058043,-0.6010405253157602,0.2863095910250301
GTEX-XMD1-0011-R2B-SM-4AT5N.1,BRAIN,64.5,6.0,820.0,-0.7572279236888537,0.6152386738393542,-1.372466597528208,-0.04800361833888696
GTEX-XMD1-0011-R3B-SM-4AT5R.1,BRAIN,64.5,6.7,820.0,-0.10652125621286093,-0.011792634192167183,-0.09472862202069375,0.2749323413493737
GTEX-XMD1-0011-R5A-SM-4AT47.1,BRAIN,64.5,7.8,820.0,0.3123709529822257,-0.16625597987702664,0.4786269328592524,0.9925567609177778
GTEX-XMD1-0011-R6A-SM-4AT5K.1,BRAIN,64.5,7.4,820.0,0.1831379409827402,0.03875610861480632,0.14438183236793387,0.38245049354057337
GTEX-XMD1-0011-R8A-SM-4AT48.1,BRAIN,64.5,7.5,820.0,0.7020948763847275,-1.3422844255715853,2.0443793019563126,1.3154711294115455
GTEX-XMD1-0011-R9A-SM-4AT49.1,BRAIN,64.5,7.2,820.0,0.7046206485809934,-2.365910527000944,3.0705311755819373,1.0418271356570168
GTEX-XMD1-0626-SM-EZ6MC.1,MUSCLE,64.5,5.8,926.0,0.8994912568310194,-0.5148132988083121,1.4143045556393314,0.4982642712129076
GTEX-XMD1-2826-SM-4AT5F.1,BRAIN,64.5,6.4,987.0,0.372724967083262,-0.8369042814284771,1.209629248511739,0.001347320571566917
GTEX-XMD1-2926-SM-4AT42.1,BRAIN,64.5,6.1,990.0,0.0025983494645817735,-0.25946176255379466,0.2620601120183764,1.3376874646990298
GTEX-XMD2-0008-SM-4WWE7.1,SKIN,64.5,10.0,1340.0,0.4780825965905062,-0.7868443063283299,1.2649269029188361,-0.13671914170422353
GTEX-XMD2-0126-SM-4YCDU.1,SKIN,64.5,7.7,1339.0,0.0211200851643357,0.18474333142134353,-0.16362324625700783,0.14643045888538805
GTEX-XMD2-0526-SM-4YCDI.1,MUSCLE,64.5,8.7,1368.0,1.438519758551254,-3.495719581828822,4.934239340380076,0.954479887613025
GTEX-XMD2-2126-SM-4YCF8.1,SKIN,64.5,7.5,1420.0,0.0439940966912122,0.19800257828956327,-0.15400848159835107,0.05187111220526335
GTEX-XMD3-0008-SM-4AT4V.1,SKIN,54.5,10.0,1339.0,-0.0014042004680841938,-0.6248451531702864,0.6234409527022022,0.16339676525792934
GTEX-XMK1-0008-SM-4GICF.1,SKIN,44.5,10.0,246.0,-0.13204647025813654,-1.0408348097412639,0.9087883394831273,0.5684236980035354
GTEX-XOT4-0008-SM-4B664.1,SKIN,64.5,10.0,640.0,0.30992719408214137,-1.139160494073393,1.4490876881555343,0.2616962286422503
GTEX-XOT4-0526-SM-4B66O.1,MUSCLE,64.5,7.6,665.0,-0.07995715234841562,-0.13302841410467717,0.05307126175626155,0.011749471570223846
GTEX-XOT4-0626-SM-4B66L.1,SKIN,64.5,7.3,667.0,-0.18259842610342575,0.8853469457269884,-1.0679453718304142,0.12891530025137846
GTEX-XOT4-1126-SM-4B66E.1,HEART,64.5,8.0,686.0,1.1427000383757122,-1.335500921303469,2.478200959679181,0.5217356880843934
GTEX-XOTO-0008-SM-4GICE.1,SKIN,54.5,10.0,593.0,0.2254668814079218,-1.0929398461745596,1.3184067275824813,0.2236965155777647
GTEX-XOTO-0011-R10B-SM-EZ6LM.1,BRAIN,54.5,5.7,503.0,0.059342667183357026,-0.049067901031904136,0.10841056821526115,-0.2857542124904931
GTEX-XOTO-0011-R11B-SM-4B64O.1,BRAIN,54.5,6.8,503.0,0.5598522818880257,-0.6153292647107548,1.1751815465987805,-0.4040320062734455
GTEX-XOTO-0011-R1B-SM-4B65C.1,BRAIN,54.5,7.1,503.0,0.3434578312235162,-0.14341133729678537,0.4868691685203016,0.4308378905385124
GTEX-XOTO-0011-R3A-SM-4B64W.1,BRAIN,54.5,6.9,503.0,0.5881897302384678,-0.16161042178464324,0.749800152023111,0.12524732574592845
GTEX-XOTO-0011-R4B-SM-EZ6LL.1,BRAIN,54.5,5.8,503.0,-0.6130829852635775,0.42985007305232315,-1.0429330583159007,-0.20767508956811762
GTEX-XOTO-0011-R5A-SM-4B657.1,BRAIN,54.5,6.9,503.0,-0.4050815768191948,0.842580637781182,-1.2476622146003769,-0.2896925854279764
GTEX-XOTO-0011-R6B-SM-4B65X.1,BRAIN,54.5,6.7,503.0,-0.40430656980011365,0.6820240833436327,-1.0863306531437464,-0.21316653167291538
GTEX-XOTO-0011-R7B-SM-4B64R.1,BRAIN,54.5,7.7,503.0,-0.3463434129775253,0.823310456143018,-1.1696538691205434,-0.17665990417030564
GTEX-XOTO-0011-R8A-SM-4B65J.1,BRAIN,54.5,6.4,503.0,-0.14507076499885357,0.5067567421161319,-0.6518275071149855,0.10249080328999413
GTEX-XOTO-0011-R9A-SM-4GICI.1,BRAIN,54.5,6.5,503.0,-1.0555975153175412,0.759384051841791,-1.8149815671593323,-0.23486804199560257
GTEX-XOTO-0126-SM-4B66N.1,SKIN,54.5,8.1,592.0,-0.2926751160626134,0.5260287834657981,-0.8187038995284115,-0.040924078028213046
GTEX-XOTO-0526-SM-4B662.1,MUSCLE,54.5,8.6,616.0,0.28283305802102443,-0.3524185506427165,0.635251608663741,0.21038290677716118
GTEX-XOTO-0726-SM-4B659.1,SKIN,54.5,7.5,646.0,-0.4912502309507833,0.8492681088340427,-1.340518339784826,-0.12961833209943371
GTEX-XOTO-0826-SM-4B65O.1,LIVER,54.5,7.3,658.0,0.22977782422686854,0.08160831666542014,0.14816950756144842,-0.026241010952082058
GTEX-XOTO-2926-SM-4B65G.1,BRAIN,54.5,6.9,718.0,0.21355965479742903,-0.14844802177007843,0.36200767656750743,-0.31707689200340533
GTEX-XOTO-3026-SM-4B65M.1,BRAIN,54.5,7.1,721.0,0.24018720937180693,0.08094300454717418,0.15924420482463275,0.07360611930905553
GTEX-XPT6-0008-SM-4B64Q.1,SKIN,24.5,10.0,250.0,0.3698947531059933,-1.246057771533575,1.6159525246395683,0.04485384645619139
GTEX-XPT6-0126-SM-4B65S.1,HEART,24.5,7.9,184.0,0.19652771488851628,0.3603782088854931,-0.16385049399697682,-0.45345994392475364
GTEX-XPT6-0226-SM-4B65L.1,HEART,24.5,8.4,186.0,0.30126542689770214,0.05384330865659231,0.24742211824110982,0.34195627561262926
GTEX-XPT6-2026-SM-4B64V.1,MUSCLE,24.5,8.9,254.0,0.39363446890226045,0.6383051113687835,-0.2446706424665231,-0.3473524344860528
GTEX-XPVG-0008-SM-4GICH.1,SKIN,54.5,10.0,223.0,-0.25460212579908414,-1.5073860458536454,1.2527839200545614,0.31696239496869927
GTEX-XPVG-0726-SM-4B658.1,HEART,54.5,8.0,93.0,0.07274039611621265,0.2865763565974881,-0.21383596048127546,-0.1855487778534429
GTEX-XPVG-0826-SM-4B654.1,HEART,54.5,8.3,98.0,0.09924470174181464,0.5375167096331798,-0.4382720078913651,-0.670139135179816
GTEX-XPVG-2126-SM-4B667.1,SKIN,54.5,6.8,194.0,-0.4688903044783528,1.1615121230098926,-1.6304024274882454,-0.05259445445398731
GTEX-XPVG-2526-SM-4B66D.1,MUSCLE,54.5,7.9,217.0,-0.24023856606974595,1.305157200059726,-1.545395766129472,-0.5488332939335527
GTEX-XPVG-2626-SM-4B669.1,SKIN,54.5,7.4,221.0,-0.5119573537573773,0.8370162721374429,-1.3489736258948202,-0.308540268847528
GTEX-XQ3S-0008-SM-4GIDZ.1,SKIN,24.5,9.9,895.0,0.18168292448484552,-0.03621852589638877,0.2179014503812343,0.20381207246130867
GTEX-XQ3S-0426-SM-4BOOA.1,MUSCLE,24.5,8.4,852.0,0.3135529368694335,0.08750576593797,0.22604717093146348,-0.5452944087083003
GTEX-XQ3S-0526-SM-4BOQA.1,HEART,24.5,7.5,854.0,0.6078373958355043,-0.4573983321197632,1.0652357279552676,0.4111634454192389
GTEX-XQ3S-0626-SM-4BOOB.1,HEART,24.5,7.7,857.0,0.901388208538772,0.0275560643337919,0.8738321442049801,-0.30550737787943855
GTEX-XQ3S-1426-SM-4BOPR.1,SKIN,24.5,7.7,882.0,-0.181384765273634,0.9306888946637238,-1.1120736599373577,-0.033685682695063834
GTEX-XQ3S-1526-SM-4BOOC.1,SKIN,24.5,7.1,894.0,0.023918100800149455,0.691316169090716,-0.6673980682905666,-0.17103635158230393
GTEX-XQ8I-0008-SM-4WAWM.1,SKIN,54.5,9.5,413.0,0.3077565603302701,-0.7862687583441941,1.0940253186744642,-0.022573207698728292
GTEX-XQ8I-0126-SM-4BOPL.1,HEART,54.5,7.5,370.0,0.08606085576526826,0.568621394977154,-0.4825605392118858,-0.809453133430283
GTEX-XQ8I-0226-SM-4BOPM.1,HEART,54.5,7.5,373.0,0.490833595033384,-0.017314138345764313,0.5081477333791483,0.06661090708860203
GTEX-XQ8I-0426-SM-4BOPO.1,SKIN,54.5,7.7,412.0,-0.08973617321598805,0.4475347300891622,-0.5372709033051503,-0.15999832919588097
GTEX-XQ8I-0626-SM-4BOPT.1,MUSCLE,54.5,8.3,439.0,0.12110195801667407,-0.2664407212690065,0.38754267928568054,0.057099792455875556
GTEX-XQ8I-0926-SM-4BOOF.1,SKIN,54.5,7.8,464.0,-0.32187728769922047,0.09585008742216589,-0.41772737512138636,-0.1508698026145248
GTEX-XUJ4-0008-SM-4BOQI.1,SKIN,64.5,9.7,196.0,0.30733564477346037,-0.8245511584684622,1.1318868032419225,0.11624390513657618
GTEX-XUJ4-0526-SM-4BOON.1,HEART,64.5,8.7,99.0,0.5681183741860518,0.009275630811332054,0.5588427433747197,-0.13259739970968412
GTEX-XUJ4-0626-SM-4BOOO.1,HEART,64.5,8.7,102.0,0.27254868432841295,-0.15316832318062185,0.4257170075090348,0.09856328226048239
GTEX-XUJ4-1826-SM-4BOOU.1,SKIN,64.5,7.1,150.0,-0.7709469622231983,0.9799754307142284,-1.7509223929374267,0.03208713492975841
GTEX-XUJ4-2426-SM-4BOO3.1,SKIN,64.5,6.2,197.0,-0.34581476611603257,0.07413107082056204,-0.4199458369365946,-0.19639282419844656
GTEX-XUJ4-2626-SM-4BOQ3.1,MUSCLE,64.5,7.9,201.0,0.25443892726582906,0.5051895699267206,-0.25075064266089153,-0.6052773395367104
GTEX-XUW1-0008-SM-4BOQH.1,SKIN,54.5,9.9,338.0,0.33662057172548904,-0.3275457485791332,0.6641663203046222,0.12862022430276415
GTEX-XUW1-0426-SM-4BOOT.1,SKIN,54.5,7.6,337.0,-0.04877736191698549,-0.11997222767514033,0.07119486575815484,0.23925856052441954
GTEX-XUW1-0826-SM-4BOP6.1,MUSCLE,54.5,8.9,372.0,-0.04800889948406694,0.2659873631530045,-0.3139962626370714,0.07371861154695432
GTEX-XUW1-0926-SM-4BONX.1,SKIN,54.5,6.1,379.0,-0.6912754906435811,1.123566844289837,-1.814842334933418,-0.16142987228852748
GTEX-XUYS-0008-SM-47JYZ.1,SKIN,54.5,10.0,27.0,-0.10014925707411963,-1.1427201864339003,1.0425709293597807,0.021987208795619
GTEX-XUYS-0126-SM-47JWZ.1,SKIN,54.5,8.8,27.0,-0.5047579432081177,0.5486316159451174,-1.0533895591532352,0.1435618461694563
GTEX-XUYS-0326-SM-47JX2.1,MUSCLE,54.5,8.0,41.0,-0.2996698145664462,-0.03762465325829078,-0.2620451613081554,-0.13680376629570204
GTEX-XUZC-0008-SM-4BOQG.1,SKIN,34.5,10.0,161.0,0.0779024050652573,-1.2579201060659813,1.3358225111312385,0.308665264858194
GTEX-XUZC-1726-SM-4BRWS.1,SKIN,34.5,6.3,163.0,-1.275084415456008,1.5946182422059099,-2.869702657661918,-0.7948359517601923
GTEX-XUZC-2126-SM-4BRW8.1,MUSCLE,34.5,7.9,170.0,1.0690420820711846,0.025787116524471167,1.0432549655467134,-0.34913572689717964
GTEX-XV7Q-0008-SM-4BRWL.1,SKIN,44.5,10.0,145.0,-0.003679007286613097,-1.4900915619336932,1.48641255464708,0.03518424241751551
GTEX-XV7Q-0726-SM-4BRV6.1,HEART,44.5,8.4,73.0,0.2950460405964162,-0.05712263259040174,0.35216867318681794,0.2993145505892173
GTEX-XV7Q-0826-SM-4BRV7.1,HEART,44.5,8.2,74.0,0.593756870056804,-1.205900997816062,1.7996578678728659,0.550035266646099
GTEX-XV7Q-1826-SM-4BRUV.1,SKIN,44.5,6.9,108.0,-0.18351708037763828,0.5452335423375646,-0.7287506227152029,0.08642807762757419
GTEX-XV7Q-2526-SM-4BRV9.1,SKIN,44.5,6.7,146.0,-0.17903766743739022,0.5009349835216164,-0.6799726509590066,0.4369198303095
GTEX-XV7Q-2926-SM-4BRUL.1,MUSCLE,44.5,7.3,155.0,1.5387525503364496,-1.2360268039939584,2.7747793543304082,0.6012445877987114
GTEX-XXEK-0008-SM-4BRW7.1,SKIN,54.5,9.4,215.0,0.27909130345686645,-1.476327441558947,1.7554187450158134,0.19784329267123657
GTEX-XXEK-0926-SM-4BRWH.1,HEART,54.5,8.3,157.0,0.0009161820561858486,0.4130430674125408,-0.412126885356355,-0.6710048729628837
GTEX-XXEK-0926-SM-5S2T8.1,HEART,54.5,8.3,157.0,0.2715904450730718,0.07036597798523414,0.20122446708783764,-0.39943268569098833
GTEX-XXEK-1126-SM-4BRUX.1,LIVER,54.5,8.7,169.0,0.3875372087368677,-0.9939280221028794,1.3814652308397473,0.017278326637883354
GTEX-XXEK-1626-SM-4BRUZ.1,SKIN,54.5,8.0,187.0,-0.22937238767646362,0.8562633610625979,-1.0856357487390615,0.0914468330805026
GTEX-XXEK-2026-SM-4BRVE.1,HEART,54.5,9.0,206.0,-0.031125719839816365,-0.01951082635354099,-0.011614893486275375,0.5354647476889348
GTEX-XXEK-2226-SM-4BRUM.1,SKIN,54.5,6.2,215.0,-0.3121567344009084,0.7821826220979067,-1.094339356498815,0.16867329844173534
GTEX-XXEK-2226-SM-5S2SA.1,SKIN,54.5,6.2,215.0,-0.35516347327213205,0.7556913823233491,-1.1108548555954811,0.1973187352220665
GTEX-XYKS-0008-SM-4BRW6.1,SKIN,64.5,9.7,222.0,0.23353560169690332,-0.9439404057513917,1.177476007448295,0.181701215621426
GTEX-XYKS-0226-SM-4BRW3.1,HEART,64.5,8.8,163.0,0.5235417957951437,-0.5290684633495498,1.0526102591446935,0.4375636107921923
GTEX-XYKS-1426-SM-4BRUO.1,SKIN,64.5,7.0,204.0,0.33533644871272805,-0.004921160518149508,0.34025760923087756,0.11935724929040147
GTEX-XYKS-2126-SM-4E3IB.1,SKIN,64.5,8.4,218.0,-0.1263427453963067,-0.4347665397765204,0.3084237943802137,-0.05989494808287413
GTEX-XYKS-2426-SM-4AT43.1,MUSCLE,64.5,8.0,222.0,0.7137872999492485,-0.7123086641410927,1.4260959640903412,0.5298773634268941
GTEX-Y111-0008-SM-4SOJ3.1,SKIN,54.5,10.0,1398.0,0.034832333084476065,-0.8686123557394185,0.9034446888238946,0.2652657489737679
GTEX-Y111-0126-SM-4SOIV.1,SKIN,54.5,7.3,1399.0,-0.7105522354367061,1.07266083556077,-1.7832130709974763,0.05968130863792582
GTEX-Y111-0326-SM-4SOIX.1,MUSCLE,54.5,8.1,1407.0,-0.13436529493116028,0.6418076523753015,-0.7761729473064618,-0.11111417592032043
GTEX-Y111-0626-SM-4SOIT.1,SKIN,54.5,6.6,1472.0,-1.0021573931967251,1.3792200695634138,-2.381377462760139,-0.499704933947576
GTEX-Y111-0726-SM-EYYVM.1,LIVER,54.5,5.6,1476.0,-0.591389369531423,0.7891043457349193,-1.3804937152663421,-0.4195745946994768
GTEX-Y111-2726-SM-4TT3N.1,BRAIN,54.5,5.9,1668.0,0.0995463904767197,0.3138134287102566,-0.21426703823353688,-0.18858613994099543
GTEX-Y111-2826-SM-4TT3O.1,BRAIN,54.5,6.1,1669.0,0.7765121244334706,-0.9200317054283064,1.696543829861777,-0.27415890469705695
GTEX-Y114-0008-SM-4TT8X.1,SKIN,54.5,9.6,227.0,0.34672325288436673,-0.7014614409671203,1.048184693851487,0.1807277277134694
GTEX-Y114-0126-SM-4TT8K.1,HEART,54.5,8.4,91.0,0.015725090079693724,0.25693799042894866,-0.24121290034925494,-0.13550406996220088
GTEX-Y114-0226-SM-4TT8W.1,HEART,54.5,8.4,93.0,0.5325273046126627,0.2891501107229424,0.24337719388972034,-0.5593685607103309
GTEX-Y114-2126-SM-4TT8B.1,SKIN,54.5,8.0,202.0,-1.3769877873624836,1.3918478219459094,-2.7688356093083932,-0.5682126652417598
GTEX-Y114-2426-SM-4TT8A.1,SKIN,54.5,7.6,228.0,-0.9403754068403852,0.8731260151781584,-1.8135014220185437,-0.25728856672744965
GTEX-Y114-2526-SM-4TT8M.1,MUSCLE,54.5,8.1,235.0,-0.005248943737085258,0.21743407674320298,-0.22268302048028824,-0.19905750754697726
GTEX-Y3I4-0008-SM-4TT21.1,SKIN,54.5,9.6,178.0,0.24923498644609615,-0.5155398169818534,0.7647748034279496,-0.10792861702186049
GTEX-Y3I4-0526-SM-4TT6X.1,HEART,54.5,8.1,117.0,-0.2607189569250948,0.357809670968478,-0.6185286278935728,-0.36075863881984754
GTEX-Y3I4-0626-SM-4TT7A.1,HEART,54.5,8.2,118.0,0.05938999077989455,0.3086818056060674,-0.24929181482617285,-0.5793396905168692
GTEX-Y3I4-1726-SM-4TT89.1,SKIN,54.5,7.6,162.0,-1.2276145886300711,1.4495137095776607,-2.677128298207732,-0.423746636370374
GTEX-Y3I4-2126-SM-4TT7C.1,SKIN,54.5,7.7,179.0,-0.5424216081231936,1.2031735983692842,-1.7455952064924778,0.31145683549574604
GTEX-Y3I4-2326-SM-4TT81.1,MUSCLE,54.5,8.0,183.0,-1.694192206484298,1.2058634669388835,-2.9000556734231813,-0.5456825026561704
GTEX-Y3IK-0008-SM-4WWDZ.1,SKIN,54.5,9.5,172.0,0.09389366706040853,-1.1448651463156978,1.2387588133761063,-0.005062747983674892
GTEX-Y3IK-0826-SM-51MT8.1,HEART,54.5,8.9,92.0,0.840768935439162,-0.2412516733235022,1.0820206087626643,-0.1479819696338525
GTEX-Y3IK-1026-SM-51MR7.1,HEART,54.5,8.6,95.0,0.14603476310896402,0.0027947523397216937,0.1432400107692423,-0.2549397154442301
GTEX-Y3IK-1626-SM-4YCF5.1,SKIN,54.5,7.1,122.0,-0.5479355325405117,0.5829863437670952,-1.130921876307607,-0.005852769494120347
GTEX-Y3IK-2426-SM-4WWDU.1,SKIN,54.5,8.3,174.0,-0.5337390408846863,0.14922272904060835,-0.6829617699252946,-0.33857089236999083
GTEX-Y3IK-2626-SM-4WWDK.1,MUSCLE,54.5,7.9,183.0,-0.04147444096750581,0.5268487547073365,-0.5683231956748424,-0.2247423215232644
GTEX-Y5LM-0426-SM-4VBRO.1,LIVER,44.5,9.8,83.0,1.3124956820095384,-0.8384834642022411,2.1509791462117795,0.017119304724918762
GTEX-Y5LM-0926-SM-6LLJG.1,SKIN,44.5,7.1,102.0,0.3564005950978922,0.486044172542451,-0.12964357744455884,0.09328089641021155
GTEX-Y5LM-1926-SM-5RQJH.1,SKIN,44.5,7.0,187.0,-0.32783668526826154,0.7746295163438922,-1.1024662016121538,0.011138679028186344
GTEX-Y5LM-2126-SM-4VDSY.1,MUSCLE,44.5,8.2,191.0,0.20674774939671323,0.6502222001859091,-0.4434744507891959,0.03477150597544403
GTEX-Y5V5-0126-SM-5S2NW.1,SKIN,64.5,7.4,138.0,-0.05792063985711984,0.055540070709648566,-0.1134607105667684,0.5548531222029198
GTEX-Y5V5-0626-SM-4VBPX.1,HEART,64.5,7.1,170.0,-0.20466626118883988,0.5525872590617398,-0.7572535202505797,-0.26079188577514884
GTEX-Y5V5-0726-SM-4VBPY.1,HEART,64.5,7.2,175.0,-0.06791252869561465,0.2071239513567006,-0.27503648005231524,0.2690431529164091
GTEX-Y5V5-0926-SM-4VBPZ.1,LIVER,64.5,7.0,188.0,0.08425423597117675,0.12037134803734365,-0.0361171120661669,-0.13542905682385192
GTEX-Y5V5-2326-SM-4V6GA.1,SKIN,64.5,8.4,266.0,-0.29470846001429735,-0.4475175348232645,0.15280907480896716,0.130652312499892
GTEX-Y5V5-2526-SM-4VBQ4.1,MUSCLE,64.5,8.8,272.0,0.19381243976220366,-1.1195846119248307,1.3133970516870344,0.8544834096979881
GTEX-Y5V6-0008-SM-4V6FV.1,SKIN,64.5,9.7,210.0,0.6744215205529307,-1.1327311729070408,1.8071526934599715,-0.18307504878251213
GTEX-Y5V6-0826-SM-4VBRU.1,HEART,64.5,8.1,136.0,0.2536936995621206,0.31941850186172654,-0.06572480229960592,-0.4422177274042167
GTEX-Y5V6-2326-SM-4VDSA.1,SKIN,64.5,7.4,207.0,-0.02745435235851354,1.1462373543382127,-1.1736917066967263,-0.4072161842567738
GTEX-Y5V6-2426-SM-4VDSB.1,SKIN,64.5,7.6,212.0,0.09374845894798559,0.8613832168580093,-0.7676347579100238,-0.46404303405649705
GTEX-Y5V6-2626-SM-5IFIX.1,MUSCLE,64.5,7.8,218.0,-0.3441907352608248,1.0869989376151845,-1.4311896728760094,-0.7166493058879916
GTEX-Y8DK-0008-SM-4RGM2.1,SKIN,64.5,9.6,1096.0,0.22245237122334088,-1.1322112425740638,1.3546636137974046,-0.13828247389372925
GTEX-Y8DK-0011-R10A-SM-4SOK1.1,BRAIN,64.5,8.9,890.0,0.6633473149339404,-0.04952256194831747,0.7128698768822579,-0.08492834667281378
GTEX-Y8DK-0011-R11A-SM-4SOK2.1,BRAIN,64.5,9.1,890.0,1.0222505583594896,-1.3550699936938255,2.377320552053315,-0.009487104542006183
GTEX-Y8DK-0011-R1A-SM-4RGLO.1,BRAIN,64.5,7.1,890.0,-1.2564634998836441,0.9798511403830084,-2.2363146402666523,-0.7990744285171048
GTEX-Y8DK-0011-R3A-SM-4RTW5.1,BRAIN,64.5,6.9,890.0,0.42431178748053555,0.02437498000459646,0.39993680747593907,0.00682944760174394
GTEX-Y8DK-0011-R4A-SM-EXUR1.1,BRAIN,64.5,5.5,890.0,-1.1975514531168356,0.619335938436023,-1.8168873915528585,-0.6149928399654954
GTEX-Y8DK-0011-R5B-SM-4RTW6.1,BRAIN,64.5,8.5,890.0,0.10063725663618353,0.5078726775525951,-0.40723542091641163,0.15737223644825946
GTEX-Y8DK-0011-R6A-SM-4V6EG.1,BRAIN,64.5,7.8,890.0,0.32997025783373934,0.10667744894007258,0.22329280889366676,0.10271825227631734
GTEX-Y8DK-0011-R7A-SM-4SOJZ.1,BRAIN,64.5,8.2,890.0,-0.7393789200120789,1.028106011207235,-1.7674849312193142,-0.345999576660077
GTEX-Y8DK-0011-R8B-SM-EYYVQ.1,BRAIN,64.5,5.6,890.0,-0.5642375627534045,0.808086878641465,-1.3723244413948694,-0.34429704945763834
GTEX-Y8DK-0126-SM-4TT3L.1,SKIN,64.5,8.2,1100.0,-0.24596956840567755,0.539296719999863,-0.7852662884055405,-0.13135905627692948
GTEX-Y8DK-0326-SM-4TT3P.1,MUSCLE,64.5,8.6,1105.0,0.2504614699316123,0.236277560148613,0.014183909782999271,-0.2600595242924633
GTEX-Y8DK-0726-SM-4TT3S.1,BRAIN,64.5,6.6,1277.0,0.77692671760122,-0.779602783530183,1.5565295011314029,0.050609972843169614
GTEX-Y8DK-0826-SM-4TT3T.1,BRAIN,64.5,7.1,1285.0,0.31186252952763116,0.3252706083053932,-0.013408078777762067,-0.10901498761941411
GTEX-Y8E4-0008-SM-4V6FW.1,SKIN,44.5,9.8,377.0,0.2820739528073997,-1.228931808123491,1.5110057609308907,0.11160941710317877
GTEX-Y8E4-0326-SM-4VBRR.1,HEART,44.5,7.6,369.0,0.019560734140352504,0.4987804144227453,-0.4792196802823928,-0.6487196539542157
GTEX-Y8E4-0426-SM-4V6GB.1,HEART,44.5,8.5,371.0,0.1811293369359974,-0.06326073340393508,0.24439007033993249,0.6055048572992857
GTEX-Y8E4-0626-SM-4WWDL.1,SKIN,44.5,8.0,376.0,0.030010524554119847,0.14458098541770414,-0.1145704608635843,-0.042304995107901214
GTEX-Y8E4-1026-SM-4VBQ5.1,MUSCLE,44.5,8.3,384.0,-0.09814000292110957,0.489765911525657,-0.5879059144467665,-0.2724341296926676
GTEX-Y8E4-2026-SM-5IFJB.1,SKIN,44.5,8.0,424.0,-0.6121766656100492,1.088317695747666,-1.7004943613577153,0.08846748518206021
GTEX-Y8E5-0008-SM-57WBA.1,SKIN,64.5,9.3,53.0,0.3480279207150188,-1.0787422442113008,1.4267701649263196,0.027056360634845067
GTEX-Y8E5-0326-SM-57WBM.1,MUSCLE,64.5,7.4,90.0,0.22355279778408457,-1.54846329877376,1.7720160965578446,0.4587699565824785
GTEX-Y8LW-0008-SM-4V6G5.1,SKIN,54.5,9.0,342.0,0.7140465631192789,0.3742010162055386,0.33984554691374036,-0.0964027498807235
GTEX-Y8LW-1526-SM-5IFHL.1,SKIN,54.5,6.9,275.0,-0.9998012525234719,1.3350866001560295,-2.3348878526795014,0.20409936787436297
GTEX-Y8LW-1826-SM-5S2MV.1,SKIN,54.5,6.3,341.0,-0.17205743340883248,0.49033399915397374,-0.6623914325628062,0.42072821657943266
GTEX-Y8LW-2026-SM-4V6G8.1,MUSCLE,54.5,8.1,346.0,-0.7502370239534768,0.682745463569855,-1.432982487523332,0.07039727902305204
GTEX-Y9LG-0008-SM-4VBRJ.1,SKIN,34.5,10.0,159.0,0.26288854062075123,-1.3726769123564926,1.6355654529772439,-0.18259439124446852
GTEX-Y9LG-1126-SM-4VBQ7.1,SKIN,34.5,6.1,94.0,-1.2654508001822753,1.5008226081584906,-2.7662734083407656,-0.6381292543352081
GTEX-Y9LG-1926-SM-5IFHY.1,MUSCLE,34.5,7.3,153.0,-1.2104396196247584,1.4390075665504405,-2.649447186175199,-0.5763486886721773
GTEX-YB5E-0008-SM-4VDT7.1,SKIN,44.5,9.4,265.0,0.09103915737638023,-1.1361707459277097,1.22720990330409,0.07378002657798417
GTEX-YB5E-0326-SM-5IFHU.1,LIVER,44.5,8.3,163.0,1.339143162767863,-0.9541447067957283,2.293287869563591,0.9198079104414966
GTEX-YB5E-2026-SM-5IFIS.1,SKIN,44.5,7.5,261.0,-0.8599050359950494,0.518276231804337,-1.3781812677993863,-0.2865523950916153
GTEX-YB5E-2226-SM-5IFJ5.1,MUSCLE,44.5,8.2,268.0,-0.15815744911163399,0.5624095044699454,-0.7205669535815794,0.02861931611257114
GTEX-YB5K-0008-SM-4VDT8.1,SKIN,44.5,9.8,284.0,0.6819118770812383,-1.1346312611857585,1.8165431382669968,0.04439768177735127
GTEX-YB5K-0126-SM-5IFJ2.1,HEART,44.5,8.2,160.0,-0.012562206779423454,-0.05797769576632617,0.045415488986902716,-0.32220331668095253
GTEX-YB5K-0226-SM-5IFJE.1,HEART,44.5,8.3,162.0,0.31926589916084663,0.1596433849147438,0.15962251424610283,0.13791473470268203
GTEX-YB5K-2026-SM-4VDT3.1,SKIN,44.5,7.4,269.0,0.18170075039631695,1.0112229084553295,-0.8295221580590125,0.3083060886917856
GTEX-YB5K-2126-SM-4WWDJ.1,SKIN,44.5,7.2,284.0,-0.6605102322995984,0.8942170468157451,-1.5547272791153435,-0.1651133739095473
GTEX-YB5K-2326-SM-5IFHD.1,MUSCLE,44.5,8.5,291.0,-0.6830982701540881,0.8583406105080769,-1.5414388806621648,-0.6418618851940118
GTEX-YBZK-0008-SM-59HL6.1,SKIN,54.5,9.8,31.0,0.648106690148933,-1.0248460271189919,1.6729527172679248,-0.17114356776051576
GTEX-YBZK-0326-SM-59HLN.1,MUSCLE,54.5,8.6,50.0,-0.08377257365190534,-0.9360211883770313,0.8522486147251259,1.2738901893965793
GTEX-YEC3-0008-SM-4W1YF.1,SKIN,54.5,9.9,281.0,0.5109634473369574,-1.0316502212454568,1.542613668582414,-0.3117355342023571
GTEX-YEC3-0426-SM-4YCEP.1,HEART,54.5,8.6,239.0,-0.004484405132432375,0.5787574940905873,-0.5832418992230197,-0.29107190404858296
GTEX-YEC3-0426-SM-5IFK1.1,HEART,54.5,8.3,239.0,-0.04204178333820232,0.555871339715967,-0.5979131230541693,0.09667143291798841
GTEX-YEC3-0426-SM-CYPS8.1,HEART,54.5,8.3,239.0,0.13535557989855973,0.36263618948882453,-0.2272806095902648,0.2582353513500248
GTEX-YEC3-0726-SM-4YCD1.1,HEART,54.5,7.0,244.0,0.24838147226500298,0.6386421117205662,-0.3902606394555632,-0.5258487230206039
GTEX-YEC3-0726-SM-5IFIW.1,HEART,54.5,8.0,244.0,0.1320021610995173,0.688301519167664,-0.5562993580681468,-0.6888938173867022
GTEX-YEC3-0726-SM-CMKFH.1,HEART,54.5,8.0,244.0,0.23991014112337652,0.6172580648528864,-0.37734792372950987,-0.6216770256096539
GTEX-YEC3-1326-SM-4WWEL.1,SKIN,54.5,6.5,258.0,0.05541413257118927,1.2337745174030013,-1.178360384831812,-0.06586255960540903
GTEX-YEC3-1326-SM-5PNXV.1,SKIN,54.5,6.0,258.0,-1.183974430978155,2.176758652854101,-3.360733083832256,-0.464495405147478
GTEX-YEC3-1326-SM-DO92X.1,SKIN,54.5,6.5,258.0,0.16019739213375542,0.9816733227064638,-0.8214759305727084,0.010345292620082354
GTEX-YEC3-1826-101807-SM-EYYVR.1,SKIN,54.5,5.9,282.0,-1.069555223325967,1.9176495350387117,-2.987204758364679,-0.30350512922488543
GTEX-YEC3-2126-SM-4YCDB.1,MUSCLE,54.5,8.6,294.0,-0.6333022629473936,1.316220823286322,-1.9495230862337154,-0.36689921344966964
GTEX-YEC3-2126-SM-5CVLR.1,MUSCLE,54.5,6.7,294.0,-1.0802767708230958,1.7419022623380047,-2.8221790331611007,-0.9151767924328902
GTEX-YEC4-0008-SM-4W1YR.1,SKIN,44.5,10.0,255.0,1.293767484936906,-0.6235891100216823,1.9173565949585885,-0.47835257423816274
GTEX-YEC4-0226-SM-4W1YG.1,HEART,44.5,8.7,172.0,0.14052151207445382,0.4487249672452268,-0.30820345517077297,-0.46666631696914973
GTEX-YEC4-0326-SM-4W216.1,HEART,44.5,8.6,175.0,0.455284354237318,-0.07145335323618277,0.5267377074735008,-0.39870207431164284
GTEX-YEC4-0826-SM-5P9FV.1,LIVER,44.5,7.4,198.0,-0.2566521163027056,0.13626491772450883,-0.39291703402721445,-0.2343737806473525
GTEX-YEC4-1826-SM-4W1YP.1,SKIN,44.5,8.2,245.0,0.2748441548348924,0.583151206962614,-0.30830705212772164,0.13631027899581982
GTEX-YEC4-2126-101817-SM-EYYVS.1,SKIN,44.5,5.9,253.0,-0.2704833208439075,0.8000999215409786,-1.0705832423848862,0.20523369335515146
GTEX-YEC4-2126-SM-5IFJH.1,SKIN,44.5,6.6,253.0,-0.34540456636583644,0.7752862451216931,-1.1206908114875296,0.2862321778491881
GTEX-YEC4-2226-SM-5IFJT.1,MUSCLE,44.5,7.2,260.0,-0.47511919866368724,0.453503704988034,-0.9286229036517213,-0.03302179012596457
GTEX-YECK-0008-SM-4W1ZG.1,SKIN,64.5,10.0,553.0,1.3237773305658374,-0.896892898790904,2.2206702293567413,-0.39967098120155264
GTEX-YECK-0326-SM-4W1YS.1,SKIN,64.5,8.0,557.0,0.012913155357124728,-0.19986049495774058,0.2127736503148653,-0.31464334214720163
GTEX-YECK-0626-SM-4W1ZE.1,MUSCLE,64.5,8.0,568.0,0.15432481799390335,0.09127223599766854,0.06305258199623481,-0.4390064697174778
GTEX-YECK-1226-SM-4W21G.1,HEART,64.5,6.2,597.0,-0.7125497881130659,0.6071375843062282,-1.3196873724192941,-0.2336421202383984
GTEX-YECK-1926-SM-4W21H.1,LIVER,64.5,6.4,608.0,-0.05171558528535241,0.8891013057119148,-0.9408168909972672,-0.2449712312086686
GTEX-YF7O-0008-SM-4W1ZS.1,SKIN,54.5,10.0,222.0,1.402364590997876,-0.478809474885317,1.8811740658831928,-0.39861580510613237
GTEX-YF7O-0426-SM-5P9FS.1,HEART,54.5,8.8,101.0,0.45624509666400836,-0.42041691717818186,0.8766620138421902,0.10046520485737105
GTEX-YF7O-0526-SM-5P9IO.1,HEART,54.5,8.6,103.0,0.145811363679314,0.08593264657163792,0.059878717107676074,-0.13857531230693718
GTEX-YF7O-1526-SM-5IFI6.1,SKIN,54.5,8.1,156.0,-0.29998488502270204,0.3664898669593655,-0.6664747519820675,0.5415188354142847
GTEX-YF7O-2326-101833-SM-5CVN9.1,SKIN,54.5,6.0,222.0,-0.034840960448158424,0.6591428024382395,-0.693983762886398,0.02712402700733399
GTEX-YF7O-2526-SM-5IFJX.1,MUSCLE,54.5,8.5,226.0,-0.17450443786148848,0.5921646763972057,-0.7666691142586942,-0.17760556254674428
GTEX-YFC4-0008-SM-4RGM3.1,SKIN,44.5,9.5,689.0,0.4262625707911243,-0.27143500210456345,0.6976975728956878,0.21966527210618433
GTEX-YFC4-0011-R10a-SM-4SOK5.1,BRAIN,44.5,8.4,595.0,1.0163182584216195,-1.2446823717605906,2.26100063018221,0.4071238387082988
GTEX-YFC4-0011-R11a-SM-4SOK6.1,BRAIN,44.5,9.0,595.0,1.1504369189273203,-1.8683377306444702,3.0187746495717906,0.21270695773347187
GTEX-YFC4-0011-R1a-SM-4V6EH.1,BRAIN,44.5,8.6,595.0,-0.02409522435749664,0.3741517999948565,-0.3982470243523531,-0.00655684407907662
GTEX-YFC4-0011-R2a-SM-4V6DZ.1,BRAIN,44.5,7.2,595.0,0.13777837388687109,-0.16583470867790095,0.30361308256477204,0.9245655526333006
GTEX-YFC4-0011-R3a-SM-4RGLP.1,BRAIN,44.5,8.8,595.0,1.076865138985884,-1.0783234772172459,2.15518861620313,0.18580916430444705
GTEX-YFC4-0011-R4a-SM-4RGLQ.1,BRAIN,44.5,6.9,595.0,0.0994468077116813,0.045267213460772546,0.05417959425090875,0.38435581615605124
GTEX-YFC4-0011-R5a-SM-4RGLR.1,BRAIN,44.5,8.3,595.0,-0.44264782097220434,0.7149632059689444,-1.1576110269411486,0.0015335837962714874
GTEX-YFC4-0011-R6b-SM-4V6E1.1,BRAIN,44.5,7.7,595.0,0.08341674093518665,0.04015779327598577,0.04325894765920088,0.3563219123389523
GTEX-YFC4-0011-R7b-SM-4V6E2.1,BRAIN,44.5,7.9,595.0,-0.6120279826125875,0.8409466835634571,-1.4529746661760448,-0.2074296967025801
GTEX-YFC4-0011-R8a-SM-4SOK3.1,BRAIN,44.5,7.4,595.0,0.37237566766137425,-0.021484299972187055,0.3938599676335613,0.36580440114472285
GTEX-YFC4-0011-R9a-SM-4SOK4.1,BRAIN,44.5,9.5,595.0,0.36732579498532864,-0.6067915110990235,0.9741173060843522,1.0096895239658512
GTEX-YFC4-0126-101855-SM-5CVLZ.1,SKIN,44.5,7.4,688.0,-0.04498686761377143,0.2876859189914928,-0.3326727866052642,0.18373403456955795
GTEX-YFC4-0126-SM-5CVLY.1,SKIN,44.5,6.8,688.0,-0.15445064918617332,0.559059108030879,-0.7135097572170523,0.080831165053004
GTEX-YFC4-0426-SM-4TT3J.1,HEART,44.5,7.4,736.0,1.0290684438040927,-1.6479657312164113,2.677034175020504,1.013429729893273
GTEX-YFC4-0526-SM-5ZZVI.1,HEART,44.5,5.9,739.0,0.6227771658920906,0.18509082973266014,0.43768633615943053,-0.09154684788533997
GTEX-YFC4-1026-SM-5RQJM.1,MUSCLE,44.5,8.2,760.0,0.6389388468113062,-0.6462514015204235,1.2851902483317297,-0.25106541891043127
GTEX-YFC4-1526-SM-5IFJS.1,LIVER,44.5,6.0,772.0,0.029436250537853627,0.380795878069389,-0.3513596275315354,-0.2650861602357619
GTEX-YFC4-3026-SM-5IFJK.1,BRAIN,44.5,7.0,857.0,0.5594709937974018,-0.6071044517403046,1.1665754455377064,0.344356693337798
GTEX-YFC4-3126-SM-5PNV6.1,BRAIN,44.5,6.3,858.0,0.4844660827979526,-0.18984682282118667,0.6743129056191393,0.13160988681877644
GTEX-YFCO-0008-SM-4W1Z4.1,SKIN,44.5,9.7,208.0,0.717132115884043,0.001729899452190734,0.7154022164318523,-0.12167132235190081
GTEX-YFCO-1226-SM-5LUAT.1,SKIN,44.5,6.5,140.0,-0.7049884679571673,1.0063212060717985,-1.711309674028966,-0.37669642638850337
GTEX-YFCO-1926-SM-4W212.1,MUSCLE,44.5,8.4,204.0,-0.21484527540142734,0.5239780286950809,-0.7388233040965082,-0.34545364032706694
GTEX-YJ89-0008-SM-4RGM4.1,SKIN,64.5,10.0,1136.0,0.3921630076979836,-1.1818380011242633,1.574001008822247,0.08860963923155087
GTEX-YJ89-0011-R10a-SM-4SOK9.1,BRAIN,64.5,8.2,1040.0,0.674619360034133,-0.4832926355450444,1.1579119955791775,0.029075660452520316
GTEX-YJ89-0011-R11a-SM-4SOKA.1,BRAIN,64.5,7.9,1040.0,0.9880731106688134,-1.3729198861080947,2.360992996776908,-0.41820736250662965
GTEX-YJ89-0011-R1a-SM-4RGLS.1,BRAIN,64.5,8.0,1040.0,-1.8732193165745086,1.1750607232244012,-3.04828003979891,-0.6381443570841638
GTEX-YJ89-0011-R2b-SM-4RGLT.1,BRAIN,64.5,6.2,1040.0,-1.62763187975572,0.951560174611189,-2.579192054366909,-0.7235337496264005
GTEX-YJ89-0011-R3b-SM-4V6EF.1,BRAIN,64.5,8.5,1040.0,0.162846974878476,0.2947900999816663,-0.13194312510319028,-0.15898733565301004
GTEX-YJ89-0011-R5a-SM-4V6GM.1,BRAIN,64.5,8.0,1040.0,-1.1514194207193935,1.1018418872426374,-2.253261307962031,-0.6495253819756153
GTEX-YJ89-0011-R6a-SM-4V6GN.1,BRAIN,64.5,7.0,1040.0,-0.3048083544295212,0.4204912619946499,-0.7252996164241712,-0.0021876976560963168
GTEX-YJ89-0011-R7a-SM-4V6GO.1,BRAIN,64.5,7.3,1040.0,-1.2179862074674574,1.0846871047551228,-2.30267331222258,-0.7097128566947494
GTEX-YJ89-0011-R8b-SM-4SOK8.1,BRAIN,64.5,7.1,1040.0,-0.4397371189178773,0.518836719317611,-0.9585738382354883,0.15835643843079344
GTEX-YJ89-0011-R9a-SM-4SOK7.1,BRAIN,64.5,6.8,1040.0,0.3362447480977166,-1.0708839800262,1.4071287281239167,0.6531770024633785
GTEX-YJ89-0126-SM-4TT3X.1,SKIN,64.5,7.9,1135.0,-0.3343761704465836,0.1550932056417769,-0.4894693760883605,-0.4462972883066966
GTEX-YJ89-2926-SM-5P9IT.1,BRAIN,64.5,7.0,1223.0,0.6244492206353097,-0.7328707144757073,1.357319935111017,-0.16125164521676985
GTEX-YJ89-3026-SM-5IFJI.1,BRAIN,64.5,6.3,1225.0,0.13231908271081289,0.34665362602142097,-0.21433454331060808,-0.19528449644602644
GTEX-YJ8A-0426-SM-5IFID.1,SKIN,24.5,7.8,211.0,-0.024245300081067206,0.25145839069835624,-0.27570369077942347,0.6235432197062415
GTEX-YJ8O-0826-SM-5CVM3.1,HEART,44.5,6.1,727.0,-0.47538581203795643,0.5964739443124359,-1.0718597563503924,-0.15854238008901594
GTEX-YJ8O-0926-SM-EAZ2Z.1,HEART,44.5,5.5,729.0,-1.7919168277513913,1.0428461008210586,-2.8347629285724496,-0.8638511871333314
GTEX-YJ8O-2526-SM-5HL85.1,SKIN,44.5,7.3,820.0,-0.015922153472325232,0.4087447296340239,-0.42466688310634915,0.4825802340174144
GTEX-YJ8O-2826-SM-5CVM4.1,MUSCLE,44.5,7.0,835.0,-0.29573435619376287,0.8375662974536386,-1.1333006536474015,-0.4652172720505258
GTEX-Z93S-0008-SM-4RGM5.1,SKIN,54.5,9.8,1039.0,0.20563135656001694,0.15459028825813403,0.0510410683018829,0.07211008448714633
GTEX-Z93S-0011-R10a-SM-4RGNM.1,BRAIN,54.5,8.2,1015.0,0.47963331889024857,-0.08882684975958906,0.5684601686498376,-0.14248699474264823
GTEX-Z93S-0011-R11a-SM-4RGNN.1,BRAIN,54.5,8.3,1015.0,0.9917417716370144,-1.326258738875511,2.318000510512525,-0.30861945313141625
GTEX-Z93S-0011-R2a-SM-4RGNG.1,BRAIN,54.5,8.2,1015.0,0.8671771744476534,-0.19931511066019,1.0664922851078433,-0.3347449998811415
GTEX-Z93S-0011-R3b-SM-4RGNH.1,BRAIN,54.5,7.7,1015.0,0.46732857026499514,-0.043864242455413094,0.5111928127204082,-0.16253366898458282
GTEX-Z93S-0011-R5b-SM-4RGNI.1,BRAIN,54.5,8.1,1015.0,-0.1882642515027564,0.6702185278355949,-0.8584827793383513,-0.2801063256399096
GTEX-Z93S-0011-R6b-SM-4RGNJ.1,BRAIN,54.5,8.4,1015.0,0.6021355342487006,-0.07908231899202221,0.6812178532407228,0.17472753494794163
GTEX-Z93S-0011-R7b-SM-4RGNK.1,BRAIN,54.5,7.7,1015.0,-0.25120831284306505,0.7482402467272433,-0.9994485595703084,-0.4854607973321283
GTEX-Z93S-0011-R8a-SM-4RGNL.1,BRAIN,54.5,7.2,1015.0,0.47882195079949563,0.06291854671922621,0.41590340408026943,0.058531479988193885
GTEX-Z93S-0126-SM-5HL7M.1,SKIN,54.5,7.1,1038.0,-0.04293466801998804,0.7825648405371328,-0.8254995085571208,-0.19314791372475465
GTEX-Z93S-0326-SM-5HL84.1,HEART,54.5,7.0,1046.0,0.07269435599909685,0.2579644872816536,-0.18527013128255676,0.3479409067246552
GTEX-Z93S-1326-SM-5CVMR.1,MUSCLE,54.5,7.6,1070.0,0.05182884630201103,0.05365128434514609,-0.0018224380431350606,-0.3205619684958395
GTEX-Z93S-1626-SM-5CVMB.1,SKIN,54.5,6.6,1088.0,-0.19825589115655226,0.5364472367884244,-0.7347031279449767,-0.09556330654021923
GTEX-Z93S-2826-SM-57WBL.1,BRAIN,54.5,6.5,1139.0,0.7580127308435604,-0.8289348295244051,1.5869475603679655,-0.27779822278179833
GTEX-Z93S-2926-SM-57WB9.1,BRAIN,54.5,6.6,1141.0,0.1630834056396293,0.23673506203018582,-0.07365165639055651,-0.3190841470142539
GTEX-Z93T-0126-SM-5HL5N.1,SKIN,54.5,6.9,17.0,-0.6353804818296291,0.6841128469176723,-1.3194933287473014,-0.13271801930596175
GTEX-Z9EW-0426-SM-5CVM9.1,LIVER,44.5,7.2,202.0,0.01605849598705265,-0.48494408501957614,0.5010025810066288,0.06381719514254898
GTEX-Z9EW-1626-SM-5CVMN.1,SKIN,44.5,7.8,239.0,0.024363235754149323,0.016223192451610233,0.00814004330253909,0.13544177574623406
GTEX-Z9EW-1726-SM-5CVMO.1,MUSCLE,44.5,7.9,244.0,-0.6023708079429906,0.9152400278056942,-1.5176108357486848,-0.4148552733171946
GTEX-ZA64-1026-SM-5HL8R.1,SKIN,24.5,7.5,125.0,-1.1820812648489294,1.2893283677950538,-2.471409632643983,0.04898763767933472
GTEX-ZA64-2026-SM-5PNXT.1,MUSCLE,24.5,8.2,198.0,-0.7518503966950121,0.7690931070933587,-1.5209435037883707,-0.39496805994314477
GTEX-ZAB4-0008-SM-4RGM6.1,SKIN,44.5,10.0,467.0,0.5509294256019007,-0.5313287644711935,1.082258190073094,-0.015355450660255706
GTEX-ZAB4-0011-R10a-SM-4SOKH.1,BRAIN,44.5,7.1,337.0,0.7440387123697397,-0.3792213792675637,1.1232600916373034,0.21866441854312815
GTEX-ZAB4-0011-R11a-SM-4SOKI.1,BRAIN,44.5,8.9,337.0,0.8894690389732968,-1.5675180159321447,2.4569870549054413,0.024774854223544508
GTEX-ZAB4-0011-R1a-SM-4RGNO.1,BRAIN,44.5,7.7,337.0,0.4585107154339152,-0.15096963654019985,0.609480351974115,0.39855980563678456
GTEX-ZAB4-0011-R2a-SM-4RGNP.1,BRAIN,44.5,8.2,337.0,0.7497762073297058,-0.9753140844117602,1.7250902917414659,0.6724208965858377
GTEX-ZAB4-0011-R3a-SM-4RGNQ.1,BRAIN,44.5,8.9,337.0,0.8254991053709767,-0.32240093509486556,1.1479000404658422,0.19115295608742724
GTEX-ZAB4-0011-R4a-SM-4SOKB.1,BRAIN,44.5,6.2,337.0,0.27691581410510696,0.12050903635395702,0.15640677775114994,0.05872889569495601
GTEX-ZAB4-0011-R5a-SM-4SOKC.1,BRAIN,44.5,8.2,337.0,0.6846594507527599,-0.22138816753149235,0.9060476182842523,0.34304545777469253
GTEX-ZAB4-0011-R6a-SM-4SOKD.1,BRAIN,44.5,6.8,337.0,-0.03718352261178338,0.3858650073108864,-0.4230485299226698,0.21551090943429999
GTEX-ZAB4-0011-R7a-SM-4SOKE.1,BRAIN,44.5,8.2,337.0,0.823264862845157,-0.41409107093978686,1.2373559337849438,0.28996975492025034
GTEX-ZAB4-0011-R8b-SM-4SOKF.1,BRAIN,44.5,7.5,337.0,0.30504306225113076,0.15497547074998586,0.1500675915011449,0.4870558670984509
GTEX-ZAB4-0011-R9a-SM-4SOKG.1,BRAIN,44.5,7.7,337.0,0.4583985659245342,-0.8515069237802457,1.30990548970478,1.2362082558172942
GTEX-ZAB4-0226-SM-5N9F5.1,SKIN,44.5,5.7,465.0,-0.4584527761194705,0.6526999318485351,-1.1111527079680057,0.1042210862602252
GTEX-ZAB4-0426-SM-5HL7N.1,MUSCLE,44.5,8.1,489.0,-0.2637673353140535,0.28640250919398286,-0.5501698445080363,0.11421247955326452
GTEX-ZAB4-0826-SM-5LU9D.1,LIVER,44.5,5.7,503.0,-0.203290760885806,0.4191986094804055,-0.6224893703662115,0.7787351366306854
GTEX-ZAB4-0926-SM-5CVN4.1,HEART,44.5,7.5,504.0,0.11072297362336166,-0.5870242247574208,0.6977471983807825,0.4806232453216451
GTEX-ZAB4-1026-SM-5HL7T.1,HEART,44.5,6.9,506.0,-0.021423027298837004,0.5158764815176367,-0.5372995088164737,-0.07097694602114578
GTEX-ZAB4-2126-SM-5HL8U.1,SKIN,44.5,6.5,533.0,-0.5692668352356518,0.5774995981283795,-1.1467664333640313,-0.04798104614207752
GTEX-ZAB4-2926-SM-57WCV.1,BRAIN,44.5,7.7,587.0,0.6201217831097379,-0.518268721641311,1.1383905047510487,0.05834015508769923
GTEX-ZAB5-0126-SM-5CVMT.1,HEART,54.5,8.4,168.0,0.2462922048899309,0.06421093174939792,0.18208127314053296,0.4404989075097872
GTEX-ZAB5-0226-SM-5CVMH.1,HEART,54.5,7.5,166.0,0.4710527995845901,0.1303959288091907,0.3406568707753994,-0.28159345166308763
GTEX-ZAB5-0426-SM-5CVMI.1,LIVER,54.5,7.8,177.0,0.42693993282856607,-0.2874998063782012,0.7144397392067673,0.32445515333230424
GTEX-ZAB5-1826-SM-5HL7C.1,SKIN,54.5,6.6,223.0,-0.08861617374894644,0.5713449770485144,-0.6599611507974609,0.22380969800760672
GTEX-ZAB5-2126-SM-5K7UN.1,MUSCLE,54.5,8.0,236.0,-1.0831035628554004,0.11124391506772163,-1.194347477923122,0.05460307518577328
GTEX-ZAB5-2626-SM-5KM3Y.1,SKIN,54.5,6.9,262.0,0.21855175603754498,-0.025169165269763556,0.24372092130730855,0.8314978290907394
GTEX-ZAJG-0126-SM-5HL94.1,SKIN,54.5,6.5,724.0,-0.8867931522041419,0.7955555655977924,-1.6823487178019343,-0.035996250981940946
GTEX-ZAJG-0526-SM-5S2MT.1,MUSCLE,54.5,8.4,731.0,-0.1953447672240611,-0.950478395112706,0.7551336278886449,-0.1904090859576066
GTEX-ZAJG-0826-SM-5PNVA.1,HEART,54.5,6.4,788.0,0.349465069084997,-0.40861266641939886,0.7580777355043959,0.5157508123155916
GTEX-ZAJG-0926-SM-5Q5AB.1,HEART,54.5,5.9,790.0,0.18799637945750505,-0.4386990822272806,0.6266954616847856,0.6816725333610407
GTEX-ZAJG-1526-SM-5CVML.1,SKIN,54.5,6.1,811.0,0.1333754354201986,-0.1268617035264481,0.2602371389466467,0.4455832478295256
GTEX-ZAJG-3026-SM-5HL92.1,BRAIN,54.5,7.0,891.0,0.7928559178876041,-1.4575497670454483,2.2504056849330523,0.10418585546535318
GTEX-ZAJG-3126-SM-5HL9J.1,BRAIN,54.5,6.3,893.0,0.15850753641018753,-0.30622855848821307,0.4647360948984006,0.14400750965234638
GTEX-ZAK1-0011-R4a-SM-6AJBK.1,BRAIN,54.5,7.4,631.0,0.08268792957612432,0.07467486841557526,0.008013061160549062,0.38471262863789424
GTEX-ZAK1-0126-SM-5IJD3.1,SKIN,54.5,7.3,710.0,-0.13858466182137608,-0.02715097691634007,-0.11143368490503601,-0.05338968206409897
GTEX-ZAK1-0526-SM-5K7X4.1,MUSCLE,54.5,7.3,735.0,0.24557213951879941,0.1219095686027515,0.12366257091604792,-0.28613462246826554
GTEX-ZAK1-0626-SM-5HL8E.1,SKIN,54.5,6.7,740.0,-0.3775392105805222,0.9826987646599753,-1.3602379752404974,0.12018622069331542
GTEX-ZAK1-1126-SM-5PNXU.1,HEART,54.5,7.0,791.0,1.2245338501674936,-1.8482114475319424,3.072745297699436,0.6582398705483898
GTEX-ZAK1-2926-SM-5HL9S.1,BRAIN,54.5,6.1,855.0,0.6001178238575862,-0.48692811716667467,1.0870459410242608,-0.2870758920772916
GTEX-ZAK1-3026-SM-5S2MJ.1,BRAIN,54.5,7.1,856.0,0.4428345363771557,-0.08141723205119353,0.5242517684283492,0.18968085138987067
GTEX-ZAKK-0326-SM-5EGHA.1,MUSCLE,74.5,8.0,35.0,-0.09627672566464716,-0.37853253147361604,0.28225580580896886,1.184857240734568
GTEX-ZC5H-0008-SM-4WAX8.1,SKIN,44.5,9.9,212.0,0.5235911765122652,-1.1399713946087762,1.6635625711210413,-0.09576652255630937
GTEX-ZC5H-0226-SM-4WAY9.1,SKIN,44.5,6.6,212.0,0.04697198539674637,0.06595620271179264,-0.01898421731504627,0.4142720077554232
GTEX-ZC5H-0326-SM-5HL9F.1,MUSCLE,44.5,8.2,213.0,0.4868497759236175,-0.48990604150541617,0.9767558174290336,0.25739962577976383
GTEX-ZC5H-1526-SM-5HL9Y.1,SKIN,44.5,7.4,281.0,-0.2995510950249997,0.4436210119914037,-0.7431721070164035,0.019195089479882868
GTEX-ZDTS-0008-SM-4E3I8.1,SKIN,64.5,10.0,630.0,0.15710967436857914,-1.02161501365191,1.1787246880204891,-0.10828153718415261
GTEX-ZDTS-0126-SM-4WAY5.1,SKIN,64.5,7.5,628.0,-0.275761891919597,0.45366095904732884,-0.7294228509669258,0.08568665531212344
GTEX-ZDTS-0526-SM-4WKH9.1,MUSCLE,64.5,8.0,638.0,-0.23223113132421416,-0.1824599283804974,-0.04977120294371676,-0.2664349579636833
GTEX-ZDTS-0526-SM-62LFA.1,MUSCLE,64.5,8.0,638.0,-0.2561753005100488,-0.2144630499520374,-0.041712250558011366,-0.35879872815527836
GTEX-ZDTS-0526-SM-6AJB8.1,MUSCLE,64.5,8.0,638.0,-0.04134408257528661,-0.47584173970921173,0.43449765713392513,-0.2628275220430068
GTEX-ZDTS-0526-SM-6EU38.1,MUSCLE,64.5,8.0,638.0,0.04965048557632833,-1.527481943494932,1.5771324290712603,0.13960338842116116
GTEX-ZDTS-0826-SM-4WKHL.1,SKIN,64.5,7.3,645.0,-0.333721681962745,0.9061358712090603,-1.2398575531718052,0.17785790113908245
GTEX-ZDTS-1226-SM-4WKGL.1,HEART,64.5,6.7,664.0,1.0545112578819216,-1.2202927120417955,2.274803969923717,0.3545674542587492
GTEX-ZDTS-1326-SM-4WKGX.1,HEART,64.5,6.8,667.0,0.3119225146398494,0.35584360997360126,-0.04392109533375188,-0.5012069322743726
GTEX-ZDTS-1326-SM-6LLHE.1,HEART,64.5,6.8,667.0,0.31907104330753033,0.33264258380103384,-0.013571540493503509,-0.4797381742312997
GTEX-ZDTS-1326-SM-6M462.1,HEART,64.5,6.8,667.0,0.31482958441628073,0.34613889768043415,-0.03130931326415343,-0.5137420832711745
GTEX-ZDTT-0008-SM-4E3K5.1,SKIN,64.5,9.8,183.0,-0.04428017130093951,-1.0007041683638176,0.9564239970628781,0.14006613882756014
GTEX-ZDTT-0326-SM-4WKF9.1,HEART,64.5,8.3,96.0,0.3781767434756998,-0.07850548022789874,0.45668222370359857,0.5541250082592463
GTEX-ZDTT-0426-SM-4WKFL.1,SKIN,64.5,6.8,97.0,-0.8968150452824961,1.5759721307551922,-2.4727871760376883,-0.4289048068992607
GTEX-ZDTT-0726-SM-4WKFK.1,HEART,64.5,8.6,103.0,0.5088469640166647,0.11342705789586224,0.39541990612080247,-0.35872206104286375
GTEX-ZDTT-2726-SM-4WKF8.1,SKIN,64.5,6.7,183.0,-0.3130040084949514,0.24407796111770394,-0.5570819696126553,0.11412288941848887
GTEX-ZDXO-0008-SM-4E3HR.1,SKIN,64.5,10.0,1082.0,0.40198836569587515,-1.0825062617027015,1.4844946273985766,-0.2700463483414079
GTEX-ZDXO-0011-R10a-SM-4WWD8.1,BRAIN,64.5,7.7,993.0,0.6935168355186856,-0.43488332391567136,1.128400159434357,0.35101802920238334
GTEX-ZDXO-0011-R11a-SM-4WWD9.1,BRAIN,64.5,9.0,993.0,0.9804889165852589,-1.152385693195296,2.132874609780555,-0.3535823613764246
GTEX-ZDXO-0011-R1a-SM-4WKF4.1,BRAIN,64.5,8.1,993.0,-0.057572134190526265,0.4189383499266141,-0.47651048411714036,0.04061822044923939
GTEX-ZDXO-0011-R2b-SM-4WKFG.1,BRAIN,64.5,5.7,993.0,-1.4460809948172495,0.995655113372902,-2.4417361081901516,-0.6525637790958914
GTEX-ZDXO-0011-R3a-SM-4WKFS.1,BRAIN,64.5,7.1,993.0,0.3775129742799933,0.06296673483686571,0.3145462394431276,0.11523342976325537
GTEX-ZDXO-0011-R5a-SM-4WKG5.1,BRAIN,64.5,7.4,993.0,-0.4744968782008895,0.7380635929408729,-1.2125604711417624,0.11079231601851704
GTEX-ZDXO-0011-R6a-SM-4WWCT.1,BRAIN,64.5,6.9,993.0,0.1340344722229105,0.2607656247436416,-0.1267311525207311,-0.1094818210344373
GTEX-ZDXO-0011-R7a-SM-4WWCU.1,BRAIN,64.5,6.5,993.0,-0.9417283186552612,0.8713517335224752,-1.8130800521777364,-0.5611115329961428
GTEX-ZDXO-0011-R8a-SM-4WWD7.1,BRAIN,64.5,7.8,993.0,-0.17582612767477612,0.5988544728691484,-0.7746806005439245,0.2830558467398286
GTEX-ZDXO-0326-SM-4WKHJ.1,MUSCLE,64.5,8.3,1078.0,0.20679278930648526,-0.6283527366850536,0.8351455259915389,0.7479574159002961
GTEX-ZDXO-0426-SM-4WKF6.1,HEART,64.5,6.0,1117.0,0.8124793550955534,-1.1819680607226812,1.9944474158182346,0.7434006564487035
GTEX-ZDXO-0726-SM-57WBT.1,HEART,64.5,7.1,1126.0,0.5101903863559453,0.2647385492853866,0.24545183707055868,-0.5003373794201784
GTEX-ZDXO-2126-SM-4WKFI.1,BRAIN,64.5,6.0,1261.0,-0.013734064672610275,0.41191005588160073,-0.425644120554211,-0.10330290504921401
GTEX-ZDXO-2926-SM-4WKFM.1,BRAIN,64.5,6.8,1268.0,0.6072441839799658,-0.4705522004993483,1.0777963844793141,-0.25591478155035374
GTEX-ZDXO-3026-SM-5J1N5.1,SKIN,64.5,6.1,1073.0,-0.2604860054306266,1.2337203792164748,-1.4942063846471014,0.4505688829840397
GTEX-ZDXO-3126-SM-5IJDF.1,SKIN,64.5,6.0,1218.0,-0.030325295924659424,0.9906824652090424,-1.0210077611337018,0.43067222530820676
GTEX-ZDYS-0008-SM-4E3IX.1,SKIN,54.5,10.0,206.0,0.4709108266770457,-0.0701196651662875,0.5410304918433332,-0.04431781963638297
GTEX-ZDYS-0226-SM-5HL4K.1,HEART,54.5,8.1,148.0,0.15683521191565142,0.5336505315417626,-0.37681531962611114,-0.22511320954210537
GTEX-ZDYS-0326-SM-5HL4W.1,HEART,54.5,7.0,150.0,-0.05955353632479785,0.5362549191066941,-0.595808455431492,-0.20160548063246947
GTEX-ZDYS-1726-SM-5HL4Y.1,MUSCLE,54.5,7.9,197.0,-0.4464112760256035,0.771276034706906,-1.2176873107325095,0.29167589354952855
GTEX-ZDYS-2026-SM-5HL5L.1,SKIN,54.5,7.6,205.0,-0.8551129964915214,1.4475337262152903,-2.302646722706812,-0.06654349789293246
GTEX-ZDYS-2426-SM-4WKGI.1,SKIN,54.5,8.1,216.0,-0.7141252040346634,1.3433721953802629,-2.057497399414926,-0.0622751218283671
GTEX-ZE7O-0008-SM-4E3JQ.1,SKIN,54.5,10.0,1066.0,0.2495129923105355,-0.791842531505506,1.0413555238160415,0.1544706878250672
GTEX-ZE7O-0011-R10a-SM-57WAZ.1,BRAIN,54.5,6.2,1039.0,0.21523123081481838,-0.6004511809831631,0.8156824117979815,0.27862370646333895
GTEX-ZE7O-0011-R11a-SM-57WBC.1,BRAIN,54.5,8.2,1039.0,0.4958142251027619,-0.07762402620331058,0.5734382513060725,-0.33479159484585563
GTEX-ZE7O-0011-R1a-SM-57WDM.1,BRAIN,54.5,5.7,1039.0,-2.465905173151479,1.128014825875379,-3.593919999026858,-1.1039576278665866
GTEX-ZE7O-0011-R5a-SM-57WBO.1,BRAIN,54.5,8.0,1039.0,-0.3219048933276444,0.7824244253490023,-1.1043293186766467,0.01110939286983708
GTEX-ZE7O-0011-R6a-SM-57WCI.1,BRAIN,54.5,6.9,1039.0,-1.120530198268004,0.9615963286968168,-2.082126526964821,-0.5425236834530113
GTEX-ZE7O-0011-R7a-SM-57WCU.1,BRAIN,54.5,6.0,1039.0,-1.3103989223137797,0.9334374487985984,-2.243836371112378,-0.7949395231740861
GTEX-ZE7O-0126-SM-57WC1.1,SKIN,54.5,7.2,1065.0,-0.3815925117186448,0.6409119889500148,-1.0225045006686595,0.3023398648438432
GTEX-ZE7O-0326-SM-51MTH.1,MUSCLE,54.5,6.9,1074.0,0.1826231902809687,-0.6981519842836276,0.8807751745645963,0.11947609323892677
GTEX-ZE7O-0626-SM-57WCD.1,HEART,54.5,6.5,1164.0,0.6024575405384268,-0.4747340305809598,1.0771915711193867,0.5077975121185452
GTEX-ZE7O-2726-SM-51MT5.1,SKIN,54.5,7.5,1229.0,-0.16133130156106137,-0.4629361855890336,0.30160488402797225,-0.08813065076068807
GTEX-ZE7O-3126-SM-5HL5X.1,BRAIN,54.5,5.8,1284.0,0.20172144113491888,0.281344779375874,-0.0796233382409551,-0.15952726657040453
GTEX-ZE9C-0008-SM-4E3K6.1,SKIN,64.5,9.7,683.0,0.3677969029841806,-0.9024317857109163,1.2702286886950969,-0.05221267118356107
GTEX-ZE9C-0011-R11a-SM-4WKGG.1,BRAIN,64.5,6.3,597.0,-0.0711278247860636,0.28554546502510436,-0.35667328981116797,-0.6829636088104674
GTEX-ZE9C-0011-R2a-SM-4WKGH.1,BRAIN,64.5,6.0,597.0,-0.3119825709381718,0.10678111205320057,-0.41876368299137234,-0.12109956309523602
GTEX-ZE9C-0011-R3a-SM-4WKGT.1,BRAIN,64.5,6.2,597.0,-0.21002560354461006,0.18092321090624397,-0.39094881445085405,-0.07983875601809517
GTEX-ZE9C-0011-R4a-SM-4WKH6.1,BRAIN,64.5,5.1,597.0,-1.7858788334910283,0.9567702715263539,-2.742649105017382,-0.8434083229612975
GTEX-ZE9C-0011-R5a-SM-5EGLO.1,BRAIN,64.5,8.0,597.0,-0.1645594886481022,0.6543330467729186,-0.8188925354210208,-0.07986517316653464
GTEX-ZE9C-0011-R6a-SM-4WWCW.1,BRAIN,64.5,7.6,597.0,0.10010571563558393,0.46813356362891234,-0.36802784799332844,-0.09133692614046054
GTEX-ZE9C-0011-R7a-SM-4WWCX.1,BRAIN,64.5,6.7,597.0,-0.04733409535425546,0.4495539719411007,-0.4968880672953562,-0.13929912642618822
GTEX-ZE9C-0011-R9a-SM-4WWCY.1,BRAIN,64.5,6.2,597.0,0.4822491720679101,-1.5970476606616493,2.0792968327295593,1.1008801890798934
GTEX-ZE9C-2326-SM-5J1NT.1,MUSCLE,64.5,6.6,675.0,0.5070402987007211,-0.7269191145676991,1.2339594132684202,-0.0040605732087875554
GTEX-ZE9C-2526-SM-5IJDR.1,SKIN,64.5,6.4,678.0,0.08729586168410348,0.050381188880813374,0.03691467280329011,-0.313951395583231
GTEX-ZE9C-2726-SM-57WB5.1,SKIN,64.5,7.3,682.0,0.12572256369213292,0.01647772199925429,0.10924484169287862,-0.03265409187674804
GTEX-ZE9C-3026-SM-4WKHB.1,BRAIN,64.5,8.1,689.0,0.4094669611175014,0.10097529521417241,0.308491665903329,0.13299334431243134
GTEX-ZEX8-0008-SM-4E3JU.1,SKIN,54.5,10.0,195.0,0.16868526166892844,-1.2695878252040107,1.4382730868729392,-0.13813486119689877
GTEX-ZEX8-0326-SM-4WKGS.1,HEART,54.5,6.5,73.0,0.24239908665279153,0.08681638778282284,0.15558269886996867,0.4930435500120943
GTEX-ZEX8-0326-SM-DO92C.1,HEART,54.5,6.5,73.0,0.4197358734882875,-0.15348057837779167,0.5732164518660792,0.6366719088906656
GTEX-ZEX8-0426-SM-4WWEN.1,HEART,54.5,7.0,74.0,0.528691486302171,0.19886049663112987,0.32983098967104113,-0.22446369562667653
GTEX-ZEX8-0426-SM-DO92Y.1,HEART,54.5,7.0,74.0,0.5471410582478096,0.15296795621534132,0.39417310203246825,-0.2104087150213498
GTEX-ZEX8-0826-SM-4WKHK.1,LIVER,54.5,7.8,85.0,0.38021739197262533,-0.27816755045010283,0.6583849424227282,0.019164287863063786
GTEX-ZEX8-2426-SM-4WKG4.1,SKIN,54.5,5.7,195.0,-0.2837475443197089,0.9797003722940788,-1.2634479166137877,0.36363468223226353
GTEX-ZEX8-2526-SM-DO92M.1,MUSCLE,54.5,7.1,198.0,-0.014284521176688715,1.0460409397964985,-1.0603254609731871,-0.09847120982631055
GTEX-ZF28-0008-SM-4E3K3.1,SKIN,64.5,10.0,464.0,1.2556794177921338,-1.5028211275794268,2.7585005453715605,-0.2844907695097108
GTEX-ZF28-0011-R10a-SM-4WWEH.1,BRAIN,64.5,8.1,375.0,0.49774924871494486,-0.08452495572104347,0.5822742044359883,0.011963438785755738
GTEX-ZF28-0011-R11a-SM-4WWEI.1,BRAIN,64.5,6.3,375.0,-1.213057284142427,1.116528205730872,-2.329585489873299,-0.9403845451649064
GTEX-ZF28-0011-R1a-SM-4WWD1.1,BRAIN,64.5,6.1,375.0,-1.646323506981318,1.0147579134905622,-2.6610814204718802,-0.8412272611540836
GTEX-ZF28-0011-R3a-SM-4WWDA.1,BRAIN,64.5,7.3,375.0,-0.8483065024698512,0.7777617183308947,-1.6260682208007458,-0.2776403737684677
GTEX-ZF28-0011-R5a-SM-4WWCZ.1,BRAIN,64.5,7.5,375.0,-0.5761024480581156,0.6884846110632311,-1.2645870591213466,-0.3275277736094639
GTEX-ZF28-0011-R6a-SM-4WKHI.1,BRAIN,64.5,6.7,375.0,-0.8309822721495002,0.7310383837839212,-1.5620206559334213,0.2303890263493129
GTEX-ZF28-0011-R7a-SM-4WKF5.1,BRAIN,64.5,6.3,375.0,-1.4518572767079512,1.0611011089041973,-2.5129583856121487,-0.7144230435661226
GTEX-ZF28-0011-R8a-SM-4WWFW.1,BRAIN,64.5,6.2,375.0,-1.0920811026879471,0.9428402437890467,-2.034921346476994,-0.3057470732498195
GTEX-ZF28-0011-R9a-SM-4WWDY.1,BRAIN,64.5,7.3,375.0,-0.2841138232552228,-0.11141263922141127,-0.17270118403381152,0.30991449944692956
GTEX-ZF28-0126-SM-4WKGK.1,SKIN,64.5,5.8,463.0,-0.29551629455332046,0.9294718797278807,-1.2249881742812012,0.3515571780758097
GTEX-ZF28-0526-SM-4WKGW.1,MUSCLE,64.5,8.3,486.0,0.18665962934635297,-0.0713252675702155,0.25798489691656845,0.587588481189152
GTEX-ZF28-2926-SM-4WKG1.1,BRAIN,64.5,6.1,595.0,-0.39833472911572043,0.5231027078205656,-0.921437436936286,-0.24173528299476993
GTEX-ZF28-3026-SM-4WKHP.1,BRAIN,64.5,6.1,596.0,-0.03953367877238006,0.4272771166888308,-0.46681079546121085,-0.22597069442548096
GTEX-ZF29-0226-SM-4WKHO.1,HEART,64.5,7.7,92.0,0.19188854683794662,0.48398584174258874,-0.2920972949046421,-0.43330474595736895
GTEX-ZF29-0426-SM-4WKFN.1,HEART,64.5,7.9,94.0,-0.02788942199388924,0.22227370801392152,-0.25016313000781076,-0.025122939863845298
GTEX-ZF29-0926-SM-4WKFZ.1,SKIN,64.5,6.9,107.0,-0.4410434638933981,0.3346504374163877,-0.7756939013097859,-0.3863795120840506
GTEX-ZF29-2026-SM-4WWB7.1,LIVER,64.5,9.1,164.0,0.26645823856778394,-0.5558593245671437,0.8223175631349277,-0.0035360003370295077
GTEX-ZF29-2026-SM-DNZYW.1,LIVER,64.5,9.1,164.0,0.31342346318328734,-0.6590222198752275,0.9724456830585149,-0.05482645419654313
GTEX-ZF29-2326-SM-DO92K.1,SKIN,64.5,7.4,179.0,-0.0987570447201078,0.0729045494756746,-0.1716615941957824,0.20585198135289173
GTEX-ZF29-2426-SM-DO92G.1,MUSCLE,64.5,8.1,181.0,0.11007588304908718,-0.10150368794569928,0.21157957099478647,0.1115159124230608
GTEX-ZF2S-0008-SM-4E3IK.1,SKIN,54.5,9.9,184.0,0.7722074272747496,-0.8287629127767681,1.6009703400515176,-0.4100984507641718
GTEX-ZF2S-0826-SM-4WWBI.1,HEART,54.5,8.0,123.0,0.21091843940856816,0.0033151395976549138,0.20760329981091324,0.3651917549042902
GTEX-ZF2S-1026-SM-4WWB1.1,HEART,54.5,9.2,128.0,0.6128787686109766,-0.04635672525907463,0.6592354938700512,-0.05215041921371914
GTEX-ZF2S-1026-SM-7KFSP.1,HEART,54.5,9.2,128.0,0.8395627784167677,-0.25760329137660737,1.0971660697933752,0.013492146656452087
GTEX-ZF2S-1026-SM-9QEGK.1,HEART,54.5,9.2,128.0,0.5508793962869954,-0.008768352518705592,0.559647748805701,-0.09623756407748565
GTEX-ZF2S-1626-SM-57WES.1,SKIN,54.5,7.2,145.0,-0.6033857508381106,0.9385225175396728,-1.5419082683777834,-0.13573570586960904
GTEX-ZF2S-2126-SM-4WWAY.1,MUSCLE,54.5,9.0,178.0,0.3626381282237356,0.623086891285266,-0.26044876306153036,0.2047207932266752
GTEX-ZF2S-2326-SM-4WWCE.1,SKIN,54.5,8.5,184.0,-0.10284399016638512,-0.38381817843511723,0.2809741882687321,-0.23834304286694022
GTEX-ZF2S-3026-SM-4WWCH.1,LIVER,54.5,9.5,89.0,0.1861400866126945,-0.8169579359173436,1.003098022530038,0.06304502967184568
GTEX-ZF3C-0008-SM-4E3IL.1,SKIN,54.5,9.9,453.0,0.7090534375788896,-0.4016915270497412,1.1107449646286307,-0.16325701780142127
GTEX-ZF3C-0126-SM-DO92D.1,SKIN,54.5,7.8,452.0,-0.7543911354396958,0.14788812404474855,-0.9022792594844444,-0.10562124282463022
GTEX-ZF3C-0326-SM-4WWBF.1,MUSCLE,54.5,8.4,477.0,0.622666920282951,0.04735591515132879,0.5753110051316223,-0.17762887943599381
GTEX-ZF3C-0626-SM-DO92O.1,SKIN,54.5,7.0,535.0,0.5912291848705825,-1.0783297295962815,1.6695589144668639,-0.1434253601641474
GTEX-ZF3C-1126-SM-57WEG.1,HEART,54.5,6.0,559.0,0.07676930376829763,0.2846178922609619,-0.20784858849266427,-0.03784370384076136
GTEX-ZF3C-1226-SM-4WWCB.1,HEART,54.5,7.6,561.0,-2.1057031479881174,1.045008693775396,-3.1507118417635134,-1.0051370572475877
GTEX-ZG7Y-0926-SM-5EQ6O.1,HEART,54.5,7.6,211.0,0.183059794915086,0.3137349980008395,-0.13067520308575348,-0.5058672249784513
GTEX-ZG7Y-1426-SM-4WWBM.1,HEART,54.5,8.5,231.0,0.23898703081943687,-0.2638441216962339,0.5028311525156708,0.5005712575074479
GTEX-ZGAY-0226-SM-4WWAL.1,HEART,44.5,7.8,147.0,0.3758564297640165,0.14643044852633497,0.22942598123768154,0.29089285325888176
GTEX-ZGAY-0326-SM-57WF5.1,HEART,44.5,8.6,149.0,0.2798424164509815,0.3063417414832742,-0.026499325032292687,-0.33021306910103926
GTEX-ZGAY-0526-SM-4WWBB.1,SKIN,44.5,8.0,229.0,-0.890759533264504,0.3028479908001859,-1.19360752406469,-0.24767845760249782
GTEX-ZGAY-0726-SM-DO91O.1,MUSCLE,44.5,8.4,234.0,-0.46475320719712593,0.8265782283845794,-1.2913314355817054,-0.6051886417518368
GTEX-ZGAY-1826-SM-DO91Q.1,SKIN,44.5,7.3,271.0,-0.2907031315769871,0.5705580268564563,-0.8612611584334433,0.31614562656687484
GTEX-ZLFU-0226-SM-4WWFH.1,HEART,44.5,5.9,91.0,0.28273139551409776,0.11711882774584474,0.165612567768253,-0.3732229502429169
GTEX-ZLFU-0326-SM-4WWBK.1,HEART,44.5,7.3,92.0,-0.6868599337847854,0.5922812889772732,-1.2791412227620587,-0.7697023175415629
GTEX-ZLFU-1826-SM-4WWBV.1,SKIN,44.5,6.1,164.0,-0.5506569295944426,0.7325756779223169,-1.2832326075167595,0.01048591548551757
GTEX-ZLFU-2526-SM-DO91K.1,MUSCLE,44.5,8.6,213.0,-0.07232762469404322,-0.36911838442971434,0.29679075973567115,-0.02752315864952726
GTEX-ZLV1-1526-SM-4WWBC.1,SKIN,64.5,7.0,1605.0,-0.7661161872645176,0.5282629407577836,-1.2943791280223012,-0.09980526738617983
GTEX-ZLV1-1526-SM-DO91J.1,SKIN,64.5,7.0,1605.0,-0.8003402990648635,0.6292683160547008,-1.4296086151195642,-0.12826427663821088
GTEX-ZLV1-2126-SM-4WWD2.1,MUSCLE,64.5,8.2,1641.0,0.7510736532343923,0.08903275636295602,0.6620408968714363,-0.07791693240389833
GTEX-ZLWG-0008-SM-4E3J4.1,SKIN,54.5,10.0,176.0,0.40141491612887253,-1.3654273307638425,1.766842246892715,-0.12791860636169536
GTEX-ZLWG-0826-SM-59888.1,SKIN,54.5,7.0,99.0,-0.2653845245124489,0.7961220339778975,-1.0615065584903465,0.2841436805295749
GTEX-ZLWG-2126-SM-DO91M.1,MUSCLE,54.5,8.6,172.0,0.19121465828064488,-0.4195194796062739,0.6107341378869188,-0.3592457159789511
GTEX-ZP4G-0008-SM-4E3I4.1,SKIN,24.5,10.0,270.0,0.5119921585891752,-1.0922849974464581,1.6042771560356335,-0.19839380843989451
GTEX-ZP4G-1426-SM-4WWCL.1,SKIN,24.5,7.1,218.0,-0.5755135636333558,1.1733208874432846,-1.7488344510766405,-0.18156296302324235
GTEX-ZP4G-2026-SM-57WEH.1,MUSCLE,24.5,8.0,258.0,-0.09116880794966496,-0.07618583078554965,-0.014982977164115313,0.2188730492320514
GTEX-ZP4G-2426-SM-57WEY.1,SKIN,24.5,7.2,270.0,-0.23590249357040938,-0.8321487566966191,0.5962462631262098,-0.9260291714896997
GTEX-ZPCL-0008-SM-4WWAU.1,SKIN,64.5,10.0,152.0,0.9228263075093716,-1.0924660623522102,2.015292369861582,-0.12920770084597646
GTEX-ZPCL-0426-SM-DNZZ4.1,HEART,64.5,8.9,81.0,0.6387221791282841,-0.21690114870241078,0.8556233278306948,-0.00573028171686089
GTEX-ZPCL-0526-SM-DO91R.1,HEART,64.5,8.7,84.0,0.17423725173237167,-0.010302790833896413,0.18454004256626808,0.25961903865592784
GTEX-ZPCL-1126-SM-4WWFE.1,SKIN,64.5,6.3,104.0,-0.4316079280170694,0.6313304327292008,-1.0629383607462701,-0.6122649441134341
GTEX-ZPCL-2026-SM-57WFD.1,MUSCLE,64.5,8.8,149.0,-0.6755729113199753,0.3786080346798269,-1.0541809459998022,-0.29378007755127633
GTEX-ZPIC-0008-SM-4E3JF.1,SKIN,44.5,10.0,163.0,0.49286931372811693,-1.1462984350791579,1.639167748807275,-0.06550410119452041
GTEX-ZPIC-0426-SM-DO91V.1,HEART,44.5,8.3,130.0,0.19512862637188413,-0.10515565442975197,0.3002842808016361,0.35022320481567176
GTEX-ZPIC-0526-SM-DO91W.1,SKIN,44.5,7.3,132.0,-0.1204301982300571,0.5668231831776571,-0.6872533814077142,0.0697426566613162
GTEX-ZPIC-0826-SM-4WWFJ.1,HEART,44.5,8.7,139.0,0.2967174687940832,-0.5102322606977832,0.8069497294918664,-0.14121388744395566
GTEX-ZPIC-1726-SM-57WF2.1,SKIN,44.5,7.5,162.0,0.1424966849783748,-0.4885901064462599,0.6310867914246348,-0.06681599186064427
GTEX-ZPIC-1726-SM-DHXIU.1,SKIN,44.5,7.5,162.0,0.23852240868523755,-0.6026725756562464,0.841194984341484,-0.048061650524452444
GTEX-ZPIC-2526-SM-57WDP.1,MUSCLE,44.5,8.4,185.0,0.2561217137782706,0.02960999395404544,0.22651171982422513,0.21840191925272895
GTEX-ZPU1-0008-SM-4E3IR.1,SKIN,44.5,10.0,175.0,0.3660919492772207,-0.7358260177172492,1.1019179669944699,-0.04605238881475464
GTEX-ZPU1-0626-SM-4YCDM.1,HEART,44.5,7.3,96.0,0.25060445953633204,0.47913458180069607,-0.22853012226436403,-0.5306559949869554
GTEX-ZPU1-0726-SM-5HL6O.1,HEART,44.5,7.3,111.0,0.04469089338988104,0.39763465457634783,-0.3529437611864668,0.11950498262790733
GTEX-ZPU1-0826-SM-57WG2.1,LIVER,44.5,9.6,103.0,0.2202323700623408,-1.2993899338375898,1.5196223038999306,0.06079508627285312
GTEX-ZPU1-0826-SM-73KXI.1,LIVER,44.5,9.6,103.0,0.14816550562152742,-1.650882969727808,1.7990484753493354,0.2698504884790826
GTEX-ZPU1-0826-SM-7DHMN.1,LIVER,44.5,9.6,103.0,-0.057424123137895626,-1.2645617306521588,1.2071376075142632,0.01727383634751207
GTEX-ZPU1-1126-SM-4YCF3.1,SKIN,44.5,6.6,109.0,-0.26719235809736475,1.3024763194580755,-1.5696686775554403,-0.05383043392965549
GTEX-ZQG8-0008-SM-4E3J9.1,SKIN,64.5,10.0,171.0,0.43614180609138364,-0.7938078469497055,1.2299496530410892,-0.010113842017455759
GTEX-ZQG8-0008-SM-4YCE7.1,SKIN,64.5,10.0,171.0,0.46448291102856654,-0.9511956814417701,1.4156785924703366,0.025621927323422368
GTEX-ZQG8-0008-SM-C1YPW.1,SKIN,64.5,10.0,171.0,0.5963081544163796,-1.2257708636801035,1.822079018096483,-0.005749756881457329
GTEX-ZQG8-1226-SM-51MRX.1,MUSCLE,64.5,7.9,166.0,-0.25750898069365546,1.2988278992069324,-1.5563368799005879,-0.818533158422247
GTEX-ZQG8-1626-SM-5HL6H.1,SKIN,64.5,7.7,180.0,-0.16129774221756446,0.2791134326524844,-0.4404111748700489,0.17955605107978004
GTEX-ZQG8-1626-SM-DHXIT.1,SKIN,64.5,7.7,180.0,-0.00602555396180721,-0.23054100302360564,0.22451544906179843,0.20411653498380483
GTEX-ZQG8-1926-SM-4YCEO.1,SKIN,64.5,7.3,183.0,0.9165787164193033,-0.11856385290425661,1.0351425693235599,0.30678021673943706
GTEX-ZQUD-0008-SM-4YCCU.1,SKIN,34.5,10.0,219.0,0.7756188473030898,-1.598243410902599,2.3738622582056887,-0.13397055698483817
GTEX-ZQUD-1426-SM-57WER.1,SKIN,34.5,6.5,221.0,-0.6112275748260785,0.46120077730693204,-1.0724283521330105,-0.08003704158923299
GTEX-ZQUD-1526-SM-51MRE.1,HEART,34.5,6.7,223.0,-0.7222509171046096,0.5139746130232988,-1.2362255301279084,-1.3788896543576106
GTEX-ZQUD-1526-SM-7EWD9.1,HEART,34.5,6.7,223.0,-0.485180243975884,0.46315967491384263,-0.9483399188897266,-1.1728937523951708
GTEX-ZQUD-1526-SM-7IGO2.1,HEART,34.5,6.7,223.0,-0.44898555542648894,0.4380279333481152,-0.8870134887746042,-1.1557608024056507
GTEX-ZQUD-1726-SM-51MRQ.1,MUSCLE,34.5,7.8,227.0,-0.5803709006723934,0.6244090912928668,-1.2047799919652602,-0.7647629162936913
GTEX-ZQUD-1726-SM-7P8ON.1,MUSCLE,34.5,7.8,227.0,1.1754164666758633,-3.8291453914811178,5.004561858156981,-0.6625810929174767
GTEX-ZT9W-0008-SM-4YCDJ.1,SKIN,54.5,10.0,181.0,0.4877627014213462,-1.482498245177643,1.970260946598989,0.10344711102579754
GTEX-ZT9W-0526-SM-57WFG.1,HEART,54.5,8.1,94.0,-0.2931307168641222,0.5488447830099475,-0.8419754998740697,-0.05929749542622834
GTEX-ZT9W-1126-SM-57WDR.1,SKIN,54.5,6.8,112.0,-0.8397149498317774,1.7002043957632602,-2.5399193455950377,0.2939961603767377
GTEX-ZT9W-2426-SM-57WFJ.1,SKIN,54.5,7.3,180.0,-0.1919210486992143,0.38687109916639034,-0.5787921478656046,0.7570771596902115
GTEX-ZT9X-0008-SM-4YCD7.1,SKIN,44.5,10.0,247.0,0.19330576022734652,-1.1636341639076877,1.3569399241350342,0.1320932601567348
GTEX-ZT9X-1526-SM-5DUXD.1,SKIN,44.5,7.5,190.0,-0.4663852311680511,0.6497278748415588,-1.11611310600961,-0.3744727968940105
GTEX-ZT9X-1826-SM-57WDU.1,MUSCLE,44.5,8.8,250.0,0.018434925522251334,0.2270843619552094,-0.20864943643295805,0.056715663740852365
GTEX-ZTPG-0008-SM-4YCEK.1,SKIN,24.5,10.0,208.0,0.24920623254273827,-1.4096016854950402,1.6588079180377784,0.20619397655295862
GTEX-ZTPG-0126-SM-5O9AL.1,MUSCLE,24.5,8.0,204.0,0.7137643176438062,-0.5596595208286409,1.2734238384724472,0.52724115016653
GTEX-ZTPG-0326-SM-5O9AX.1,SKIN,24.5,7.3,208.0,-0.30207699908993474,0.1567115928664507,-0.45878859195638544,0.39956813803236263
GTEX-ZTPG-1226-SM-4YCDO.1,HEART,24.5,7.9,250.0,0.40867054773696193,-0.08201613018081894,0.49068667791778087,-0.09717730203603142
GTEX-ZTPG-1326-SM-51MSQ.1,HEART,24.5,8.1,253.0,0.08525093477884702,-0.4061922476623533,0.49144318244120033,0.18301681141344806
GTEX-ZTPG-1426-SM-51MT3.1,LIVER,24.5,6.8,254.0,0.9055925873015239,-1.024043912768925,1.929636500070449,0.7738697966714088
GTEX-ZTSS-0008-SM-4YCE8.1,SKIN,44.5,10.0,243.0,0.8773339097768105,-2.136397612953033,3.0137315227298433,0.05207408842741191
GTEX-ZTSS-1426-SM-5985P.1,SKIN,44.5,5.9,218.0,-0.778409893463208,1.534924105492319,-2.3133339989555273,0.07602238704230455
GTEX-ZTSS-1826-SM-57WEK.1,MUSCLE,44.5,7.0,240.0,0.026204334916334796,-2.741303282664239,2.767507617580574,3.9343943065357663
GTEX-ZTSS-1926-SM-57WEW.1,SKIN,44.5,7.0,244.0,-0.08717998793237962,0.34198063038379084,-0.4291606183161705,-0.07526204824240888
GTEX-ZTTD-0008-SM-51MQV.1,SKIN,54.5,10.0,241.0,0.22931576567742268,-1.4692043200007208,1.6985200856781435,0.052282636017650284
GTEX-ZTTD-0326-SM-57WFW.1,MUSCLE,54.5,6.8,273.0,-0.5530621579031132,-1.4341151626533681,0.8810530047502549,4.217820835025823
GTEX-ZTTD-0526-SM-57WDV.1,HEART,54.5,7.1,277.0,0.6307677059179437,-4.517885231763796,5.1486529376817405,2.070884570734191
GTEX-ZTTD-0626-SM-4YCCY.1,HEART,54.5,6.8,280.0,0.8482407724680503,-2.0785265165057236,2.9267672889737737,1.1543346258560727
GTEX-ZTTD-2826-SM-4YCFA.1,SKIN,54.5,7.3,384.0,0.5448133986306433,-0.41539506958795147,0.9602084682185947,-0.2248639476862285
GTEX-ZTX8-0008-SM-4YCDV.1,SKIN,24.5,10.0,184.0,0.24710617550107308,-1.1459367096061153,1.3930428851071883,-0.033875247983899
GTEX-ZTX8-1326-SM-4YCEL.1,SKIN,24.5,7.6,174.0,-1.85370069010311,1.5782271517284507,-3.431927841831561,-0.6958731874829808
GTEX-ZTX8-1426-SM-5DUVO.1,SKIN,24.5,7.5,184.0,-0.6458667408372887,-0.03756993182524628,-0.6082968090120424,-0.5721221661397655
GTEX-ZTX8-1626-SM-51MRY.1,MUSCLE,24.5,8.3,187.0,-0.5959133226489377,-0.3703038957384201,-0.2256094269105176,-0.4616137292802247
GTEX-ZU9S-0226-SM-5E441.1,SKIN,34.5,7.4,493.0,-0.03791374026334636,0.20916382565805838,-0.24707756592140473,0.013950026404866655
GTEX-ZU9S-1826-SM-5NQ9E.1,SKIN,34.5,6.4,619.0,-0.7644692567341991,1.3172574595962483,-2.081726716330447,0.13663529998957702
GTEX-ZUA1-0008-SM-4YCEW.1,SKIN,44.5,10.0,866.0,0.22288757250948166,-0.970491717966132,1.1933792904756135,0.13674342194487035
GTEX-ZUA1-0011-R10a-SM-51MT6.1,BRAIN,44.5,8.1,829.0,0.19863131507242482,0.610907536165315,-0.4122762210928902,-0.11835215725841942
GTEX-ZUA1-0011-R11b-SM-51MTI.1,BRAIN,44.5,9.0,829.0,0.9870982674692989,-0.8452457685167458,1.8323440359860448,-0.06595060076657834
GTEX-ZUA1-0011-R1a-SM-4YCE2.1,BRAIN,44.5,7.9,829.0,-0.006395345366197868,0.5810207180008111,-0.587416063367009,0.23532612770514819
GTEX-ZUA1-0011-R3a-SM-4YCEE.1,BRAIN,44.5,6.6,829.0,0.37277507558277845,0.26832272831337367,0.10445234726940478,0.11661500309289843
GTEX-ZUA1-0011-R5b-SM-51MTG.1,BRAIN,44.5,8.4,829.0,0.580100305162967,0.1661074282735327,0.41399287688943426,-0.05723205009496139
GTEX-ZUA1-0011-R6b-SM-4YCDD.1,BRAIN,44.5,7.3,829.0,0.23539882224740652,-0.06014138480853771,0.29554020705594425,0.43327294093156193
GTEX-ZUA1-0011-R7b-SM-4YCDP.1,BRAIN,44.5,8.9,829.0,0.2988814885846466,0.5443996594765523,-0.24551817089190575,0.056264946217259665
GTEX-ZUA1-0011-R8b-SM-51MST.1,BRAIN,44.5,7.8,829.0,0.4749954819917329,0.6988574176216295,-0.22386193562989654,-0.04184746768418581
GTEX-ZUA1-0126-SM-5GU76.1,SKIN,44.5,6.1,865.0,0.4292858425719961,-0.40114218066340873,0.8304280232354049,0.8093184449042611
GTEX-ZUA1-0326-SM-5NQA3.1,MUSCLE,44.5,7.7,874.0,-0.1777866335539817,0.5969515635625497,-0.7747381971165315,-0.20979752700700302
GTEX-ZUA1-0726-SM-4YCD9.1,HEART,44.5,7.5,889.0,-0.7900191103004015,0.7991862906976314,-1.5892054009980328,0.17143295760821203
GTEX-ZUA1-0826-SM-4YCDL.1,HEART,44.5,8.5,891.0,-2.6910418577110597,1.1719565873676963,-3.8629984450787562,-0.8382330297881236
GTEX-ZUA1-2626-SM-5NQ92.1,SKIN,44.5,6.6,964.0,-0.5379358771631189,1.492593840744354,-2.0305297179074726,0.2980469271063604
GTEX-ZUA1-2926-SM-59HL3.1,BRAIN,44.5,7.4,990.0,0.8116694194188634,-1.0672236155332118,1.8788930349520752,-0.17520495657884333
GTEX-ZUA1-3026-SM-59HJC.1,BRAIN,44.5,7.5,992.0,0.28072032832022764,0.24267911657486355,0.038041211745364095,0.01768851266831875
GTEX-ZV68-0008-SM-4YCCV.1,SKIN,54.5,10.0,1262.0,0.771630481784644,-0.4893706328157703,1.2610011146004143,-0.30894467570253853
GTEX-ZV68-0011-R10a-SM-51MT7.1,BRAIN,54.5,6.7,1176.0,-0.9272170781466775,0.8366978745083433,-1.7639149526550209,-0.5041583337718586
GTEX-ZV68-0011-R2a-SM-4YCDK.1,BRAIN,54.5,6.1,1176.0,-0.8263074673008015,0.4653663369514201,-1.2916738042522216,-0.4100317542260831
GTEX-ZV68-0011-R5a-SM-4YCDW.1,BRAIN,54.5,7.0,1176.0,-0.9982135033109334,1.0220339264990181,-2.0202474298099515,-0.6039362275014275
GTEX-ZV68-0011-R6a-SM-51MSR.1,BRAIN,54.5,5.9,1176.0,-1.299042601780353,0.9040709695910749,-2.2031135713714276,-0.874520722626405
GTEX-ZV68-0011-R7a-SM-51MT4.1,BRAIN,54.5,6.3,1176.0,-1.3399838588085544,1.0499660558722732,-2.3899499146808276,-0.8608054878968722
GTEX-ZV68-0126-SM-59HKS.1,SKIN,54.5,8.0,1237.0,-0.8103729514715268,0.2004845221130759,-1.0108574735846028,-0.35562188283140217
GTEX-ZV68-0526-SM-59HKI.1,MUSCLE,54.5,5.9,1256.0,-0.25755552004548155,0.4953117403442163,-0.7528672603896979,-0.68917145540453
GTEX-ZV6S-0008-SM-4YCF9.1,SKIN,44.5,10.0,433.0,0.5409088346695927,-1.0405474085969888,1.5814562432665815,-0.004477567035283255
GTEX-ZV6S-2126-SM-4YCEM.1,MUSCLE,44.5,7.5,429.0,-0.20051506314658407,-0.355372229484526,0.15485716633794194,-0.10747117098924709
GTEX-ZV6S-2326-SM-4YCEY.1,SKIN,44.5,7.1,433.0,-0.30864059260902355,0.07087578434839242,-0.37951637695741597,-0.12327281583533757
GTEX-ZV7C-0008-SM-57WCL.1,SKIN,54.5,10.0,165.0,0.6489919653579653,-1.0773699913265455,1.726361956684511,-0.12088505859563427
GTEX-ZV7C-0326-SM-57WB1.1,HEART,54.5,8.3,103.0,0.3262306470462027,0.1058589684297578,0.2203716786164449,-0.2217887097432071
GTEX-ZV7C-0526-SM-51MRB.1,HEART,54.5,8.0,105.0,0.04816362232674605,-0.1473810574974834,0.19554467982422946,0.31180837535329764
GTEX-ZV7C-0526-SM-9WPNK.1,HEART,54.5,8.0,105.0,0.231512585890473,-0.4782437095754282,0.7097562954659012,0.6698400177744613
GTEX-ZV7C-0926-SM-59HL1.1,SKIN,54.5,7.8,116.0,-0.7628258573114242,1.011081557208598,-1.7739074145200222,1.1263440509854665
GTEX-ZV7C-2426-SM-5NQ7Q.1,MUSCLE,54.5,7.6,172.0,-0.17233654535446458,-1.0648419834818603,0.8925054381273958,-0.09313361759602114
GTEX-ZVE1-0008-SM-51MS9.1,SKIN,54.5,9.9,1068.0,0.28696517280665035,-0.7845819309834939,1.0715471037901443,-0.016023327193158302
GTEX-ZVE1-0526-SM-5NQ71.1,MUSCLE,54.5,6.0,1075.0,0.5766003318573759,-0.553603533489263,1.130203865346639,0.3405343674854233
GTEX-ZVE1-0726-SM-51MRN.1,SKIN,54.5,5.9,1079.0,-0.02768981110074645,0.3422565967195952,-0.36994640782034166,-0.14068996383294724
GTEX-ZVE2-0008-SM-51MRU.1,SKIN,54.5,10.0,522.0,0.2788301624808365,-0.9592464181689331,1.2380765806497696,-0.10121862044699478
GTEX-ZVE2-0226-SM-59HJB.1,SKIN,54.5,7.7,521.0,-0.07250782310208027,-0.011306948134038533,-0.06120087496804174,0.24607192185744106
GTEX-ZVE2-0626-SM-5GU7I.1,MUSCLE,54.5,6.3,584.0,0.08947741630252662,-1.1290044510957464,1.2184818673982731,0.7164880478868006
GTEX-ZVE2-2826-SM-5GU51.1,SKIN,54.5,6.7,691.0,0.07925032828190262,-0.29939463076142775,0.3786449590433304,0.4987507586461931
GTEX-ZVP2-0008-SM-51MSL.1,SKIN,54.5,10.0,172.0,0.6080347306620678,-0.7176524958210925,1.3256872264831603,-0.30886500320812654
GTEX-ZVP2-0326-SM-57WBP.1,SKIN,54.5,5.8,134.0,-1.441748191452838,1.4986980941500856,-2.9404462856029236,-0.3138130916410028
GTEX-ZVP2-0626-SM-51MSO.1,LIVER,54.5,7.7,137.0,-0.09941196022241397,-0.3149201462652543,0.2155081860428403,-0.07715476523920238
GTEX-ZVP2-2126-SM-5GU6E.1,MUSCLE,54.5,7.7,177.0,-0.11803605701889304,-0.870028962837269,0.751992905818376,-0.3258425646703229
GTEX-ZVT2-0008-SM-57WC9.1,SKIN,54.5,10.0,149.0,0.9548435593433944,-0.9055685660951804,1.8604121254385748,-0.2590170698962733
GTEX-ZVT2-0126-SM-5GIDQ.1,SKIN,54.5,6.9,85.0,-0.670350872312154,1.0883330377885314,-1.7586839101006855,-0.21193302140631132
GTEX-ZVT2-0926-SM-5GICE.1,HEART,54.5,8.7,99.0,0.07599646776405636,0.3773699611963672,-0.3013734934323108,0.23483151746146935
GTEX-ZVT2-1026-SM-5GU55.1,HEART,54.5,7.9,102.0,0.21712442389032582,0.4512517651899468,-0.23412734129962098,-0.1652283283443465
GTEX-ZVT2-2426-SM-57WCQ.1,MUSCLE,54.5,8.2,147.0,-0.411159542783017,1.064687384738765,-1.475846927521782,-0.5037982786592823
GTEX-ZVT2-2526-SM-51MT1.1,SKIN,54.5,7.8,149.0,-0.6204314162042619,1.04977372810492,-1.6702051443091819,-0.16760236434322565
GTEX-ZVT3-0008-SM-51MRI.1,SKIN,64.5,9.9,573.0,0.05435790079842799,-1.0437754073746863,1.0981333081731144,-0.0518117030764015
GTEX-ZVT3-0011-R10b-SM-57WB6.1,BRAIN,64.5,6.6,524.0,0.12458993778433985,0.025908587789530244,0.09868134999480961,-0.19361477323755433
GTEX-ZVT3-0011-R11b-SM-57WBI.1,BRAIN,64.5,7.2,524.0,0.2188500510720715,-0.025178979311569552,0.24402903038364104,-0.5590567612876254
GTEX-ZVT3-0011-R3b-SM-51MTJ.1,BRAIN,64.5,6.4,524.0,-1.1991489750493287,0.8491753644796964,-2.0483243395290254,-0.5688674652835704
GTEX-ZVT3-0011-R5a-SM-51MSI.1,BRAIN,64.5,7.8,524.0,-1.176992000706293,1.1106165298792634,-2.2876085305855565,-0.45123205822461465
GTEX-ZVT3-0011-R6a-SM-51MSU.1,BRAIN,64.5,7.5,524.0,-1.337173910808233,1.1261814515773885,-2.4633553623856215,-0.6820439552191835
GTEX-ZVT3-0011-R7a-SM-57WCO.1,BRAIN,64.5,6.9,524.0,-2.0243778557822285,1.3139982055191797,-3.338376061301408,-0.9073881887053437
GTEX-ZVT3-0011-R8b-SM-57WDJ.1,BRAIN,64.5,6.6,524.0,-0.2210137074385017,0.3643169530539531,-0.5853306604924549,0.2699373140400717
GTEX-ZVT3-0126-SM-5GU6I.1,SKIN,64.5,7.0,572.0,0.10384043552901079,-0.05063527987545527,0.15447571540446606,0.6136027939028916
GTEX-ZVT3-0526-SM-5GIE9.1,MUSCLE,64.5,8.6,583.0,0.07870232951002973,0.21576139221833157,-0.13705906270830184,-0.4788422774272422
GTEX-ZVT3-0826-SM-5GIC8.1,HEART,64.5,7.2,609.0,0.9998564328228866,-1.1896730498227122,2.189529482645599,0.6106716754545642
GTEX-ZVT3-1626-SM-5GU66.1,LIVER,64.5,6.0,623.0,0.2323890912424248,0.43157388556532084,-0.19918479432289604,0.31086468372961373
GTEX-ZVT3-2926-SM-5GU6M.1,BRAIN,64.5,6.1,661.0,0.15346284869555984,-0.13325012485561494,0.28671297355117475,-0.09313012305444755
GTEX-ZVT3-3026-SM-5E43N.1,BRAIN,64.5,6.9,663.0,0.3422579154578832,-0.0017995173123913633,0.34405743277027456,0.04646372134553372
GTEX-ZVT4-0008-SM-57WCA.1,SKIN,54.5,10.0,603.0,0.2682909529510513,-0.943921104495516,1.2122120574465673,-0.048766701840069204
GTEX-ZVT4-0126-SM-51MS1.1,SKIN,54.5,7.5,602.0,0.03675178375821706,0.004454994937330767,0.032296788820886296,0.13000828022772037
GTEX-ZVT4-0126-SM-DTXFN.1,SKIN,54.5,8.0,602.0,0.2538527178082956,-0.5494159450300387,0.8032686628383343,0.21459856479528722
GTEX-ZVT4-0326-SM-51MS5.1,MUSCLE,54.5,7.9,607.0,0.0796740279986605,-0.004251838575786104,0.0839258665744466,-0.23208958078981828
GTEX-ZVT4-0626-SM-5E45T.1,LIVER,54.5,5.9,615.0,-0.4621058578068456,0.5515425851176874,-1.013648442924533,-0.14627022008069038
GTEX-ZVT4-1326-SM-5NQ8E.1,HEART,54.5,5.7,642.0,0.026881331212479202,-0.8772438836067967,0.9041252148192759,1.1107036627264586
GTEX-ZVT4-2426-SM-5GIEI.1,SKIN,54.5,7.5,669.0,-0.04949190106576637,0.2538776920381168,-0.3033695931038831,-0.09733832819413185
GTEX-ZVTK-0008-SM-57WDA.1,SKIN,24.5,10.0,946.0,0.11613155361633407,-0.9081979414872338,1.0243294951035677,-0.16304435245778442
GTEX-ZVTK-0226-SM-51MRG.1,SKIN,24.5,6.6,899.0,0.7817264321740184,0.2662941966704262,0.5154322355035922,0.790418369808596
GTEX-ZVTK-0426-SM-51MRS.1,SKIN,24.5,7.2,945.0,-0.8736676483267274,0.8011114847716473,-1.6747791330983746,-0.36182303173564795
GTEX-ZVTK-0626-SM-5GU6Y.1,MUSCLE,24.5,8.2,956.0,-0.00929524291138565,0.46555088640834036,-0.47484612931972603,-0.5712768272731835
GTEX-ZVZO-0126-SM-5A5L9.1,SKIN,44.5,6.9,143.0,-0.5150114207683631,0.8732468960691666,-1.3882583168375298,-0.5036277039395916
GTEX-ZVZO-0326-SM-5HL4N.1,MUSCLE,44.5,7.8,147.0,0.09352235684942324,-1.1235082969539982,1.2170306538034215,0.43778118527693644
GTEX-ZVZP-0008-SM-51MSX.1,SKIN,54.5,10.0,158.0,0.8624394248713769,-0.8127675460911068,1.6752069709624837,-0.3446833103973953
GTEX-ZVZP-0226-SM-5NQ73.1,HEART,54.5,9.1,64.0,0.2505542979063923,0.6247755923375382,-0.37422129443114593,-0.5080500641858295
GTEX-ZVZP-1226-SM-5GID7.1,SKIN,54.5,5.9,101.0,-0.4417488184708265,0.8724931294098937,-1.3142419478807201,-0.6236717110785868
GTEX-ZVZP-2426-SM-59HKJ.1,SKIN,54.5,7.2,158.0,-0.2154713135372748,0.273499088897836,-0.4889704024351108,-0.3636990108259924
GTEX-ZVZP-2526-SM-57WBR.1,MUSCLE,54.5,7.5,162.0,-0.5515815890302894,0.9561968149761717,-1.5077784040064612,-0.26223852404511844
GTEX-ZVZQ-0008-SM-51MSK.1,SKIN,64.5,8.2,1111.0,0.7520185629801506,-1.258593072551064,2.0106116355312142,0.04218674031125466
GTEX-ZVZQ-0011-R10b-SM-51MRT.1,BRAIN,64.5,8.6,1005.0,0.5519740931155112,-0.049712446878021815,0.6016865399935329,0.08411457390155666
GTEX-ZVZQ-0011-R11a-SM-51MS6.1,BRAIN,64.5,8.8,1005.0,0.7626483306327292,-0.49492223106641864,1.257570561699148,-0.41351640910141396
GTEX-ZVZQ-0011-R1a-SM-57WBU.1,BRAIN,64.5,6.2,1005.0,-1.6891938224803977,0.9191069829623314,-2.6083008054427292,-0.70072552374431
GTEX-ZVZQ-0011-R3a-SM-57WC7.1,BRAIN,64.5,5.8,1005.0,0.031770205591457754,0.04088797425126667,-0.009117768659808914,-0.15622055266127038
GTEX-ZVZQ-0011-R4b-SM-57WCZ.1,BRAIN,64.5,7.9,1005.0,-0.07621419316513446,0.42735764255912095,-0.5035718357242555,0.039049812548386235
GTEX-ZVZQ-0011-R5b-SM-57WDC.1,BRAIN,64.5,7.9,1005.0,-0.6973940660482395,0.9850299300853492,-1.6824239961335887,-0.24911626070311144
GTEX-ZVZQ-0011-R6b-SM-57WAY.1,BRAIN,64.5,7.6,1005.0,-0.11746794552230402,0.5916239341804768,-0.7090918797027808,-0.027951646137618955
GTEX-ZVZQ-0011-R7b-SM-57WBB.1,BRAIN,64.5,7.1,1005.0,-0.03490710284715549,0.0951106361131757,-0.1300177389603312,0.2291866339440757
GTEX-ZVZQ-0011-R8a-SM-51MR5.1,BRAIN,64.5,7.5,1005.0,-0.5527109734923495,0.95460630506059,-1.5073172785529394,-0.33361812238767885
GTEX-ZVZQ-0011-R9a-SM-51MRH.1,BRAIN,64.5,8.1,1005.0,0.23648641693297584,-0.27817464643254736,0.5146610633655232,0.6616055492177935
GTEX-ZVZQ-0326-SM-59HLL.1,SKIN,64.5,7.7,1110.0,1.0741721107456816,0.9280122343096425,0.14615987643603912,-0.30557236345697175
GTEX-ZVZQ-0726-SM-51MR3.1,HEART,64.5,6.3,1129.0,0.22587322957677297,-0.5263044355277038,0.7521776651044767,0.814996156941331
GTEX-ZWKS-0126-SM-5SIAA.1,SKIN,34.5,7.1,954.0,-0.555256983764246,0.5778134780543257,-1.1330704618185719,-0.4984114650857293
GTEX-ZWKS-0326-SM-5NQ7G.1,MUSCLE,34.5,6.2,958.0,-0.6806136044770347,0.5165468791473645,-1.1971604836243992,0.12083140953995226
GTEX-ZWKS-0626-SM-5GIDV.1,SKIN,34.5,6.2,964.0,0.24405394737994568,0.17325079142366048,0.0708031559562852,-0.19044920736479554
GTEX-ZXES-0008-SM-57WCX.1,SKIN,34.5,10.0,154.0,0.2227811916330223,-0.8188640088447663,1.0416452004777885,-0.005466944216628691
GTEX-ZXES-1826-SM-5E43S.1,SKIN,34.5,6.1,150.0,-1.1544144474682603,1.0721256095042302,-2.2265400569724907,-0.5684716894800771
GTEX-ZXG5-0008-SM-57WDB.1,SKIN,64.5,10.0,1060.0,0.43887113085436924,-1.4334827976158464,1.8723539284702158,0.09122952454394243
GTEX-ZXG5-0011-R10a-SM-57WDD.1,BRAIN,64.5,6.3,965.0,-0.6158792651384113,0.8095035530335918,-1.425382818172003,-0.6030557674823608
GTEX-ZXG5-0011-R5b-SM-57WBN.1,BRAIN,64.5,7.6,965.0,-0.6025076698230404,0.9344234847382796,-1.53693115456132,-0.29997871283901745
GTEX-ZXG5-0011-R6a-SM-57WBZ.1,BRAIN,64.5,7.9,965.0,-0.1722679379892089,0.7166204604484206,-0.8888883984376296,-0.21524234668475992
GTEX-ZXG5-0011-R7b-SM-57WCC.1,BRAIN,64.5,6.7,965.0,-1.2269258096306324,1.1083762510110988,-2.335302060641731,-0.5439740347679055
GTEX-ZXG5-0011-R8a-SM-57WD1.1,BRAIN,64.5,7.6,965.0,-1.1360246150839284,1.1442777984357602,-2.2803024135196885,-0.4516554802816659
GTEX-ZXG5-0126-SM-5GIEU.1,SKIN,64.5,6.9,1058.0,-0.20544088833827806,0.29589629738110135,-0.5013371857193794,0.1498671410879285
GTEX-ZXG5-0326-SM-5GICH.1,MUSCLE,64.5,6.2,1075.0,0.05950011520885082,-0.5200889218518435,0.5795890370606943,0.20824202616834053
GTEX-ZXG5-0626-SM-5NQ85.1,HEART,64.5,6.4,1173.0,-1.3028522169413321,0.6324851513042817,-1.9353373682456139,0.07646851295942525
GTEX-ZXG5-2126-SM-59HKD.1,SKIN,64.5,7.3,1266.0,-0.3286264583100975,0.6317900367439561,-0.9604164950540536,-0.2072851653407532
GTEX-ZY6K-1426-SM-5GZX2.1,SKIN,54.5,8.2,199.0,-0.6144652894236343,0.9367492094444378,-1.551214498868072,-0.4304604495489214
GTEX-ZY6K-1826-SM-5GZXK.1,SKIN,54.5,7.0,268.0,-0.9568417343308141,1.0423598785699952,-1.9992016129008094,0.07645981789866482
GTEX-ZY6K-2026-SM-5GZXQ.1,MUSCLE,54.5,8.3,262.0,0.603954684025503,-0.8463020693580237,1.4502567533835267,0.11289575464283363
GTEX-ZYFC-0226-SM-5NQ75.1,SKIN,54.5,7.6,1321.0,-0.35176056004261835,0.2358157160467019,-0.5875762760893203,0.011210377995069673
GTEX-ZYFC-0426-SM-5GICQ.1,SKIN,54.5,7.7,1325.0,-0.3327551674956462,0.2929303201251493,-0.6256854876207956,0.04178570834054818
GTEX-ZYFC-0526-SM-5GIDF.1,MUSCLE,54.5,8.1,1358.0,-0.11375922639596256,0.22329445672885054,-0.3370536831248131,-0.5424532586689342
GTEX-ZYFC-1026-SM-5GZX9.1,HEART,54.5,7.5,1399.0,0.7706396314714007,-1.0526312417767003,1.8232708732481009,0.022866948810270436
GTEX-ZYFC-1126-SM-5E44W.1,HEART,54.5,6.5,1401.0,-0.07951897479585507,0.596027121558747,-0.675546096354602,-0.754255785126738
GTEX-ZYFD-0126-SM-5GIDL.1,SKIN,54.5,8.2,525.0,-0.6630728364802645,0.1426959200828041,-0.8057687565630686,0.09685290030003738
GTEX-ZYFD-0326-SM-5NQ8I.1,MUSCLE,54.5,8.0,532.0,-0.015741514313019976,0.7202190455694593,-0.7359605598824792,-0.3891847783340116
GTEX-ZYFD-0626-SM-5E44E.1,SKIN,54.5,6.9,579.0,-0.4385567067457406,0.17615177127092074,-0.6147084780166614,0.39559115993265587
GTEX-ZYFD-2026-SM-5E459.1,HEART,54.5,8.1,639.0,0.48077314746995126,-0.6319141472619578,1.112687294731909,0.36892900142417256
GTEX-ZYFD-2926-SM-5GID9.1,BRAIN,54.5,6.5,683.0,0.32480103329465504,-0.23334977921837316,0.5581508125130282,-0.071969390622475
GTEX-ZYFD-3026-SM-5E44C.1,BRAIN,54.5,6.7,684.0,0.38490904594592407,-0.04980764651728287,0.43471669246320693,0.16471149065728313
GTEX-ZYFG-0426-SM-5E43M.1,HEART,64.5,8.7,55.0,0.26624723818105117,0.6755728673764236,-0.40932562919537246,-0.5519197560810816
GTEX-ZYFG-0526-SM-5GZXX.1,HEART,64.5,8.6,57.0,-0.06590103099523023,0.6793369285762678,-0.7452379595714981,-0.20292753055007975
GTEX-ZYFG-1526-SM-5GZYM.1,SKIN,64.5,6.2,100.0,-0.43063185436206186,1.3832608047062611,-1.813892659068323,0.07951013081802201
GTEX-ZYFG-2326-SM-5E44B.1,SKIN,64.5,5.9,147.0,-1.382752955517823,1.7792737695732226,-3.162026725091046,-0.6652105347640062
GTEX-ZYFG-2426-SM-5GIE8.1,MUSCLE,64.5,8.6,149.0,0.11158635992284704,0.9402067341517208,-0.8286203742288738,-0.25651262143754017
GTEX-ZYT6-0226-SM-5NQ6T.1,SKIN,34.5,8.3,1402.0,-0.24845637420237038,-0.18663204631219957,-0.06182432789017081,-0.37945183496558976
GTEX-ZYT6-0626-SM-5E45V.1,LIVER,34.5,6.6,1412.0,0.18671416069873092,0.18315112868015898,0.0035630320185719433,-0.410964314106274
GTEX-ZYT6-0926-SM-5GIEM.1,HEART,34.5,7.2,1414.0,0.7436598608658708,-0.2534316460146032,0.997091506880474,0.29466823882118964
GTEX-ZYT6-1626-SM-5E45R.1,MUSCLE,34.5,7.9,1424.0,-0.49703324122210996,0.6068406674023431,-1.1038739086244531,-0.717485659329371
GTEX-ZYT6-1726-SM-5E44P.1,HEART,34.5,7.5,1424.0,-2.606253291843369,1.1123097838420866,-3.7185630756854557,-1.0805526975503954
GTEX-ZYT6-2326-SM-5GZY3.1,SKIN,34.5,7.2,1430.0,0.31402936603213155,-0.2185231124088367,0.5325524784409683,-0.27792478019891076
GTEX-ZYVF-0626-SM-5E43Q.1,MUSCLE,54.5,6.9,631.0,-0.4766147294545397,-1.0505856306769976,0.5739709012224579,1.131757459501227
GTEX-ZYVF-0926-SM-5E44J.1,SKIN,54.5,7.1,637.0,-0.11603570616493356,0.34732394612356293,-0.4633596522884965,-0.24964610324585684
GTEX-ZYVF-1826-SM-5E44F.1,HEART,54.5,6.3,676.0,0.19998893530818446,-0.11780038651588388,0.3177893218240683,-0.008373376530253808
GTEX-ZYW4-0126-SM-5E44A.1,SKIN,64.5,7.4,745.0,0.037971002471010526,0.22179974445694348,-0.18382874198593296,0.6667141871172805
GTEX-ZYW4-0526-SM-5GZZ5.1,MUSCLE,64.5,8.5,759.0,-0.5974074083966172,-0.6207143419309069,0.023306933534289698,0.24611776319794404
GTEX-ZYW4-0626-SM-59HJR.1,SKIN,64.5,7.2,763.0,0.23922598598755399,-0.780927791049516,1.02015377703707,0.17134366597015613
GTEX-ZYW4-0926-SM-59HJS.1,HEART,64.5,5.9,780.0,-0.7082546793218866,0.6088041160480316,-1.3170587953699182,-0.4753184736558823
GTEX-ZYW4-1026-SM-5SI8W.1,HEART,64.5,6.8,782.0,-0.30234319906173307,-1.0481151919313605,0.7457719928696274,1.327719944725155
GTEX-ZYWO-0526-SM-5E45I.1,HEART,44.5,8.3,81.0,0.13307750902914728,0.1277063530104587,0.0053711560186885665,0.15711123668927993
GTEX-ZYWO-0626-SM-5E45K.1,HEART,44.5,8.6,83.0,0.5718776301484558,0.0736508529132685,0.4982267772351873,0.303006215416112
GTEX-ZYWO-2226-SM-5GZXR.1,SKIN,44.5,8.0,163.0,-0.11757432294521868,0.7208428792910065,-0.8384172022362252,0.0630007748751936
GTEX-ZYWO-2626-SM-5E43V.1,MUSCLE,44.5,7.9,189.0,-0.5567002130129524,0.3120724075320676,-0.8687726205450199,-0.10756019393758955
GTEX-ZYY3-0126-SM-5GZY5.1,SKIN,64.5,6.6,484.0,0.10136056376934371,-0.11402090542876252,0.21538146919810625,0.08490683112672236
GTEX-ZYY3-0526-SM-5E45G.1,MUSCLE,64.5,8.4,491.0,0.12215672620380845,0.20697161829994692,-0.08481489209613848,-0.0013291143882572032
GTEX-ZYY3-0626-SM-5NQ6W.1,LIVER,64.5,5.7,497.0,0.5474526374849081,-0.07681044796409124,0.6242630854489993,0.5061871957198271
GTEX-ZYY3-2926-SM-5GIEB.1,SKIN,64.5,6.0,541.0,-0.5930593970714274,0.3845619743737173,-0.9776213714451447,-0.3913256656575604
GTEX-ZYY3-3026-SM-5GIEJ.1,BRAIN,64.5,5.9,545.0,0.5002294735972792,-0.30806534704022914,0.8082948206375083,0.055651614407183886
GTEX-ZYY3-3126-SM-5SI9L.1,BRAIN,64.5,6.8,547.0,0.1699501362377314,-0.0720323716722196,0.241982507909951,0.9875125785717047
GTEX-ZZ64-1026-SM-5GZXG.1,SKIN,24.5,8.3,195.0,-0.0003665960153767806,0.5000157787418043,-0.5003823747571811,0.25087567329432714
GTEX-ZZ64-1526-SM-5E43K.1,MUSCLE,24.5,7.2,230.0,-0.1725680492882771,0.20257474928550806,-0.3751427985737852,0.17517625371030213
GTEX-ZZ64-1726-SM-5GZYB.1,SKIN,24.5,8.0,236.0,-0.12357392623035368,0.5076191168251118,-0.6311930430554655,-0.059330449607156895
GTEX-ZZPT-0226-SM-5E43X.1,SKIN,54.5,7.2,1094.0,-0.19604308114261132,0.8397441482976098,-1.035787229440221,0.1879690416805788
GTEX-ZZPT-0626-SM-5GZXT.1,MUSCLE,54.5,7.0,1125.0,0.7643118291180168,-0.25964601896012296,1.0239578480781397,0.9088334616243647
GTEX-ZZPT-0926-SM-5GICZ.1,HEART,54.5,5.8,1145.0,0.30915507259808456,0.09571484892568877,0.2134402236723958,-0.0012349356604778332
GTEX-ZZPT-2926-SM-5EQ5S.1,BRAIN,54.5,6.8,1198.0,0.3146296333087617,0.055868521566558825,0.2587611117422029,-0.09362749827334743
GTEX-ZZPT-3026-SM-5GZXH.1,BRAIN,54.5,6.2,1200.0,-0.01609564921796028,0.5203867913607569,-0.5364824405787172,0.2152807683462337
GTEX-ZZPU-0426-SM-5GZYH.1,LIVER,54.5,7.8,192.0,0.21270445597770962,-0.5277172244964579,0.7404216804741675,-0.1577374289977454
GTEX-ZZPU-0826-SM-5GZX5.1,SKIN,54.5,7.2,202.0,-0.5014061153903621,0.7477527607638756,-1.2491588761542376,-0.12105149165169453
GTEX-ZZPU-0926-SM-5GZYT.1,HEART,54.5,8.7,204.0,0.6046007416081264,0.19871511498297817,0.4058856266251482,-0.03690076890674696
GTEX-ZZPU-1126-SM-5N9CW.1,HEART,54.5,8.6,208.0,0.4060750674416435,-0.2526949815259941,0.6587700489676376,0.6917768144867857
GTEX-ZZPU-2626-SM-5E45Y.1,MUSCLE,54.5,8.5,248.0,0.06350353160553907,0.5581400283822538,-0.4946364967767148,0.2103030632591025
