sample_id,tissue,age_mid,mitonuclear_score,regen_score,rin,ischemic_time
GTEX-1117F-0426-SM-5EGHI.1,MUSCLE,64.5,0.0024968949866006,9.091163868466882,7.1,1220.0
GTEX-1117F-0726-SM-5GIEN.1,HEART,64.5,0.0012488268729672,30.595078675954,6.3,1244.0
GTEX-1117F-2926-SM-5GZYI.1,SKIN,64.5,0.0040289751582217,30.572398524028014,7.7,1341.0
GTEX-1117F-3226-SM-5N9CT.1,BRAIN,64.5,0.0008324360154996,8.87471497170694,6.2,1418.0
GTEX-111CU-1126-SM-5EGIM.1,SKIN,54.5,0.0008631492239864,17.428123434789864,6.5,86.0
GTEX-111CU-1926-SM-5GZYZ.1,SKIN,54.5,0.0009985843332514,23.0657168552764,5.9,141.0
GTEX-111CU-2026-SM-5GZZC.1,MUSCLE,54.5,0.0022160949771167,6.855517550936771,8.1,144.0
GTEX-111FC-0126-SM-5N9DL.1,SKIN,64.5,0.0017371579543478,19.482036174639884,7.2,1036.0
GTEX-111FC-0326-SM-5GZZ1.1,MUSCLE,64.5,0.0028778146385507,5.217156663276161,8.2,1045.0
GTEX-111FC-0626-SM-5N9CU.1,HEART,64.5,0.0039988483823193,31.124733057421864,7.3,1054.0
GTEX-111FC-0826-SM-5GZWO.1,HEART,64.5,0.001692889785002,15.520543462930643,7.0,1060.0
GTEX-111FC-2526-SM-5GZXU.1,SKIN,64.5,0.0015249756336324,26.837511299187398,7.0,1135.0
GTEX-111FC-3126-SM-5GZZ2.1,BRAIN,64.5,0.0011474860333757,13.044262629004384,6.1,1221.0
GTEX-111FC-3326-SM-5GZYV.1,BRAIN,64.5,0.0017139966869026,14.251044334072049,7.1,1221.0
GTEX-111VG-0008-SM-5Q5BG.1,SKIN,64.5,0.0058546658782246,139.89190797599085,9.2,1084.0
GTEX-111VG-0326-SM-5GZX7.1,HEART,64.5,0.001002813624122,22.479835903025077,6.4,1006.0
GTEX-111VG-1626-SM-5EGIO.1,SKIN,64.5,0.0014396155971461,14.559646241652809,6.8,1046.0
GTEX-111VG-2426-SM-5GZXD.1,SKIN,64.5,0.0019163748303257,26.801547060458272,7.4,1084.0
GTEX-111VG-2626-SM-5GZY2.1,MUSCLE,64.5,0.0047324775246639,11.52018585413743,8.1,1088.0
GTEX-111YS-0008-SM-5Q5BH.1,SKIN,64.5,0.0064544445498902,155.26924210774183,10.0,299.0
GTEX-111YS-0326-SM-5GZZ3.1,HEART,64.5,0.0012652990764117,16.254086002518118,8.5,120.0
GTEX-111YS-0426-SM-5987O.1,HEART,64.5,0.0015339227623554,10.536011140021948,8.0,124.0
GTEX-111YS-1526-SM-5GZYW.1,SKIN,64.5,0.0017974537756119,25.121613649129756,7.5,163.0
GTEX-111YS-2326-SM-5987L.1,MUSCLE,64.5,0.0026628129788337,10.193074567671252,7.1,294.0
GTEX-1122O-0008-SM-5QGR2.1,SKIN,64.5,0.0061497150771203,149.27253886202416,10.0,128.0
GTEX-1122O-0626-SM-5N9B9.1,HEART,64.5,0.0023102313911897,21.05534397525978,8.6,60.0
GTEX-1122O-0826-SM-5GICV.1,HEART,64.5,0.0017202646852361,14.22215877461093,8.0,62.0
GTEX-1122O-1026-SM-9WYSF.1,SKIN,64.5,0.0014266373486654,19.268650493888927,7.5,94.0
GTEX-1122O-2126-SM-5EGIR.1,SKIN,64.5,0.0047413060242123,18.94572892374241,7.1,128.0
GTEX-1122O-2426-SM-5GIDN.1,MUSCLE,64.5,0.0020615049757302,7.933802226207088,7.0,131.0
GTEX-1128S-0008-SM-5Q5DP.1,SKIN,64.5,0.0041037557123188,172.52461612345903,8.9,886.0
GTEX-1128S-2326-SM-5GZZY.1,SKIN,64.5,0.0011608821106176,32.50505688397785,7.0,886.0
GTEX-1128S-2426-SM-5H11B.1,MUSCLE,64.5,0.0019993887461417,4.912614705305435,7.6,889.0
GTEX-1128S-2726-SM-5H12C.1,BRAIN,64.5,0.0009434639171795,11.759007402847338,6.3,1034.0
GTEX-1128S-2826-SM-5N9DI.1,BRAIN,64.5,0.0011731559727086,12.199423253537576,6.3,1036.0
GTEX-113IC-0008-SM-5QGRF.1,SKIN,64.5,0.0054467380262309,216.25496606459012,10.0,94.0
GTEX-113IC-0126-SM-5HL6T.1,SKIN,64.5,0.0015536329352804,44.153993622789145,7.2,94.0
GTEX-113JC-0008-SM-5QGR6.1,SKIN,54.5,0.0041214641886686,177.34159670097304,10.0,681.0
GTEX-113JC-2326-SM-5EQ4E.1,SKIN,54.5,0.002429987207091,30.806335180532567,7.5,681.0
GTEX-113JC-2726-SM-5EGIS.1,MUSCLE,54.5,0.0032812199624481,6.259467055601817,7.7,686.0
GTEX-117XS-0008-SM-5Q5DQ.1,SKIN,64.5,0.0052635383037961,180.951626533471,10.0,917.0
GTEX-117XS-0726-SM-5H131.1,HEART,64.5,0.0013370017285289,22.92387357943481,6.9,862.0
GTEX-117XS-2526-SM-5H11G.1,MUSCLE,64.5,0.0029180907402444,6.887432426008342,8.3,914.0
GTEX-117XS-2726-SM-5N9BL.1,SKIN,64.5,0.0014843607827415,17.307048393940992,6.9,916.0
GTEX-117XS-3026-SM-5N9CA.1,BRAIN,64.5,0.0013211941429328,9.18817665281254,6.4,1017.0
GTEX-117XS-3126-SM-5GIDP.1,BRAIN,64.5,0.0019353692126723,15.15372231656453,7.2,1018.0
GTEX-117YW-0008-SM-5QGRD.1,SKIN,54.5,0.0055371036732085,203.0393661754568,9.9,980.0
GTEX-117YW-0326-SM-5N9CY.1,HEART,54.5,0.0004277493938534,7.686582215118142,5.7,816.0
GTEX-117YW-0426-SM-5GZZZ.1,HEART,54.5,0.0001391218803592,3.956642357011325,5.8,817.0
GTEX-117YW-2426-SM-5Q5AE.1,MUSCLE,54.5,0.002722876848358,6.8315346730171616,6.1,978.0
GTEX-117YW-2626-SM-5GZZH.1,SKIN,54.5,0.0022614792437621,48.32520660961628,6.8,982.0
GTEX-117YW-2926-SM-5GIEQ.1,BRAIN,54.5,0.0002726254781326,11.065736644121976,5.9,1045.0
GTEX-117YX-0626-SM-5EGJI.1,HEART,54.5,0.0017670725585366,16.11581293631861,7.9,90.0
GTEX-117YX-1126-SM-5H128.1,HEART,54.5,0.0013871912474013,11.165902877717569,8.1,102.0
GTEX-117YX-1926-SM-5GIEC.1,SKIN,54.5,0.0010257075751821,18.05422250279574,6.6,116.0
GTEX-117YX-2326-SM-5H12W.1,SKIN,54.5,0.0013236259025318,21.310208969263744,6.4,147.0
GTEX-117YX-2526-SM-5EQ4Q.1,MUSCLE,54.5,0.0021121008207543,5.737349594585454,8.3,154.0
GTEX-1192W-0008-SM-5QGRE.1,SKIN,64.5,0.0043378169236398,192.6330997707653,9.9,810.0
GTEX-1192W-0226-SM-5EGGT.1,HEART,64.5,0.0010687993880723,33.75806945746266,6.8,675.0
GTEX-1192W-2626-SM-5Q5AF.1,SKIN,64.5,0.003236242338233,61.953763055846096,5.8,810.0
GTEX-1192X-0008-SM-5Q5B7.1,SKIN,54.5,0.0066427715710923,142.55178813296,9.2,856.0
GTEX-1192X-0011-R10a-SM-DO941.1,BRAIN,54.5,0.0034532598172764,18.02826901298524,8.7,762.0
GTEX-1192X-0011-R11b-SM-DO935.1,BRAIN,54.5,0.0040305766369213,22.13590018024824,8.3,762.0
GTEX-1192X-0011-R5a-SM-DNZZA.1,BRAIN,54.5,0.00174700163355,19.882144325838187,8.5,762.0
GTEX-1192X-0011-R6a-SM-DNZZB.1,BRAIN,54.5,0.0016480671280493,18.50470668483153,8.1,762.0
GTEX-1192X-0011-R7b-SM-DNZZC.1,BRAIN,54.5,0.0012639779626075,18.610746608730743,8.4,762.0
GTEX-1192X-0011-R8b-SM-DO11U.1,BRAIN,54.5,0.0030237155326251,25.49524910970297,8.2,762.0
GTEX-1192X-0011-R9b-SM-DO934.1,BRAIN,54.5,0.0019679957077628,28.242735655279688,7.3,762.0
GTEX-1192X-0226-SM-5H12D.1,SKIN,54.5,0.0018534617703911,30.992810957247983,6.0,856.0
GTEX-1192X-0426-SM-5GIEE.1,MUSCLE,54.5,0.002772566684717,7.07391341629662,7.5,859.0
GTEX-1192X-0726-SM-5987R.1,HEART,54.5,0.001677917053441,28.81745212929224,6.5,882.0
GTEX-1192X-1026-SM-5H12P.1,LIVER,54.5,0.0200138522741795,73.16173069535978,6.0,889.0
GTEX-1192X-2726-SM-5N9DN.1,SKIN,54.5,0.00199426184795,22.424888564688505,6.0,953.0
GTEX-1192X-3126-SM-5N9BY.1,BRAIN,54.5,0.0023620780628744,19.277072605698372,7.1,989.0
GTEX-1192X-3226-SM-5987D.1,BRAIN,54.5,0.0023672040532074,16.344734778155072,5.9,989.0
GTEX-11DXW-0008-SM-5Q59V.1,SKIN,44.5,0.0053702137295866,213.0290705908781,9.1,1091.0
GTEX-11DXW-0011-R1a-SM-DNZZD.1,BRAIN,44.5,0.0008095737979057,9.73720065445525,7.5,1080.0
GTEX-11DXW-0011-R3b-SM-DNZZE.1,BRAIN,44.5,0.0013358329908169,11.62139711035614,6.1,1080.0
GTEX-11DXW-0011-R5b-SM-DO11D.1,BRAIN,44.5,0.0004712656678566,8.591119760698072,6.8,1080.0
GTEX-11DXW-0011-R6a-SM-DO11N.1,BRAIN,44.5,0.0008473902037387,11.105065457598712,6.1,1080.0
GTEX-11DXW-0011-R7b-SM-DO119.1,BRAIN,44.5,0.0003471631660948,6.609787097645098,6.8,1080.0
GTEX-11DXW-0226-SM-5H122.1,SKIN,44.5,0.0027549069738375,36.73673504311747,7.2,1089.0
GTEX-11DXW-0726-SM-5H12J.1,MUSCLE,44.5,0.002051874756817,6.881290044240391,8.2,1105.0
GTEX-11DXW-0826-SM-5H118.1,SKIN,44.5,0.0020938163989542,38.69027742280655,7.3,1107.0
GTEX-11DXW-1026-SM-5H11K.1,BRAIN,44.5,0.0017197676989993,15.757684266734634,6.0,1135.0
GTEX-11DXW-1126-SM-5H12Q.1,BRAIN,44.5,0.0009012161694253,10.644027257905456,6.6,1137.0
GTEX-11DXX-0008-SM-5Q5B8.1,SKIN,64.5,0.0061256890126601,140.65515256440528,10.0,161.0
GTEX-11DXX-0326-SM-5PNWC.1,HEART,64.5,0.0013029634229892,11.234726439186977,7.8,86.0
GTEX-11DXX-0526-SM-5PNVR.1,HEART,64.5,0.0012895696013375,16.934966208654537,6.4,86.0
GTEX-11DXX-2126-SM-5PNYR.1,SKIN,64.5,0.0017859141059847,18.80268979427471,7.9,136.0
GTEX-11DXX-2426-SM-5GZZW.1,SKIN,64.5,0.001461996118105,24.04096598335464,6.8,161.0
GTEX-11DXX-2726-SM-5PNXO.1,MUSCLE,64.5,0.002330524777446,7.264713863536362,8.7,166.0
GTEX-11DXY-0008-SM-5QGR4.1,SKIN,64.5,0.0047400970587067,214.7056398438834,10.0,963.0
GTEX-11DXY-0011-R10b-SM-DO12C.1,BRAIN,64.5,0.0020380843977664,9.684673431234067,7.0,869.0
GTEX-11DXY-0011-R11a-SM-DNZZN.1,BRAIN,64.5,0.0039068347238813,14.672188089558936,7.6,869.0
GTEX-11DXY-0011-R5b-SM-DNZZL.1,BRAIN,64.5,0.0015805727224316,18.733648206023684,5.6,869.0
GTEX-11DXY-0011-R6a-SM-DNZZF.1,BRAIN,64.5,0.0017970771546674,13.595362617585192,8.3,869.0
GTEX-11DXY-0011-R7a-SM-DO11L.1,BRAIN,64.5,0.0010440020783342,12.608946173320415,7.3,869.0
GTEX-11DXY-0011-R8a-SM-DO11M.1,BRAIN,64.5,0.0018628072460867,16.477792600969888,6.5,869.0
GTEX-11DXY-0126-SM-5H11Q.1,SKIN,64.5,0.0018325219489961,23.713041204595296,7.4,880.0
GTEX-11DXY-0526-SM-5EGGQ.1,LIVER,64.5,0.0005851223063853,12.792926651757854,6.8,891.0
GTEX-11DXY-0826-SM-5EGGR.1,HEART,64.5,0.0002628086814006,3.608430019214364,6.0,908.0
GTEX-11DXY-1026-SM-5987V.1,HEART,64.5,0.0007571341832252,14.33326141569545,6.6,906.0
GTEX-11DXY-2626-SM-5GIE7.1,SKIN,64.5,0.0019526267690746,25.031969826709112,6.6,963.0
GTEX-11DXY-2726-SM-5GID2.1,MUSCLE,64.5,0.0029882838230066,8.338609312913672,7.1,964.0
GTEX-11DXY-3126-SM-5N9BT.1,BRAIN,64.5,0.0020532722165526,14.580188314256926,7.3,1016.0
GTEX-11DXY-3226-SM-5GIDE.1,BRAIN,64.5,0.0014131447884988,14.42676861217682,7.7,1016.0
GTEX-11DXZ-0126-SM-5EGGY.1,LIVER,54.5,0.0008102074620661,19.067327750329333,7.9,250.0
GTEX-11DXZ-0326-SM-5EGH1.1,HEART,54.5,0.0014059033170207,17.233870140687735,8.3,268.0
GTEX-11DXZ-0626-SM-5GU77.1,HEART,54.5,0.0035010289010893,17.636322322696692,6.3,279.0
GTEX-11DXZ-2026-SM-5987S.1,SKIN,54.5,0.0009283927424658,16.39707953988113,7.2,320.0
GTEX-11DXZ-2326-SM-5EGGV.1,SKIN,54.5,0.0016694612438837,20.68496066296606,8.1,328.0
GTEX-11DXZ-2426-SM-5N9DT.1,MUSCLE,54.5,0.0021802513940828,9.265967980992263,8.7,330.0
GTEX-11DYG-0008-SM-5QGR5.1,SKIN,64.5,0.0055947165702198,236.47513520116303,9.9,782.0
GTEX-11DYG-0011-R10b-SM-DNZZO.1,BRAIN,64.5,0.0021669187463648,9.169163269293886,6.4,686.0
GTEX-11DYG-0011-R11a-SM-DNZZP.1,BRAIN,64.5,0.0055873000634126,14.334373869634462,7.3,686.0
GTEX-11DYG-0011-R5a-SM-DO928.1,BRAIN,64.5,0.0014316469429143,11.060812357199085,8.4,686.0
GTEX-11DYG-0011-R6a-SM-DO936.1,BRAIN,64.5,0.0018937975931053,15.145820829978785,6.6,686.0
GTEX-11DYG-0011-R7b-SM-EXUS6.1,BRAIN,64.5,0.0014437698763115,10.58326127947754,7.8,686.0
GTEX-11DYG-0011-R8a-SM-DO93F.1,BRAIN,64.5,0.0009423486898666,8.381201672825851,6.8,686.0
GTEX-11DYG-0126-SM-59883.1,SKIN,64.5,0.0019704790401767,21.22566959976692,7.7,781.0
GTEX-11DYG-1026-SM-5A5JQ.1,HEART,64.5,0.0050253687555162,32.39420068106524,6.2,851.0
GTEX-11DYG-1526-SM-5A5JS.1,SKIN,64.5,0.0017814365634279,28.43344456045629,6.9,863.0
GTEX-11DYG-2926-SM-5H132.1,BRAIN,64.5,0.0019098372737166,12.735366071327824,7.0,915.0
GTEX-11DZ1-0008-SM-5QGR3.1,SKIN,54.5,0.0036391687912913,193.6812158268745,10.0,1193.0
GTEX-11DZ1-0011-R10b-SM-DO943.1,BRAIN,54.5,0.0014813292015567,15.580022340468537,8.1,1060.0
GTEX-11DZ1-0011-R11b-SM-DO11W.1,BRAIN,54.5,0.0022523241369271,15.824194991230296,6.3,1060.0
GTEX-11DZ1-0011-R2a-SM-DNZZM.1,BRAIN,54.5,0.0015158347501906,18.71053353089465,6.8,1060.0
GTEX-11DZ1-0011-R3a-SM-DNZYY.1,BRAIN,54.5,0.002111601094877,10.166580864779446,7.1,1060.0
GTEX-11DZ1-0011-R5a-SM-DO11J.1,BRAIN,54.5,0.0011634831941846,15.491537216346694,7.1,1060.0
GTEX-11DZ1-0011-R6b-SM-DNZZG.1,BRAIN,54.5,0.0021305176466723,26.025771355991104,7.3,1060.0
GTEX-11DZ1-0011-R7a-SM-DNZZH.1,BRAIN,54.5,0.0015244700637466,13.988722107306964,7.7,1060.0
GTEX-11DZ1-0011-R8b-SM-DNZZI.1,BRAIN,54.5,0.0018179039271466,18.13253995061178,7.1,1060.0
GTEX-11DZ1-0011-R9a-SM-DO933.1,BRAIN,54.5,0.0013005666786833,73.81993299630173,7.3,1060.0
GTEX-11DZ1-0126-SM-5985Q.1,SKIN,54.5,0.0014719851268731,28.975630219591725,7.7,1193.0
GTEX-11DZ1-0926-SM-5EQ5R.1,MUSCLE,54.5,0.0031635901604288,10.720147148047882,7.6,1231.0
GTEX-11DZ1-2426-SM-5GZZX.1,SKIN,54.5,0.0024345059539952,39.45052064922552,6.0,1276.0
GTEX-11DZ1-2926-SM-5A5KI.1,BRAIN,54.5,0.0015620398128757,18.433048206702946,6.3,1314.0
GTEX-11EI6-0008-SM-5QGR7.1,SKIN,64.5,0.0032931081727391,184.95669364425723,10.0,970.0
GTEX-11EI6-0011-R10a-SM-DO93R.1,BRAIN,64.5,0.0010886432223588,13.466966112824997,6.7,902.0
GTEX-11EI6-0011-R11a-SM-DO11V.1,BRAIN,64.5,0.0006718627723299,6.381358017922908,6.8,902.0
GTEX-11EI6-0011-R1a-SM-DO93L.1,BRAIN,64.5,0.0005535460329145,6.864652537043304,6.3,902.0
GTEX-11EI6-0011-R8a-SM-DO93M.1,BRAIN,64.5,0.0002658912800838,4.441892223559647,5.7,902.0
GTEX-11EI6-0126-SM-5985R.1,SKIN,64.5,0.0019734116011416,25.530912532846887,7.4,969.0
GTEX-11EI6-0326-SM-5EQ6G.1,MUSCLE,64.5,0.0021763723782455,6.007617178416149,8.2,973.0
GTEX-11EI6-2826-SM-5H11D.1,SKIN,64.5,0.0025724213213617,37.81383220168906,7.8,1028.0
GTEX-11EI6-2926-SM-5985U.1,BRAIN,64.5,0.0006139709782884,9.35237379128204,6.2,1045.0
GTEX-11EI6-3026-SM-5GZZO.1,BRAIN,64.5,0.0007840640649735,12.095584173901724,6.4,1048.0
GTEX-11EM3-0426-SM-5N9BZ.1,HEART,24.5,0.001977171948123,22.62455508817829,8.3,110.0
GTEX-11EM3-0626-SM-5H12Z.1,HEART,24.5,0.0015371168431778,26.25009934541273,8.5,142.0
GTEX-11EM3-1226-SM-5N9DD.1,SKIN,24.5,0.0016934146684475,31.73901140991095,7.6,165.0
GTEX-11EM3-2126-SM-5H11M.1,MUSCLE,24.5,0.0018491503193815,7.998229564209931,7.9,233.0
GTEX-11EM3-2426-SM-59861.1,SKIN,24.5,0.0015340745396844,22.340446661866427,7.9,240.0
GTEX-11EMC-0008-SM-5Q5DR.1,SKIN,64.5,0.0054260410016417,151.51573004345872,10.0,809.0
GTEX-11EMC-0011-R10a-SM-DNZZJ.1,BRAIN,64.5,0.0016025959368886,10.214322302382095,7.5,640.0
GTEX-11EMC-0011-R11b-SM-DNZZK.1,BRAIN,64.5,0.0012868900774926,8.206452560968584,6.3,640.0
GTEX-11EMC-0011-R2b-SM-DO114.1,BRAIN,64.5,0.0003126063952962,5.883821669929149,7.1,640.0
GTEX-11EMC-0011-R8b-SM-DO91Z.1,BRAIN,64.5,0.0003944993006931,5.980712454790973,5.7,640.0
GTEX-11EMC-0011-R9b-SM-DO921.1,BRAIN,64.5,0.0011837186360577,20.014579551066028,7.6,640.0
GTEX-11EMC-0726-SM-5EGJO.1,HEART,64.5,0.0012339244244396,10.265184411677064,6.5,710.0
GTEX-11EMC-0826-SM-59862.1,HEART,64.5,0.001311672469055,22.22796066599756,6.5,713.0
GTEX-11EMC-2626-SM-59864.1,MUSCLE,64.5,0.0039379071998083,7.498791725091268,8.4,805.0
GTEX-11EMC-2926-SM-5EQ4F.1,SKIN,64.5,0.0033799671749739,40.883899856500015,6.4,809.0
GTEX-11EMC-3226-SM-5EGKW.1,BRAIN,64.5,0.0007335897947788,10.704321835510097,6.0,864.0
GTEX-11EMC-3326-SM-5P9JH.1,BRAIN,64.5,0.0013985130811125,12.969343138208163,6.9,866.0
GTEX-11EQ8-0008-SM-5Q5DJ.1,SKIN,64.5,0.0045750957562554,236.00472291669223,10.0,461.0
GTEX-11EQ8-0126-SM-5EQ54.1,SKIN,64.5,0.0031427857891787,46.597672381058366,6.8,460.0
GTEX-11EQ8-0526-SM-5N9BC.1,MUSCLE,64.5,0.0030630078351924,8.669479959098206,7.6,471.0
GTEX-11EQ8-0926-SM-5H12V.1,SKIN,64.5,0.0019060556479768,29.55355417595099,6.9,499.0
GTEX-11EQ8-1326-SM-5EGJQ.1,HEART,64.5,0.0013312004099919,28.40514370826534,6.2,509.0
GTEX-11EQ8-2826-SM-5N9C1.1,BRAIN,64.5,0.0019948557145532,15.822562263823007,6.4,557.0
GTEX-11EQ9-0008-SM-5Q5DK.1,SKIN,34.5,0.0041769239117174,83.49386019208656,10.0,321.0
GTEX-11EQ9-0526-SM-5A5JZ.1,LIVER,34.5,0.0013737007790187,33.21771531040451,8.1,82.0
GTEX-11EQ9-1626-SM-5PNY8.1,SKIN,34.5,0.0019000776534372,24.322567133803396,7.9,126.0
GTEX-11EQ9-2126-SM-5PNVW.1,MUSCLE,34.5,0.0024722439869638,6.835343142628706,8.7,318.0
GTEX-11EQ9-2426-SM-5HL5T.1,SKIN,34.5,0.0018536584316397,19.44850082725265,7.5,321.0
GTEX-11GS4-0008-SM-5QGRA.1,SKIN,64.5,0.0040723774740854,225.9454657201807,10.0,915.0
GTEX-11GS4-0011-R1a-SM-DO129.1,BRAIN,64.5,0.0006635735042786,9.547863196861124,6.1,689.0
GTEX-11GS4-0011-R2a-SM-DO942.1,BRAIN,64.5,0.0024104613766345,19.79550794546112,7.8,689.0
GTEX-11GS4-0226-SM-5HL77.1,SKIN,64.5,0.0015044696366793,24.70430429593442,7.4,785.0
GTEX-11GS4-0426-SM-5N9CD.1,HEART,64.5,0.000819604251225,21.082242147993224,6.5,796.0
GTEX-11GS4-0526-SM-5A5KQ.1,HEART,64.5,0.000540379568554,9.914903291014552,6.6,798.0
GTEX-11GS4-2526-SM-5A5KT.1,MUSCLE,64.5,0.0021654419695535,4.190940202465164,8.5,913.0
GTEX-11GS4-2726-SM-5A5LE.1,SKIN,64.5,0.0016040341235583,30.02680228775369,7.7,915.0
GTEX-11GS4-3126-SM-5A5LH.1,BRAIN,64.5,0.000819818032573,10.745345278609529,6.2,959.0
GTEX-11GSO-0011-R1b-SM-57WD3.1,BRAIN,64.5,0.0005086517494131,14.145506412506856,7.3,829.0
GTEX-11GSO-0011-R2a-SM-57WDF.1,BRAIN,64.5,0.0005986244188295,11.947647261180574,6.6,829.0
GTEX-11GSO-0011-R3b-SM-57WB2.1,BRAIN,64.5,0.0016526734770409,11.421609121425185,7.3,829.0
GTEX-11GSO-2426-SM-5A5LY.1,SKIN,64.5,0.0021494862190885,23.358610520569663,6.8,969.0
GTEX-11GSO-2526-SM-5PNVX.1,MUSCLE,64.5,0.0023789138651461,5.526287319127544,8.6,971.0
GTEX-11GSO-2926-SM-5HL73.1,BRAIN,64.5,0.0012687378395808,13.324317884404062,6.8,1037.0
GTEX-11GSO-3026-SM-5Q5AL.1,BRAIN,64.5,0.001950701094898,13.328110956925752,7.1,1040.0
GTEX-11GSP-0008-SM-5Q5DM.1,SKIN,64.5,0.0058697154230975,196.60212345968543,10.0,920.0
GTEX-11GSP-0011-R10a-SM-5NQ7J.1,BRAIN,64.5,0.0007489881119988,14.84204882164946,6.6,711.0
GTEX-11GSP-0011-R11b-SM-5NQ7V.1,BRAIN,64.5,0.0024008100505191,14.467179075413116,9.0,711.0
GTEX-11GSP-0011-R1a-SM-9QEJ3.1,BRAIN,64.5,0.0005378307761439,9.70486161598395,6.7,711.0
GTEX-11GSP-0011-R2b-SM-9QEGE.1,BRAIN,64.5,0.0020163550246715,25.335077455488022,7.0,711.0
GTEX-11GSP-0011-R3a-SM-9QEGF.1,BRAIN,64.5,0.0005224059115866,11.427347840189633,5.9,711.0
GTEX-11GSP-0011-R5a-SM-57WBE.1,BRAIN,64.5,0.0011678539532025,21.10339019758609,8.4,711.0
GTEX-11GSP-0011-R6b-SM-57WBQ.1,BRAIN,64.5,0.0008160212566467,19.055942100902843,5.9,711.0
GTEX-11GSP-0011-R7b-SM-57WC3.1,BRAIN,64.5,0.0010315892736795,15.69543067607283,7.8,711.0
GTEX-11GSP-0011-R8b-SM-5NQ79.1,BRAIN,64.5,0.0008130996354154,17.91538875316822,6.5,711.0
GTEX-11GSP-0011-R9b-SM-5NQ77.1,BRAIN,64.5,0.0008358370527937,16.383202373075836,7.7,711.0
GTEX-11GSP-0626-SM-5986T.1,LIVER,64.5,0.0003175876473682,10.21750122942115,6.2,771.0
GTEX-11GSP-1226-SM-5985M.1,HEART,64.5,0.0016981717269315,29.975289928959977,7.9,779.0
GTEX-11GSP-1326-SM-5A5KY.1,HEART,64.5,0.0004484082763921,6.624569797318933,6.0,779.0
GTEX-11GSP-2326-SM-5HL63.1,SKIN,64.5,0.001894302588731,24.43064058740401,6.9,799.0
GTEX-11GSP-2526-SM-5N9BP.1,SKIN,64.5,0.0024387816425647,39.03153324527246,7.4,920.0
GTEX-11GSP-2726-SM-5A5LJ.1,MUSCLE,64.5,0.0030814642396454,9.50129770588138,8.4,921.0
GTEX-11GSP-3126-SM-5A5LL.1,BRAIN,64.5,0.002055020759695,15.46912848349112,6.9,961.0
GTEX-11GSP-3226-SM-5986O.1,BRAIN,64.5,0.000620447139513,14.395884303151286,6.1,962.0
GTEX-11H98-0008-SM-5QGR8.1,SKIN,54.5,0.0050924197688468,210.4613996887207,10.0,733.0
GTEX-11H98-0011-R10b-SM-5NQ98.1,BRAIN,54.5,0.0018209352307445,16.554883001098826,8.1,613.0
GTEX-11H98-0011-R11b-SM-5NQ6U.1,BRAIN,54.5,0.0032729265749235,15.463926120506052,9.2,613.0
GTEX-11H98-0011-R5b-SM-57WCF.1,BRAIN,54.5,0.001344082738644,20.81211360287764,7.4,613.0
GTEX-11H98-0011-R8a-SM-5NQ8V.1,BRAIN,54.5,0.0014293908788299,23.708299189013083,7.7,613.0
GTEX-11H98-0126-SM-5EGHG.1,SKIN,54.5,0.0033470678872801,24.41207046686361,7.8,733.0
GTEX-11H98-0326-SM-5HL4S.1,MUSCLE,54.5,0.0030213812321797,7.432552121909981,8.1,744.0
GTEX-11I78-0008-SM-5Q5DI.1,SKIN,54.5,0.0046031093042769,199.37888160708863,10.0,162.0
GTEX-11I78-0826-SM-5A5K4.1,HEART,54.5,0.002219774470871,21.28532473050689,8.4,90.0
GTEX-11I78-2426-SM-5A5K9.1,MUSCLE,54.5,0.0027006880483378,5.989301438556912,8.3,159.0
GTEX-11ILO-0008-SM-5QGR9.1,SKIN,44.5,0.0042974853296712,134.97602110198346,10.0,373.0
GTEX-11ILO-0126-SM-5A5LN.1,SKIN,44.5,0.0015203134285972,30.744474436465296,7.1,372.0
GTEX-11ILO-0626-SM-5A5LO.1,SKIN,44.5,0.0019190701626312,27.33812777149992,7.5,381.0
GTEX-11ILO-2526-SM-5A5LQ.1,HEART,44.5,0.0024343911471601,34.87668120818934,6.2,453.0
GTEX-11LCK-0008-SM-5Q5BB.1,SKIN,34.5,0.0057700192221369,185.6463956316205,10.0,259.0
GTEX-11LCK-0826-SM-5PNYD.1,HEART,34.5,0.0012877361471261,17.18654349921443,8.3,249.0
GTEX-11LCK-0926-SM-5A5KA.1,HEART,34.5,0.0017529534192794,14.63129608906926,7.7,254.0
GTEX-11LCK-1026-SM-5A5KB.1,SKIN,34.5,0.0022234113810497,23.91955482980564,7.8,259.0
GTEX-11LCK-1226-SM-5Q5AM.1,MUSCLE,34.5,0.0017929859294814,8.27585496157346,8.1,273.0
GTEX-11LCK-2226-SM-5HL4Q.1,SKIN,34.5,0.0016513882410299,26.607559295328343,7.5,364.0
GTEX-11NSD-0008-SM-5Q5BC.1,SKIN,24.5,0.0051034217727337,108.58467903385734,9.8,288.0
GTEX-11NSD-0626-SM-5A5LU.1,SKIN,24.5,0.0008902007714878,18.56778340324524,6.9,87.0
GTEX-11NSD-2026-SM-5HL5U.1,MUSCLE,24.5,0.002695617942851,6.694204403730198,8.5,288.0
GTEX-11NSD-2226-SM-5986V.1,SKIN,24.5,0.0015772037683796,21.46539422879397,7.2,287.0
GTEX-11NUK-0008-SM-5Q5B9.1,SKIN,54.5,0.004838621004183,135.85062850447272,10.0,887.0
GTEX-11NUK-0011-R4a-SM-DO12B.1,BRAIN,54.5,0.0009034500804832,14.061144437200603,7.1,864.0
GTEX-11NUK-0011-R5a-SM-DO93N.1,BRAIN,54.5,0.0008507270790493,15.18802252665536,9.2,864.0
GTEX-11NUK-0011-R6a-SM-DO93O.1,BRAIN,54.5,0.0013457505338298,15.616281510411811,8.1,864.0
GTEX-11NUK-0011-R7a-SM-DO93P.1,BRAIN,54.5,0.0007429220813437,12.286288899769172,8.2,864.0
GTEX-11NUK-0126-SM-5A5L3.1,SKIN,54.5,0.0014967516131047,31.900754525602704,7.4,894.0
GTEX-11NUK-0226-SM-5A5L4.1,MUSCLE,54.5,0.0029066735770929,5.387004374735325,8.2,895.0
GTEX-11NUK-0926-SM-5HL57.1,HEART,54.5,0.0016322252666145,23.712886633327777,6.3,951.0
GTEX-11NUK-1226-SM-5P9GM.1,LIVER,54.5,0.0004505021234708,11.126547562392368,6.1,956.0
GTEX-11NUK-2726-SM-5A5MC.1,SKIN,54.5,0.0012754524973584,21.97654399005733,7.8,1003.0
GTEX-11NUK-2926-SM-5A5MD.1,BRAIN,54.5,0.0012232848694373,14.025955627257222,7.1,1040.0
GTEX-11NUK-3026-SM-5986K.1,BRAIN,54.5,0.0020366838408083,13.890839040274624,6.9,1042.0
GTEX-11NV4-0008-SM-5Q5BA.1,SKIN,64.5,0.006440094782838,153.27415946374742,10.0,1459.0
GTEX-11NV4-0011-R5a-SM-5NQ88.1,BRAIN,64.5,0.0008786503533301,10.583698392298366,8.5,790.0
GTEX-11NV4-0011-R6a-SM-57WD5.1,BRAIN,64.5,0.0012661322210199,11.242329514933774,6.9,790.0
GTEX-11NV4-0011-R7a-SM-57WDH.1,BRAIN,64.5,0.000996067649477,9.30678815598505,7.5,790.0
GTEX-11NV4-0326-SM-5HL58.1,MUSCLE,64.5,0.0023161339523845,8.79399790300544,7.5,1020.0
GTEX-11NV4-0826-SM-5BC4S.1,HEART,64.5,0.002579676432012,31.78645063045604,6.7,1121.0
GTEX-11NV4-1326-SM-5HL6V.1,LIVER,64.5,0.0005191548035893,10.874507274343364,5.9,1152.0
GTEX-11NV4-2126-SM-5N9DS.1,BRAIN,64.5,0.0006173858868698,6.261245478922201,5.8,1269.0
GTEX-11NV4-2226-SM-5BC4T.1,BRAIN,64.5,0.0023928253323873,12.903035919362893,6.9,1269.0
GTEX-11O72-0008-SM-5Q5DN.1,SKIN,44.5,0.0058537706951141,197.43097524805484,10.0,923.0
GTEX-11O72-0011-R5a-SM-DO922.1,BRAIN,44.5,0.0005576304052246,15.233368258208673,8.6,867.0
GTEX-11O72-0011-R6a-SM-DNZZQ.1,BRAIN,44.5,0.0007352424409325,13.178617892688496,8.2,867.0
GTEX-11O72-0126-SM-59887.1,SKIN,44.5,0.0025087551589179,47.63537371341782,7.5,922.0
GTEX-11O72-0326-SM-5986D.1,MUSCLE,44.5,0.0045953836647989,10.110018990703432,7.7,946.0
GTEX-11O72-0626-SM-5PNYE.1,SKIN,44.5,0.0023782823905867,32.99578180108693,7.7,969.0
GTEX-11O72-1026-SM-5986B.1,HEART,44.5,0.0023408865383543,33.38472165970798,6.2,983.0
GTEX-11O72-1126-SM-5N9E2.1,HEART,44.5,0.0009949653813186,17.64954817678651,5.7,985.0
GTEX-11O72-2826-SM-5HL6W.1,BRAIN,44.5,0.0025993067196969,15.229589248314252,7.5,1037.0
GTEX-11O72-2926-SM-5BC4V.1,BRAIN,44.5,0.0006217164546693,10.21100997667604,6.3,1039.0
GTEX-11OC5-0008-SM-5S2OH.1,SKIN,64.5,0.0049437931370363,152.65475280667968,10.0,1272.0
GTEX-11OC5-0126-SM-5HL6A.1,SKIN,64.5,0.0012743714620363,19.883694908406014,6.5,1272.0
GTEX-11OC5-0326-SM-5PNW5.1,MUSCLE,64.5,0.0023272064260168,7.019100866630076,9.0,1278.0
GTEX-11OC5-0626-SM-5HL6M.1,BRAIN,64.5,0.0015182037712461,21.03343305138604,6.8,1426.0
GTEX-11OC5-0726-SM-5P9JK.1,BRAIN,64.5,0.0026403916976588,21.6339303146596,6.0,1425.0
GTEX-11OF3-0008-SM-5S2NH.1,SKIN,64.5,0.0043146884441295,135.75552687035017,10.0,887.0
GTEX-11OF3-0011-R11a-SM-57WCR.1,BRAIN,64.5,0.0027853043905722,12.889571032517834,8.2,739.0
GTEX-11OF3-0011-R5a-SM-57WB4.1,BRAIN,64.5,0.0009746561779472,12.293199147577369,7.7,739.0
GTEX-11OF3-0011-R6b-SM-57WBG.1,BRAIN,64.5,0.0012209460924923,11.507761384385836,7.0,739.0
GTEX-11OF3-0011-R7a-SM-57WCG.1,BRAIN,64.5,0.0008206378127808,10.427283924777772,7.8,739.0
GTEX-11OF3-0011-R8b-SM-57WCS.1,BRAIN,64.5,0.0012934542526643,13.61202551753156,7.6,739.0
GTEX-11OF3-0126-SM-5PNYF.1,SKIN,64.5,0.0025925748180259,19.68501048390517,6.7,769.0
GTEX-11OF3-0726-SM-5BC4Z.1,LIVER,64.5,0.0007046732611641,15.663194021766472,6.0,790.0
GTEX-11OF3-2526-SM-5P9JL.1,MUSCLE,64.5,0.0044743419479547,7.805624512780176,7.7,887.0
GTEX-11OF3-2626-SM-5GU7F.1,SKIN,64.5,0.0028507142520044,28.04870827794492,8.3,887.0
GTEX-11OF3-2926-SM-5HL78.1,BRAIN,64.5,0.0014020739778718,10.688264438120992,6.3,958.0
GTEX-11OF3-3126-SM-5GU5E.1,BRAIN,64.5,0.0009928871249959,10.208969251917104,7.3,960.0
GTEX-11ONC-0008-SM-5S2MG.1,SKIN,64.5,0.0047466062979118,130.3472944746239,10.0,736.0
GTEX-11ONC-0011-R1a-SM-57WD4.1,BRAIN,64.5,0.0003171629090185,7.747135087509453,5.9,587.0
GTEX-11ONC-0011-R4b-SM-DO93H.1,BRAIN,64.5,0.0007054248622941,13.04171126916212,7.1,587.0
GTEX-11ONC-0011-R5b-SM-DO93I.1,BRAIN,64.5,0.0011444859763287,20.23198349352882,8.9,587.0
GTEX-11ONC-0011-R6a-SM-DO12A.1,BRAIN,64.5,0.0008452970430942,12.451168406774968,8.4,587.0
GTEX-11ONC-0011-R7b-SM-DO93J.1,BRAIN,64.5,0.0009691478887989,12.93899809592624,8.0,587.0
GTEX-11ONC-0011-R8b-SM-5NQ87.1,BRAIN,64.5,0.000764705953916,14.889068155271016,7.6,587.0
GTEX-11ONC-0011-R9b-SM-5NQ8J.1,BRAIN,64.5,0.0004428142550463,12.956396199854158,7.2,587.0
GTEX-11ONC-0126-SM-5PNW6.1,HEART,64.5,0.0009952215115595,12.161595130673163,5.7,656.0
GTEX-11ONC-1026-SM-5GU64.1,HEART,64.5,0.0009594345553493,23.76689284520176,6.9,668.0
GTEX-11ONC-2426-SM-5GU7H.1,MUSCLE,64.5,0.0027545360528624,10.72707837019652,8.6,734.0
GTEX-11ONC-2926-SM-5P9JM.1,BRAIN,64.5,0.0011968597221689,14.254578190171197,6.7,921.0
GTEX-11ONC-3026-SM-5985W.1,BRAIN,64.5,0.001453879614927,14.658132681268716,6.1,922.0
GTEX-11P7K-0008-SM-5S2O5.1,SKIN,34.5,0.0060173882833389,112.5681288398082,10.0,351.0
GTEX-11P7K-1126-SM-5HL4L.1,SKIN,34.5,0.0010359933288479,16.2804105037895,7.3,133.0
GTEX-11P7K-1926-SM-5GU6R.1,MUSCLE,34.5,0.001873449526839,5.2694426972049975,9.0,346.0
GTEX-11P7K-2126-SM-5GU7G.1,SKIN,34.5,0.0010328172284879,21.65420973728177,6.8,351.0
GTEX-11P81-0008-SM-5S2OT.1,SKIN,34.5,0.0053063343930361,127.29602172800244,10.0,350.0
GTEX-11P81-0526-SM-59873.1,HEART,34.5,0.0010704531882196,12.767822191508968,8.3,243.0
GTEX-11P81-2226-SM-5PNYI.1,SKIN,34.5,0.0013576549571101,23.04545030343872,7.1,337.0
GTEX-11P81-2326-SM-59875.1,SKIN,34.5,0.0016957124556299,25.38902846584692,8.4,350.0
GTEX-11P81-2526-SM-5GU6H.1,MUSCLE,34.5,0.0022511541733957,4.097728217759798,8.0,348.0
GTEX-11P82-0008-SM-5S2MS.1,SKIN,24.5,0.0037329845619986,103.61675834603426,10.0,202.0
GTEX-11P82-1426-SM-5BC5L.1,SKIN,24.5,0.0013832476176762,21.417655488739136,7.8,185.0
GTEX-11P82-1426-SM-DTXFY.1,SKIN,24.5,0.0014894111579824,21.489417630695478,7.4,185.0
GTEX-11P82-1626-SM-59879.1,SKIN,24.5,0.0010326208748623,24.396595592613533,6.2,194.0
GTEX-11P82-1826-SM-5PNYJ.1,MUSCLE,24.5,0.0017114112698735,4.661231682413664,7.6,197.0
GTEX-11PRG-0008-SM-5S2N5.1,SKIN,54.5,0.0052915097281939,113.06614735199275,10.0,845.0
GTEX-11PRG-0011-R10b-SM-DO93G.1,BRAIN,54.5,0.0018429464037639,12.972495815272293,7.7,644.0
GTEX-11PRG-0011-R11b-SM-DNZZY.1,BRAIN,54.5,0.0031087561337238,13.601860950352131,8.4,644.0
GTEX-11PRG-0011-R2a-SM-69LQ5.1,BRAIN,54.5,0.0003884771281379,7.443315431673579,6.0,644.0
GTEX-11PRG-0011-R4a-SM-DNZZR.1,BRAIN,54.5,0.0014650410011586,13.800521299476632,7.6,644.0
GTEX-11PRG-0011-R5b-SM-DNZZS.1,BRAIN,54.5,0.0015364215563508,13.308974699848322,7.1,644.0
GTEX-11PRG-0011-R6b-SM-DO923.1,BRAIN,54.5,0.0010670546739037,11.192175192098114,6.0,644.0
GTEX-11PRG-0011-R7a-SM-DNZZT.1,BRAIN,54.5,0.0017839027088748,13.979443123081166,8.1,644.0
GTEX-11PRG-0326-SM-5GU53.1,MUSCLE,54.5,0.003627946902552,12.094735997656024,7.7,837.0
GTEX-11PRG-0726-SM-5EGL1.1,SKIN,54.5,0.0010783442815336,18.136560197261893,6.1,849.0
GTEX-11PRG-2826-SM-5BC54.1,BRAIN,54.5,0.0019360231940974,15.06787560917414,6.7,995.0
GTEX-11PRG-2926-SM-5987A.1,BRAIN,54.5,0.0010424906701174,9.632450655288858,5.9,996.0
GTEX-11TT1-0008-SM-5S2P8.1,SKIN,24.5,0.0065851081140312,82.96933150466405,10.0,134.0
GTEX-11TT1-1326-SM-5PNYM.1,HEART,24.5,0.0019664617408935,15.252981235605612,8.0,88.0
GTEX-11TT1-1426-SM-5EGIA.1,HEART,24.5,0.0018611382898769,20.011837271768474,9.0,89.0
GTEX-11TT1-1726-SM-5EQLJ.1,LIVER,24.5,0.003722495132634,37.91854163153579,9.1,98.0
GTEX-11TT1-1826-SM-5EQLV.1,SKIN,24.5,0.0010092669226728,62.40398467381496,6.4,100.0
GTEX-11TT1-2326-SM-5GU6N.1,MUSCLE,24.5,0.0026503157136092,10.186770204844173,8.7,132.0
GTEX-11TT1-2526-SM-5EGIB.1,SKIN,24.5,0.0017249296406097,56.46435027201251,7.7,135.0
GTEX-11TTK-0008-SM-5S2RU.1,SKIN,64.5,0.0052855287602358,143.52093738235192,10.0,1123.0
GTEX-11TTK-0011-R10b-SM-DO925.1,BRAIN,64.5,0.0012803021435932,15.78656058531054,7.1,720.0
GTEX-11TTK-0011-R11b-SM-DO112.1,BRAIN,64.5,0.002263207994102,12.692655181859378,9.0,720.0
GTEX-11TTK-0011-R4a-SM-DNZZU.1,BRAIN,64.5,0.0009250751937829,21.217378540356496,6.9,720.0
GTEX-11TTK-0011-R5a-SM-DNZZV.1,BRAIN,64.5,0.0009338205840133,15.989934975971234,6.3,720.0
GTEX-11TTK-0011-R6b-SM-DNZZW.1,BRAIN,64.5,0.0009738007273957,15.075700614041857,6.1,720.0
GTEX-11TTK-0011-R7b-SM-DNZZZ.1,BRAIN,64.5,0.0014024464256664,19.622656766537368,9.3,720.0
GTEX-11TTK-0011-R8b-SM-DO111.1,BRAIN,64.5,0.0009245763485959,24.51107367327934,7.8,720.0
GTEX-11TTK-0126-SM-5987B.1,SKIN,64.5,0.0015949711172299,32.20053033104218,6.8,1122.0
GTEX-11TTK-0326-SM-5BC5N.1,MUSCLE,64.5,0.0034395222366091,10.520113412137857,7.1,1126.0
GTEX-11TTK-2826-SM-5GU5K.1,BRAIN,64.5,0.0012054416999121,13.638153359990136,6.2,1186.0
GTEX-11TTK-2926-SM-5PNYP.1,BRAIN,64.5,0.0006229129926105,12.405960490201457,6.1,1189.0
GTEX-11TUW-0008-SM-5SI6S.1,SKIN,64.5,0.0037739371946772,175.63215956844292,10.0,824.0
GTEX-11TUW-0011-R10a-SM-DO924.1,BRAIN,64.5,0.0011252039982789,20.0746420359205,5.6,655.0
GTEX-11TUW-0011-R11b-SM-DNZZX.1,BRAIN,64.5,0.0004776824977035,9.873634111709045,5.7,655.0
GTEX-11TUW-0011-R1a-SM-DO92S.1,BRAIN,64.5,0.0004393959572411,13.432105929825845,5.8,655.0
GTEX-11TUW-0011-R2b-SM-DO92T.1,BRAIN,64.5,0.0010697249752542,23.419675544026877,6.4,655.0
GTEX-11TUW-0011-R3a-SM-DO92U.1,BRAIN,64.5,0.0005201959964765,13.72704583790731,5.6,655.0
GTEX-11TUW-0011-R5b-SM-5BC6Q.1,BRAIN,64.5,0.0002170627142591,11.681349669592027,6.2,655.0
GTEX-11TUW-0626-SM-5LU9M.1,SKIN,64.5,0.001958115848627,25.440243502080968,7.3,729.0
GTEX-11TUW-1026-SM-5GU7D.1,HEART,64.5,0.0013674978080797,19.20192119032038,6.4,739.0
GTEX-11TUW-1126-SM-5EQKJ.1,HEART,64.5,0.0008316141550766,22.739440096696164,6.8,742.0
GTEX-11TUW-1726-SM-5BC5C.1,LIVER,64.5,0.000656932590958,25.313850313444235,6.1,755.0
GTEX-11TUW-2526-SM-5EQKN.1,MUSCLE,64.5,0.002156422983931,10.826122403359951,8.5,819.0
GTEX-11TUW-2726-SM-5EQLC.1,SKIN,64.5,0.0020391466760408,36.91270485614918,6.5,824.0
GTEX-11TUW-2726-SM-E9J4M.1,SKIN,64.5,0.0025217854772971,27.870858581154284,8.0,824.0
GTEX-11TUW-3126-SM-5GU4Y.1,BRAIN,64.5,0.0006456727099975,17.78484163208478,5.8,863.0
GTEX-11UD1-0008-SM-5S2P6.1,SKIN,44.5,0.0068416081043452,132.0621148375984,10.0,1354.0
GTEX-11UD1-0011-R1b-SM-5BC7D.1,BRAIN,44.5,0.0007315360085192,13.24167185515038,8.1,1267.0
GTEX-11UD1-0011-R2b-SM-5BC6O.1,BRAIN,44.5,0.0012010197340051,24.14980738223144,8.1,1267.0
GTEX-11UD1-0011-R3a-SM-5BC6S.1,BRAIN,44.5,0.0005733291581679,16.178048710682933,6.3,1267.0
GTEX-11UD1-0011-R5b-SM-5P9FP.1,BRAIN,44.5,0.0002582513990882,7.465307031655361,7.2,1267.0
GTEX-11UD1-0126-SM-5PNYG.1,SKIN,44.5,0.001469049647346,17.6328059210342,5.7,1357.0
GTEX-11UD1-0326-SM-5EQKX.1,MUSCLE,44.5,0.0040174841534683,16.592753321823334,6.3,1364.0
GTEX-11UD2-0008-SM-5S2P7.1,SKIN,54.5,0.0050277608661875,101.51349923404068,10.0,845.0
GTEX-11UD2-0011-R9b-SM-DO926.1,BRAIN,54.5,0.0033195028390438,33.07845517995972,6.4,834.0
GTEX-11UD2-0226-SM-5EQKY.1,SKIN,54.5,0.0023679014176902,23.02078701019795,7.4,845.0
GTEX-11UD2-0326-SM-5EQLE.1,MUSCLE,54.5,0.0026385069359048,9.75550222490161,8.1,849.0
GTEX-11UD2-0926-SM-5CVL6.1,HEART,54.5,0.0015644338540432,20.105517414013573,6.1,897.0
GTEX-11UD2-1626-SM-5EQM3.1,LIVER,54.5,0.0004406392988479,30.288493215384545,5.8,945.0
GTEX-11UD2-2526-SM-5CVNU.1,SKIN,54.5,0.0026311857446993,26.90031490699389,5.9,986.0
GTEX-11VI4-1126-SM-5EQMD.1,SKIN,44.5,0.001324130048277,22.341432074658677,7.0,146.0
GTEX-11VI4-1726-SM-5CVLH.1,SKIN,44.5,0.0014940726888215,24.335383380991264,6.7,315.0
GTEX-11VI4-1926-SM-5CVLI.1,MUSCLE,44.5,0.0027405539792663,7.105749363986412,7.6,321.0
GTEX-11WQC-0008-SM-5SI6R.1,SKIN,64.5,0.0049464419734638,148.52443157965186,10.0,818.0
GTEX-11WQC-0011-R10a-SM-57WCT.1,BRAIN,64.5,0.000837945696808,14.123495831009503,5.9,608.0
GTEX-11WQC-0011-R11b-SM-57WD6.1,BRAIN,64.5,0.0009106578285292,8.39256227382914,7.2,608.0
GTEX-11WQC-0011-R1b-SM-DO932.1,BRAIN,64.5,0.0003113775352475,7.509107156750064,7.0,608.0
GTEX-11WQC-0011-R2a-SM-DO927.1,BRAIN,64.5,0.0005437413456688,11.610232544853162,6.0,608.0
GTEX-11WQC-0011-R3a-SM-DO11T.1,BRAIN,64.5,0.000368671793464,9.585953795945583,6.6,608.0
GTEX-11WQC-0011-R5a-SM-5BC74.1,BRAIN,64.5,0.0003833694148746,10.886143003395349,8.1,608.0
GTEX-11WQC-0011-R6a-SM-5BC77.1,BRAIN,64.5,0.0003600087717484,6.4309510471845766,8.1,608.0
GTEX-11WQC-0011-R7b-SM-5BC7A.1,BRAIN,64.5,0.0001964369393776,5.305041407269265,7.0,608.0
GTEX-11WQC-0011-R8b-SM-57WCH.1,BRAIN,64.5,0.0007033485287543,11.02331297024546,7.5,608.0
GTEX-11WQC-0726-SM-5EQMR.1,LIVER,64.5,0.0006981532048397,17.746616572406307,6.6,696.0
GTEX-11WQC-1826-SM-5GU59.1,SKIN,64.5,0.0031252630320216,27.96819715196409,7.3,732.0
GTEX-11WQC-2526-SM-5CVLE.1,SKIN,64.5,0.0024953278793655,33.71346740990757,6.8,818.0
GTEX-11WQC-2626-SM-5CVLF.1,MUSCLE,64.5,0.0057373482992799,10.787410245422612,7.0,819.0
GTEX-11WQK-0008-SM-5SI6T.1,SKIN,54.5,0.0038813011369915,152.40073560149463,10.0,731.0
GTEX-11WQK-0011-R10a-SM-5BC6R.1,BRAIN,54.5,0.0007524306291195,16.70949415438601,7.3,524.0
GTEX-11WQK-0011-R11a-SM-5BC6W.1,BRAIN,54.5,0.0010257628500056,9.541912596103996,7.9,524.0
GTEX-11WQK-0011-R3b-SM-DO93K.1,BRAIN,54.5,0.0007330083443377,12.903623892758242,6.1,524.0
GTEX-11WQK-0011-R8a-SM-5BC7C.1,BRAIN,54.5,0.0002236168477149,5.319537365695426,6.4,524.0
GTEX-11WQK-0011-R9b-SM-5BC6N.1,BRAIN,54.5,0.0006049180810943,14.15442367743582,7.6,524.0
GTEX-11WQK-0226-SM-5EQLI.1,HEART,54.5,0.0022342601054512,42.11317624541331,6.7,631.0
GTEX-11WQK-0526-SM-5EQLD.1,SKIN,54.5,0.0043486572625632,52.92678977176677,7.8,731.0
GTEX-11WQK-0726-SM-5GU71.1,MUSCLE,54.5,0.0037145816552307,13.650523437400064,8.3,738.0
GTEX-11WQK-1026-SM-5EQLX.1,SKIN,54.5,0.0041100960387281,77.13877521449446,7.7,762.0
GTEX-11WQK-3026-SM-5EQL6.1,BRAIN,54.5,0.0008771685705228,18.85909548591279,6.6,860.0
GTEX-11WQK-3126-SM-5EGI2.1,BRAIN,54.5,0.0006551561148368,13.565385247114124,6.1,861.0
GTEX-11XUK-0008-SM-5S2WD.1,SKIN,44.5,0.0035029479086861,193.71849657989824,10.0,333.0
GTEX-11XUK-2026-SM-5EQLF.1,SKIN,44.5,0.0018645629076486,25.38088569562673,7.5,334.0
GTEX-11XUK-2226-SM-5CVLL.1,MUSCLE,44.5,0.0021110333575057,8.929050384387846,6.8,338.0
GTEX-11ZTS-0008-SM-5S2VC.1,SKIN,64.5,0.0038429525283064,152.1587286832751,10.0,599.0
GTEX-11ZTS-0011-R10a-SM-DO93S.1,BRAIN,64.5,0.0010776467838999,13.950377076395064,7.6,608.0
GTEX-11ZTS-0011-R11a-SM-DO113.1,BRAIN,64.5,0.0018775420729879,12.406525351077958,7.4,608.0
GTEX-11ZTS-0011-R1a-SM-5BC71.1,BRAIN,64.5,0.000572179928089,12.815231850288944,7.9,608.0
GTEX-11ZTS-0011-R2b-SM-5BC75.1,BRAIN,64.5,0.0007268717745098,17.6874118661675,7.6,608.0
GTEX-11ZTS-0011-R3a-SM-5BC78.1,BRAIN,64.5,0.0003425601994648,9.206141552269216,7.1,608.0
GTEX-11ZTS-0011-R8a-SM-57WDI.1,BRAIN,64.5,0.000348085632786,8.387358541476889,6.3,608.0
GTEX-11ZTS-0011-R9b-SM-DO93Q.1,BRAIN,64.5,0.0007014328975116,13.191627726947075,7.3,608.0
GTEX-11ZTS-0126-SM-5EQ6M.1,SKIN,64.5,0.0010417738631849,20.058945390348104,7.4,599.0
GTEX-11ZTS-0526-SM-5CVL9.1,MUSCLE,64.5,0.0023422456395869,3.679711163220236,7.2,605.0
GTEX-11ZTS-1426-SM-5EQMM.1,LIVER,64.5,0.0004122730800345,13.635830891501572,6.1,659.0
GTEX-11ZTS-3226-SM-5EGID.1,BRAIN,64.5,0.0009623739016053,10.113893894787632,6.1,776.0
GTEX-11ZTT-0008-SM-5S2TZ.1,SKIN,64.5,0.0036212964847372,188.5497690497661,10.0,246.0
GTEX-11ZTT-0526-SM-5EQLA.1,HEART,64.5,0.0012690099063543,19.003613269920724,6.9,168.0
GTEX-11ZTT-2126-SM-5CVLO.1,SKIN,64.5,0.0011924791519542,25.3279139451274,7.7,227.0
GTEX-11ZTT-2426-SM-5EQLS.1,SKIN,64.5,0.0017981473019457,30.58946447747783,7.3,247.0
GTEX-11ZTT-2626-SM-5EQKK.1,MUSCLE,64.5,0.0016371313803551,5.875450650669357,8.2,256.0
GTEX-11ZU8-0008-SM-5S2VO.1,SKIN,64.5,0.00332094549614,194.4336827330295,10.0,1020.0
GTEX-11ZU8-0011-R3a-SM-5BC6U.1,BRAIN,64.5,0.0010849218678563,13.288114308076697,6.0,781.0
GTEX-11ZU8-0011-R4a-SM-5BC6Y.1,BRAIN,64.5,0.000376379954555,5.80977537353197,7.1,781.0
GTEX-11ZU8-0126-SM-5EQ58.1,SKIN,64.5,0.0013674858836093,18.439303346762365,6.5,806.0
GTEX-11ZU8-2326-SM-5EQMJ.1,MUSCLE,64.5,0.0037268375235644,11.215877375641522,7.1,1016.0
GTEX-11ZU8-2526-SM-5EQKI.1,SKIN,64.5,0.0019070292189018,29.068903964448925,7.9,1020.0
GTEX-11ZUS-0008-SM-5S2UO.1,SKIN,34.5,0.003863817289722,162.8894423041576,10.0,1360.0
GTEX-11ZUS-0011-R10b-SM-5BC79.1,BRAIN,34.5,0.0006993881356968,11.796521063925685,6.5,1268.0
GTEX-11ZUS-0011-R11b-SM-5BC7B.1,BRAIN,34.5,0.0036156748453012,11.6639221106792,9.1,1268.0
GTEX-11ZUS-0011-R8a-SM-5BC73.1,BRAIN,34.5,0.0023736644190802,13.41852588176978,8.8,1268.0
GTEX-11ZUS-0011-R9b-SM-5BC76.1,BRAIN,34.5,0.001400789709202,19.74330033043253,8.3,1268.0
GTEX-11ZUS-0226-SM-5FQT8.1,HEART,34.5,0.0029056377370418,16.867577483604148,7.6,1347.0
GTEX-11ZUS-0326-SM-5EQ4W.1,HEART,34.5,0.0014217649041819,20.79853521497391,6.8,1349.0
GTEX-11ZUS-0626-SM-59885.1,SKIN,34.5,0.0016167414770985,25.093476491846147,8.4,1359.0
GTEX-11ZUS-1426-SM-5FQSP.1,MUSCLE,34.5,0.0026661923881291,5.823109286584059,8.5,1383.0
GTEX-11ZUS-2526-SM-59872.1,LIVER,34.5,0.0003002697320025,8.530619169108915,6.7,1426.0
GTEX-11ZUS-2626-SM-5FQUR.1,SKIN,34.5,0.0009872663405457,21.49796251255597,6.4,1433.0
GTEX-11ZUS-2826-SM-5EQKW.1,BRAIN,34.5,0.0023598839580118,13.12229511987031,6.7,1439.0
GTEX-11ZUS-2926-SM-5FQSL.1,BRAIN,34.5,0.0009005413714782,7.322950401228304,6.3,1440.0
GTEX-11ZVC-0011-R1b-SM-5BC6M.1,BRAIN,54.5,0.0002937433934683,8.853127437017955,6.6,477.0
GTEX-11ZVC-0011-R3a-SM-5BC6V.1,BRAIN,54.5,0.0002195812014938,5.073383054934246,5.9,477.0
GTEX-11ZVC-0011-R4a-SM-5BC6Z.1,BRAIN,54.5,0.0003575837747258,10.787114676912248,7.0,477.0
GTEX-11ZVC-0011-R9a-SM-57WC5.1,BRAIN,54.5,0.0006259778135676,12.046337778053326,6.1,477.0
GTEX-11ZVC-0426-SM-5CVLD.1,HEART,54.5,0.0009378431371443,8.287157202925451,5.9,528.0
GTEX-11ZVC-0526-SM-5N9G1.1,HEART,54.5,0.0002481104017236,14.112325509733818,5.7,530.0
GTEX-11ZVC-0726-SM-5FQT9.1,LIVER,54.5,0.0004407122129327,14.02988164103641,6.2,541.0
GTEX-11ZVC-2526-SM-5FQTE.1,SKIN,54.5,0.0023101173330344,32.76664778771016,8.2,640.0
GTEX-11ZVC-2726-SM-5FQSZ.1,MUSCLE,54.5,0.0028778625588875,16.610412354311784,8.0,643.0
GTEX-11ZVC-3026-SM-59HJM.1,BRAIN,54.5,0.0009049331930661,8.791944080894396,5.9,707.0
GTEX-1211K-0008-SM-5S2W1.1,SKIN,64.5,0.0043658289452894,162.46138322837493,10.0,145.0
GTEX-1211K-0226-SM-59HJY.1,HEART,64.5,0.0014715813200998,20.578765743322293,8.6,66.0
GTEX-1211K-0626-SM-5FQUZ.1,HEART,64.5,0.0015706416471225,18.950133939800683,8.5,84.0
GTEX-1211K-1526-SM-5FQU4.1,SKIN,64.5,0.0012938442457179,24.253918429556947,7.7,117.0
GTEX-1211K-2026-SM-5EQ4Z.1,SKIN,64.5,0.0013816705968741,24.835373258259885,7.5,145.0
GTEX-1211K-2126-SM-59HJZ.1,MUSCLE,64.5,0.002478126142853,7.287498499963923,8.6,147.0
GTEX-12126-0008-SM-5S2UC.1,SKIN,24.5,0.0039939306453945,133.284552623008,10.0,928.0
GTEX-12126-0011-R10b-SM-5BC6T.1,BRAIN,24.5,0.0009779258291442,10.998989508299,8.0,825.0
GTEX-12126-0011-R11a-SM-5BC6X.1,BRAIN,24.5,0.0030661813391473,14.897292048866069,8.5,825.0
GTEX-12126-0011-R9b-SM-5BC6P.1,BRAIN,24.5,0.002210783664125,36.35975218248958,8.5,825.0
GTEX-12126-0326-SM-5PNW3.1,SKIN,24.5,0.0012818137404387,18.16061943040536,6.4,927.0
GTEX-12126-0526-SM-5PNW4.1,MUSCLE,24.5,0.005484494481921,9.084689646989125,8.2,935.0
GTEX-12126-0826-SM-5FQTZ.1,SKIN,24.5,0.0026019195217101,36.30742847737567,7.5,955.0
GTEX-12126-0926-SM-5FQTW.1,BRAIN,24.5,0.0022562763205576,14.983535766324122,7.0,996.0
GTEX-12126-1026-SM-5P9JJ.1,BRAIN,24.5,0.0010990535334582,10.032785976259762,6.9,998.0
GTEX-1212Z-0008-SM-5TDBW.1,SKIN,64.5,0.0036614746815902,192.18747057001175,10.0,757.0
GTEX-1212Z-0011-R1b-SM-5BC72.1,BRAIN,64.5,0.0003076303048095,9.469118628601828,7.2,537.0
GTEX-1212Z-0126-SM-59HK4.1,SKIN,64.5,0.0015522458349535,21.58902721867121,6.4,602.0
GTEX-1212Z-0226-SM-59HLF.1,LIVER,64.5,0.0009442377645884,19.712292208491583,6.4,604.0
GTEX-1212Z-0626-SM-5FQTB.1,HEART,64.5,0.0007982801281687,12.869875692288195,6.9,621.0
GTEX-1212Z-0726-SM-5EGI5.1,HEART,64.5,0.0012045338684762,20.2818399811679,6.9,624.0
GTEX-1212Z-2526-SM-5EGKP.1,SKIN,64.5,0.0023730964803394,23.08998629182395,7.6,757.0
GTEX-1212Z-2626-SM-5YY8P.1,MUSCLE,64.5,0.0029066541874714,7.658278591999813,8.2,761.0
GTEX-12584-0008-SM-664MB.1,SKIN,44.5,0.0036451546208465,189.78607618660263,9.6,924.0
GTEX-12584-0011-R6a-SM-5NQ7C.1,BRAIN,44.5,0.0002241494555964,4.673822048799419,5.7,911.0
GTEX-12584-0126-SM-5EGKQ.1,SKIN,44.5,0.002171150770451,36.003964337700545,8.7,926.0
GTEX-12584-0526-SM-5FQTS.1,MUSCLE,44.5,0.0048559975942245,13.286292033666548,8.6,947.0
GTEX-12584-0726-SM-5FQTK.1,SKIN,44.5,0.0015926407021799,30.24073576005826,7.6,961.0
GTEX-12584-0926-SM-5FQTN.1,HEART,44.5,0.0007597050420797,10.550956772017573,6.2,979.0
GTEX-12584-1026-SM-59HK3.1,HEART,44.5,0.0012244086978247,64.1589905623878,6.3,986.0
GTEX-12696-0008-SM-5TDBX.1,SKIN,64.5,0.0048926943138078,145.89115211892678,10.0,599.0
GTEX-12696-0126-SM-5EQ4L.1,SKIN,64.5,0.0019819240124972,20.143768658029902,7.1,485.0
GTEX-12696-0826-SM-5EGGE.1,LIVER,64.5,0.000888910636065,19.2111907207685,7.0,519.0
GTEX-12696-1126-SM-5FQTI.1,HEART,64.5,0.0022801579535645,16.96822521702576,8.6,529.0
GTEX-12696-1226-SM-5FQSM.1,HEART,64.5,0.0016149894073755,22.657275193063853,7.8,533.0
GTEX-12696-2426-SM-5EQ6H.1,SKIN,64.5,0.0019300227188999,21.98467833382968,7.1,600.0
GTEX-12696-2826-SM-5FQTY.1,MUSCLE,64.5,0.0018645363827068,9.261148354807323,7.7,614.0
GTEX-12696-2926-SM-5FQTG.1,BRAIN,64.5,0.0010745647445882,23.19065489988319,7.9,750.0
GTEX-12696-3026-SM-5FQTU.1,BRAIN,64.5,0.0005341861220712,13.61007109208048,6.3,755.0
GTEX-1269C-0008-SM-5TDBY.1,SKIN,64.5,0.003973634003003,119.09575126729642,10.0,265.0
GTEX-1269C-0011-R4b-SM-5P9ES.1,BRAIN,64.5,0.0001279491466112,1.7392508139388314,5.7,662.0
GTEX-1269C-0126-SM-5EQ5L.1,SKIN,64.5,0.0017645635481989,28.553708622152374,7.4,758.0
GTEX-1269C-0626-SM-5FQSS.1,LIVER,64.5,0.000628882810517,16.237441790230566,6.2,794.0
GTEX-1269C-0826-SM-5N9EM.1,HEART,64.5,0.0003494389310057,4.243187318885847,5.7,798.0
GTEX-1269C-2526-SM-5EGJ3.1,SKIN,64.5,0.0031429586242495,33.068866303967376,7.5,985.0
GTEX-1269C-2626-SM-5EQ5C.1,MUSCLE,64.5,0.0037739016307458,6.658990404086529,7.9,986.0
GTEX-1269C-3126-SM-5EGI6.1,BRAIN,64.5,0.0004683552031345,9.500033784247371,6.1,1041.0
GTEX-12BJ1-0008-SM-5TDBZ.1,SKIN,64.5,0.0051441366399374,112.230716782084,10.0,300.0
GTEX-12BJ1-0226-SM-5LUA2.1,HEART,64.5,0.0014099542897725,13.195554804718611,6.0,103.0
GTEX-12BJ1-0326-SM-5FQUB.1,HEART,64.5,0.000875069717316,15.608231386636373,7.6,105.0
GTEX-12BJ1-0926-SM-5EQ62.1,SKIN,64.5,0.0011216827598344,20.42533841502796,6.2,120.0
GTEX-12BJ1-2526-SM-5FQUE.1,MUSCLE,64.5,0.0024547941516202,8.101431751954093,7.9,306.0
GTEX-12C56-0008-SM-5TDC1.1,SKIN,24.5,0.0047547196895695,121.19349801417904,10.0,246.0
GTEX-12C56-1526-SM-5FQUQ.1,SKIN,24.5,0.0014430816372726,23.08825291965977,8.0,231.0
GTEX-12C56-1726-SM-5EQ61.1,SKIN,24.5,0.0013460448307835,23.315820525074223,6.6,241.0
GTEX-12C56-1926-SM-5FQUG.1,MUSCLE,24.5,0.0018021276382149,8.42805993884965,8.1,250.0
GTEX-12KS4-0008-SM-664MC.1,SKIN,34.5,0.0033471988584084,159.377074452043,9.9,465.0
GTEX-12KS4-0326-SM-5EQ41.1,SKIN,34.5,0.0021323180283399,34.941916248979254,8.4,464.0
GTEX-12KS4-0826-SM-5BC5R.1,MUSCLE,34.5,0.0020390497803892,5.447408794784754,6.5,491.0
GTEX-12KS4-1326-SM-5LUB3.1,LIVER,34.5,0.0014091920112995,20.056329748129603,6.0,500.0
GTEX-12KS4-2126-SM-5FQUT.1,SKIN,34.5,0.0022395824206018,30.751504208883805,7.9,536.0
GTEX-12WS9-0008-SM-5TDC2.1,SKIN,54.5,0.0045752498061159,119.92807744525663,10.0,497.0
GTEX-12WS9-0011-R10a-SM-57WBV.1,BRAIN,54.5,0.0012724517647856,16.036802349172195,6.1,451.0
GTEX-12WS9-0011-R2a-SM-5CVNE.1,BRAIN,54.5,0.000298134963595,8.48807243662553,8.7,451.0
GTEX-12WS9-0011-R3a-SM-5CVNF.1,BRAIN,54.5,0.0005502612483527,9.44378047199102,6.8,451.0
GTEX-12WS9-0011-R4b-SM-5P9EU.1,BRAIN,54.5,0.0002194211222594,3.616767932086855,6.1,451.0
GTEX-12WS9-0011-R5b-SM-5P9EV.1,BRAIN,54.5,0.0007532489466788,19.726286920030272,7.8,451.0
GTEX-12WS9-0011-R6a-SM-5P9EW.1,BRAIN,54.5,0.0007048562876135,8.421649100580353,7.3,451.0
GTEX-12WS9-0126-SM-5EGL7.1,SKIN,54.5,0.0027077764646645,24.385312201060835,8.4,496.0
GTEX-12WS9-0326-SM-59HJV.1,SKIN,54.5,0.0036751857829521,84.50434499124549,7.0,501.0
GTEX-12WS9-0626-SM-5FQT2.1,MUSCLE,54.5,0.0027322054678785,10.06468279980115,8.3,507.0
GTEX-12WS9-0826-SM-59HJX.1,HEART,54.5,0.0025070090355464,62.640146231018086,6.5,510.0
GTEX-12WS9-2826-SM-5FQU9.1,BRAIN,54.5,0.0014211177843206,18.32476428410753,6.3,572.0
GTEX-12WS9-2926-SM-5EGL8.1,BRAIN,54.5,0.0010929662765798,16.284132282341766,6.1,574.0
GTEX-12WSA-0008-SM-5TDC3.1,SKIN,64.5,0.0036602868844003,151.10854347764777,10.0,936.0
GTEX-12WSA-0011-R10b-SM-5P9ET.1,BRAIN,64.5,0.0007374823504347,13.661504787640476,7.2,862.0
GTEX-12WSA-0011-R2a-SM-57WDK.1,BRAIN,64.5,0.0007238739526574,13.832993637281684,5.8,862.0
GTEX-12WSA-0011-R4a-SM-57WB7.1,BRAIN,64.5,0.0003107439575118,6.115979167577917,6.5,862.0
GTEX-12WSA-0011-R5b-SM-5GU5I.1,BRAIN,64.5,0.0016687926675141,27.02722929269377,7.0,862.0
GTEX-12WSA-0011-R7b-SM-5GU5U.1,BRAIN,64.5,0.0008801511600035,13.66292998610926,6.0,862.0
GTEX-12WSA-0011-R8a-SM-5P9EX.1,BRAIN,64.5,0.0016825333422781,18.19415237414512,6.9,862.0
GTEX-12WSA-0226-SM-5BC5V.1,SKIN,64.5,0.0022133230848998,17.212295493433537,6.2,934.0
GTEX-12WSA-0426-SM-5EQ5X.1,SKIN,64.5,0.0010898499133863,18.726735515851917,6.1,940.0
GTEX-12WSA-0726-SM-5FQU2.1,MUSCLE,64.5,0.0025706152951765,8.343301124008518,7.4,955.0
GTEX-12WSA-1126-SM-5EGKU.1,HEART,64.5,0.0010356618070169,18.43719709522461,6.2,987.0
GTEX-12WSA-2926-SM-5EQ4D.1,BRAIN,64.5,0.0004243381961627,9.636499526158984,5.8,1036.0
GTEX-12WSB-0008-SM-5TDC5.1,SKIN,64.5,0.0035318383716068,117.28202132357434,10.0,1107.0
GTEX-12WSB-0011-R11b-SM-57WBJ.1,BRAIN,64.5,0.0004532982104287,5.806400706507346,6.0,1015.0
GTEX-12WSB-0011-R1b-SM-5P9EY.1,BRAIN,64.5,0.0003084985593512,7.449273445095876,6.1,1015.0
GTEX-12WSB-0011-R5b-SM-5GU67.1,BRAIN,64.5,0.0009930394605465,23.92251340259374,7.9,1015.0
GTEX-12WSB-0011-R6b-SM-5GU6J.1,BRAIN,64.5,0.0013037870807263,13.502604455102992,7.7,1015.0
GTEX-12WSB-0011-R7b-SM-5GU6V.1,BRAIN,64.5,0.0014606997999571,17.789228594104785,7.7,1015.0
GTEX-12WSB-0126-SM-59HJN.1,SKIN,64.5,0.0031865860888428,35.96951809014734,7.8,1106.0
GTEX-12WSB-0326-SM-5GCP4.1,MUSCLE,64.5,0.0032368147244502,10.144019236927218,7.6,1113.0
GTEX-12WSB-2926-SM-59HKL.1,SKIN,64.5,0.0029430712400766,34.84987020256063,7.3,1173.0
GTEX-12WSB-3026-SM-59HKM.1,BRAIN,64.5,0.0008542054735074,11.943699682699672,6.7,1187.0
GTEX-12WSC-0008-SM-664MK.1,SKIN,54.5,0.0040308443660123,168.51023385692972,10.0,788.0
GTEX-12WSC-0011-R10a-SM-5GU57.1,BRAIN,54.5,0.001884590548516,7.614454298720845,6.5,680.0
GTEX-12WSC-0011-R11a-SM-5GU5J.1,BRAIN,54.5,0.0036582069462782,10.958944430619484,8.2,680.0
GTEX-12WSC-0011-R3a-SM-5P9F1.1,BRAIN,54.5,0.0015325383238623,6.994526393948355,6.3,680.0
GTEX-12WSC-0011-R5b-SM-5CVNS.1,BRAIN,54.5,0.0013771905552447,13.128716167040595,7.4,680.0
GTEX-12WSC-0011-R6b-SM-5LU99.1,BRAIN,54.5,0.0017163380663799,10.805398380657506,6.7,680.0
GTEX-12WSC-0011-R7b-SM-5LU9L.1,BRAIN,54.5,0.0015224291327285,15.765942620555874,7.6,680.0
GTEX-12WSC-0011-R9a-SM-5GU4U.1,BRAIN,54.5,0.0007217980450742,14.24214544560144,6.9,680.0
GTEX-12WSC-0126-SM-5EQ4P.1,SKIN,54.5,0.0025405422404089,27.41248537189932,8.3,787.0
GTEX-12WSC-0326-SM-5EQ5E.1,MUSCLE,54.5,0.0031476029233751,7.538616238301853,8.4,793.0
GTEX-12WSC-1026-SM-5EQ5Y.1,HEART,54.5,0.0041693274127794,32.48755450711425,7.4,840.0
GTEX-12WSC-1126-SM-5EQ4G.1,HEART,54.5,0.0037646476096899,22.321719476339727,6.4,842.0
GTEX-12WSC-2826-SM-5BC5Y.1,SKIN,54.5,0.002086884718316,35.97534655137014,6.8,879.0
GTEX-12WSC-2926-SM-5BC5Z.1,BRAIN,54.5,0.0019517210566935,12.028591657285151,7.0,887.0
GTEX-12WSC-3026-SM-5GCNF.1,BRAIN,54.5,0.0011002980336382,8.783740182370876,6.7,889.0
GTEX-12WSD-0008-SM-664ME.1,SKIN,64.5,0.0041790708773885,144.35244663014868,10.0,484.0
GTEX-12WSD-0011-R10b-SM-5GU79.1,BRAIN,64.5,0.0016329849707736,17.28666917923361,7.5,423.0
GTEX-12WSD-0011-R11a-SM-9OSVC.1,BRAIN,64.5,0.0014468188548294,9.371447522209122,6.1,423.0
GTEX-12WSD-0011-R1b-SM-5LZVY.1,BRAIN,64.5,0.0007513372159393,9.458355650461876,7.2,423.0
GTEX-12WSD-0011-R2a-SM-5LZWB.1,BRAIN,64.5,0.0002018430259497,3.517993718688708,5.8,423.0
GTEX-12WSD-0011-R3b-SM-5LZWN.1,BRAIN,64.5,0.0004690461508301,7.957619705618835,6.8,423.0
GTEX-12WSD-0011-R4b-SM-5LZUA.1,BRAIN,64.5,0.0008879650059475,15.276149987418425,7.2,423.0
GTEX-12WSD-0011-R5b-SM-5CVNG.1,BRAIN,64.5,0.000557568089204,10.533487284821453,8.4,423.0
GTEX-12WSD-0011-R6b-SM-5P9JU.1,BRAIN,64.5,0.0010995879415833,18.181220996426937,5.8,423.0
GTEX-12WSD-0011-R7b-SM-5PNWE.1,BRAIN,64.5,0.0006188974321434,10.77568525155023,7.9,423.0
GTEX-12WSD-0011-R8b-SM-9QEGI.1,BRAIN,64.5,0.0003666136348777,4.805566052181045,5.6,423.0
GTEX-12WSD-0011-R9a-SM-5GU6W.1,BRAIN,64.5,0.0011618273620594,26.403286531682507,7.5,423.0
GTEX-12WSD-0126-SM-59HKN.1,SKIN,64.5,0.001444927957141,25.929646818515764,6.2,484.0
GTEX-12WSD-0526-SM-5EQ6F.1,MUSCLE,64.5,0.0025741764617015,5.506233658236124,8.5,496.0
GTEX-12WSD-0626-SM-5GCMW.1,SKIN,64.5,0.0023789956946337,43.200972828263865,7.7,501.0
GTEX-12WSD-1126-SM-5EGJD.1,HEART,64.5,0.0023293033766308,17.372579861013396,7.6,523.0
GTEX-12WSD-1226-SM-5HL9Q.1,HEART,64.5,0.0032321784975138,29.486095900510577,6.4,524.0
GTEX-12WSD-1426-SM-5GCN9.1,LIVER,64.5,0.0007510161801096,19.08601304725716,6.9,527.0
GTEX-12WSD-3026-SM-5LZU7.1,BRAIN,64.5,0.0016178730381383,14.909207340628548,7.0,567.0
GTEX-12WSD-3126-SM-5HL7P.1,BRAIN,64.5,0.0007106115222775,13.365782946155374,5.8,570.0
GTEX-12WSE-0008-SM-5YY9P.1,SKIN,24.5,0.0056683655114809,134.12212530949958,10.0,1378.0
GTEX-12WSE-0011-R10b-SM-5P9JV.1,BRAIN,24.5,0.0020101283660201,8.897650754544921,7.5,1350.0
GTEX-12WSE-0011-R11b-SM-5P9JW.1,BRAIN,24.5,0.0035191207778477,13.565154799482109,7.7,1350.0
GTEX-12WSE-0011-R1b-SM-5GU4V.1,BRAIN,24.5,0.0012163381085105,9.695761696256556,7.7,1350.0
GTEX-12WSE-0011-R6b-SM-5LZV5.1,BRAIN,24.5,0.0005934252048468,7.406970269243931,7.9,1350.0
GTEX-12WSE-0011-R7a-SM-5PNWF.1,BRAIN,24.5,0.0001150648402985,3.1002678337366434,5.9,1350.0
GTEX-12WSE-0526-SM-793B2.1,SKIN,24.5,0.0025526697204055,21.1438452303312,7.9,1376.0
GTEX-12WSE-0926-SM-5S2VX.1,HEART,24.5,0.0018824055461557,19.637755659661018,6.4,1387.0
GTEX-12WSE-2926-SM-5RQJ9.1,BRAIN,24.5,0.0027393556898584,12.883341812781682,6.6,1442.0
GTEX-12WSF-0008-SM-5YY8S.1,SKIN,74.5,0.0034278682934288,207.0160985539135,10.0,825.0
GTEX-12WSF-0011-R10a-SM-5LZVH.1,BRAIN,74.5,0.0019623381450568,11.67768490710328,8.1,766.0
GTEX-12WSF-0011-R11a-SM-5LZVT.1,BRAIN,74.5,0.0015332415363603,10.28675407964694,6.9,766.0
GTEX-12WSF-0011-R1a-SM-5DUVI.1,BRAIN,74.5,0.0011642476127093,11.161246092803284,8.2,766.0
GTEX-12WSF-0011-R2a-SM-5DUVU.1,BRAIN,74.5,0.000629884125649,11.756747964265516,5.9,766.0
GTEX-12WSF-0011-R3a-SM-5DUW7.1,BRAIN,74.5,0.0008865745776791,8.385351551475432,6.9,766.0
GTEX-12WSF-0011-R4b-SM-5HL88.1,BRAIN,74.5,0.0007210783249991,12.200149577581676,7.3,766.0
GTEX-12WSF-0011-R5a-SM-5HL8K.1,BRAIN,74.5,0.0009228343996706,18.800534536272,8.3,766.0
GTEX-12WSF-0011-R6b-SM-5HL8W.1,BRAIN,74.5,0.001185280078632,9.8790359795399,5.9,766.0
GTEX-12WSF-0011-R7b-SM-5HL99.1,BRAIN,74.5,0.0007183669557578,10.768124375171714,7.1,766.0
GTEX-12WSF-0926-SM-6PALU.1,MUSCLE,74.5,0.0036425011872993,12.483060037694102,7.7,857.0
GTEX-12WSF-1626-SM-7KUG5.1,SKIN,74.5,0.0017924808814347,28.915576782296878,6.1,874.0
GTEX-12WSF-3126-SM-6M478.1,BRAIN,74.5,0.0011931450665278,10.071945596387945,7.1,952.0
GTEX-12WSG-0008-SM-5TDC4.1,SKIN,54.5,0.0041879234485798,162.71461091795624,10.0,426.0
GTEX-12WSG-0526-SM-5FQTH.1,HEART,54.5,0.0027511908790843,16.585425717615603,7.2,337.0
GTEX-12WSG-0626-SM-5FQTQ.1,LIVER,54.5,0.0022620612911066,27.0991496677988,6.6,338.0
GTEX-12WSG-1226-SM-5EQ4C.1,HEART,54.5,0.0019656068151122,20.32248123824563,7.6,349.0
GTEX-12WSG-2526-SM-5EQ4O.1,MUSCLE,54.5,0.0016467139202198,6.990946360468073,8.4,419.0
GTEX-12WSG-2826-SM-5FQUS.1,SKIN,54.5,0.0022237613804452,19.599300605249823,7.7,427.0
GTEX-12WSG-2826-SM-E9J4H.1,SKIN,54.5,0.0021793236791065,26.4080625043935,7.2,427.0
GTEX-12WSG-5016-SM-7SB84.1,MUSCLE,54.5,0.0028184135262572,8.294852446785862,6.1,421.0
GTEX-12WSH-0008-SM-5S2V1.1,SKIN,54.5,0.0031194137333002,82.87394108741877,9.8,1007.0
GTEX-12WSH-0011-R10a-SM-5LZUS.1,BRAIN,54.5,0.0015507765716489,10.87195688447852,6.8,795.0
GTEX-12WSH-0011-R11a-SM-5LZVM.1,BRAIN,54.5,0.0021711108383931,13.00935782927168,8.1,795.0
GTEX-12WSH-0011-R1a-SM-5GU5V.1,BRAIN,54.5,0.0013306351714253,13.583657306426831,6.0,795.0
GTEX-12WSH-0011-R2a-SM-5GU68.1,BRAIN,54.5,0.0007756088133619,13.059736767198556,6.0,795.0
GTEX-12WSH-0011-R4a-SM-5GU6K.1,BRAIN,54.5,0.0014720530684882,13.751626549506735,6.0,795.0
GTEX-12WSH-0011-R5b-SM-5P9F3.1,BRAIN,54.5,0.0003716600369364,6.797890851307789,6.2,795.0
GTEX-12WSH-0011-R6b-SM-5P9F4.1,BRAIN,54.5,0.001296880297883,8.625346043709495,8.4,795.0
GTEX-12WSH-0011-R9b-SM-5LZUG.1,BRAIN,54.5,0.0016847782132672,27.048772985671132,6.6,795.0
GTEX-12WSH-1526-SM-5BC5W.1,SKIN,54.5,0.0016992428459293,26.383518226334264,6.4,917.0
GTEX-12WSH-2526-SM-5CVNH.1,MUSCLE,54.5,0.0032770290194335,6.13618411135295,7.8,1009.0
GTEX-12WSH-3026-SM-5CVNI.1,BRAIN,54.5,0.0008665019359581,9.165860670824848,6.4,1079.0
GTEX-12WSH-3126-SM-5LZW8.1,BRAIN,54.5,0.0018993475889558,13.86896865154631,6.7,1081.0
GTEX-12WSI-0008-SM-664MD.1,SKIN,54.5,0.0036926062191285,150.76767935951503,10.0,924.0
GTEX-12WSI-0011-R11b-SM-5P9EZ.1,BRAIN,54.5,0.0042880224571972,12.893493825231982,8.9,574.0
GTEX-12WSI-0011-R7b-SM-5GU78.1,BRAIN,54.5,0.0017943625954774,12.364184492944029,7.1,574.0
GTEX-12WSI-0226-SM-5GCNA.1,LIVER,54.5,0.0004767261174009,16.61135180990174,5.8,744.0
GTEX-12WSI-0426-SM-5EQ5J.1,HEART,54.5,0.0005456152823658,9.31912984966875,5.8,746.0
GTEX-12WSJ-0008-SM-664ML.1,SKIN,44.5,0.0033797422528636,121.57818641100026,10.0,208.0
GTEX-12WSJ-1126-SM-5LZVJ.1,SKIN,44.5,0.0009012367250482,15.452092964139393,6.7,142.0
GTEX-12WSJ-1726-SM-5LZVV.1,MUSCLE,44.5,0.0019512973337784,7.535878650682554,8.7,202.0
GTEX-12WSJ-1826-SM-5GCNY.1,SKIN,44.5,0.0015740788151042,22.0011105513953,7.3,208.0
GTEX-12WSK-0008-SM-5YY9R.1,SKIN,44.5,0.0057554478671401,177.24491503909593,10.0,208.0
GTEX-12WSK-0526-SM-5CVNA.1,HEART,44.5,0.0011374444972186,15.637248025565269,8.0,138.0
GTEX-12WSK-0626-SM-5LZUJ.1,HEART,44.5,0.0021010589080145,26.94521298710663,9.0,148.0
GTEX-12WSK-2126-SM-5CVNC.1,SKIN,44.5,0.0013936742318156,22.49755413788376,7.0,196.0
GTEX-12WSK-2326-SM-5GCOH.1,SKIN,44.5,0.0014345666282003,19.416591374863103,7.7,208.0
GTEX-12WSL-0008-SM-664MM.1,SKIN,54.5,0.0062666639943471,109.9555355670823,10.0,353.0
GTEX-12WSL-0226-SM-5CVMJ.1,LIVER,54.5,0.0010420844280536,24.87832940142107,6.7,209.0
GTEX-12WSL-2026-SM-5GCML.1,SKIN,54.5,0.0021653806257669,36.25713208469787,7.3,326.0
GTEX-12WSL-2526-SM-5GCNJ.1,SKIN,54.5,0.0032614441586066,65.40331968959939,8.1,353.0
GTEX-12WSL-2726-SM-5CVNL.1,MUSCLE,54.5,0.0025224677566713,11.31944642874704,8.7,355.0
GTEX-12WSM-0008-SM-5S2VD.1,SKIN,64.5,0.0026687317878368,92.20698575242636,10.0,839.0
GTEX-12WSM-0011-R10a-SM-5DUWV.1,BRAIN,64.5,0.001467286122331,13.557781503885863,7.8,694.0
GTEX-12WSM-0011-R11a-SM-5DUX8.1,BRAIN,64.5,0.0028053929707943,14.734014862740526,8.5,694.0
GTEX-12WSM-0011-R1a-SM-5LZW6.1,BRAIN,64.5,0.000519990518079,7.7137459770338195,6.3,694.0
GTEX-12WSM-0011-R3b-SM-5LZWI.1,BRAIN,64.5,0.0011209647133199,9.17818121334156,6.3,694.0
GTEX-12WSM-0011-R5a-SM-5EQ4Y.1,BRAIN,64.5,0.0009644049978901,13.914327112494972,8.2,694.0
GTEX-12WSM-0011-R6b-SM-5EQ6N.1,BRAIN,64.5,0.0005161238298614,7.004291267768249,8.4,694.0
GTEX-12WSM-0011-R7b-SM-5EGLD.1,BRAIN,64.5,0.0004811732581224,7.998867633039108,7.7,694.0
GTEX-12WSM-0011-R8a-SM-5DUWJ.1,BRAIN,64.5,0.000646743282346,11.17597687017094,7.6,694.0
GTEX-12WSM-0326-SM-5LZVI.1,MUSCLE,64.5,0.0023076023601858,5.516537146161698,8.1,845.0
GTEX-12WSM-0726-SM-5GCOW.1,LIVER,64.5,0.0004265480532813,10.921078685257417,5.9,971.0
GTEX-12WSM-1926-SM-5BC65.1,SKIN,64.5,0.0017357950798365,23.496436736337856,6.3,1023.0
GTEX-12WSM-2126-SM-5GCOC.1,BRAIN,64.5,0.0016421686799238,13.316050959115064,6.4,1106.0
GTEX-12WSN-0008-SM-664MI.1,SKIN,44.5,0.0050855880850593,132.23903575287753,10.0,297.0
GTEX-12WSN-0226-SM-5DUXH.1,HEART,44.5,0.0017935048811175,27.372214057479272,8.5,162.0
GTEX-12WSN-1426-SM-5GCO6.1,SKIN,44.5,0.0024361433525836,53.31914053370136,8.0,250.0
GTEX-12WSN-2326-SM-5DUVG.1,SKIN,44.5,0.0019760166379797,36.72138873335311,8.0,290.0
GTEX-12WSN-2526-SM-5LZU8.1,MUSCLE,44.5,0.0021634825017697,9.954981493016556,8.0,299.0
GTEX-12WSN-5001-SM-7DHMK.1,HEART,44.5,0.0019807293797235,14.521916527209008,8.3,176.0
GTEX-12WSN-5019-SM-79OM6.1,SKIN,44.5,0.0028961299313352,38.79543022315046,7.1,292.0
GTEX-12WSN-5022-SM-7DHN6.1,MUSCLE,44.5,0.0022604646755795,10.515396841919426,8.4,297.0
GTEX-12ZZW-0008-SM-5YY9L.1,SKIN,54.5,0.0050348623838802,157.85237923338912,10.0,1091.0
GTEX-12ZZW-0011-R10b-SM-5HL9X.1,BRAIN,54.5,0.0007218778731761,9.285554655898046,6.2,982.0
GTEX-12ZZW-0011-R3a-SM-5DUWW.1,BRAIN,54.5,0.0002518599007026,4.727866748836477,6.4,982.0
GTEX-12ZZW-0011-R4a-SM-5DUX9.1,BRAIN,54.5,0.0004060413245273,8.631211594112484,7.0,982.0
GTEX-12ZZW-0011-R5a-SM-5DUVN.1,BRAIN,54.5,0.0006144266982056,9.04748095387263,8.3,982.0
GTEX-12ZZW-0011-R6a-SM-5DUVZ.1,BRAIN,54.5,0.0005431653151941,5.533042791203457,6.0,982.0
GTEX-12ZZW-0011-R7a-SM-5DUWC.1,BRAIN,54.5,0.0006499115427816,5.917938998282863,7.0,982.0
GTEX-12ZZW-0126-SM-5DUVB.1,SKIN,54.5,0.002601341521266,30.57576783320769,6.0,1090.0
GTEX-12ZZW-1026-SM-5GCMM.1,HEART,54.5,0.0002198731115735,17.813212314844687,5.9,1169.0
GTEX-12ZZW-2926-SM-5LZUP.1,BRAIN,54.5,0.0009810275343786,11.345096573734583,6.2,1224.0
GTEX-12ZZX-0008-SM-5YY9N.1,SKIN,44.5,0.0054120239370349,146.95764140957772,10.0,586.0
GTEX-12ZZX-0011-R10b-SM-5DUWK.1,BRAIN,44.5,0.0024338430073232,12.048209067084729,8.7,497.0
GTEX-12ZZX-0011-R11a-SM-5DUVJ.1,BRAIN,44.5,0.0032000268767506,16.099894126697222,8.8,497.0
GTEX-12ZZX-0011-R1a-SM-5EQ6B.1,BRAIN,44.5,0.0017379942182578,24.123556385884,8.5,497.0
GTEX-12ZZX-0011-R2a-SM-5EGLG.1,BRAIN,44.5,0.0016617700384954,17.846178745807713,7.9,497.0
GTEX-12ZZX-0011-R3b-SM-5EGLH.1,BRAIN,44.5,0.0009694280752774,13.82428894747171,8.4,497.0
GTEX-12ZZX-0011-R5a-SM-5HL89.1,BRAIN,44.5,0.0005133460083711,10.457331387891292,7.4,497.0
GTEX-12ZZX-0011-R6a-SM-5HL8L.1,BRAIN,44.5,0.0017137386893595,12.95542041927026,8.4,497.0
GTEX-12ZZX-0011-R7b-SM-5DUVV.1,BRAIN,44.5,0.0006049782237011,11.071501266088797,8.4,497.0
GTEX-12ZZX-0011-R8a-SM-5DUW8.1,BRAIN,44.5,0.0011879029903071,18.855968824042844,8.1,497.0
GTEX-12ZZX-0126-SM-5EGK9.1,SKIN,44.5,0.0023267014251724,27.11964556756404,7.9,584.0
GTEX-12ZZX-0326-SM-5DUVH.1,MUSCLE,44.5,0.0037123237660336,10.86586326415284,7.7,621.0
GTEX-12ZZX-0726-SM-5EGKA.1,HEART,44.5,0.0021625831119088,29.74456369452532,7.1,640.0
GTEX-12ZZX-2426-SM-5GCOE.1,SKIN,44.5,0.0022465498300416,35.140575091798134,8.2,691.0
GTEX-12ZZX-2826-SM-5BC6K.1,BRAIN,44.5,0.0023594555644438,15.606462121421767,7.3,709.0
GTEX-12ZZX-2926-SM-5GCOQ.1,BRAIN,44.5,0.0015261740468738,11.696997230016368,6.8,712.0
GTEX-12ZZY-0008-SM-5YY9Q.1,SKIN,64.5,0.0065272801699516,127.7694165508658,10.0,511.0
GTEX-12ZZY-0011-R10b-SM-5HL7W.1,BRAIN,64.5,0.0027869577607573,14.970952225244924,6.7,388.0
GTEX-12ZZY-0011-R5a-SM-5EGL9.1,BRAIN,64.5,0.0010764925645925,14.945649846013817,7.0,388.0
GTEX-12ZZY-0011-R6b-SM-5EGLA.1,BRAIN,64.5,0.0011955140588708,13.872600055029556,7.8,388.0
GTEX-12ZZY-0011-R7a-SM-5EGLB.1,BRAIN,64.5,0.0009458820532446,17.19688490820838,7.8,388.0
GTEX-12ZZY-0226-SM-5LZVE.1,SKIN,64.5,0.0028461706682867,27.044973096858943,8.7,510.0
GTEX-12ZZY-0626-SM-5EQ5T.1,MUSCLE,64.5,0.0042479445897518,8.22006530121892,8.4,539.0
GTEX-12ZZY-0726-SM-5EQ66.1,SKIN,64.5,0.0016493954633572,28.43343035978437,7.9,542.0
GTEX-12ZZY-1126-SM-5DUWQ.1,HEART,64.5,0.0005820685460257,5.736418003981441,6.2,563.0
GTEX-12ZZY-1226-SM-5GCNK.1,HEART,64.5,0.0016217363350831,26.4216057614043,6.5,565.0
GTEX-12ZZY-2926-SM-5DUXO.1,BRAIN,64.5,0.0027799192720729,15.261440390379724,6.5,610.0
GTEX-12ZZY-3026-SM-5GCOU.1,BRAIN,64.5,0.0016019240319656,14.687897531205625,6.7,614.0
GTEX-12ZZZ-0008-SM-5YY9S.1,SKIN,64.5,0.0055835834105523,186.62955257286808,10.0,821.0
GTEX-12ZZZ-0011-R10a-SM-5P9HC.1,BRAIN,64.5,0.0012361673581256,8.878306386020974,6.6,640.0
GTEX-12ZZZ-0011-R11a-SM-5EGLC.1,BRAIN,64.5,0.0029306531056075,11.933885698533512,7.6,640.0
GTEX-12ZZZ-0011-R3b-SM-5DUXK.1,BRAIN,64.5,0.0008689864198264,11.483599282674046,6.5,640.0
GTEX-12ZZZ-0011-R4b-SM-5DUV7.1,BRAIN,64.5,0.0002191147102123,4.623493199633608,6.1,640.0
GTEX-12ZZZ-0011-R5a-SM-5EQ4M.1,BRAIN,64.5,0.0008848261174578,17.89205444129946,9.0,640.0
GTEX-12ZZZ-0011-R6b-SM-5EQ5B.1,BRAIN,64.5,0.0008749142269484,8.977150372108374,7.7,640.0
GTEX-12ZZZ-0011-R7b-SM-5EGLE.1,BRAIN,64.5,0.0007323238073331,11.382392936233316,8.1,640.0
GTEX-12ZZZ-0226-SM-59HKU.1,MUSCLE,64.5,0.0045700445476923,7.378888377508158,6.6,814.0
GTEX-12ZZZ-0626-SM-5DUXI.1,SKIN,64.5,0.0020928737222806,25.607035541420547,7.3,822.0
GTEX-12ZZZ-0726-SM-5GCNZ.1,SKIN,64.5,0.0019632661688417,24.565855671743734,7.5,839.0
GTEX-12ZZZ-1326-SM-59HKW.1,LIVER,64.5,6.628589762949179e-05,3.350970890907856,5.8,857.0
GTEX-12ZZZ-1726-SM-59HK5.1,HEART,64.5,0.0015628576167112,11.127652845800393,6.4,865.0
GTEX-12ZZZ-3026-SM-5BC67.1,BRAIN,64.5,0.0010548067165307,13.688270430533551,6.2,935.0
GTEX-12ZZZ-3126-SM-5LZU6.1,BRAIN,64.5,0.0018827352348545,12.29330729627695,6.7,936.0
GTEX-13111-0008-SM-5YY8R.1,SKIN,54.5,0.0050645366413739,135.0511814716014,10.0,324.0
GTEX-13111-1626-SM-5EGJY.1,SKIN,54.5,0.0013247077782895,16.43678418697039,7.4,321.0
GTEX-13111-1826-SM-5GCP1.1,SKIN,54.5,0.0019823660773579,34.15180982635895,6.6,330.0
GTEX-13111-2226-SM-5LZUE.1,MUSCLE,54.5,0.0017018427069798,5.08883475254843,7.9,336.0
GTEX-13112-0008-SM-5YY9M.1,SKIN,54.5,0.0050995279892432,137.23192735016838,10.0,1354.0
GTEX-13112-0011-R1b-SM-5HL7K.1,BRAIN,54.5,0.0004023769048425,5.322032178052086,6.7,1176.0
GTEX-13112-0011-R3b-SM-5HL9L.1,BRAIN,54.5,0.0007822053696397,13.84697962644047,6.0,1176.0
GTEX-13112-0011-R4b-SM-5DUXL.1,BRAIN,54.5,0.0006022041384875,9.20418442065571,7.1,1176.0
GTEX-13112-0011-R5b-SM-5DUV8.1,BRAIN,54.5,0.0002557294826198,7.37163697769421,8.2,1176.0
GTEX-13112-0011-R6b-SM-5DUVK.1,BRAIN,54.5,0.0006555828082951,9.13139151370252,8.8,1176.0
GTEX-13112-0011-R7b-SM-5DUVW.1,BRAIN,54.5,0.0007434722122468,12.243025399202214,8.7,1176.0
GTEX-13112-0011-R8b-SM-664OV.1,BRAIN,54.5,0.0002364624556585,6.610211225360164,6.0,1176.0
GTEX-13112-0126-SM-5P9IU.1,SKIN,54.5,0.0028404566573204,25.052510045416625,7.1,1194.0
GTEX-13112-0426-SM-5PNVC.1,HEART,54.5,0.002516126719435,22.119164846202167,7.1,1201.0
GTEX-13112-0526-SM-5EQ4S.1,HEART,54.5,0.0009467767277297,17.207446211087575,5.9,1204.0
GTEX-13112-1426-SM-5EGH8.1,LIVER,54.5,0.0003467261935167,9.621943205916372,5.7,1234.0
GTEX-13112-2626-SM-5BC66.1,MUSCLE,54.5,0.0031152761503209,6.48902746466949,6.7,1351.0
GTEX-13112-2826-SM-5DUWH.1,SKIN,54.5,0.0021241613982346,28.286025462871287,8.0,1355.0
GTEX-13112-2926-SM-5DUWT.1,BRAIN,54.5,0.002203681058292,13.40431620594061,6.9,1383.0
GTEX-13113-0008-SM-5YY9T.1,SKIN,64.5,0.0048577817683523,196.79024422028235,10.0,295.0
GTEX-13113-1326-SM-5GCOI.1,LIVER,64.5,0.000956194254276,26.211642323981398,7.0,254.0
GTEX-13113-1626-SM-5EQ4I.1,SKIN,64.5,0.0022228837246149,40.67042808884816,7.8,276.0
GTEX-13113-1926-SM-5LZWG.1,SKIN,64.5,0.0021613391036585,32.73920688749537,7.5,296.0
GTEX-13113-5016-SM-7EPIP.1,SKIN,64.5,0.0036418141827509,20.514980456024794,6.8,297.0
GTEX-13113-5019-SM-7EPH2.1,MUSCLE,64.5,0.0031144768713878,10.78422185580714,6.9,304.0
GTEX-1313W-0008-SM-5YYAP.1,SKIN,54.5,0.0050011489496483,127.65915939773328,10.0,620.0
GTEX-1313W-0011-R10b-SM-5DUXA.1,BRAIN,54.5,0.0016977243865218,7.758605254716089,7.9,434.0
GTEX-1313W-0011-R11a-SM-5DUXN.1,BRAIN,54.5,0.0035236221666179,11.788365357389525,8.2,434.0
GTEX-1313W-0011-R1b-SM-5EQ4A.1,BRAIN,54.5,0.0013970362353742,12.581106936694589,7.2,434.0
GTEX-1313W-0011-R2a-SM-5EGLF.1,BRAIN,54.5,0.0019089331647837,11.654058707718058,7.0,434.0
GTEX-1313W-0011-R3a-SM-5EGLI.1,BRAIN,54.5,0.0012194507857598,7.3321859675157235,7.4,434.0
GTEX-1313W-0011-R4b-SM-5KLZV.1,BRAIN,54.5,0.0010545865660102,12.405272530193226,6.9,434.0
GTEX-1313W-0011-R5b-SM-5L3EP.1,BRAIN,54.5,0.0009924855207866,10.940906086528123,8.1,434.0
GTEX-1313W-0011-R6a-SM-5K7XO.1,BRAIN,54.5,0.0012652869831611,11.47261911087317,8.7,434.0
GTEX-1313W-0011-R7b-SM-5DUWL.1,BRAIN,54.5,0.0008399911524493,9.54852399433714,8.9,434.0
GTEX-1313W-0011-R8a-SM-5DUVM.1,BRAIN,54.5,0.0015742350650753,12.126992921364993,6.8,434.0
GTEX-1313W-0126-SM-5LZUN.1,SKIN,54.5,0.0018780989698755,28.286646612061418,7.2,618.0
GTEX-1313W-0526-SM-5P9FZ.1,MUSCLE,54.5,0.0059451382800918,10.459714842487848,8.6,635.0
GTEX-1313W-0626-SM-5EQ4H.1,SKIN,54.5,0.0013575032321618,37.68288133691198,6.5,656.0
GTEX-1313W-1126-SM-5EQ5U.1,HEART,54.5,0.0021606160052705,31.764341936139697,7.4,677.0
GTEX-1313W-1426-SM-5KLZU.1,HEART,54.5,0.0013691091071634,10.130967972948817,6.3,683.0
GTEX-1313W-3026-SM-5LZUZ.1,BRAIN,54.5,0.0024807943570819,12.465616597198832,7.2,738.0
GTEX-1313W-3126-SM-5LZUI.1,BRAIN,54.5,0.0012390738172242,9.509176797434188,6.9,740.0
GTEX-1314G-0008-SM-5YY9K.1,SKIN,34.5,0.0056683898033076,128.7645211293396,10.0,469.0
GTEX-1314G-0126-SM-5LZUL.1,HEART,34.5,0.0014356721758322,13.00961792132858,5.8,309.0
GTEX-1314G-1326-SM-5BC6E.1,SKIN,34.5,0.0024688384223259,33.07339890789873,7.3,455.0
GTEX-1314G-1526-SM-5EGK2.1,SKIN,34.5,0.0024828185561919,26.002456370917372,8.0,477.0
GTEX-1314G-1726-SM-5LZUX.1,MUSCLE,34.5,0.0025269053744281,6.794659716001074,8.2,518.0
GTEX-131XE-0326-SM-5LZVO.1,LIVER,54.5,0.0015774648189704,26.918786040815775,6.3,173.0
GTEX-131XE-0526-SM-5K7YT.1,HEART,54.5,0.0032944949221601,35.509696295462966,7.4,176.0
GTEX-131XE-0626-SM-5HL98.1,HEART,54.5,0.0024126497268976,17.837209888622553,6.7,179.0
GTEX-131XE-1626-SM-5K7VO.1,SKIN,54.5,0.0018111567437112,37.96364609115128,6.4,217.0
GTEX-131XE-2326-SM-5PNZ2.1,SKIN,54.5,0.005868528066146,24.685856857517525,7.1,240.0
GTEX-131XE-2726-SM-5P9G7.1,MUSCLE,54.5,0.0027209107092804,7.757749510212943,8.2,248.0
GTEX-131XF-0008-SM-664MH.1,SKIN,64.5,0.0047495568003828,309.8424270495684,10.0,408.0
GTEX-131XF-0326-SM-5DUVR.1,HEART,64.5,0.0019252465267398,12.671914854247143,7.9,157.0
GTEX-131XF-0426-SM-5HL7U.1,HEART,64.5,0.0018623272537514,15.760448722040724,7.7,180.0
GTEX-131XF-2126-SM-5DUWS.1,SKIN,64.5,0.0021150424801943,21.84988251013155,6.8,380.0
GTEX-131XF-2326-SM-5BC6B.1,MUSCLE,64.5,0.0019393813068798,6.094368538340343,7.9,400.0
GTEX-131XF-2626-SM-5EQ6K.1,SKIN,64.5,0.0014923401376234,19.72889076563179,7.3,410.0
GTEX-131XF-5001-SM-7DHLY.1,HEART,64.5,0.0022786449597406,14.53729044599684,8.0,157.0
GTEX-131XF-5016-SM-7MGWE.1,SKIN,64.5,0.0051838864916194,20.19496793694541,5.7,383.0
GTEX-131XG-0008-SM-5YY9O.1,SKIN,54.5,0.0043348005236704,131.31275807031105,10.0,256.0
GTEX-131XG-0326-SM-5L3DX.1,SKIN,54.5,0.0013794200727366,20.665794538183672,7.3,101.0
GTEX-131XG-0526-SM-5DUWF.1,HEART,54.5,0.0019897780004674,17.422178586530222,8.5,92.0
GTEX-131XG-0626-SM-5GCMP.1,HEART,54.5,0.0021744927979554,18.61721607245863,8.7,96.0
GTEX-131XG-2326-SM-5HL8F.1,MUSCLE,54.5,0.0027913352916426,5.979884391517667,8.0,257.0
GTEX-131XG-2626-SM-5KM17.1,SKIN,54.5,0.0012136350783253,23.74484348010362,6.1,258.0
GTEX-131XH-0008-SM-5YYAC.1,SKIN,54.5,0.0058026833128925,169.5376969055422,10.0,1218.0
GTEX-131XH-0011-R10a-SM-5EGLJ.1,BRAIN,54.5,0.0025242817978421,13.944572470127152,7.7,948.0
GTEX-131XH-0011-R11a-SM-5EGLN.1,BRAIN,54.5,0.0053727421521393,14.200836920200114,8.8,948.0
GTEX-131XH-0011-R1a-SM-5DUWA.1,BRAIN,54.5,0.00212186450634,17.46587361890567,9.2,948.0
GTEX-131XH-0011-R2b-SM-5DUVY.1,BRAIN,54.5,0.0016287339086115,17.377244614695446,7.1,948.0
GTEX-131XH-0011-R3b-SM-5DUWM.1,BRAIN,54.5,0.0021078511810237,10.904901457942014,8.3,948.0
GTEX-131XH-0011-R4b-SM-5DUWB.1,BRAIN,54.5,0.001852431008861,16.1422544851304,7.7,948.0
GTEX-131XH-0011-R6a-SM-5KM2G.1,BRAIN,54.5,0.0019204287175112,17.78938913733877,6.7,948.0
GTEX-131XH-0011-R8a-SM-5EGLL.1,BRAIN,54.5,0.0021797981349602,18.17564843458467,6.9,948.0
GTEX-131XH-0126-SM-5LZUY.1,SKIN,54.5,0.0018826093821832,20.46938073477126,6.5,1042.0
GTEX-131XH-0226-SM-5LZVB.1,HEART,54.5,0.0006925787818595,7.182266847270246,6.3,1088.0
GTEX-131XH-0626-SM-5LZWH.1,LIVER,54.5,0.0004262895033254,8.564543914501186,6.5,1109.0
GTEX-131XH-2226-SM-5DUXJ.1,SKIN,54.5,0.0032821118479073,22.9059552550378,7.7,1217.0
GTEX-131XH-2726-SM-5GCO2.1,MUSCLE,54.5,0.0041429803957523,11.199808461967168,7.9,1262.0
GTEX-131XH-2926-SM-5LZU4.1,BRAIN,54.5,0.0031742975952168,11.829897245927006,7.6,1325.0
GTEX-131XW-0008-SM-664MJ.1,SKIN,54.5,0.0046477631485707,152.29148470237936,10.0,657.0
GTEX-131XW-0011-R10a-SM-5DUVA.1,BRAIN,54.5,0.0003423705089606,7.439639090943241,6.1,530.0
GTEX-131XW-0011-R11a-SM-5DUV9.1,BRAIN,54.5,0.0002436981121718,3.3518650028177004,6.8,530.0
GTEX-131XW-0011-R6b-SM-5K7XY.1,BRAIN,54.5,0.0001681067648283,5.827706757579229,5.8,530.0
GTEX-131XW-0011-R8a-SM-5DUWY.1,BRAIN,54.5,0.0001953706359271,4.268058174184632,7.1,530.0
GTEX-131XW-0011-R9a-SM-5N9EO.1,BRAIN,54.5,0.0017700022725027,28.23635937659524,6.7,530.0
GTEX-131XW-0326-SM-5KM1J.1,MUSCLE,54.5,0.0026147069738174,11.657004132237338,8.6,650.0
GTEX-131XW-0426-SM-5LZWP.1,SKIN,54.5,0.0017754828212755,30.76535738696266,7.1,655.0
GTEX-131XW-0626-SM-5PNVD.1,SKIN,54.5,0.0018460973643032,35.12413965089801,7.5,676.0
GTEX-131XW-3126-SM-5LZUC.1,BRAIN,54.5,0.000650896482762,12.534151023306867,6.2,775.0
GTEX-131YS-0008-SM-5YY9Z.1,SKIN,64.5,0.0048363128279009,127.71713107256718,10.0,943.0
GTEX-131YS-0011-R10b-SM-5EQ5N.1,BRAIN,64.5,0.0014458776411773,10.803351810006175,8.5,890.0
GTEX-131YS-0011-R11b-SM-5EGLM.1,BRAIN,64.5,0.0031800308652831,16.060770746065852,8.9,890.0
GTEX-131YS-0011-R1a-SM-5DUXC.1,BRAIN,64.5,0.0006410866890665,12.722431580931588,6.3,890.0
GTEX-131YS-0011-R3b-SM-5DUXB.1,BRAIN,64.5,0.0022247695172176,11.54891604925538,7.1,890.0
GTEX-131YS-0011-R4a-SM-5DUVL.1,BRAIN,64.5,0.0013788235563629,19.383736095000767,7.1,890.0
GTEX-131YS-0011-R5b-SM-5K7YB.1,BRAIN,64.5,0.0014576178680933,18.14850192374351,8.8,890.0
GTEX-131YS-0011-R7a-SM-5IJDA.1,BRAIN,64.5,0.0022691830368729,18.66260495527012,7.8,890.0
GTEX-131YS-0011-R9b-SM-5EQLY.1,BRAIN,64.5,0.002402775173578,35.01816761114711,7.8,890.0
GTEX-131YS-0126-SM-5KM1M.1,SKIN,64.5,0.0018492715225344,22.05687980258656,7.2,942.0
GTEX-131YS-0526-SM-5EGKJ.1,MUSCLE,64.5,0.0044546379949524,7.850478254930052,8.4,953.0
GTEX-131YS-0826-SM-5PNYV.1,HEART,64.5,0.0019447418973322,29.368728379172925,8.0,982.0
GTEX-131YS-1626-SM-5HL6C.1,LIVER,64.5,0.0004763769442307,10.81839482942894,6.0,997.0
GTEX-131YS-2826-SM-5EQ47.1,SKIN,64.5,0.0029774719429898,44.39954426876685,7.9,1021.0
GTEX-131YS-3026-SM-5EGHY.1,BRAIN,64.5,0.001864864151457,13.249036928559288,6.9,1026.0
GTEX-131YS-3126-SM-5KLYT.1,BRAIN,64.5,0.0010736519985742,10.459690840595623,6.6,1029.0
GTEX-132AR-0008-SM-62LDH.1,SKIN,54.5,0.0050090311161787,97.57008184983512,10.0,80.0
GTEX-132AR-0326-SM-5KM2C.1,SKIN,54.5,0.001146199156724,27.440940639110742,6.3,85.0
GTEX-132AR-0426-SM-5IFH8.1,LIVER,54.5,0.0034976382928835,28.07853190043047,6.8,86.0
GTEX-132AR-1026-SM-5PNVL.1,MUSCLE,54.5,0.0026770232117893,14.376174006844929,8.7,97.0
GTEX-132AR-1926-SM-5EGK5.1,HEART,54.5,0.002379827720275,24.08086635822638,8.2,116.0
GTEX-132AR-2026-SM-5IJG4.1,HEART,54.5,0.0016418876902981,16.914724407428437,7.3,118.0
GTEX-132NY-0008-SM-62LFX.1,SKIN,64.5,0.0046166199687328,157.0897258740383,10.0,493.0
GTEX-132NY-0326-SM-5IJBL.1,SKIN,64.5,0.0014226765146097,24.376996640629187,6.7,492.0
GTEX-132NY-0726-SM-5KLZM.1,MUSCLE,64.5,0.0031762651454025,10.246092921530938,7.0,500.0
GTEX-132NY-0926-SM-5P9G3.1,LIVER,64.5,0.0017113004683726,20.03531836461181,7.4,576.0
GTEX-132NY-1426-SM-5J1MJ.1,HEART,64.5,0.0061757121278809,42.29447483280566,6.8,585.0
GTEX-132NY-1726-SM-5EGKK.1,HEART,64.5,0.004275654540297,20.925109806290227,7.6,592.0
GTEX-132Q8-0008-SM-5ZZUC.1,SKIN,64.5,0.004898436459781,195.0763839282375,10.0,780.0
GTEX-132Q8-0011-R10b-SM-5DUWZ.1,BRAIN,64.5,0.002014119176193,16.97433692946203,9.1,725.0
GTEX-132Q8-0011-R11b-SM-5DUW9.1,BRAIN,64.5,0.0018172978792114,12.043260340092049,7.7,725.0
GTEX-132Q8-0011-R1a-SM-5EGLK.1,BRAIN,64.5,0.0004497133401973,11.618330600468196,6.9,725.0
GTEX-132Q8-0011-R2b-SM-5EQ5Z.1,BRAIN,64.5,0.0012995212048451,31.409544665842677,7.9,725.0
GTEX-132Q8-0011-R5a-SM-5IJDM.1,BRAIN,64.5,0.0016837212317156,27.096684847522877,7.7,725.0
GTEX-132Q8-0011-R6a-SM-5K7YN.1,BRAIN,64.5,0.0016312753804564,18.015833651929352,6.4,725.0
GTEX-132Q8-0011-R7b-SM-5N9F1.1,BRAIN,64.5,0.0012122424959259,19.551523461177187,5.7,725.0
GTEX-132Q8-0011-R8b-SM-5DUWX.1,BRAIN,64.5,0.00056264675096,10.717426510611414,6.0,725.0
GTEX-132Q8-0626-SM-5L3F3.1,MUSCLE,64.5,0.0024576649741517,8.64603377531205,6.8,795.0
GTEX-132Q8-1126-SM-5K7XS.1,HEART,64.5,0.0015887775109301,35.004321454303536,7.3,807.0
GTEX-132Q8-2926-SM-5IFFP.1,BRAIN,64.5,0.0013371127175875,16.306608359804688,6.6,841.0
GTEX-132Q8-3026-SM-5PNVG.1,BRAIN,64.5,0.0011144489873657,15.884052466263975,6.9,844.0
GTEX-132QS-0008-SM-5ZZUB.1,SKIN,64.5,0.0046114227289842,176.87397524683942,10.0,1678.0
GTEX-132QS-0426-SM-5KLZ6.1,HEART,64.5,0.0019005168720023,16.47779646557694,8.2,1543.0
GTEX-132QS-0526-SM-5IJC7.1,HEART,64.5,0.0015089214626304,19.686766168424523,7.2,1544.0
GTEX-1339X-0008-SM-5ZZUL.1,SKIN,44.5,0.0060038085165304,99.3039091678138,10.0,197.0
GTEX-1339X-0326-SM-5K7Z8.1,HEART,44.5,0.0010115879907532,12.08925952163458,6.5,101.0
GTEX-1339X-0426-SM-5KLZY.1,HEART,44.5,0.0013822146885436,14.869064834946714,6.7,104.0
GTEX-1339X-2426-SM-5KLYU.1,MUSCLE,44.5,0.0014726869797189,5.663835096241666,8.1,199.0
GTEX-133LE-0008-SM-62LDD.1,SKIN,24.5,0.0048417782552201,88.12137395965166,10.0,302.0
GTEX-133LE-1826-SM-5J1MV.1,SKIN,24.5,0.0022637186623637,21.192190501971943,6.7,301.0
GTEX-133LE-2026-SM-5K7WM.1,MUSCLE,24.5,0.0022034823479399,6.279531234768043,8.4,308.0
GTEX-133LE-2326-SM-5K7W3.1,SKIN,24.5,0.0021610150668424,26.358202436267035,6.4,318.0
GTEX-1399Q-0008-SM-62LDE.1,SKIN,44.5,0.0048418964417347,154.32918733167148,10.0,495.0
GTEX-1399Q-2326-SM-5KM2X.1,SKIN,44.5,0.0035402974969302,22.11334157649023,5.9,547.0
GTEX-1399Q-2426-SM-5J2MO.1,MUSCLE,44.5,0.0021053746026857,7.5191278576074625,6.6,549.0
GTEX-1399R-0008-SM-5ZZUF.1,SKIN,34.5,0.0055558462343887,175.70418746313194,10.0,334.0
GTEX-1399R-1226-SM-5P9GF.1,LIVER,34.5,0.001452309272813,30.1372765615104,8.6,122.0
GTEX-1399R-1326-SM-5PNYS.1,SKIN,34.5,0.0010934389884864,27.089473897457136,5.7,128.0
GTEX-1399R-1726-SM-5K7YJ.1,HEART,34.5,0.001011395429794,13.863649097977934,6.2,139.0
GTEX-1399R-1926-SM-5K7X8.1,HEART,34.5,0.001282529591905,10.569076622179637,8.4,149.0
GTEX-1399R-2526-SM-5IFG2.1,MUSCLE,34.5,0.0022620314034408,5.460424404117363,7.9,329.0
GTEX-1399R-2726-SM-5IJBA.1,SKIN,34.5,0.0012765415953566,18.705972260201317,7.6,334.0
GTEX-1399S-0008-SM-62LDF.1,SKIN,34.5,0.0047857730669112,136.92020029321264,10.0,158.0
GTEX-1399S-0126-SM-5IJCF.1,SKIN,34.5,0.000773006685346,13.705493487484285,5.8,60.0
GTEX-1399S-0826-SM-5KM23.1,HEART,34.5,0.0016485103334211,15.979611224291077,6.2,80.0
GTEX-1399S-1026-SM-5KLZ9.1,HEART,34.5,0.0015344269020682,11.256816230939435,8.4,89.0
GTEX-1399S-2726-SM-5KM22.1,MUSCLE,34.5,0.0027060910539119,6.624747830156344,7.2,155.0
GTEX-1399T-0008-SM-62LDB.1,SKIN,64.5,0.0051598733106383,118.68234484167118,10.0,947.0
GTEX-1399T-0011-R11a-SM-5J2O1.1,BRAIN,64.5,0.0027242866704514,13.74748911834114,7.9,745.0
GTEX-1399T-0011-R1b-SM-5DUWN.1,BRAIN,64.5,0.0008986908464129,8.40057960240799,7.8,745.0
GTEX-1399T-0011-R2b-SM-5DUXM.1,BRAIN,64.5,0.0014060886642467,12.88197821220684,7.4,745.0
GTEX-1399T-0011-R4b-SM-5DUVX.1,BRAIN,64.5,0.000548944314105,7.2251364013237245,7.4,745.0
GTEX-1399T-0011-R5b-SM-5IJDK.1,BRAIN,64.5,0.0013330370910683,14.806372603646166,8.6,745.0
GTEX-1399T-0011-R6b-SM-5K7YL.1,BRAIN,64.5,0.0009439571541901,13.058275311690055,7.1,745.0
GTEX-1399T-0011-R8b-SM-5IJD8.1,BRAIN,64.5,0.0012267891996022,14.899751821109636,6.8,745.0
GTEX-1399T-0426-SM-5PNVJ.1,HEART,64.5,4.69514282581462e-05,3.5770758995744503,5.7,756.0
GTEX-1399T-0726-SM-5J1MH.1,HEART,64.5,0.0032901813578336,32.6778640266074,6.3,768.0
GTEX-1399T-0826-SM-5IFES.1,LIVER,64.5,0.0009757493259024,22.17666750826297,6.2,771.0
GTEX-1399T-2426-SM-5L3FJ.1,MUSCLE,64.5,0.0034194110204342,4.908412935575211,6.1,938.0
GTEX-1399T-2826-SM-5KLYZ.1,SKIN,64.5,0.002127033091633,27.145976898542276,7.5,947.0
GTEX-1399T-3026-SM-5KLZC.1,BRAIN,64.5,0.0010340688228344,12.574143631045432,6.7,1014.0
GTEX-1399T-3126-SM-5IJFS.1,BRAIN,64.5,0.0013648059756861,11.55511081623587,6.3,1012.0
GTEX-1399U-0008-SM-5S2VE.1,SKIN,54.5,0.0056184354962727,92.3053161649544,9.9,362.0
GTEX-1399U-0526-SM-5K7YM.1,HEART,54.5,0.0014177879151725,13.53598449700576,8.0,162.0
GTEX-1399U-0726-SM-5KM1D.1,HEART,54.5,0.0013101165654149,15.804527846745112,8.2,169.0
GTEX-1399U-1126-SM-5L3DB.1,SKIN,54.5,0.0011811596472046,19.925158526587197,6.8,198.0
GTEX-1399U-2326-SM-5K7WY.1,SKIN,54.5,0.0010774576136142,15.457712011424965,5.8,362.0
GTEX-1399U-2526-SM-5L3DL.1,MUSCLE,54.5,0.0012937551856477,5.482686682413224,7.5,365.0
GTEX-139D8-0008-SM-5ZZUH.1,SKIN,34.5,0.006008650661391,143.57635188819424,10.0,418.0
GTEX-139D8-0226-SM-5KLZO.1,SKIN,34.5,0.0020363756783025,20.31311293863052,7.5,417.0
GTEX-139D8-0726-SM-5P9GJ.1,MUSCLE,34.5,0.0050843659145542,8.901618949412695,8.0,427.0
GTEX-139D8-1126-SM-5LU8W.1,SKIN,34.5,0.0019152834326145,21.99200542067077,6.9,436.0
GTEX-139T4-0008-SM-5S2WF.1,SKIN,54.5,0.0047303858398545,147.41867708275356,9.9,1355.0
GTEX-139T4-0011-R9b-SM-5HL6S.1,BRAIN,54.5,0.0010646218563852,29.866677943791395,7.6,1330.0
GTEX-139T4-0226-SM-5HL5S.1,SKIN,54.5,0.0019938462137507,30.830611268588573,6.4,1352.0
GTEX-139T4-0326-SM-5K7XN.1,MUSCLE,54.5,0.0021492562869958,16.952533880691956,6.8,1355.0
GTEX-139T6-2026-SM-5IFFL.1,MUSCLE,54.5,0.0018110960415333,7.324587950651686,8.5,334.0
GTEX-139T8-0008-SM-5ZZUD.1,SKIN,64.5,0.004402364706619,222.71751131472428,10.0,565.0
GTEX-139T8-0011-R1a-SM-5HL75.1,BRAIN,64.5,0.0001902627416757,3.0773360408814803,6.6,487.0
GTEX-139T8-0011-R3b-SM-5HL4R.1,BRAIN,64.5,0.0005155110901379,6.847383999270143,6.3,487.0
GTEX-139T8-0011-R4a-SM-5HL54.1,BRAIN,64.5,0.0005598350389664,9.440524526182555,6.3,487.0
GTEX-139T8-0011-R5b-SM-5J1MO.1,BRAIN,64.5,0.0004754957033167,7.196532664240298,6.0,487.0
GTEX-139T8-0126-SM-5K7XZ.1,SKIN,64.5,0.001590305053857,21.1649638599685,7.2,574.0
GTEX-139T8-0526-SM-5KLZL.1,MUSCLE,64.5,0.0035100904594589,8.198971475991199,8.2,600.0
GTEX-139T8-0626-SM-5KLZX.1,SKIN,64.5,0.0023272321603403,23.67320353819147,7.7,627.0
GTEX-139T8-1026-SM-5J2MC.1,BRAIN,64.5,0.000769173605017,10.759346771665044,6.1,671.0
GTEX-139TS-0008-SM-62LDG.1,SKIN,64.5,0.004636445545275,140.0644499795783,10.0,1303.0
GTEX-139TS-0011-R10a-SM-5K7TU.1,BRAIN,64.5,0.0009914118216781,12.105619514421004,6.4,1064.0
GTEX-139TS-0011-R2b-SM-5J1MX.1,BRAIN,64.5,0.0006083678802661,10.13434569674886,6.3,1064.0
GTEX-139TS-0011-R5b-SM-5J2MZ.1,BRAIN,64.5,0.0003347623123676,12.217541998913635,6.1,1064.0
GTEX-139TS-0011-R6a-SM-5J2OB.1,BRAIN,64.5,0.0002175991342095,5.387121101777769,6.4,1064.0
GTEX-139TS-0011-R7a-SM-5K7X7.1,BRAIN,64.5,0.0001253160949358,3.625136700788907,6.0,1064.0
GTEX-139TS-0011-R8a-SM-5J1NP.1,BRAIN,64.5,0.0005835927900553,4.8183085798009095,5.9,1064.0
GTEX-139TS-1426-SM-5IFJD.1,LIVER,64.5,0.0014463429408494,24.45199212798396,6.2,1181.0
GTEX-139TS-2126-SM-5K7XC.1,SKIN,64.5,0.0016575680145875,20.58743327670843,7.0,1199.0
GTEX-139TS-2626-SM-5J1MT.1,MUSCLE,64.5,0.0039330194457685,6.233454878074569,8.0,1298.0
GTEX-139TS-2826-SM-5J1OO.1,SKIN,64.5,0.0027867652489014,25.160091950000723,7.3,1302.0
GTEX-139TS-3126-SM-5LZWX.1,BRAIN,64.5,0.0010551720604129,11.58295246143142,6.6,1344.0
GTEX-139TT-0011-R11b-SM-5LZV1.1,BRAIN,64.5,0.0037133321175288,14.403005044879226,6.0,1145.0
GTEX-139TT-0011-R1a-SM-5LZVD.1,BRAIN,64.5,0.0010406913101731,9.638036069838686,6.9,1145.0
GTEX-139TT-0011-R3b-SM-5K7VL.1,BRAIN,64.5,0.0021050153551362,15.6505427776413,6.6,1145.0
GTEX-139TT-0011-R5b-SM-5K7W8.1,BRAIN,64.5,0.0020170363186351,15.43814585006062,6.6,1145.0
GTEX-139TT-0011-R6b-SM-5J2ON.1,BRAIN,64.5,0.0012706214338081,17.274286549583163,6.4,1145.0
GTEX-139TT-0011-R7b-SM-5J2MN.1,BRAIN,64.5,0.0013198615853048,16.515686635844478,7.1,1145.0
GTEX-139TT-0126-SM-5K7Y5.1,SKIN,64.5,0.0021986952505104,34.30700651527406,8.0,1165.0
GTEX-139TT-0426-SM-5IJFA.1,MUSCLE,64.5,0.0032465215618614,9.488803043370602,8.2,1182.0
GTEX-139TT-2126-SM-5LZWC.1,SKIN,64.5,0.003292010137326,29.58106476745033,6.9,1241.0
GTEX-139TT-2626-SM-5LZUB.1,BRAIN,64.5,0.0024681321245374,17.279179586740902,7.1,1283.0
GTEX-139TU-0008-SM-5ZZUK.1,SKIN,64.5,0.0055795094477372,172.58429598201442,10.0,529.0
GTEX-139TU-0011-R5b-SM-5L3E1.1,BRAIN,64.5,0.0001820148370301,8.251180193434546,6.4,385.0
GTEX-139TU-0126-SM-5K7WH.1,SKIN,64.5,0.0035594420193362,30.120305431092877,7.7,527.0
GTEX-139TU-0526-SM-5J2M8.1,MUSCLE,64.5,0.0037976045757388,7.086968239520497,7.1,535.0
GTEX-139TU-0726-SM-5L3EK.1,SKIN,64.5,0.0015891937652834,25.992127816751815,6.4,564.0
GTEX-139TU-0826-SM-5IJFG.1,LIVER,64.5,0.0008014748264037,21.031865463864687,6.2,568.0
GTEX-139TU-1926-SM-5J2OC.1,HEART,64.5,0.0062707817249138,66.19212212097575,7.2,602.0
GTEX-139UC-0008-SM-5ZZUG.1,SKIN,64.5,0.0053083650753763,153.558242495018,10.0,878.0
GTEX-139UC-0011-R11a-SM-5KM3J.1,BRAIN,64.5,0.0030981219418447,14.671376416010268,7.9,627.0
GTEX-139UC-0011-R3b-SM-5K7VZ.1,BRAIN,64.5,0.0020057098566136,14.470463828840009,7.5,627.0
GTEX-139UC-0011-R4a-SM-5K7XM.1,BRAIN,64.5,0.0004233463617666,6.399000136520999,6.8,627.0
GTEX-139UC-0011-R5b-SM-5K7VY.1,BRAIN,64.5,0.0015955586823502,17.991940281435568,8.4,627.0
GTEX-139UC-0011-R6b-SM-5K7Z1.1,BRAIN,64.5,0.0010092755198256,13.052795922794344,7.7,627.0
GTEX-139UC-0011-R7a-SM-5IJCV.1,BRAIN,64.5,0.0011870387564322,16.752181043383956,6.1,627.0
GTEX-139UC-0011-R8b-SM-5IJCL.1,BRAIN,64.5,0.0005056085195847,11.801195254688876,6.3,627.0
GTEX-139UC-0011-R9a-SM-5K7W7.1,BRAIN,64.5,0.0027577819898023,46.91139603871003,7.8,627.0
GTEX-139UC-0426-SM-5K7UR.1,HEART,64.5,0.0004528671462637,7.078739998772863,6.4,697.0
GTEX-139UC-1426-SM-5IJGH.1,LIVER,64.5,0.0006426174970434,15.651708842057198,6.4,724.0
GTEX-139UC-2926-SM-5J1N6.1,MUSCLE,64.5,0.0034336089447802,7.3369719098166835,7.5,882.0
GTEX-139UC-3126-SM-5J1OY.1,BRAIN,64.5,0.0008424849882,9.306329237346487,6.2,912.0
GTEX-139UC-3226-SM-5N9EZ.1,BRAIN,64.5,0.0017416029392137,15.086820743646754,5.7,914.0
GTEX-139UW-0011-R11a-SM-5IJGN.1,BRAIN,64.5,0.0002546335898564,5.132384443789317,5.8,575.0
GTEX-139UW-0011-R9b-SM-5LZYT.1,BRAIN,64.5,0.0043106662495301,40.181309690805016,7.0,575.0
GTEX-139UW-0326-SM-5J1ML.1,SKIN,64.5,0.0028148995498969,35.100567270916905,7.6,606.0
GTEX-139UW-2626-SM-5K7W1.1,MUSCLE,64.5,0.0068977638203925,11.943489724125584,7.0,840.0
GTEX-139UW-2826-SM-5L3E7.1,SKIN,64.5,0.0029072959222475,22.055750683537823,7.7,845.0
GTEX-139YR-0008-SM-5ZZUM.1,SKIN,54.5,0.0039447798550167,112.74742584203489,10.0,325.0
GTEX-139YR-0226-SM-5IFEM.1,LIVER,54.5,0.0017335107158519,25.67572489835664,5.9,162.0
GTEX-139YR-0526-SM-5L3DG.1,HEART,54.5,0.0012164258079405,16.200417099890007,7.8,167.0
GTEX-139YR-0826-SM-5LZXY.1,HEART,54.5,0.0014192725175352,12.526841408594128,7.0,173.0
GTEX-139YR-1026-SM-5LZYN.1,SKIN,54.5,0.0013256361962354,28.121100739431625,7.7,183.0
GTEX-139YR-2526-SM-5IJC6.1,MUSCLE,54.5,0.0018764166085865,5.921201326415187,7.8,320.0
GTEX-13CF2-0008-SM-62LDC.1,SKIN,64.5,0.0044952660770886,155.39319176007226,10.0,1424.0
GTEX-13CF2-0011-R11b-SM-5LZXO.1,BRAIN,64.5,0.0018728060361021,11.479244964783122,8.0,1327.0
GTEX-13CF2-0011-R1a-SM-5LZY1.1,BRAIN,64.5,0.0001507020871147,4.151678726043231,6.5,1327.0
GTEX-13CF2-0011-R2a-SM-5L3DC.1,BRAIN,64.5,0.0003719846827422,8.95791615977055,6.1,1327.0
GTEX-13CF2-0011-R3b-SM-5LZZ6.1,BRAIN,64.5,0.000634945966374,11.784142288473022,6.5,1327.0
GTEX-13CF2-0011-R5a-SM-5LZWS.1,BRAIN,64.5,0.0002071776128485,6.493742515313454,6.8,1327.0
GTEX-13CF2-0011-R7b-SM-5K7UV.1,BRAIN,64.5,0.0008430578270154,10.7486500721364,7.0,1327.0
GTEX-13CF2-0011-R8b-SM-5IJCX.1,BRAIN,64.5,0.0007812253490446,14.197648395376136,8.2,1327.0
GTEX-13CF2-0226-SM-5L3DV.1,HEART,64.5,0.0055220439379192,45.47993136622032,6.4,1350.0
GTEX-13CF2-0426-SM-5KM1H.1,HEART,64.5,0.0006665932174279,5.448612581858779,5.9,1353.0
GTEX-13CF2-2526-SM-5LZYX.1,SKIN,64.5,0.0018514534400866,32.00789430106396,7.3,1427.0
GTEX-13CF2-2726-SM-5LZWW.1,MUSCLE,64.5,0.0025932303571219,8.572310896014661,7.6,1428.0
GTEX-13CF2-3026-SM-5IFFX.1,BRAIN,64.5,0.0013578390690645,11.717690289543256,5.8,1477.0
GTEX-13CF3-0726-SM-5J2MY.1,HEART,64.5,0.0021281109791577,19.13924367723556,7.6,142.0
GTEX-13CF3-0826-SM-5LZYZ.1,HEART,64.5,0.0017147731381015,62.48626306844394,8.0,147.0
GTEX-13CF3-1826-SM-5J1NK.1,MUSCLE,64.5,0.0018952792126006,9.322142376718393,7.4,198.0
GTEX-13CF3-2426-SM-5IFGX.1,SKIN,64.5,0.0023474117059077,43.521541564908816,7.5,213.0
GTEX-13CIG-0011-R3b-SM-5K7XF.1,BRAIN,54.5,0.0006644972660652,13.806741567105236,5.8,826.0
GTEX-13CIG-0011-R5b-SM-5L3F2.1,BRAIN,54.5,0.0004940449807195,9.92077033675203,7.6,826.0
GTEX-13CIG-0011-R8b-SM-5LZX5.1,BRAIN,54.5,0.0017075190008889,31.823943377952585,7.7,826.0
GTEX-13CIG-0011-R9a-SM-5K7VU.1,BRAIN,54.5,0.0004188688238627,23.525480024581697,7.6,826.0
GTEX-13CZU-0008-SM-5ZZUI.1,SKIN,24.5,0.0057667618216502,169.61839408305508,10.0,207.0
GTEX-13CZV-0008-SM-5ZZUE.1,SKIN,64.5,0.0040163591865597,137.1887168258528,10.0,1008.0
GTEX-13CZV-0011-R10b-SM-5LZYD.1,BRAIN,64.5,0.002008139145687,14.85558167790167,7.1,1021.0
GTEX-13CZV-0011-R11b-SM-5N9FN.1,BRAIN,64.5,0.0004877798123693,5.97471276232561,5.7,1021.0
GTEX-13CZV-0011-R3a-SM-5KM27.1,BRAIN,64.5,0.0009607878134843,12.86841415966363,6.9,1021.0
GTEX-13CZV-0011-R4b-SM-5J2NY.1,BRAIN,64.5,0.0003303241952525,6.39530664354261,6.8,1021.0
GTEX-13CZV-0011-R5a-SM-5K7XA.1,BRAIN,64.5,0.0007535597270147,13.612954702074209,8.5,1021.0
GTEX-13CZV-0011-R7b-SM-5LZXH.1,BRAIN,64.5,0.0003724096731033,11.35641702975679,6.9,1021.0
GTEX-13CZV-0011-R9a-SM-5LZXT.1,BRAIN,64.5,0.0009161703558318,29.317434364377963,5.9,1021.0
GTEX-13D11-0926-SM-5J2NC.1,SKIN,54.5,0.002035311234166,21.02674781689004,7.1,110.0
GTEX-13D11-1526-SM-5J2NA.1,HEART,54.5,0.0022720548731633,26.10209606999433,8.9,128.0
GTEX-13D11-1726-SM-5IFGQ.1,HEART,54.5,0.0015742209823839,14.595873536305826,8.0,138.0
GTEX-13D11-2426-SM-5KM1V.1,SKIN,54.5,0.0020612457070911,28.114282405639692,8.0,166.0
GTEX-13D11-2526-SM-5KM28.1,MUSCLE,54.5,0.0019802091228658,8.781440540629442,8.4,169.0
GTEX-13FH7-0008-SM-5ZZUJ.1,SKIN,54.5,0.0046381586868966,126.95304458796453,10.0,256.0
GTEX-13FH7-0826-SM-5J2NW.1,HEART,54.5,0.0026461689178499,26.14437574001066,7.5,129.0
GTEX-13FH7-0926-SM-5J2MR.1,HEART,54.5,0.0024227511218871,17.32812022632981,8.1,134.0
GTEX-13FH7-1126-SM-5K7UG.1,SKIN,54.5,0.0012175881503571,25.569751225485348,6.9,132.0
GTEX-13FH7-2026-SM-5IJCR.1,SKIN,54.5,0.001677072844173,26.26036283093764,7.3,256.0
GTEX-13FH7-2026-SM-E9J4I.1,SKIN,54.5,0.0016479585359586,23.624295993652467,5.9,256.0
GTEX-13FH7-2126-SM-5L3DJ.1,MUSCLE,54.5,0.0023844072438933,5.765873653627396,8.7,261.0
GTEX-13FHO-0011-R10b-SM-5J2MM.1,BRAIN,64.5,0.0019220088387353,17.235451330900553,8.5,485.0
GTEX-13FHO-0011-R11b-SM-5LZYQ.1,BRAIN,64.5,0.0028342753437325,14.44714154819888,7.3,485.0
GTEX-13FHO-0011-R1b-SM-5KLZG.1,BRAIN,64.5,0.0008602424116104,14.852812330752178,7.2,485.0
GTEX-13FHO-0011-R3b-SM-5K7YA.1,BRAIN,64.5,0.0009038057830264,15.340509226252452,6.7,485.0
GTEX-13FHO-0011-R5b-SM-5LZZ3.1,BRAIN,64.5,0.0012154902039203,17.656518885544145,7.6,485.0
GTEX-13FHO-0011-R6b-SM-5LZX1.1,BRAIN,64.5,0.0006985358087363,5.549255336826184,5.8,485.0
GTEX-13FHO-0011-R7b-SM-5LZXD.1,BRAIN,64.5,0.0006971726166777,9.2748948200962,6.1,485.0
GTEX-13FHO-0226-SM-5IFGY.1,SKIN,64.5,0.0026539938151953,31.841052505222457,7.2,631.0
GTEX-13FHO-0426-SM-5L3F5.1,SKIN,64.5,0.0018241030103235,28.54424784662799,8.0,647.0
GTEX-13FHO-0726-SM-5IJDG.1,MUSCLE,64.5,0.0024330413040595,8.542049730468504,7.5,673.0
GTEX-13FHO-1226-SM-5L3EF.1,HEART,64.5,0.00123139042893,22.947303994845008,7.4,710.0
GTEX-13FHO-2926-SM-5L3ES.1,BRAIN,64.5,0.001811688709544,14.35743541301217,7.3,791.0
GTEX-13FHO-3026-SM-5J1O9.1,BRAIN,64.5,0.0021295176121962,14.873186882132105,6.8,793.0
GTEX-13FHP-0011-R11b-SM-5LZXP.1,BRAIN,54.5,0.0014182102650202,10.491074758990488,7.0,782.0
GTEX-13FHP-0011-R1b-SM-5K7XL.1,BRAIN,54.5,0.0002164519081048,3.893654382482782,6.3,782.0
GTEX-13FHP-0011-R5b-SM-5LZY2.1,BRAIN,54.5,0.0002368083705197,6.197923435902266,6.0,782.0
GTEX-13FHP-0011-R6b-SM-5LZY6.1,BRAIN,54.5,0.0003703434702359,5.193546703886405,7.1,782.0
GTEX-13FHP-0011-R7b-SM-5LZYI.1,BRAIN,54.5,0.0002401951526657,5.671643488792848,6.7,782.0
GTEX-13FHP-0126-SM-5IJBG.1,SKIN,54.5,0.0021093931597608,21.047341978883967,8.0,827.0
GTEX-13FHP-0526-SM-5K7UY.1,MUSCLE,54.5,0.002710376324107,8.262195350953698,6.9,841.0
GTEX-13FHP-0826-SM-5K7V5.1,HEART,54.5,0.0022382703617542,41.83573988490203,7.3,876.0
GTEX-13FHP-1026-SM-5K7Y2.1,HEART,54.5,8.761354347100988e-05,3.1320197477407703,6.1,879.0
GTEX-13FHP-2926-SM-5IJG9.1,BRAIN,54.5,0.001332649118001,11.87054533540869,6.6,931.0
GTEX-13FHP-3026-SM-5IJBS.1,BRAIN,54.5,0.0010049909103073,11.497599895258194,6.1,934.0
GTEX-13FLV-0011-R10b-SM-5LZZ2.1,BRAIN,54.5,0.0011950714675331,17.35471529554667,6.5,1011.0
GTEX-13FLV-0011-R11a-SM-5LZZ7.1,BRAIN,54.5,0.0038616311906788,14.657361278623288,6.3,1011.0
GTEX-13FLV-0011-R3b-SM-5LZYP.1,BRAIN,54.5,0.000847022602383,14.44107945838094,6.1,1011.0
GTEX-13FLV-0011-R4a-SM-5LZYU.1,BRAIN,54.5,0.0011371407621805,20.69444592561649,5.9,1011.0
GTEX-13FLV-0011-R5a-SM-5LZWT.1,BRAIN,54.5,0.0009435940741407,18.487179710767588,7.6,1011.0
GTEX-13FLV-0011-R6a-SM-5KLZ4.1,BRAIN,54.5,0.001832147075988,14.268765826692633,7.8,1011.0
GTEX-13FLV-0011-R7b-SM-5K7WW.1,BRAIN,54.5,0.0011815806604417,17.27255389146955,7.9,1011.0
GTEX-13FLV-0011-R8a-SM-5LZZE.1,BRAIN,54.5,0.0011230717921614,18.445745015751115,7.3,1011.0
GTEX-13FLV-0011-R9b-SM-5L3DA.1,BRAIN,54.5,0.0006804951769622,13.010753041685424,6.8,1011.0
GTEX-13FLV-0126-SM-5K7WT.1,SKIN,54.5,0.0019047231274808,28.008423286626492,7.5,1026.0
GTEX-13FLV-0326-SM-5N9DJ.1,LIVER,54.5,0.0010479135509987,20.578629399982272,5.7,1045.0
GTEX-13FLV-0926-SM-5L3DZ.1,HEART,54.5,0.0022716637690492,20.790511009305632,6.6,1085.0
GTEX-13FLW-0011-R10b-SM-5LZZF.1,BRAIN,54.5,0.0016900302885022,12.186345814242951,6.8,1307.0
GTEX-13FLW-0011-R1b-SM-5LZX2.1,BRAIN,54.5,0.0008271096248535,7.833828683013015,6.3,1307.0
GTEX-13FLW-0011-R5a-SM-5LZX6.1,BRAIN,54.5,0.000825767687623,11.921352619799409,7.8,1307.0
GTEX-13FLW-0011-R6b-SM-5L3EN.1,BRAIN,54.5,0.0014013504161446,13.102655532543402,7.4,1307.0
GTEX-13FLW-0011-R7b-SM-5L3EZ.1,BRAIN,54.5,0.0008318311555176,12.705981374460922,7.5,1307.0
GTEX-13FLW-0011-R8b-SM-5J1MZ.1,BRAIN,54.5,0.0011326825693002,11.684032201801667,6.4,1307.0
GTEX-13FLW-1426-SM-5K7YE.1,BRAIN,54.5,0.0013790928472022,10.86650780875999,6.8,1431.0
GTEX-13FTW-0326-SM-5K7UW.1,SKIN,44.5,0.0018291370700471,29.66394869555135,7.2,138.0
GTEX-13FTW-0826-SM-5K7XR.1,HEART,44.5,0.0012146171512015,20.75989000256513,6.8,150.0
GTEX-13FTW-1026-SM-5L3E3.1,HEART,44.5,0.0015552527402493,14.26325854801548,7.1,158.0
GTEX-13FTW-1126-SM-5J2NV.1,LIVER,44.5,0.0015576726943747,26.421520830202116,7.7,163.0
GTEX-13FTW-2326-SM-5K7YS.1,MUSCLE,44.5,0.0017983465801421,6.2289600299511925,7.1,366.0
GTEX-13FTW-2626-SM-5K7WL.1,SKIN,44.5,0.0011972034176608,19.27590656155853,6.4,371.0
GTEX-13FTX-1526-SM-5K7VJ.1,SKIN,24.5,0.0014166225118573,26.23498084789148,7.4,187.0
GTEX-13FTX-1826-SM-5J1NX.1,SKIN,24.5,0.0023266329695619,24.29227909413175,6.2,213.0
GTEX-13FTX-2026-SM-5L3D6.1,MUSCLE,24.5,0.003533131282156,9.385741048583675,6.2,218.0
GTEX-13FTY-0011-R11a-SM-5IJEA.1,BRAIN,44.5,0.0012997179449268,9.578934528274315,7.0,579.0
GTEX-13FTY-0011-R1a-SM-5LZXE.1,BRAIN,44.5,0.0001213771715534,2.867041382228567,5.9,579.0
GTEX-13FTY-0011-R9b-SM-5KM2U.1,BRAIN,44.5,0.0009720579783998,17.109451426266407,6.8,579.0
GTEX-13FTY-0226-SM-5IJBW.1,MUSCLE,44.5,0.0040045954008533,16.310453750604818,7.5,719.0
GTEX-13FTY-0526-SM-5L3EV.1,SKIN,44.5,0.001326794417467,19.799316559387314,6.0,727.0
GTEX-13FTY-2126-SM-5IFFB.1,SKIN,44.5,0.0026453578492638,26.211362071009766,5.8,758.0
GTEX-13FTZ-0011-R10b-SM-5KLZS.1,BRAIN,64.5,0.0006924879518945,9.423419940636869,8.2,970.0
GTEX-13FTZ-0226-SM-5K7X6.1,HEART,64.5,0.0006611372869695,8.232866507993348,6.0,1025.0
GTEX-13FTZ-0326-SM-5J1O1.1,HEART,64.5,0.001007703527125,41.25141864942512,6.1,1031.0
GTEX-13FTZ-0726-SM-5IFFY.1,LIVER,64.5,0.0004727598126808,11.459403603933596,5.8,1026.0
GTEX-13FTZ-2226-SM-5LZXI.1,MUSCLE,64.5,0.0031479083305205,10.877011564853271,7.7,1298.0
GTEX-13FXS-0011-R10a-SM-5J2MA.1,BRAIN,54.5,0.001529695830372,12.161867664915794,6.2,502.0
GTEX-13FXS-0011-R11a-SM-5L3DM.1,BRAIN,54.5,0.0027628147713661,13.342625762023111,8.8,502.0
GTEX-13FXS-0011-R1a-SM-5K7U6.1,BRAIN,54.5,0.0017294584093937,12.744253292228205,6.9,502.0
GTEX-13FXS-0011-R2b-SM-5K7XX.1,BRAIN,54.5,0.0009419225321331,13.58619630842259,6.5,502.0
GTEX-13FXS-0011-R5b-SM-5LZYE.1,BRAIN,54.5,0.000842980483195,12.887843721825764,7.6,502.0
GTEX-13FXS-0011-R6b-SM-5L3F7.1,BRAIN,54.5,0.0009493117129153,14.196326595737002,7.1,502.0
GTEX-13FXS-0011-R7a-SM-5L3FC.1,BRAIN,54.5,0.0005822089798862,13.271808304290012,8.1,502.0
GTEX-13FXS-0011-R8a-SM-5J1MN.1,BRAIN,54.5,0.0014810214831258,13.32410861743557,7.8,502.0
GTEX-13FXS-0011-R9a-SM-5K7UI.1,BRAIN,54.5,0.0019452128323188,41.211086521370056,8.2,502.0
GTEX-13FXS-0226-SM-5IJCK.1,SKIN,54.5,0.0015571307870461,19.38338200750215,6.8,566.0
GTEX-13FXS-0326-SM-5K7TV.1,MUSCLE,54.5,0.0046085135183779,14.233388259674552,8.3,567.0
GTEX-13FXS-1026-SM-62LFQ.1,HEART,54.5,0.000874388123092,14.865953786927331,6.7,665.0
GTEX-13FXS-3026-SM-5LZYO.1,BRAIN,54.5,0.0020058367462632,13.530940679729897,7.4,766.0
GTEX-13FXS-3126-SM-5J2NN.1,BRAIN,54.5,0.0016688371978475,12.731722404748458,7.0,767.0
GTEX-13G51-0011-R10b-SM-5LZYF.1,BRAIN,64.5,0.0008378614256625,8.766553009267477,5.9,725.0
GTEX-13G51-0011-R11b-SM-5J2NE.1,BRAIN,64.5,0.0039041047427707,15.306765132793238,8.5,725.0
GTEX-13G51-0011-R1a-SM-5LZYR.1,BRAIN,64.5,0.0014092393700636,27.12249045043341,8.0,725.0
GTEX-13G51-0011-R2b-SM-5LZXS.1,BRAIN,64.5,0.0010305132140114,12.691273403562194,6.1,725.0
GTEX-13G51-0011-R5a-SM-5L3EB.1,BRAIN,64.5,0.0016364217218818,19.2565313738678,8.2,725.0
GTEX-13G51-0011-R6b-SM-5LZX4.1,BRAIN,64.5,0.0012163596576693,15.735791012392728,7.1,725.0
GTEX-13G51-0011-R7b-SM-5LZXG.1,BRAIN,64.5,0.0012318973560962,12.905385136012068,7.9,725.0
GTEX-13G51-0011-R8b-SM-5LZZ4.1,BRAIN,64.5,0.0014250187091011,18.97112231315401,7.9,725.0
GTEX-13G51-1826-SM-5KLZH.1,SKIN,64.5,0.0019085866756871,24.211109149607825,7.7,807.0
GTEX-13G51-2526-SM-5LZYK.1,SKIN,64.5,0.0022340151073519,30.60005326198957,8.2,925.0
GTEX-13G51-2726-SM-5LZZ9.1,MUSCLE,64.5,0.002525183746001,4.509675978663709,8.1,927.0
GTEX-13G51-3026-SM-5IJB8.1,BRAIN,64.5,0.0011946129004848,18.050410139745782,5.9,983.0
GTEX-13G51-3126-SM-5IJG7.1,BRAIN,64.5,0.0017757055336385,13.293049962130866,7.1,984.0
GTEX-13IVO-0011-R10a-SM-5LZY3.1,BRAIN,74.5,0.000339956955163,5.315490196281701,5.8,480.0
GTEX-13IVO-0011-R11b-SM-5LZXQ.1,BRAIN,74.5,0.0013938738810253,12.707621036106298,6.7,480.0
GTEX-13IVO-0011-R3b-SM-5IJBJ.1,BRAIN,74.5,0.000255566064146,4.610312052825918,5.8,480.0
GTEX-13IVO-0011-R5a-SM-5L3CY.1,BRAIN,74.5,0.0002101072655077,4.763300800545641,6.2,480.0
GTEX-13IVO-0011-R6b-SM-5K7X9.1,BRAIN,74.5,0.0002544774690406,2.6271031285802784,5.9,480.0
GTEX-13IVO-0011-R8a-SM-5L3DY.1,BRAIN,74.5,0.0007191288596574,7.484690909765163,7.3,480.0
GTEX-13IVO-0126-SM-5J1NG.1,SKIN,74.5,0.004292457838103,26.872858087235063,6.7,556.0
GTEX-13IVO-0626-SM-5LZYJ.1,MUSCLE,74.5,0.0033677584201629,12.501102390934353,7.1,577.0
GTEX-13IVO-0726-SM-5LZYV.1,SKIN,74.5,0.0040244822376488,25.527712196545487,6.4,584.0
GTEX-13IVO-2926-SM-5L3CZ.1,BRAIN,74.5,0.0006331428064803,12.162333962330376,6.1,666.0
GTEX-13JUV-0011-R10b-SM-5LZXR.1,BRAIN,44.5,0.001470088574954,18.578027824654093,5.9,367.0
GTEX-13JUV-0011-R11a-SM-5LZYH.1,BRAIN,44.5,0.0028683478821572,16.298938348914284,6.6,367.0
GTEX-13JUV-0011-R1a-SM-5LZY4.1,BRAIN,44.5,0.001810319477718,33.39317274682098,7.5,367.0
GTEX-13JUV-0011-R5a-SM-5LZY5.1,BRAIN,44.5,0.0011819259946067,39.65898165994832,8.5,367.0
GTEX-13JUV-0011-R6b-SM-5LZYG.1,BRAIN,44.5,0.0006613368305066,13.086017423133525,7.1,367.0
GTEX-13JUV-0011-R7b-SM-5LZZG.1,BRAIN,44.5,0.0002110445593874,5.731829770704121,5.8,367.0
GTEX-13JUV-0011-R9a-SM-5LZX3.1,BRAIN,44.5,0.0013598770588337,40.70067978670355,8.1,367.0
GTEX-13JUV-0226-SM-5IJCC.1,HEART,44.5,0.0015131611223093,25.641828989231225,6.1,448.0
GTEX-13JUV-2026-SM-5K7UA.1,SKIN,44.5,0.0022432021211176,39.0906900641856,6.7,523.0
GTEX-13JUV-2326-SM-5IJCE.1,MUSCLE,44.5,0.0026765040381721,9.115023674663032,7.4,597.0
GTEX-13JUV-2726-SM-5LZZ8.1,SKIN,44.5,0.0023637171131329,20.21653614715832,7.8,586.0
GTEX-13JUV-2926-SM-5LZX7.1,BRAIN,44.5,0.0008587599889708,12.496902805549574,5.8,654.0
GTEX-13JUV-3026-SM-5K7WX.1,BRAIN,44.5,0.0019711138779842,18.85562101050981,6.2,656.0
GTEX-13JVG-0011-R10b-SM-5KM2P.1,BRAIN,64.5,0.0011437160653967,18.39750442445629,5.9,527.0
GTEX-13JVG-0011-R11a-SM-5KM53.1,BRAIN,64.5,0.0015125809906117,11.840558126111276,6.7,527.0
GTEX-13JVG-0011-R1a-SM-5KM32.1,BRAIN,64.5,0.0005271668096474,12.112107872968569,5.9,527.0
GTEX-13JVG-0011-R3b-SM-5LZXF.1,BRAIN,64.5,0.0005863817215183,11.438584897900398,6.4,527.0
GTEX-13JVG-0011-R4a-SM-5MR4C.1,BRAIN,64.5,0.0003154573795425,7.1729063919408365,6.0,527.0
GTEX-13JVG-0011-R5a-SM-5MR4O.1,BRAIN,64.5,0.0007804027794904,20.89586834677389,7.5,527.0
GTEX-13JVG-0011-R6a-SM-5MR3E.1,BRAIN,64.5,0.000674227356689,11.452268990904436,6.3,527.0
GTEX-13JVG-0011-R7b-SM-5MR3Q.1,BRAIN,64.5,0.0006088371926612,13.872445331179998,5.9,527.0
GTEX-13JVG-0011-R8a-SM-5KM3E.1,BRAIN,64.5,0.0006428707884204,11.329911179021256,6.8,527.0
GTEX-13JVG-0126-SM-5L3D3.1,MUSCLE,64.5,0.0033987573173712,9.425388059806492,8.3,824.0
GTEX-13JVG-0726-SM-5KM16.1,SKIN,64.5,0.0020043819478746,19.059159138313685,6.1,829.0
GTEX-13JVG-1126-SM-5KM2M.1,HEART,64.5,0.0031681476561736,25.19157298869778,6.9,836.0
GTEX-13JVG-1326-SM-5N9F8.1,HEART,64.5,0.000123278827572,7.12273661945289,5.7,845.0
GTEX-13JVG-3126-SM-5L3FH.1,BRAIN,64.5,0.0009584579458756,21.70427663026241,6.0,933.0
GTEX-13JVG-3226-SM-5IJGJ.1,BRAIN,64.5,0.0019535521255055,15.794491553059457,6.5,932.0
GTEX-13N11-0426-SM-5KM3O.1,HEART,54.5,0.0015775422675715,12.679921938968402,6.8,159.0
GTEX-13N11-0726-SM-5L3DP.1,HEART,54.5,0.0016523053949181,20.13492625608855,8.4,168.0
GTEX-13N11-0926-SM-5IJG2.1,LIVER,54.5,0.0017162247914943,29.604716688791296,8.8,170.0
GTEX-13N11-2326-SM-5IJBF.1,SKIN,54.5,0.0018266203272508,23.794606399883232,7.6,208.0
GTEX-13N11-2526-SM-5K7UE.1,SKIN,54.5,0.0030950869485012,30.547247068387133,7.2,228.0
GTEX-13N11-2726-SM-5L3ER.1,MUSCLE,54.5,0.001559875877372,5.979114231340742,8.2,231.0
GTEX-13N1W-0011-R10b-SM-5MR4H.1,BRAIN,74.5,0.0019214322047906,11.879398314388858,8.1,549.0
GTEX-13N1W-0011-R11a-SM-5MR3D.1,BRAIN,74.5,0.0005368432092748,7.752763826366832,6.3,549.0
GTEX-13N1W-0011-R1b-SM-5MR4T.1,BRAIN,74.5,0.0016324563464459,28.73949003713018,8.2,549.0
GTEX-13N1W-0011-R3a-SM-5MR5E.1,BRAIN,74.5,0.0017899196475793,13.084793690066029,7.2,549.0
GTEX-13N1W-0011-R4a-SM-5MR52.1,BRAIN,74.5,0.0013065321028913,13.884658124904783,6.3,549.0
GTEX-13N1W-0011-R5b-SM-5MR5Q.1,BRAIN,74.5,0.001196428306645,27.23454303971492,8.1,549.0
GTEX-13N1W-0011-R6a-SM-5MR43.1,BRAIN,74.5,0.0016055573195195,20.89044456350512,6.5,549.0
GTEX-13N1W-0011-R7b-SM-5MR4F.1,BRAIN,74.5,0.0013177751010866,19.53380674609115,7.1,549.0
GTEX-13N1W-0011-R8a-SM-5MR56.1,BRAIN,74.5,0.0013624324632219,17.274328168328832,7.8,549.0
GTEX-13N1W-0011-R9b-SM-5MR4R.1,BRAIN,74.5,0.0024341683499144,40.00008070491821,7.6,549.0
GTEX-13N1W-0126-SM-5K7VT.1,SKIN,74.5,0.0027773352452401,46.76222485506992,7.4,612.0
GTEX-13N1W-0526-SM-5MR4I.1,MUSCLE,74.5,0.0031741244726594,13.315961839775632,8.0,624.0
GTEX-13N1W-0926-SM-5MR36.1,HEART,74.5,0.0021516721554022,28.316787297273567,7.1,660.0
GTEX-13N1W-1026-SM-5IJC5.1,HEART,74.5,0.0006217285720531,14.338829524787762,6.2,661.0
GTEX-13N1W-2426-SM-5IJD1.1,SKIN,74.5,0.002315745257714,36.40977782074548,6.9,692.0
GTEX-13N2G-0011-R10a-SM-5MR34.1,BRAIN,64.5,0.0024261015095867,75.30095305453223,8.1,498.0
GTEX-13N2G-0011-R11a-SM-5MR3F.1,BRAIN,64.5,0.0025631867525547,18.91250235045528,8.3,498.0
GTEX-13N2G-0011-R1b-SM-5MR3G.1,BRAIN,64.5,0.0012689315267739,18.52374448162952,7.3,498.0
GTEX-13N2G-0011-R2a-SM-5MR4Q.1,BRAIN,64.5,0.0013155357134455,20.69288167418521,5.8,498.0
GTEX-13N2G-0011-R3b-SM-5MR5G.1,BRAIN,64.5,0.0016512428183168,33.93810982594707,5.7,498.0
GTEX-13N2G-0011-R4b-SM-5MR54.1,BRAIN,64.5,0.0014510761687208,37.86238182703001,6.3,498.0
GTEX-13N2G-0011-R5a-SM-5MR33.1,BRAIN,64.5,0.0027972869419929,113.41591156524892,8.4,498.0
GTEX-13N2G-0011-R6b-SM-5MR3P.1,BRAIN,64.5,0.00135767427177,22.057122306094765,7.0,498.0
GTEX-13N2G-0011-R7a-SM-5MR42.1,BRAIN,64.5,0.0021285065313349,53.2866184887996,6.8,498.0
GTEX-13N2G-0011-R9b-SM-5MR4E.1,BRAIN,64.5,0.0027846193858031,45.29632439706921,7.6,498.0
GTEX-13N2G-0226-SM-5K7VF.1,SKIN,64.5,0.0019003893171075,27.50186264756749,6.8,515.0
GTEX-13N2G-0926-SM-5IFGJ.1,LIVER,64.5,0.0004825165949721,11.592439711434068,6.0,534.0
GTEX-13N2G-2326-SM-5J1ON.1,MUSCLE,64.5,0.0042944050071624,7.7162663356982115,8.2,579.0
GTEX-13N2G-2626-SM-5J1OT.1,SKIN,64.5,0.0030464360959263,26.01420186345253,7.1,589.0
GTEX-13N2G-3126-SM-5IJGL.1,BRAIN,64.5,0.0013343929670012,14.43089741210026,6.5,633.0
GTEX-13NYB-0011-R10a-SM-5KM43.1,BRAIN,44.5,0.0013868324275327,8.055641595804259,7.3,983.0
GTEX-13NYB-0011-R11a-SM-5KM3Q.1,BRAIN,44.5,0.0027867657550677,13.299631783904292,7.6,983.0
GTEX-13NYB-0011-R1b-SM-5KM4F.1,BRAIN,44.5,0.0012958631747869,8.197860721913784,6.3,983.0
GTEX-13NYB-0011-R2a-SM-5MR3C.1,BRAIN,44.5,0.0022043955524006,33.52358960162676,7.7,983.0
GTEX-13NYB-0011-R3b-SM-A9SM4.1,BRAIN,44.5,0.0012546017895737,10.246467901168842,5.6,983.0
GTEX-13NYB-0011-R4b-SM-9QEGJ.1,BRAIN,44.5,0.0012337573698633,16.063713433751413,5.8,983.0
GTEX-13NYB-0011-R5a-SM-5MR45.1,BRAIN,44.5,0.0011051468666377,13.38706635996423,7.2,983.0
GTEX-13NYB-0011-R6b-SM-5MR51.1,BRAIN,44.5,0.0015398047350498,13.501718994781614,6.8,983.0
GTEX-13NYB-0011-R7a-SM-5MR5D.1,BRAIN,44.5,0.000744727492616,11.750744121748836,7.1,983.0
GTEX-13NYB-0011-R8a-SM-5KM4R.1,BRAIN,44.5,0.0017254412712777,18.49962616061229,7.0,983.0
GTEX-13NYB-0011-R9b-SM-5MR5P.1,BRAIN,44.5,0.0008151216669491,11.09820299826542,7.3,983.0
GTEX-13NYB-0126-SM-5J1MD.1,SKIN,44.5,0.003609703914976,22.38241643473985,7.6,997.0
GTEX-13NYB-0226-SM-5N9G4.1,HEART,44.5,4.25987915873844e-05,2.59602229536735,5.7,1014.0
GTEX-13NYB-0326-SM-5IJDP.1,HEART,44.5,0.0011779609103229,23.816563906230236,7.0,1016.0
GTEX-13NYB-1026-SM-5IFH3.1,LIVER,44.5,0.0007809619851809,13.566753485519415,6.1,1034.0
GTEX-13NYB-2526-SM-5K7Z6.1,SKIN,44.5,0.0018976027631417,15.882651086667678,7.1,1153.0
GTEX-13NYB-2726-SM-5J2MT.1,MUSCLE,44.5,0.0075235679261209,10.133431753037156,7.8,1178.0
GTEX-13NYB-3026-SM-5IJD7.1,BRAIN,44.5,0.0014441565974111,11.117580675776066,6.1,1231.0
GTEX-13NYB-3226-SM-5J2ND.1,BRAIN,44.5,0.0032695127613917,13.64902686946102,7.1,1233.0
GTEX-13NYC-0126-SM-5L3F4.1,SKIN,64.5,0.0020610510986701,34.9032833407225,6.1,965.0
GTEX-13NYC-0326-SM-5K7WP.1,SKIN,64.5,0.0028868922907372,67.30830189811016,6.7,970.0
GTEX-13NYC-0326-SM-E9J4S.1,SKIN,64.5,0.0028553743962807,43.06424099968452,8.1,970.0
GTEX-13NYC-0726-SM-5J2NQ.1,MUSCLE,64.5,0.0024455955362211,14.160034515938396,7.2,985.0
GTEX-13NYC-2826-SM-5K7WR.1,BRAIN,64.5,0.0020385596531896,28.691794161453853,7.1,1075.0
GTEX-13NYS-0011-R10a-SM-5MR4S.1,BRAIN,64.5,0.0035994100745071,21.544983742305245,7.3,615.0
GTEX-13NYS-0011-R11b-SM-5MR4P.1,BRAIN,64.5,0.0030915561007942,25.516753260527874,6.6,615.0
GTEX-13NYS-0011-R1b-SM-5MR55.1,BRAIN,64.5,0.0011665038575391,33.20505890515563,6.8,615.0
GTEX-13NYS-0011-R2b-SM-5MR4G.1,BRAIN,64.5,0.0011885038190662,35.24262047274454,6.7,615.0
GTEX-13NYS-0011-R3b-SM-5MR41.1,BRAIN,64.5,0.0010718319214781,22.926714066802536,6.1,615.0
GTEX-13NYS-0011-R4b-SM-5MR3O.1,BRAIN,64.5,0.0007992969413803,24.898953799710664,6.3,615.0
GTEX-13NYS-0011-R5a-SM-5MR4D.1,BRAIN,64.5,0.0011812924728941,27.066073593291936,7.2,615.0
GTEX-13NYS-0011-R6b-SM-5MR3R.1,BRAIN,64.5,0.0017204333268049,26.974793033142813,7.2,615.0
GTEX-13NYS-0011-R8a-SM-5MR5H.1,BRAIN,64.5,0.0011357568599023,26.68860184546881,6.6,615.0
GTEX-13NYS-0011-R9b-SM-5MR44.1,BRAIN,64.5,0.001805115121589,41.05986329023328,6.9,615.0
GTEX-13NYS-0126-SM-5MR3W.1,SKIN,64.5,0.0031440220943696,26.34360803983844,7.7,846.0
GTEX-13NYS-0326-SM-5MR4L.1,MUSCLE,64.5,0.0032280584823326,14.49299745789751,8.3,853.0
GTEX-13NYS-0626-SM-5L3F1.1,SKIN,64.5,0.0032930848280794,32.101834644098,7.1,872.0
GTEX-13NYS-1926-SM-5IJCB.1,HEART,64.5,0.0027323841946165,29.17527232621591,6.0,981.0
GTEX-13NYS-3126-SM-5KLYV.1,BRAIN,64.5,0.0015512414255207,18.787120344531584,6.9,1115.0
GTEX-13NZ8-0011-R1b-SM-5KM3V.1,BRAIN,64.5,0.0002134238729214,5.417487506549962,6.0,1273.0
GTEX-13NZ8-0011-R8b-SM-5KM48.1,BRAIN,64.5,0.0003250712066058,5.200413212848867,6.3,1273.0
GTEX-13NZ8-0826-SM-5MR3I.1,SKIN,64.5,0.0018625974473574,19.93607759860468,7.3,1345.0
GTEX-13NZ8-1226-SM-5KM4A.1,SKIN,64.5,0.0036139945261813,27.43180065336913,6.1,1353.0
GTEX-13NZ8-2126-SM-5L3EO.1,MUSCLE,64.5,0.000901746385502,5.265316993920839,6.4,1371.0
GTEX-13NZ8-3026-SM-5L3D4.1,BRAIN,64.5,0.0009076942530729,10.712590374623616,6.0,1415.0
GTEX-13NZ9-0126-SM-5K7XV.1,HEART,54.5,0.0023008857971062,36.27534204434541,8.4,369.0
GTEX-13NZ9-0626-SM-5IJCO.1,MUSCLE,54.5,0.0025783458044214,7.071658750681371,8.1,417.0
GTEX-13NZ9-1326-SM-5MR3V.1,LIVER,54.5,0.0017397176744683,22.38765616462212,5.7,472.0
GTEX-13NZ9-2626-SM-5L3FK.1,SKIN,54.5,0.001814581700133,33.542209220830095,7.3,504.0
GTEX-13NZA-0011-R10b-SM-5KM54.1,BRAIN,64.5,0.0004051320052892,5.3618578779297446,6.6,1155.0
GTEX-13NZA-0011-R11b-SM-5KM4W.1,BRAIN,64.5,0.0008115938981079,7.421445566274502,7.3,1155.0
GTEX-13NZA-0011-R1b-SM-5LUAF.1,BRAIN,64.5,0.00019133331837,7.382499859264643,5.7,1155.0
GTEX-13NZA-0011-R5b-SM-5KM4K.1,BRAIN,64.5,0.0001315310720475,3.829494127061409,6.6,1155.0
GTEX-13NZA-0011-R8b-SM-5KM2Q.1,BRAIN,64.5,0.0006489602258666,9.945091366769914,6.9,1155.0
GTEX-13NZA-0011-R9b-SM-5MR5I.1,BRAIN,64.5,0.0009804463136819,24.342584486931,7.8,1155.0
GTEX-13NZA-0226-SM-5K7Z7.1,SKIN,64.5,0.0019230037103395,34.74559519913847,6.5,1327.0
GTEX-13NZA-0526-SM-5L3D7.1,MUSCLE,64.5,0.0033790841158094,7.637918031457949,7.6,1333.0
GTEX-13NZA-0826-SM-5K7WS.1,HEART,64.5,0.000975050329964,26.74770458244496,5.8,1358.0
GTEX-13NZB-0226-SM-5KM1T.1,HEART,34.5,0.0018558115043376,12.390006888528031,6.4,300.0
GTEX-13NZB-0426-SM-5KM26.1,HEART,34.5,0.0025621361052906,19.38187955601804,7.7,316.0
GTEX-13NZB-0626-SM-5IFH6.1,LIVER,34.5,0.0004135618692888,12.912991677768415,5.9,323.0
GTEX-13NZB-2526-SM-5J1OM.1,SKIN,34.5,0.0013840401262147,18.15625246388792,6.7,395.0
GTEX-13NZB-2626-SM-5J2M7.1,MUSCLE,34.5,0.0032888989040655,5.095158129804894,7.7,399.0
GTEX-13O1R-0011-R9b-SM-5KM33.1,BRAIN,64.5,0.0001711882585242,5.872557350928652,6.4,660.0
GTEX-13O1R-0126-SM-5L3EH.1,SKIN,64.5,0.0023086730077911,40.51669729430361,8.4,801.0
GTEX-13O1R-0526-SM-5K7XU.1,MUSCLE,64.5,0.0012911044994199,6.229501543308118,8.0,809.0
GTEX-13O1R-0926-SM-5L3DS.1,HEART,64.5,0.0014495752328707,22.378312863222465,8.2,826.0
GTEX-13O1R-1226-SM-5J1NU.1,HEART,64.5,0.0010937562101436,23.19014929726556,6.4,840.0
GTEX-13O1R-2026-SM-5KM3N.1,LIVER,64.5,0.0015183227451631,19.039847218374614,6.6,855.0
GTEX-13O21-0326-SM-5J1N9.1,HEART,54.5,0.0015230032001932,30.659835993889104,8.0,152.0
GTEX-13O21-1426-SM-5K7XI.1,SKIN,54.5,0.0012157518919748,21.11800269566788,6.0,222.0
GTEX-13O21-1726-SM-5MR5A.1,MUSCLE,54.5,0.0019101932453843,7.730518216955285,8.2,224.0
GTEX-13O21-2326-SM-5MR3X.1,HEART,54.5,0.001484287884378,9.736540218149296,7.4,151.0
GTEX-13O3O-0011-R10a-SM-5LUA9.1,BRAIN,64.5,0.0022606756686511,10.886526854557555,5.7,679.0
GTEX-13O3O-0011-R11b-SM-5KM4G.1,BRAIN,64.5,0.0021558331212801,13.992554490847954,8.6,679.0
GTEX-13O3O-0011-R1b-SM-5KM2K.1,BRAIN,64.5,0.0014105368492017,10.168420552310325,6.9,679.0
GTEX-13O3O-0011-R2b-SM-5P9H1.1,BRAIN,64.5,0.000754550876398,11.959616105551914,6.7,679.0
GTEX-13O3O-0011-R3b-SM-5KM3R.1,BRAIN,64.5,0.0009450815346378,11.812337000966927,7.3,679.0
GTEX-13O3O-0011-R4b-SM-5KM3F.1,BRAIN,64.5,0.0010287390504788,12.623891421100938,7.0,679.0
GTEX-13O3O-0011-R5b-SM-5KM44.1,BRAIN,64.5,0.0008508234072001,11.434210570441712,8.4,679.0
GTEX-13O3O-0011-R6b-SM-5P9GY.1,BRAIN,64.5,0.0011644718706223,12.403832812753436,7.8,679.0
GTEX-13O3O-0011-R7b-SM-5P9GZ.1,BRAIN,64.5,0.0006983192321343,9.36212790250696,7.6,679.0
GTEX-13O3O-0011-R8b-SM-5LUAL.1,BRAIN,64.5,0.00067618286287,11.115452349777536,5.7,679.0
GTEX-13O3O-0126-SM-5KM4E.1,SKIN,64.5,0.0022888945184481,24.833773582446835,6.6,778.0
GTEX-13O3O-0126-SM-E9J49.1,SKIN,64.5,0.0018351031927986,32.79409164988807,6.9,778.0
GTEX-13O3O-0526-SM-5J1NL.1,MUSCLE,64.5,0.0038079780865393,8.265790697524167,8.5,806.0
GTEX-13O3O-1426-SM-5KM2S.1,HEART,64.5,0.0017406750963883,35.79018834041343,6.3,846.0
GTEX-13O3O-1526-SM-5KM1C.1,HEART,64.5,0.0012719693852551,6.590898206089187,6.9,849.0
GTEX-13O3O-1826-SM-5IFGW.1,LIVER,64.5,0.0003479589887263,24.05138921534113,6.5,857.0
GTEX-13O3O-2326-SM-5IJD6.1,SKIN,64.5,0.0024184153663517,40.14178814973287,8.2,863.0
GTEX-13O3O-3026-SM-5KM42.1,BRAIN,64.5,0.0018274028634244,14.73189115461598,7.1,886.0
GTEX-13O3O-3126-SM-5KM3H.1,BRAIN,64.5,0.0010213527525462,9.63112654876644,6.3,889.0
GTEX-13O3P-0126-SM-5KM4S.1,SKIN,54.5,0.0019325743381435,23.296971332191436,7.4,405.0
GTEX-13O3P-0626-SM-5L3D5.1,MUSCLE,54.5,0.0020769437129621,9.212059386794342,8.2,453.0
GTEX-13O3P-1426-SM-5L3DT.1,HEART,54.5,0.0036426154428491,34.8157759603099,7.4,477.0
GTEX-13O3P-1626-SM-5K7X3.1,HEART,54.5,0.000715605619099,7.9841802566095055,6.1,485.0
GTEX-13O3Q-0011-R10b-SM-5KM39.1,BRAIN,54.5,0.0021165312464741,10.662548316667973,7.4,1036.0
GTEX-13O3Q-0011-R11b-SM-5KM2W.1,BRAIN,54.5,0.0038874551911286,14.878287336773647,8.0,1036.0
GTEX-13O3Q-0011-R1b-SM-5KM3L.1,BRAIN,54.5,0.0010589708794966,7.995094462671703,6.8,1036.0
GTEX-13O3Q-0011-R2b-SM-5KM3K.1,BRAIN,54.5,0.0019616532737561,14.603504517884968,6.9,1036.0
GTEX-13O3Q-0011-R3a-SM-5P9H3.1,BRAIN,54.5,0.0012734328967712,10.055132922655396,6.1,1036.0
GTEX-13O3Q-0011-R4a-SM-5P9H2.1,BRAIN,54.5,0.0012544108658939,11.106283538468237,6.7,1036.0
GTEX-13O3Q-0011-R5b-SM-5P9H4.1,BRAIN,54.5,0.0014213591593222,15.488316947425094,8.5,1036.0
GTEX-13O3Q-0011-R6a-SM-5KM2V.1,BRAIN,54.5,0.0017289017438518,14.522297374978184,8.4,1036.0
GTEX-13O3Q-0011-R7a-SM-5KM38.1,BRAIN,54.5,0.0011856516514788,11.28659532565777,8.5,1036.0
GTEX-13O3Q-0011-R8b-SM-5KM2J.1,BRAIN,54.5,0.0019108501131343,18.604633166018942,8.7,1036.0
GTEX-13O3Q-0126-SM-5KM34.1,SKIN,54.5,0.0028704550211597,26.99681879900308,7.0,1069.0
GTEX-13O3Q-0326-SM-5L3FE.1,HEART,54.5,0.0035921138888634,48.08626313162112,6.6,1091.0
GTEX-13O3Q-2426-SM-5IJBR.1,SKIN,54.5,0.0016376319983118,20.496490658046444,5.8,1157.0
GTEX-13O3Q-2726-SM-5KM51.1,MUSCLE,54.5,0.0028574290112991,4.691772468272854,8.1,1163.0
GTEX-13O3Q-2926-SM-5KM45.1,BRAIN,54.5,0.0010861448929578,9.854501515724948,6.1,1208.0
GTEX-13O3Q-3026-SM-5IJGD.1,BRAIN,54.5,0.002171380021681,14.691647403169716,6.4,1209.0
GTEX-13O61-0426-SM-5L3ET.1,HEART,64.5,0.0019272689137995,20.873920141379653,9.2,132.0
GTEX-13O61-0526-SM-5J2M1.1,HEART,64.5,0.0019169354427787,15.419959390515212,8.5,135.0
GTEX-13O61-1426-SM-5KM3D.1,SKIN,64.5,0.0013329321449114,23.54610583716947,6.7,179.0
GTEX-13O61-2326-SM-5J1NJ.1,MUSCLE,64.5,0.0025691551185022,7.056444426994738,8.5,334.0
GTEX-13OVG-0426-SM-5KM2T.1,HEART,64.5,0.0014116712445109,25.18354098795728,8.5,443.0
GTEX-13OVG-0526-SM-5K7YD.1,HEART,64.5,0.0017637216104135,15.781973859646063,7.6,450.0
GTEX-13OVG-1626-SM-5J1NF.1,SKIN,64.5,0.0021199144924265,35.08495129415835,7.5,515.0
GTEX-13OVG-1926-SM-5L3DK.1,SKIN,64.5,0.0022503811321426,41.86302789651749,7.6,644.0
GTEX-13OVG-2126-SM-5KM1K.1,MUSCLE,64.5,0.0018579402237547,7.172809059916282,7.6,645.0
GTEX-13OVH-0011-R11b-SM-5KM4X.1,BRAIN,74.5,0.0035700974934204,17.29179936537729,8.5,504.0
GTEX-13OVH-0011-R3a-SM-5KM49.1,BRAIN,74.5,0.0009682852750941,12.92204930531468,6.6,504.0
GTEX-13OVH-0011-R4a-SM-5KM3W.1,BRAIN,74.5,0.0003362622116331,5.621815139762767,6.3,504.0
GTEX-13OVH-0011-R5b-SM-5KM4L.1,BRAIN,74.5,0.0007078123067319,12.277121430573118,7.8,504.0
GTEX-13OVH-0011-R6b-SM-5LUAX.1,BRAIN,74.5,0.0005897541460996,11.243258536938932,5.7,504.0
GTEX-13OVH-0011-R8b-SM-5MR35.1,BRAIN,74.5,0.0011808231639602,12.404578203727183,6.1,504.0
GTEX-13OVH-0126-SM-5MR4B.1,SKIN,74.5,0.0028422673612801,25.501636724026863,7.6,562.0
GTEX-13OVH-0526-SM-5L3E6.1,SKIN,74.5,0.0019696813202906,28.43162671656137,6.3,585.0
GTEX-13OVH-0626-SM-5L3EI.1,MUSCLE,74.5,0.002172419206659,6.481784378116776,8.1,592.0
GTEX-13OVH-2926-SM-5IJFH.1,BRAIN,74.5,0.0022289429804148,16.72951604959946,7.0,655.0
GTEX-13OVH-3026-SM-5MR4N.1,BRAIN,74.5,0.0013357934996398,11.657770255179091,6.3,657.0
GTEX-13OVI-0326-SM-5K7X1.1,HEART,64.5,0.001195182250052,21.39546472133133,8.4,147.0
GTEX-13OVI-1426-SM-5L3EY.1,SKIN,64.5,0.0021571811144672,29.58872704361117,8.7,187.0
GTEX-13OVI-1726-SM-5L3DW.1,MUSCLE,64.5,0.0027615258417203,11.411520146316512,8.4,206.0
GTEX-13OVI-2726-SM-5KM56.1,SKIN,64.5,0.0018747059822214,30.95505327540095,6.3,261.0
GTEX-13OVJ-0011-R10b-SM-5L3HT.1,BRAIN,54.5,0.0014636437327589,28.816367810243285,7.2,868.0
GTEX-13OVJ-0011-R11a-SM-5P9H8.1,BRAIN,54.5,0.002551195605176,18.06632756747668,7.8,868.0
GTEX-13OVJ-0011-R1b-SM-5L3I6.1,BRAIN,54.5,0.0016034079639548,29.670283412219813,7.3,868.0
GTEX-13OVJ-0011-R2b-SM-5L3GP.1,BRAIN,54.5,0.0014702120412035,25.65940493376567,6.6,868.0
GTEX-13OVJ-0011-R3b-SM-5P9H6.1,BRAIN,54.5,0.0032021591486727,39.51300240443514,6.5,868.0
GTEX-13OVJ-0011-R4b-SM-5P9H5.1,BRAIN,54.5,0.0012513050262349,30.214155223827568,6.7,868.0
GTEX-13OVJ-0011-R5a-SM-5P9H7.1,BRAIN,54.5,0.0011934158706817,25.49170006416753,7.2,868.0
GTEX-13OVJ-0011-R6b-SM-5L3GH.1,BRAIN,54.5,0.001431563916616,21.926609655309385,7.8,868.0
GTEX-13OVJ-0011-R7a-SM-5L3G1.1,BRAIN,54.5,0.0012356784243943,26.03943001188813,7.6,868.0
GTEX-13OVJ-0011-R8b-SM-5L3FS.1,BRAIN,54.5,0.0014599005624625,21.85830327183865,7.2,868.0
GTEX-13OVJ-0011-R9b-SM-5L3GD.1,BRAIN,54.5,0.0011900477369761,22.86505365046318,7.6,868.0
GTEX-13OVJ-0126-SM-5KM36.1,SKIN,54.5,0.0018765658997664,47.97166828323101,6.7,1117.0
GTEX-13OVJ-0226-SM-5L3GK.1,MUSCLE,54.5,0.0026342278706177,11.02466018763023,7.8,1118.0
GTEX-13OVJ-0826-SM-5J1OK.1,SKIN,54.5,0.002264107594541,31.59250752570337,7.4,1126.0
GTEX-13OVJ-1026-SM-5IFGI.1,LIVER,54.5,0.0030474635130527,41.16542330394508,6.2,1129.0
GTEX-13OVJ-2726-SM-5IJG6.1,BRAIN,54.5,0.0018362590209979,18.5709878769586,7.5,1215.0
GTEX-13OVJ-2826-SM-5L3GW.1,BRAIN,54.5,0.0014196235766815,22.03294853570988,6.4,1216.0
GTEX-13OVK-1426-SM-6PAN7.1,SKIN,44.5,0.0016978132092683,28.83861993835351,6.6,229.0
GTEX-13OVK-1926-SM-6M48G.1,MUSCLE,44.5,0.0013277019711014,5.217952120654935,8.2,272.0
GTEX-13OVK-2026-SM-7KUEO.1,SKIN,44.5,0.0025701164986863,21.699187919238483,7.8,278.0
GTEX-13OVL-0011-R10a-SM-5L3GS.1,BRAIN,54.5,0.0013542521503997,14.42809240746473,7.1,669.0
GTEX-13OVL-0011-R11b-SM-5L3G7.1,BRAIN,54.5,0.0022331024339031,13.13257885051678,7.3,669.0
GTEX-13OVL-0011-R1a-SM-5L3H5.1,BRAIN,54.5,0.000545666356177,15.767770397320955,7.1,669.0
GTEX-13OVL-0011-R3b-SM-5L3I8.1,BRAIN,54.5,0.0008961938635031,12.517442116450972,6.6,669.0
GTEX-13OVL-0011-R4b-SM-5L3HV.1,BRAIN,54.5,0.0002799962896967,6.618691008865268,6.1,669.0
GTEX-13OVL-0011-R5b-SM-5L3FU.1,BRAIN,54.5,0.0006481194520034,13.28533614642836,8.9,669.0
GTEX-13OVL-0011-R6a-SM-5L3G4.1,BRAIN,54.5,0.0012010584324987,13.73413217238585,8.2,669.0
GTEX-13OVL-0011-R7a-SM-5P9GW.1,BRAIN,54.5,0.0002041013040941,6.474387276594505,6.0,669.0
GTEX-13OVL-0011-R8a-SM-5L3HH.1,BRAIN,54.5,0.000482528488394,7.475632755021429,6.5,669.0
GTEX-13OVL-0011-R9a-SM-5P9GX.1,BRAIN,54.5,0.00096977282406,22.19802597373281,7.9,669.0
GTEX-13OVL-0126-SM-5L3GJ.1,SKIN,54.5,0.0021293809904015,30.034749665974907,7.5,844.0
GTEX-13OVL-0226-SM-5L3E9.1,SKIN,54.5,0.0022703837603237,33.568411666798845,8.4,855.0
GTEX-13OVL-0526-SM-5KLZQ.1,HEART,54.5,0.0040089925027196,19.01718709183455,7.8,876.0
GTEX-13OVL-1426-SM-5IJC1.1,MUSCLE,54.5,0.0027929772209634,6.169551216154766,8.3,914.0
GTEX-13OVL-3026-SM-5IJF1.1,BRAIN,54.5,0.0021055867634691,16.144251594365,7.4,1099.0
GTEX-13OW5-0011-R11b-SM-5L3GG.1,BRAIN,64.5,0.0021706260739192,19.68194232763742,8.8,667.0
GTEX-13OW5-0011-R1b-SM-5L3GE.1,BRAIN,64.5,0.0017193631186031,45.30540180983281,6.3,667.0
GTEX-13OW5-0011-R3a-SM-5L3I5.1,BRAIN,64.5,0.0013462007005587,11.813995310723646,6.7,667.0
GTEX-13OW5-0011-R4b-SM-5L3HS.1,BRAIN,64.5,0.0006976102575454,25.344883809108044,6.9,667.0
GTEX-13OW5-0011-R5b-SM-5L3FR.1,BRAIN,64.5,0.0006436903764424,16.45056995639707,7.7,667.0
GTEX-13OW5-0011-R6b-SM-5O9BW.1,BRAIN,64.5,0.0010316090593408,19.016902619168803,7.0,667.0
GTEX-13OW5-0011-R7a-SM-5O9C9.1,BRAIN,64.5,0.0003854300800015,12.784583288128468,7.3,667.0
GTEX-13OW5-0011-R8a-SM-5L3GQ.1,BRAIN,64.5,0.0007199133484487,12.11872612097797,6.5,667.0
GTEX-13OW5-0011-R9b-SM-5O9CL.1,BRAIN,64.5,0.0014424461656479,81.45162728944166,7.5,667.0
GTEX-13OW5-0126-SM-5MR3A.1,SKIN,64.5,0.0022093513943134,26.87348435287567,7.8,843.0
GTEX-13OW5-0126-SM-DTXFS.1,SKIN,64.5,0.0029296947122689,30.35555449124268,8.2,843.0
GTEX-13OW5-0326-SM-5L3HK.1,MUSCLE,64.5,0.0028868357244783,7.920606767318481,5.9,851.0
GTEX-13OW5-0926-SM-5L3GZ.1,HEART,64.5,0.0016036515800123,28.764008804810945,6.6,891.0
GTEX-13OW5-1126-SM-5J1NR.1,HEART,64.5,0.0002020060712856,6.31689557756771,6.1,903.0
GTEX-13OW5-2326-SM-5L3HO.1,SKIN,64.5,0.0024559012384717,29.72002614682633,8.0,968.0
GTEX-13OW5-3126-SM-5MR3Y.1,BRAIN,64.5,0.0013627363835872,14.949075662791095,7.0,1042.0
GTEX-13OW6-0011-R10a-SM-5L3HE.1,BRAIN,54.5,0.001749864476032,14.016830930285993,7.3,457.0
GTEX-13OW6-0011-R11a-SM-5L3H2.1,BRAIN,54.5,0.0044735686760263,15.942282781058282,8.4,457.0
GTEX-13OW6-0011-R1a-SM-5L3HQ.1,BRAIN,54.5,0.0012603338306722,15.709546849369245,7.1,457.0
GTEX-13OW6-0011-R2a-SM-5L3HG.1,BRAIN,54.5,0.0014754204704217,17.092790351179072,6.5,457.0
GTEX-13OW6-0011-R4a-SM-5O9DX.1,BRAIN,54.5,0.000406357376972,6.963568511208597,5.9,457.0
GTEX-13OW6-0011-R5a-SM-5O9BK.1,BRAIN,54.5,0.0010026611498409,22.335410656446097,8.5,457.0
GTEX-13OW6-0011-R6b-SM-5L3GR.1,BRAIN,54.5,0.0016949898018912,17.711861876311637,8.1,457.0
GTEX-13OW6-0011-R7b-SM-5L3H4.1,BRAIN,54.5,0.0010155695672761,17.380687753640697,8.0,457.0
GTEX-13OW6-0011-R8a-SM-5L3GF.1,BRAIN,54.5,0.0018115050589061,21.802511101483425,7.7,457.0
GTEX-13OW6-0426-SM-5L3HM.1,SKIN,54.5,0.0026393768412005,26.346853540480662,7.8,558.0
GTEX-13OW6-0626-SM-5L3IB.1,MUSCLE,54.5,0.0032651554294568,6.276858336762736,7.7,563.0
GTEX-13OW6-0926-SM-5L3GM.1,HEART,54.5,0.0021168171032831,31.431369750083796,7.9,611.0
GTEX-13OW6-1126-SM-5L3HL.1,HEART,54.5,0.0008338630165217,11.435361061358291,6.6,613.0
GTEX-13OW6-2626-SM-5IFF2.1,LIVER,54.5,0.0010341769196764,17.84874982057702,6.8,643.0
GTEX-13OW6-2726-SM-5J2OE.1,SKIN,54.5,0.0025541578802234,27.144913321675627,7.8,646.0
GTEX-13OW6-2926-SM-5KM29.1,BRAIN,54.5,0.0026426746571086,17.069722950358738,6.5,651.0
GTEX-13OW6-3026-SM-5J2MI.1,BRAIN,54.5,0.0018502753994812,14.520553135888234,6.5,654.0
GTEX-13OW7-0011-R10a-SM-5L3H3.1,BRAIN,54.5,0.0017206192547015,9.125326600137797,6.3,610.0
GTEX-13OW7-0011-R11a-SM-5O9DY.1,BRAIN,54.5,0.0020598510974621,10.90001422599361,8.2,610.0
GTEX-13OW7-0011-R1b-SM-5L3HF.1,BRAIN,54.5,0.000517198675766,8.616379581536815,6.8,610.0
GTEX-13OW7-0011-R3a-SM-5O9DA.1,BRAIN,54.5,0.0004146294147334,11.797242227723656,5.7,610.0
GTEX-13OW7-0011-R4b-SM-5O9CX.1,BRAIN,54.5,0.0003376844875587,8.504190213421689,5.8,610.0
GTEX-13OW7-0011-R5b-SM-5O9DM.1,BRAIN,54.5,0.0006632659264214,11.644440435129676,8.0,610.0
GTEX-13OW7-0011-R8b-SM-5L3HR.1,BRAIN,54.5,0.0013952434044267,15.22872268911068,6.7,610.0
GTEX-13OW7-0126-SM-5MR3B.1,SKIN,54.5,0.0017596831015621,37.90889127908476,7.3,802.0
GTEX-13OW7-0326-SM-5J1MP.1,MUSCLE,54.5,0.0028064022177991,8.225942244133451,8.2,807.0
GTEX-13OW7-0426-SM-5K7VK.1,SKIN,54.5,0.002281224944341,30.741437805769984,7.9,809.0
GTEX-13OW7-1626-SM-5IJDH.1,HEART,54.5,0.0056440160987958,40.56156611570565,7.0,911.0
GTEX-13OW7-2926-SM-5MR3Z.1,BRAIN,54.5,0.0013344329187522,11.37874600579584,6.2,942.0
GTEX-13OW7-3026-SM-5L3GY.1,BRAIN,54.5,0.0005549134911868,10.805248735106826,6.0,945.0
GTEX-13OW8-0011-R10a-SM-5L3H6.1,BRAIN,64.5,0.0011555922118965,16.165596626831768,7.2,745.0
GTEX-13OW8-0011-R11a-SM-5L3GT.1,BRAIN,64.5,0.0010995450887473,9.371312266201338,7.5,745.0
GTEX-13OW8-0011-R1a-SM-5L3HI.1,BRAIN,64.5,0.0003434613325908,11.154881556238108,6.5,745.0
GTEX-13OW8-0011-R2a-SM-5L3G2.1,BRAIN,64.5,0.0004941782568021,10.602721225319137,6.7,745.0
GTEX-13OW8-0011-R3a-SM-5L3I4.1,BRAIN,64.5,0.0008504874300164,13.905618224188755,6.6,745.0
GTEX-13OW8-0011-R4a-SM-9WG6V.1,BRAIN,64.5,0.0004520736455792,11.915777367575934,6.3,745.0
GTEX-13OW8-0011-R5b-SM-5L3FQ.1,BRAIN,64.5,0.0008412330694046,15.059975393381936,7.3,745.0
GTEX-13OW8-0011-R6b-SM-5L3I3.1,BRAIN,64.5,0.0004266800419191,10.806382313402484,6.9,745.0
GTEX-13OW8-0011-R7a-SM-5L3FP.1,BRAIN,64.5,0.0004453324769617,9.9501927914331,7.0,745.0
GTEX-13OW8-0011-R8a-SM-5L3G5.1,BRAIN,64.5,0.0002514967626716,6.297693684771069,6.7,745.0
GTEX-13OW8-1026-SM-5J1NQ.1,SKIN,64.5,0.0024279119587104,31.50999909180868,7.3,1078.0
GTEX-13OW8-1326-SM-5J1OW.1,SKIN,64.5,0.0023618968478742,26.33138488344209,7.4,1093.0
GTEX-13OW8-1426-SM-5IJDT.1,MUSCLE,64.5,0.0026062685842392,12.745547813659558,8.4,1096.0
GTEX-13OW8-2126-SM-5J1OS.1,HEART,64.5,0.0004193678928522,6.000744542214387,6.6,1127.0
GTEX-13OW8-2826-SM-5L3GC.1,BRAIN,64.5,0.0013789001929252,13.68321575967128,5.9,1245.0
GTEX-13OW8-2926-SM-5L3FV.1,BRAIN,64.5,0.0011317959764502,10.859743592118686,5.9,1241.0
GTEX-13PDP-0011-R1a-SM-5PNX5.1,BRAIN,64.5,0.0003698346549209,5.479647064349671,7.1,789.0
GTEX-13PDP-0011-R2b-SM-5O9DH.1,BRAIN,64.5,0.0002517105882566,5.992286727902822,5.9,789.0
GTEX-13PDP-0011-R6b-SM-5O9D5.1,BRAIN,64.5,0.0001452588877883,3.2425424390259763,6.5,789.0
GTEX-13PDP-0011-R8b-SM-5O9CS.1,BRAIN,64.5,0.0004124573817452,6.7509352975696295,6.7,789.0
GTEX-13PDP-0126-SM-5L3HD.1,SKIN,64.5,0.0033332514896378,22.880819765237725,6.7,842.0
GTEX-13PDP-0326-SM-5K7XP.1,MUSCLE,64.5,0.0027531534280785,8.663136506333489,6.9,848.0
GTEX-13PDP-0726-SM-5L3HP.1,SKIN,64.5,0.0025487966383326,20.40919293288498,7.5,854.0
GTEX-13PDP-1326-SM-5K7U9.1,HEART,64.5,0.0009669700006653,17.831497664711538,5.8,864.0
GTEX-13PDP-2926-SM-5N9E8.1,BRAIN,64.5,0.0007602444080988,11.451564877749158,5.7,898.0
GTEX-13PL6-0011-R5b-SM-5O9BI.1,BRAIN,44.5,0.0002217314944965,7.68567060491481,6.7,565.0
GTEX-13PL6-0011-R6a-SM-5O9C5.1,BRAIN,44.5,0.0001379474810569,4.187044499786074,6.8,565.0
GTEX-13PL6-0011-R9b-SM-5O9CH.1,BRAIN,44.5,0.0002482731009729,7.466651981773217,6.1,565.0
GTEX-13PL6-0326-SM-5IJCP.1,MUSCLE,44.5,0.0046790385272555,8.053458250347909,8.6,653.0
GTEX-13PL6-0826-SM-5IJBI.1,HEART,44.5,0.0011987497357649,28.6876011195826,5.9,681.0
GTEX-13PL6-1126-SM-5L3IE.1,SKIN,44.5,0.0021673695812095,22.72977115776521,7.0,711.0
GTEX-13PL6-3126-SM-5LUAR.1,BRAIN,44.5,0.0008939840417832,10.682794964465373,5.7,772.0
GTEX-13PL7-0626-SM-5IJCD.1,MUSCLE,64.5,0.0011948898639501,4.490726091888688,8.5,154.0
GTEX-13PL7-0726-SM-5KM1S.1,HEART,64.5,0.0010531236066387,13.578226696271068,8.9,156.0
GTEX-13PLJ-0011-R11b-SM-5O9BS.1,BRAIN,64.5,0.0004396178684721,6.562798826348518,7.2,1128.0
GTEX-13PLJ-0011-R3a-SM-5O9DT.1,BRAIN,64.5,0.0002389893762712,6.068911341689776,6.3,1128.0
GTEX-13PLJ-0011-R5a-SM-5O9BG.1,BRAIN,64.5,0.0002822783034333,9.682772821692872,7.8,1128.0
GTEX-13PLJ-0011-R9b-SM-5O9DV.1,BRAIN,64.5,0.0019818758923524,32.362396463406306,7.2,1128.0
GTEX-13PLJ-0326-SM-5L3I7.1,MUSCLE,64.5,0.0022748427244659,6.868761277609498,7.3,986.0
GTEX-13PVQ-0011-R11a-SM-5O9DU.1,BRAIN,54.5,0.0006069659120234,8.071387021000666,6.8,730.0
GTEX-13PVQ-0011-R3b-SM-5O9D6.1,BRAIN,54.5,0.0004386512541661,11.78355569458354,6.5,730.0
GTEX-13PVQ-0011-R4a-SM-5O9CT.1,BRAIN,54.5,0.0003810273725282,8.484344824119434,6.3,730.0
GTEX-13PVQ-0011-R5b-SM-5O9DI.1,BRAIN,54.5,0.0003963619216516,11.534243651966303,7.0,730.0
GTEX-13PVQ-0011-R7a-SM-5L3G3.1,BRAIN,54.5,0.0006531692210361,14.02667967262074,6.7,730.0
GTEX-13PVQ-0011-R9b-SM-5LU3B.1,BRAIN,54.5,0.0005650790777955,21.19497692441199,6.0,730.0
GTEX-13PVQ-0126-SM-5SIB4.1,SKIN,54.5,0.0051829423114884,24.24450108751866,7.4,846.0
GTEX-13PVQ-0326-SM-5K7YF.1,MUSCLE,54.5,0.0028975317336185,7.532839823434244,8.4,869.0
GTEX-13PVQ-0626-SM-5LU47.1,SKIN,54.5,0.00174846384199,30.551338714991864,7.1,890.0
GTEX-13PVQ-1226-SM-5IJDC.1,HEART,54.5,0.0014002485954485,14.978131113684892,7.3,908.0
GTEX-13PVQ-1326-SM-5LU4J.1,HEART,54.5,0.0027429095997514,26.36234597294233,6.7,910.0
GTEX-13PVQ-1526-SM-5IFEQ.1,LIVER,54.5,0.0008310862940684,27.855381882096516,6.2,913.0
GTEX-13PVQ-2926-SM-5L3HJ.1,BRAIN,54.5,0.0006518082297526,9.3288785749566,5.8,938.0
GTEX-13PVQ-3026-SM-5SI93.1,BRAIN,54.5,0.0006856240470236,12.685061076582254,5.8,940.0
GTEX-13PVR-0126-SM-5S2PY.1,LIVER,64.5,0.0014078366824238,29.30478914811959,8.7,106.0
GTEX-13PVR-0426-SM-5RQK2.1,SKIN,64.5,0.00184022841131,25.34143828884391,8.1,113.0
GTEX-13PVR-0926-SM-5S2RB.1,HEART,64.5,0.0014436132675427,18.48133844417815,7.9,121.0
GTEX-13PVR-1026-SM-5QGQW.1,HEART,64.5,0.0016167672876997,13.208639682357909,8.6,124.0
GTEX-13PVR-2326-SM-5QGR1.1,SKIN,64.5,0.0019162997879012,23.22410008536857,7.6,242.0
GTEX-13PVR-2526-SM-5RQIT.1,MUSCLE,64.5,0.001979793272972,7.161961445684126,7.9,246.0
GTEX-13QBU-0226-SM-5LU48.1,HEART,44.5,0.0015241059185413,17.520659562523626,8.3,105.0
GTEX-13QBU-0426-SM-5J2O4.1,HEART,44.5,0.0024646482138744,18.080510101771694,9.2,114.0
GTEX-13QBU-1226-SM-5LU4G.1,SKIN,44.5,0.0017582793791928,53.342754316341605,6.7,187.0
GTEX-13QBU-2426-SM-5LU4L.1,MUSCLE,44.5,0.0020017701962126,6.381799930339707,7.6,276.0
GTEX-13QIC-0011-R10a-SM-5O9C7.1,BRAIN,64.5,0.0018012307927767,12.226685397639123,7.9,619.0
GTEX-13QIC-0011-R11b-SM-5O9BU.1,BRAIN,64.5,0.0009170557837279,7.988218651451113,7.3,619.0
GTEX-13QIC-0011-R1a-SM-5O9CJ.1,BRAIN,64.5,0.0007881395995047,22.18688453340976,7.3,619.0
GTEX-13QIC-0011-R3a-SM-5P9HT.1,BRAIN,64.5,0.0011132793649031,12.819825196637444,6.3,619.0
GTEX-13QIC-0011-R4a-SM-5PNX8.1,BRAIN,64.5,0.0008020874719466,14.052762461787632,5.9,619.0
GTEX-13QIC-0011-R8b-SM-5O9CV.1,BRAIN,64.5,0.0011770335357839,11.012012286415134,7.1,619.0
GTEX-13QIC-1226-SM-5K7YR.1,MUSCLE,64.5,0.0032674620590057,8.78343378854449,7.9,820.0
GTEX-13QIC-2926-SM-5J2NF.1,BRAIN,64.5,0.0010177436968834,12.351669106035557,6.2,880.0
GTEX-13QIC-3026-SM-5LU58.1,BRAIN,64.5,0.0022136737979272,14.964712343517144,6.8,881.0
GTEX-13QJ3-0326-SM-5S2RA.1,SKIN,54.5,0.001663724942949,24.567481546622925,6.6,619.0
GTEX-13QJ3-0726-SM-5SI68.1,MUSCLE,54.5,0.0017018448555835,6.495249561482426,8.1,661.0
GTEX-13QJC-0011-R10a-SM-5SI63.1,BRAIN,64.5,0.0013442711281949,17.179968031117475,7.5,1010.0
GTEX-13QJC-0011-R1b-SM-5S2UU.1,BRAIN,64.5,0.0004536006535318,13.609503112646324,6.7,1010.0
GTEX-13QJC-0011-R2b-SM-5PNUN.1,BRAIN,64.5,0.0006906551732243,17.582918821716277,6.7,1010.0
GTEX-13QJC-0011-R6a-SM-5S2VI.1,BRAIN,64.5,0.0007928301777252,11.253173811292914,6.6,1010.0
GTEX-13QJC-0011-R7b-SM-5PNUM.1,BRAIN,64.5,0.0003252642914923,10.913547428947702,7.1,1010.0
GTEX-13QJC-0011-R8b-SM-5S2U6.1,BRAIN,64.5,0.0002511471397096,5.799894431373547,6.3,1010.0
GTEX-13QJC-0011-R9b-SM-5PNX3.1,BRAIN,64.5,0.0005075848514937,19.84215222926528,6.8,1010.0
GTEX-13QJC-0126-SM-5ZZWJ.1,SKIN,64.5,0.0022495740626621,21.403618933415373,7.4,1037.0
GTEX-13QJC-0726-SM-5RQJK.1,LIVER,64.5,0.000511947039424,20.47250230455748,6.7,1063.0
GTEX-13QJC-3226-SM-5ZZWI.1,BRAIN,64.5,0.0007540299879952,8.682391493973192,6.5,1164.0
GTEX-13RTJ-0011-R10b-SM-5O9CW.1,BRAIN,64.5,0.0022215917749799,11.358001429012305,7.5,835.0
GTEX-13RTJ-0011-R11a-SM-5O9CK.1,BRAIN,64.5,0.0019183687329104,12.731338132443348,7.7,835.0
GTEX-13RTJ-0011-R1a-SM-5O9D9.1,BRAIN,64.5,0.0016812082935705,34.58643933861848,7.6,835.0
GTEX-13RTJ-0011-R2a-SM-5PNW9.1,BRAIN,64.5,0.001023583903982,18.71523308074778,7.0,835.0
GTEX-13RTJ-0011-R3a-SM-5PNX7.1,BRAIN,64.5,0.0010299901919789,15.875053574503546,7.5,835.0
GTEX-13RTJ-0011-R4b-SM-5PNX1.1,BRAIN,64.5,0.0007741580495834,19.82843437460195,7.2,835.0
GTEX-13RTJ-0011-R5a-SM-5P9HR.1,BRAIN,64.5,0.0014019715640857,16.936774252485925,8.1,835.0
GTEX-13RTJ-0011-R6a-SM-5SI74.1,BRAIN,64.5,0.0013881720528045,15.19189779547752,8.5,835.0
GTEX-13RTJ-0011-R7b-SM-5P9JS.1,BRAIN,64.5,0.0016061744650835,18.88116133675078,9.1,835.0
GTEX-13RTJ-0011-R8b-SM-5O9DL.1,BRAIN,64.5,0.0014491247967405,17.592088481230178,7.6,835.0
GTEX-13RTJ-0011-R9a-SM-5Q5AY.1,BRAIN,64.5,0.0026864560727576,51.753437367307534,7.6,835.0
GTEX-13RTJ-0126-SM-5S2NN.1,SKIN,64.5,0.0021270403807125,21.972215807366133,4.6,854.0
GTEX-13RTJ-0526-SM-62LDP.1,HEART,64.5,0.0006615220273444,11.97600802816139,5.7,878.0
GTEX-13RTJ-0726-SM-5QGQN.1,HEART,64.5,0.0009766718929695,7.844556001959738,6.7,886.0
GTEX-13RTJ-2426-SM-5S2Q2.1,SKIN,64.5,0.0017555497466236,26.06144309806531,6.7,930.0
GTEX-13RTJ-2726-SM-73KVG.1,MUSCLE,64.5,0.0028064049930006,17.79558042742246,8.2,933.0
GTEX-13RTJ-3126-SM-5S2Q4.1,BRAIN,64.5,0.0013957066712043,12.106989932287194,6.6,987.0
GTEX-13RTK-1426-SM-5QGQJ.1,SKIN,24.5,0.0016176236754369,19.987821267488386,7.7,1729.0
GTEX-13RTK-1626-SM-5QGQS.1,MUSCLE,24.5,0.0016385445407137,5.641568923231031,8.5,1738.0
GTEX-13RTL-0011-R1a-SM-5PNZ8.1,BRAIN,44.5,0.0003215330352175,10.709728018828798,6.0,1290.0
GTEX-13RTL-0011-R3a-SM-5P9JP.1,BRAIN,44.5,0.0001938121620912,5.6503319976144,6.2,1290.0
GTEX-13RTL-0011-R9a-SM-5Q5BR.1,BRAIN,44.5,0.0001285093201601,3.3059393473667664,5.7,1290.0
GTEX-13RTL-0126-SM-7LG5S.1,SKIN,44.5,0.0020550246782589,26.206774144372964,7.6,1310.0
GTEX-13RTL-0326-SM-7LT89.1,MUSCLE,44.5,0.002616202633262,9.354299939873444,7.8,1318.0
GTEX-13S7M-0011-R10b-SM-5PNZB.1,BRAIN,64.5,0.0016082907582059,13.387206311022592,7.6,505.0
GTEX-13S7M-0011-R11b-SM-5P9HU.1,BRAIN,64.5,0.0021289115124561,12.543282161129785,8.1,505.0
GTEX-13S7M-0011-R1b-SM-5PNZE.1,BRAIN,64.5,0.0005195797194746,14.414268334054144,6.3,505.0
GTEX-13S7M-0011-R3a-SM-5PNX2.1,BRAIN,64.5,0.0007129043806262,11.795749739175326,7.2,505.0
GTEX-13S7M-0011-R5b-SM-5P9HS.1,BRAIN,64.5,0.0005682755337679,10.827362616687996,7.3,505.0
GTEX-13S7M-0011-R6b-SM-5O9D8.1,BRAIN,64.5,0.0004704427331877,6.076583203922476,6.4,505.0
GTEX-13S7M-0011-R7a-SM-5O9DK.1,BRAIN,64.5,0.0004104990907891,7.312806333954537,7.0,505.0
GTEX-13S7M-0011-R9a-SM-5O9DW.1,BRAIN,64.5,0.00040338491119,16.729872429291955,6.3,505.0
GTEX-13S7M-0126-SM-5SI6A.1,SKIN,64.5,0.001705465388029,23.8251898259934,7.3,575.0
GTEX-13S7M-0326-SM-5S2PH.1,MUSCLE,64.5,0.0028478331599973,12.013808906093727,8.5,581.0
GTEX-13S7M-3026-SM-5S2QQ.1,BRAIN,64.5,0.0021437135521568,13.047503746159418,6.7,641.0
GTEX-13S7M-3126-SM-5RQJQ.1,BRAIN,64.5,0.0007667661493443,10.787312530541492,8.0,645.0
GTEX-13S86-0226-SM-5S2PJ.1,HEART,44.5,0.0025028328597291,11.474074794657673,8.1,142.0
GTEX-13S86-0326-SM-5SI6K.1,HEART,44.5,0.0026081430397233,35.06226155139446,9.6,147.0
GTEX-13S86-2326-SM-5RQK1.1,MUSCLE,44.5,0.0031277259577824,12.562366850748589,8.2,261.0
GTEX-13SLW-0011-R10a-SM-5S2UI.1,BRAIN,74.5,0.0010636508183541,16.995409905428396,7.0,1015.0
GTEX-13SLW-0011-R11a-SM-5SI8Q.1,BRAIN,74.5,0.0019144247632506,13.653206320141177,7.4,1015.0
GTEX-13SLW-0011-R1a-SM-5S2W7.1,BRAIN,74.5,0.0003544364732209,8.77824492641618,6.8,1015.0
GTEX-13SLW-0011-R2b-SM-5O9C6.1,BRAIN,74.5,0.0004023633679937,13.415294600564373,6.2,1015.0
GTEX-13SLW-0011-R3b-SM-5SI6Y.1,BRAIN,74.5,0.0005555645448125,8.932488676210667,7.6,1015.0
GTEX-13SLW-0011-R4b-SM-5S2W2.1,BRAIN,74.5,0.0004007150023677,11.816166166525868,6.8,1015.0
GTEX-13SLW-0011-R5b-SM-5SI6Z.1,BRAIN,74.5,0.0007775823733693,18.70469587514924,8.0,1015.0
GTEX-13SLW-0011-R6a-SM-5O9BH.1,BRAIN,74.5,0.0002983668564152,5.6234758754138925,6.4,1015.0
GTEX-13SLW-0011-R8b-SM-5SI64.1,BRAIN,74.5,0.0011809405410645,19.282076589421717,8.0,1015.0
GTEX-13SLW-0011-R9a-SM-5O9BT.1,BRAIN,74.5,0.000684435655405,17.517826162719803,7.6,1015.0
GTEX-13SLW-0126-SM-5SI6C.1,SKIN,74.5,0.0017054729798466,21.777492575939817,6.1,1187.0
GTEX-13SLW-0326-SM-5RQK5.1,MUSCLE,74.5,0.0027037204996923,14.706194654862816,7.4,1188.0
GTEX-13SLW-0626-SM-5Q5ER.1,SKIN,74.5,0.001907196785039,23.888256685874904,7.0,1232.0
GTEX-13SLW-0826-SM-5QGP7.1,HEART,74.5,0.0016150735960359,29.653431192214057,7.4,1236.0
GTEX-13SLX-0011-R10a-SM-5P9HV.1,BRAIN,54.5,0.0022967012863476,8.215125089360294,6.9,934.0
GTEX-13SLX-0011-R11b-SM-5O9C8.1,BRAIN,54.5,0.003954159543298,12.1993934236697,8.3,934.0
GTEX-13SLX-0011-R2b-SM-5S2VP.1,BRAIN,54.5,0.0012737300280838,15.162532037647589,6.5,934.0
GTEX-13SLX-0011-R4a-SM-5O9BJ.1,BRAIN,54.5,0.0006684839972881,10.568000976066733,6.1,934.0
GTEX-13SLX-0011-R5a-SM-5O9BV.1,BRAIN,54.5,0.0010112416993067,13.049936306135272,7.9,934.0
GTEX-13SLX-0011-R6a-SM-5PNX4.1,BRAIN,54.5,0.0013965302467764,18.291049987138692,7.8,934.0
GTEX-13SLX-0011-R8b-SM-5PNWZ.1,BRAIN,54.5,0.0014575375337341,14.793336300760997,6.7,934.0
GTEX-13SLX-0011-R9b-SM-5SI6X.1,BRAIN,54.5,0.0016583293638727,33.980892788831184,8.1,934.0
GTEX-13SLX-0326-SM-5Q5E4.1,MUSCLE,54.5,0.0041337561051084,7.899954868428709,8.2,1061.0
GTEX-13SLX-0526-SM-5S2ON.1,SKIN,54.5,0.0041553570030696,41.38322445538236,8.0,1063.0
GTEX-13SLX-0926-SM-5S2NM.1,HEART,54.5,0.005284623438867,52.39056815114144,7.1,1081.0
GTEX-13SLX-1026-SM-5ZZUQ.1,HEART,54.5,0.003052386421229,24.54966649225427,6.5,1082.0
GTEX-13SLX-1226-SM-5S2Q6.1,LIVER,54.5,0.003709384589614,34.40327187602341,6.1,1101.0
GTEX-13SLX-2226-SM-62LEP.1,SKIN,54.5,0.0020442149198361,27.381284650178618,6.6,1149.0
GTEX-13SLX-3126-SM-5S2Q5.1,BRAIN,54.5,0.0016888858931687,9.20565012802132,5.7,1205.0
GTEX-13SLX-3226-SM-5YYA6.1,BRAIN,54.5,0.0026038741563212,11.546014420092517,7.0,1206.0
GTEX-13U4I-0126-SM-5LU38.1,SKIN,44.5,0.0023207363006064,29.144664555741063,7.1,396.0
GTEX-13U4I-0626-SM-5LU5L.1,HEART,44.5,0.0016688853677749,24.28295487088208,6.8,416.0
GTEX-13U4I-0826-SM-5SIBD.1,HEART,44.5,0.0025663621211648,21.23599763165143,8.9,421.0
GTEX-13U4I-1826-SM-5IJD2.1,MUSCLE,44.5,0.0018110687804792,6.119985805281239,8.6,446.0
GTEX-13U4I-2226-SM-5LU5H.1,SKIN,44.5,0.0013540333885458,29.48484849186763,6.7,457.0
GTEX-13VXT-0126-SM-5LU4I.1,SKIN,24.5,0.0024379641267295,34.485156141450794,7.5,438.0
GTEX-13VXT-0326-SM-5LU4U.1,MUSCLE,24.5,0.0026135917329568,6.1694390798514975,8.6,462.0
GTEX-13VXT-0726-SM-5SIAD.1,HEART,24.5,0.0009640513165289,8.890784131578203,6.7,473.0
GTEX-13VXT-1126-SM-5LU3A.1,HEART,24.5,0.0018873887670407,16.12739433441307,8.6,503.0
GTEX-13VXT-1926-SM-5K7UO.1,SKIN,24.5,0.0019423387323479,37.378870628877976,6.9,553.0
GTEX-13VXU-0011-R11b-SM-5O9DJ.1,BRAIN,54.5,0.0031775630584963,12.84147017163262,9.5,758.0
GTEX-13VXU-0011-R3b-SM-5O9CU.1,BRAIN,54.5,0.0013855318857538,8.794323852590837,7.3,758.0
GTEX-13VXU-0011-R4b-SM-5O9CI.1,BRAIN,54.5,0.0009851778624373,13.348734399639785,7.3,758.0
GTEX-13VXU-0011-R5a-SM-5O9D7.1,BRAIN,54.5,0.0008497825500823,12.345154288010646,8.8,758.0
GTEX-13VXU-0011-R6a-SM-5SI71.1,BRAIN,54.5,0.0014842464725637,14.283291330270709,9.0,758.0
GTEX-13VXU-0011-R7b-SM-5SI72.1,BRAIN,54.5,0.0007165388456919,14.048235227944636,8.3,758.0
GTEX-13VXU-0011-R9b-SM-5SI73.1,BRAIN,54.5,0.0014599258378106,30.207410808061663,8.1,758.0
GTEX-13VXU-0126-SM-5SI9F.1,SKIN,54.5,0.001779560235163,30.399949186863264,7.2,920.0
GTEX-13VXU-0326-SM-5LU36.1,MUSCLE,54.5,0.003928707076451,6.821216406911977,8.5,926.0
GTEX-13VXU-0626-SM-5L3F9.1,SKIN,54.5,0.0024119277780101,30.29254403057144,7.6,966.0
GTEX-13VXU-0926-SM-5IFFH.1,LIVER,54.5,0.0004778537307777,14.012928907107488,6.1,978.0
GTEX-13VXU-2926-SM-5LU5C.1,BRAIN,54.5,0.0012881350700425,9.44087248125412,6.0,1132.0
GTEX-13VXU-3026-SM-5LU3K.1,BRAIN,54.5,0.0021537644385707,12.40508736941191,6.0,1136.0
GTEX-13W3W-0426-SM-5SI9D.1,HEART,64.5,0.0018044154437302,24.06432930859409,8.4,189.0
GTEX-13W3W-0526-SM-5LU3X.1,HEART,64.5,0.0015873798484791,16.442114832058046,8.3,190.0
GTEX-13W3W-0726-SM-5IJDQ.1,SKIN,64.5,0.0010686921620867,16.107425583083845,6.9,196.0
GTEX-13W3W-2426-SM-5LU5B.1,SKIN,64.5,0.0014650064653623,20.831160572357604,6.5,497.0
GTEX-13W3W-2626-SM-5SIA2.1,MUSCLE,64.5,0.0025086174324786,3.8283513898399697,7.6,497.0
GTEX-13W46-0226-SM-5SIAG.1,SKIN,54.5,0.0022945288615645,27.7337494559704,7.4,493.0
GTEX-13W46-0726-SM-5LU3Z.1,MUSCLE,54.5,0.0030283441072871,7.859133143395342,7.7,544.0
GTEX-13X6H-0426-SM-5LU4E.1,HEART,54.5,0.0016065276647799,18.619847823492982,6.7,183.0
GTEX-13X6H-0926-SM-5SIB2.1,SKIN,54.5,0.0018419895567296,28.69378601512276,7.9,208.0
GTEX-13X6H-2126-SM-7EWD5.1,SKIN,54.5,0.0027036133162553,27.033593161029103,8.3,399.0
GTEX-13X6H-2326-SM-7EWEB.1,MUSCLE,54.5,0.0023136961105464,7.005538848503259,8.2,398.0
GTEX-13X6I-0011-R10a-SM-5PNWI.1,BRAIN,64.5,0.0014372307527012,14.525706860934488,7.2,670.0
GTEX-13X6I-0011-R11a-SM-5P9HN.1,BRAIN,64.5,0.0017493597681496,13.048577486155724,8.5,670.0
GTEX-13X6I-0011-R1b-SM-5PNZC.1,BRAIN,64.5,0.000662477597753,10.599534383887876,6.9,670.0
GTEX-13X6I-0011-R2b-SM-5PNWQ.1,BRAIN,64.5,0.0007010756871366,17.784117300565793,8.4,670.0
GTEX-13X6I-0011-R3b-SM-5P9HM.1,BRAIN,64.5,0.0010861513060762,15.850372707756826,6.9,670.0
GTEX-13X6I-0011-R4b-SM-5PNU9.1,BRAIN,64.5,0.0008849224722952,14.238578364394687,7.8,670.0
GTEX-13X6I-0011-R5a-SM-5PNWW.1,BRAIN,64.5,0.0011386805509479,24.47172793001289,8.5,670.0
GTEX-13X6I-0011-R7b-SM-5PNWP.1,BRAIN,64.5,0.0009612053075896,16.476464727912482,6.5,670.0
GTEX-13X6I-0011-R8a-SM-5PNZF.1,BRAIN,64.5,0.0008955265593738,16.562348510829313,6.7,670.0
GTEX-13X6I-0011-R9b-SM-5PNZJ.1,BRAIN,64.5,0.0006053061146179,12.076248796313704,8.3,670.0
GTEX-13X6I-0526-SM-5QGP8.1,MUSCLE,64.5,0.0021009610771974,17.663858251019807,7.1,805.0
GTEX-13X6I-0626-SM-5QGP9.1,SKIN,64.5,0.0030088119107339,28.191946152892548,7.8,807.0
GTEX-13X6I-1426-SM-5SI9Z.1,HEART,64.5,0.0012475166703046,16.872958382513623,6.8,824.0
GTEX-13X6I-1826-SM-5SIAO.1,SKIN,64.5,0.0021010468752783,24.1489460075938,6.9,833.0
GTEX-13X6I-2926-SM-5Q5C3.1,BRAIN,64.5,0.0022479716625206,17.338595588717094,7.0,861.0
GTEX-13X6J-0011-R10b-SM-5PNWA.1,BRAIN,54.5,0.0012595792835823,7.912555446999621,8.8,1174.0
GTEX-13X6J-0011-R11a-SM-5P9HE.1,BRAIN,54.5,0.0032293635816747,11.718458136294908,9.1,1174.0
GTEX-13X6J-0011-R3b-SM-5P9K5.1,BRAIN,54.5,0.0010634085605174,13.272167201219926,7.4,1174.0
GTEX-13X6J-0011-R4b-SM-5P9K4.1,BRAIN,54.5,0.0008238993290775,11.689365569040524,6.5,1174.0
GTEX-13X6J-0011-R5b-SM-5PNWT.1,BRAIN,54.5,0.0007964336828434,11.81387372461668,8.5,1174.0
GTEX-13X6J-0011-R6a-SM-5PNUB.1,BRAIN,54.5,0.0011533533593183,12.837545112277695,8.3,1174.0
GTEX-13X6J-0011-R7b-SM-5PNUC.1,BRAIN,54.5,0.0007864730709632,11.260363087413646,8.7,1174.0
GTEX-13X6J-0011-R8b-SM-5PNUA.1,BRAIN,54.5,0.0006315641052446,10.147432787075251,7.4,1174.0
GTEX-13X6J-0126-SM-5QGOU.1,SKIN,54.5,0.0015783313186466,25.617903480469984,7.8,1251.0
GTEX-13X6J-0326-SM-7EPGD.1,MUSCLE,54.5,0.0031347461424781,9.63816335362102,8.9,1257.0
GTEX-13X6J-0626-SM-5LU5F.1,SKIN,54.5,0.0023788705221108,39.50671006004309,7.2,1308.0
GTEX-13X6J-1226-SM-79OMF.1,HEART,54.5,0.0007244553523503,25.44824290009307,7.3,1326.0
GTEX-13X6J-1826-SM-5TDCT.1,LIVER,54.5,0.0001329817430477,5.968090387274303,5.7,1338.0
GTEX-13X6J-2926-SM-7EPGP.1,BRAIN,54.5,0.0020916833834821,12.888219829025886,7.6,1386.0
GTEX-13X6J-3026-SM-5Q5CU.1,BRAIN,54.5,0.0007123636678237,9.1317275471826,6.2,1389.0
GTEX-13X6K-0011-R10a-SM-5P9JR.1,BRAIN,64.5,0.0026559611870122,21.455577010283378,9.1,875.0
GTEX-13X6K-0011-R11a-SM-5P9F5.1,BRAIN,64.5,0.0036404132116595,18.561896825539947,8.4,875.0
GTEX-13X6K-0011-R2b-SM-5P9K3.1,BRAIN,64.5,0.0006800842036251,20.57933736946107,6.7,875.0
GTEX-13X6K-0011-R3b-SM-5PNUD.1,BRAIN,64.5,0.0020769956393391,23.462475137558005,8.2,875.0
GTEX-13X6K-0011-R4b-SM-5P9HO.1,BRAIN,64.5,0.0009984927946242,17.800616624203055,6.7,875.0
GTEX-13X6K-0011-R5b-SM-5PNUE.1,BRAIN,64.5,0.0014417683567023,15.509720176134634,8.1,875.0
GTEX-13X6K-0011-R6a-SM-5P9K6.1,BRAIN,64.5,0.0017056186110273,17.791615985318575,8.3,875.0
GTEX-13X6K-0011-R7b-SM-5P9K7.1,BRAIN,64.5,0.0009217813577404,13.42126643336062,8.2,875.0
GTEX-13X6K-0011-R8b-SM-5PNZ4.1,BRAIN,64.5,0.002447368609582,23.733917895472764,9.2,875.0
GTEX-13X6K-0326-SM-5Q5D6.1,MUSCLE,64.5,0.0031660363071711,12.290169709549302,8.7,967.0
GTEX-13X6K-0626-SM-5LU5D.1,SKIN,64.5,0.0028582399046893,29.14975359914924,7.8,972.0
GTEX-13X6K-1726-SM-7IGLG.1,HEART,64.5,0.0023922442620566,25.58287761530101,7.1,994.0
GTEX-13X6K-1826-SM-5O9CR.1,HEART,64.5,0.000926729259458,15.549794383804484,6.9,995.0
GTEX-13X6K-2826-SM-5O9DS.1,BRAIN,64.5,0.0018657370375518,15.264226639648712,7.1,1017.0
GTEX-13X6K-2926-SM-5Q5D5.1,BRAIN,64.5,0.0008560037371581,13.283493481796713,6.5,1020.0
GTEX-13YAN-0226-SM-5TDC6.1,SKIN,64.5,0.0046771721606742,35.86747006099493,5.7,477.0
GTEX-13YAN-0326-SM-5O9DF.1,SKIN,64.5,0.0028355915460372,33.883012664524074,8.2,601.0
GTEX-13YAN-0526-SM-5O9BE.1,MUSCLE,64.5,0.0020767558708918,25.58053600231948,7.3,608.0
GTEX-13YAN-1326-SM-5Q5F1.1,HEART,64.5,0.0002860648022254,3.857189243541999,6.3,635.0
GTEX-13YAN-1426-SM-7EPG8.1,HEART,64.5,0.000870608124805,10.55437555454787,5.8,635.0
GTEX-1445S-0011-R10a-SM-5PNWB.1,BRAIN,64.5,0.0006373263420777,18.22222710637913,7.4,618.0
GTEX-1445S-0011-R2b-SM-5PNUH.1,BRAIN,64.5,0.000727773012959,14.128111168204438,7.0,618.0
GTEX-1445S-0011-R3a-SM-5P9HY.1,BRAIN,64.5,0.0003969142616555,13.362053168374642,6.0,618.0
GTEX-1445S-0011-R4a-SM-5PNWN.1,BRAIN,64.5,0.0003041862448141,10.307410484230868,6.5,618.0
GTEX-1445S-0011-R5a-SM-5PNUS.1,BRAIN,64.5,0.0003415246047982,12.389782018670385,7.1,618.0
GTEX-1445S-0011-R6b-SM-5PNUF.1,BRAIN,64.5,0.0003796350855206,10.47542757887877,7.4,618.0
GTEX-1445S-0011-R7b-SM-5PNUG.1,BRAIN,64.5,0.0004854017330983,12.418229067344194,7.5,618.0
GTEX-1445S-0011-R8a-SM-5PNWX.1,BRAIN,64.5,0.0004021927097663,13.692064687415812,7.0,618.0
GTEX-1445S-0626-SM-5LU3C.1,MUSCLE,64.5,0.0043111757651018,9.84381980130427,7.9,773.0
GTEX-1445S-1226-SM-5O9BF.1,HEART,64.5,0.0043810574343308,44.310532351075054,7.4,810.0
GTEX-1445S-3026-SM-5O9BR.1,BRAIN,64.5,0.0005555344348379,13.06115538107983,6.1,894.0
GTEX-144FL-0126-SM-5TDC8.1,SKIN,54.5,0.0014611288884434,78.16378049130492,7.9,985.0
GTEX-144FL-0326-SM-5O99O.1,MUSCLE,54.5,0.003037896832849,17.96945123713508,7.7,992.0
GTEX-144FL-0626-SM-5LU43.1,SKIN,54.5,0.0014641391748661,71.28723397977949,6.3,1008.0
GTEX-144FL-3026-SM-5O99C.1,BRAIN,54.5,0.0013184759805026,21.60355862143803,6.5,1122.0
GTEX-144FL-3126-SM-5TDCX.1,BRAIN,54.5,0.0138450643143466,25.073791833096426,7.0,1125.0
GTEX-144GL-0011-R11b-SM-5P9F6.1,BRAIN,54.5,0.0027331084693768,14.058726740122411,7.9,549.0
GTEX-144GL-0011-R1a-SM-5PNZ5.1,BRAIN,54.5,0.0017508323041378,10.54953378002864,7.3,549.0
GTEX-144GL-0011-R3a-SM-5P9HP.1,BRAIN,54.5,0.0008812389806976,15.601167975733276,7.0,549.0
GTEX-144GL-0011-R4a-SM-5PNUI.1,BRAIN,54.5,0.0001789029590495,4.241849443166451,6.1,549.0
GTEX-144GL-0011-R5b-SM-5PNUJ.1,BRAIN,54.5,0.0002860362996804,7.723823190275617,7.4,549.0
GTEX-144GL-0011-R6a-SM-5P9HW.1,BRAIN,54.5,0.0007071356741396,11.06323852001479,7.2,549.0
GTEX-144GL-0011-R7b-SM-5P9HX.1,BRAIN,54.5,0.0004507919163778,11.33800261645804,6.8,549.0
GTEX-144GL-0011-R8a-SM-5Q5B1.1,BRAIN,54.5,0.0010417684431325,10.980514426028664,6.2,549.0
GTEX-144GL-0126-SM-5TDE2.1,SKIN,54.5,0.0028271229441899,23.683177025882745,7.8,648.0
GTEX-144GL-0326-SM-5QGOY.1,MUSCLE,54.5,0.0028459281381629,6.705451489877914,8.0,660.0
GTEX-144GL-0626-SM-5LU4D.1,SKIN,54.5,0.0034946066355764,34.1327336138982,7.7,690.0
GTEX-144GL-1026-SM-5O99R.1,HEART,54.5,0.0021396867682134,18.402500832510587,5.7,745.0
GTEX-144GL-1426-SM-79OMA.1,LIVER,54.5,0.0002924254900843,7.6604471619754655,6.4,750.0
GTEX-144GL-2926-SM-5O99F.1,BRAIN,54.5,0.0013784093147085,14.709441549973691,7.0,800.0
GTEX-144GL-3026-SM-5Q5CW.1,BRAIN,54.5,0.0010024499994751,11.372578875527385,6.7,803.0
GTEX-144GM-0526-SM-79OJO.1,SKIN,24.5,0.0018894927089489,30.511164541483247,7.2,201.0
GTEX-144GM-1326-SM-5LU5E.1,LIVER,24.5,0.0016061028565025,35.19737675888705,7.3,265.0
GTEX-144GM-2026-SM-5LU3D.1,MUSCLE,24.5,0.0014625150834971,8.842649333081772,7.4,353.0
GTEX-144GN-2326-SM-5LU4F.1,SKIN,54.5,0.0012272475336939,30.98371883941683,6.8,251.0
GTEX-144GN-2426-SM-5LU4R.1,MUSCLE,54.5,0.0017023657843058,6.852961366492609,8.2,257.0
GTEX-144GO-0011-R1a-SM-5PNWO.1,BRAIN,64.5,0.0001329520391285,4.427857389940699,6.1,1195.0
GTEX-144GO-0011-R5a-SM-5PNUR.1,BRAIN,64.5,0.0005777280381571,18.783212531414943,6.9,1195.0
GTEX-144GO-0011-R6b-SM-5S2V7.1,BRAIN,64.5,0.0010424342657832,14.692928908832172,5.8,1195.0
GTEX-144GO-0011-R7b-SM-5S2TT.1,BRAIN,64.5,0.0001642509923321,4.436587475711754,5.7,1195.0
GTEX-144GO-1326-SM-5Q5EL.1,MUSCLE,64.5,0.0044828699256213,10.133830709382156,8.2,1308.0
GTEX-144GO-2026-SM-5O99P.1,SKIN,64.5,0.0028985234784205,30.03952348345786,7.2,1318.0
GTEX-145LS-0011-R10a-SM-5PNUQ.1,BRAIN,64.5,0.0012929931527775,10.113876347475047,7.2,767.0
GTEX-145LS-0011-R1b-SM-5PNUP.1,BRAIN,64.5,0.0006733652078432,14.408245016287232,6.5,767.0
GTEX-145LS-0011-R2a-SM-5PNZI.1,BRAIN,64.5,0.0014157970381362,19.88585882934905,7.2,767.0
GTEX-145LS-0011-R3a-SM-5S2VJ.1,BRAIN,64.5,0.0012332785035606,13.88703518471228,6.4,767.0
GTEX-145LS-0011-R4b-SM-5S2UT.1,BRAIN,64.5,0.000921671535358,12.76246673027122,5.7,767.0
GTEX-145LS-0011-R5a-SM-5SI65.1,BRAIN,64.5,0.0009447562035631,14.421955987495355,8.2,767.0
GTEX-145LS-0011-R6b-SM-5PNWL.1,BRAIN,64.5,0.0018033879616986,15.09190251727274,8.0,767.0
GTEX-145LS-0011-R7a-SM-5PNWM.1,BRAIN,64.5,0.001057820788775,13.716103629168336,8.7,767.0
GTEX-145LS-0011-R8b-SM-5PNXA.1,BRAIN,64.5,0.0016159619661925,22.71644538049772,7.9,767.0
GTEX-145LS-0126-SM-5QGP1.1,SKIN,64.5,0.0042141813836922,22.88720538013363,7.6,848.0
GTEX-145LS-0526-SM-5LU8Y.1,MUSCLE,64.5,0.0039606804583712,8.480230002139137,7.8,866.0
GTEX-145LS-0626-SM-7EPG7.1,SKIN,64.5,0.0026373774210428,27.72653274476416,6.1,869.0
GTEX-145LS-1326-SM-5Q5EP.1,HEART,64.5,0.0022532111560751,37.27101701412468,7.6,887.0
GTEX-145LS-3026-SM-5O99S.1,BRAIN,64.5,0.0025242162426594,15.482279706595234,7.9,922.0
GTEX-145LS-3126-SM-5Q5BY.1,BRAIN,64.5,0.001505256713671,13.859506560766832,6.8,925.0
GTEX-145LT-0526-SM-5LUB2.1,SKIN,44.5,0.0012856593609618,23.41112338892008,6.9,139.0
GTEX-145LT-1626-SM-5O992.1,MUSCLE,44.5,0.0018423744655697,6.789374478784817,8.7,430.0
GTEX-145LT-1726-SM-5QGP3.1,SKIN,44.5,0.0027588734175952,25.806433340833248,7.2,441.0
GTEX-145LU-0011-R10a-SM-5PNWJ.1,BRAIN,54.5,0.0008297622401139,12.279061602713696,7.0,854.0
GTEX-145LU-0011-R11b-SM-5P9JX.1,BRAIN,54.5,0.0015310716507129,12.157046223942205,7.8,854.0
GTEX-145LU-0011-R1a-SM-5Q5CE.1,BRAIN,54.5,0.0003472823739157,5.011563285481071,5.8,854.0
GTEX-145LU-0011-R3a-SM-5P9K2.1,BRAIN,54.5,0.0005859923074869,12.485776321740282,6.6,854.0
GTEX-145LU-0011-R6a-SM-5S2V6.1,BRAIN,54.5,0.0004610867835738,7.618790210798517,5.9,854.0
GTEX-145LU-0011-R8b-SM-5PNZG.1,BRAIN,54.5,0.0008487225124598,10.974718221423174,6.5,854.0
GTEX-145LU-0011-R9b-SM-5SI66.1,BRAIN,54.5,0.0020336153212168,32.35016201570375,7.8,854.0
GTEX-145LU-0126-SM-5TDCB.1,SKIN,54.5,0.0025725421463061,30.81229007379541,10.0,951.0
GTEX-145LU-1326-SM-5LU9N.1,LIVER,54.5,0.0003073499295847,10.107621562114767,5.8,1033.0
GTEX-145LU-1926-SM-79OJN.1,SKIN,54.5,0.002361015812959,35.75014406669685,7.3,1047.0
GTEX-145LU-2026-SM-5Q5E8.1,MUSCLE,54.5,0.0042722255307972,6.535179654644669,8.3,1056.0
GTEX-145LU-2626-SM-5LU9Z.1,BRAIN,54.5,0.0017129708916745,12.606461302238452,6.2,1103.0
GTEX-145LV-0226-SM-5S2QG.1,HEART,54.5,0.001160752663506,15.260554108389602,7.2,404.0
GTEX-145LV-0326-SM-5Q5BW.1,HEART,54.5,0.00089272555442,8.96829929284975,6.0,409.0
GTEX-145LV-2126-SM-5LU8N.1,SKIN,54.5,0.0014677206624175,21.793300975883646,6.9,476.0
GTEX-145LV-2326-SM-5LU8Z.1,MUSCLE,54.5,0.002889048123589,6.486936073620693,7.9,491.0
GTEX-145ME-1726-SM-5Q5EU.1,SKIN,44.5,0.0011894448132954,26.444325528483727,5.7,310.0
GTEX-145ME-1826-SM-5SI9G.1,SKIN,44.5,0.0020631142586234,21.12024543535526,7.5,315.0
GTEX-145ME-2026-SM-5SIA5.1,MUSCLE,44.5,0.0024897148548682,4.772750113315986,8.0,327.0
GTEX-145ME-5016-SM-7938P.1,MUSCLE,44.5,0.0029360813020414,6.354567580213089,8.6,327.0
GTEX-145MF-0626-SM-5LUAI.1,SKIN,54.5,0.0018067543117426,23.46530148868296,6.3,934.0
GTEX-145MF-0826-SM-5QGQA.1,LIVER,54.5,0.0016372827414578,20.015955247299303,6.4,955.0
GTEX-145MF-0926-SM-5Q5EA.1,SKIN,54.5,0.0026367139913425,34.76449957500015,7.6,958.0
GTEX-145MF-2726-SM-5O995.1,BRAIN,54.5,0.00093120879286,9.791486390744357,6.5,1069.0
GTEX-145MF-2826-SM-7EPGU.1,BRAIN,54.5,0.002704690136077,15.393201216243948,6.7,1070.0
GTEX-145MG-0011-R10a-SM-5PNWG.1,BRAIN,54.5,0.0022046755067019,13.709449701638457,7.9,1070.0
GTEX-145MG-0011-R3b-SM-5SI67.1,BRAIN,54.5,0.000560028299794,10.558425176932584,8.6,1070.0
GTEX-145MG-0011-R5b-SM-5S2VU.1,BRAIN,54.5,0.0001490632156924,4.777608200044761,5.9,1070.0
GTEX-145MG-0011-R7b-SM-5P9JY.1,BRAIN,54.5,0.0003765298479206,7.095974250777796,6.8,1070.0
GTEX-145MG-0226-SM-5TDDB.1,MUSCLE,54.5,0.0038421765300426,9.868845588305213,8.0,1142.0
GTEX-145MG-1526-SM-5Q5EM.1,SKIN,54.5,0.0020991866290723,30.40083771028942,5.9,1259.0
GTEX-145MG-3026-SM-5RQJA.1,BRAIN,54.5,0.0013928099058254,12.333320326888437,7.1,1318.0
GTEX-145MG-3126-SM-5Q5D3.1,BRAIN,54.5,0.0009978981584654,9.53059887129026,6.3,1320.0
GTEX-145MH-0011-R10b-SM-5PNUK.1,BRAIN,54.5,0.0020388845331606,10.182180669957862,8.2,1076.0
GTEX-145MH-0011-R11a-SM-5P9HQ.1,BRAIN,54.5,0.003483819075304,12.424047660219118,8.1,1076.0
GTEX-145MH-0011-R1b-SM-5PNWY.1,BRAIN,54.5,0.0010740349355431,9.448410154697338,6.8,1076.0
GTEX-145MH-0011-R3b-SM-5P9JQ.1,BRAIN,54.5,0.0018597673375363,9.26385456621265,8.4,1076.0
GTEX-145MH-0011-R5a-SM-5P9JT.1,BRAIN,54.5,0.0011254639334369,11.802021946615117,8.3,1076.0
GTEX-145MH-0011-R6a-SM-5PNZ7.1,BRAIN,54.5,0.0013775658254747,17.424680919243254,6.6,1076.0
GTEX-145MH-0011-R7a-SM-5PNWH.1,BRAIN,54.5,0.0012150387939142,13.62500575548487,8.4,1076.0
GTEX-145MH-0011-R8a-SM-5PNUL.1,BRAIN,54.5,0.0009818515615372,9.30427471363865,6.4,1076.0
GTEX-145MH-0326-SM-5LU8H.1,MUSCLE,54.5,0.0028999904983238,6.736790318651885,7.3,1247.0
GTEX-145MH-2826-SM-5RQJF.1,SKIN,54.5,0.001996353040049,27.19912001748244,8.4,1374.0
GTEX-145MH-2926-SM-5Q5D2.1,BRAIN,54.5,0.0024263007947389,12.42548593718864,7.7,1377.0
GTEX-145MH-3026-SM-5Q5DZ.1,BRAIN,54.5,0.0011094956810125,9.408004933096906,6.8,1380.0
GTEX-145MI-0011-R10a-SM-5PNZD.1,BRAIN,64.5,0.0012792855975467,17.50638992504545,5.9,670.0
GTEX-145MI-0011-R11a-SM-5P9JZ.1,BRAIN,64.5,0.000657231155595,7.749578124366023,7.0,670.0
GTEX-145MI-0011-R3b-SM-5PNWK.1,BRAIN,64.5,0.0006513853581017,13.04372049158823,6.2,670.0
GTEX-145MI-0011-R4b-SM-5PNZH.1,BRAIN,64.5,0.0005650300103032,8.411794975261257,5.7,670.0
GTEX-145MI-0011-R5a-SM-5Q5B4.1,BRAIN,64.5,0.0001765366914364,3.932644963140178,6.0,670.0
GTEX-145MI-0011-R6a-SM-5PNZA.1,BRAIN,64.5,0.0005087171569453,10.068314235555215,6.0,670.0
GTEX-145MI-0011-R7b-SM-5Q5AZ.1,BRAIN,64.5,9.79861071474242e-05,1.5474007376883374,6.0,670.0
GTEX-145MI-0011-R8b-SM-5PNZ9.1,BRAIN,64.5,0.0005832091399569,7.891720930161158,6.1,670.0
GTEX-145MI-0326-SM-5Q5EV.1,MUSCLE,64.5,0.0021052738500112,9.44459525166986,7.1,696.0
GTEX-145MI-0526-SM-5O9A8.1,SKIN,64.5,0.0022181340540134,27.48077070382458,7.8,702.0
GTEX-145MI-0626-SM-5SI8S.1,SKIN,64.5,0.0024629506573616,25.62166542842731,7.1,707.0
GTEX-145MI-3126-SM-5Q5CF.1,BRAIN,64.5,0.0009886392489223,11.121370810461928,6.0,852.0
GTEX-145MN-0626-SM-5QGRH.1,HEART,34.5,0.0023079986339895,29.73941272116276,9.1,129.0
GTEX-145MN-0726-SM-5NQBH.1,HEART,34.5,0.0022089707788497,19.970576273500686,8.6,130.0
GTEX-145MN-1526-SM-5SI9T.1,SKIN,34.5,0.0018227319550265,22.61812567801078,7.3,224.0
GTEX-145MN-2226-SM-5SIAU.1,SKIN,34.5,0.0013391762895513,19.320504596838077,6.6,237.0
GTEX-145MN-2426-SM-5NQA5.1,MUSCLE,34.5,0.0026432006972079,7.70065815694119,8.4,257.0
GTEX-145MO-0326-SM-5Q5B3.1,SKIN,64.5,0.0032372011695171,28.49662427556203,7.6,658.0
GTEX-145MO-0726-SM-5NQB9.1,MUSCLE,64.5,0.0030848625603573,7.349874664891651,9.0,666.0
GTEX-145MO-1126-SM-5NQBX.1,HEART,64.5,0.0008576345009861,8.987038474515114,7.0,677.0
GTEX-145MO-2326-SM-5NQ9K.1,LIVER,64.5,0.0006797466573794,16.77453376535028,6.8,698.0
GTEX-145MO-2826-SM-5LU96.1,SKIN,64.5,0.0026485493154755,31.50340179249947,6.7,710.0
GTEX-146FH-0126-SM-5QGPP.1,SKIN,54.5,0.0022696382762536,37.81788986862848,8.1,396.0
GTEX-146FH-0526-SM-5QGQ3.1,MUSCLE,54.5,0.0022847313296858,8.418195351572521,8.6,426.0
GTEX-146FH-1026-SM-5RQIF.1,HEART,54.5,0.003532766383257,22.41188397434656,7.6,465.0
GTEX-146FH-1126-SM-5NQAT.1,HEART,54.5,0.0034557160934592,33.14262406898213,8.0,466.0
GTEX-146FH-1526-SM-5NQBU.1,LIVER,54.5,0.0023847408589458,28.8705583161486,8.3,471.0
GTEX-146FQ-0126-SM-5NQA9.1,SKIN,34.5,0.0016937218584225,25.00153414349771,6.3,474.0
GTEX-146FQ-0326-SM-5NQAX.1,MUSCLE,34.5,0.0035551820348952,11.360309840898022,8.0,478.0
GTEX-146FQ-2126-SM-5RQHU.1,SKIN,34.5,0.0017912696461371,36.283557484030055,7.4,551.0
GTEX-146FR-0626-SM-5RQJ1.1,HEART,64.5,0.0016851207390394,15.45302298449227,8.0,1617.0
GTEX-146FR-0926-SM-5QGPE.1,HEART,64.5,0.0012660835013868,21.03149368484167,8.3,1626.0
GTEX-146FR-1326-SM-5SIAJ.1,SKIN,64.5,0.0019576417555106,28.18912357418856,8.0,1635.0
GTEX-146FR-1326-SM-E9J48.1,SKIN,64.5,0.0021651024549718,45.60878348877824,8.0,1635.0
GTEX-146FR-1726-SM-5Q5DT.1,MUSCLE,64.5,0.0026381413429512,8.608910843629792,8.4,1642.0
GTEX-14753-0011-R10b-SM-5S2WE.1,BRAIN,64.5,0.000350091017412,9.592502222410667,7.2,633.0
GTEX-14753-0011-R5a-SM-5S2VW.1,BRAIN,64.5,8.371826301392822e-05,3.4243985558013947,5.7,633.0
GTEX-14753-0011-R6b-SM-5S2UD.1,BRAIN,64.5,0.0002421067455415,4.297244158708154,5.8,633.0
GTEX-14753-0011-R8b-SM-5S2U1.1,BRAIN,64.5,0.0001591134339939,2.2571102358858304,5.9,633.0
GTEX-14753-0426-SM-5NQAM.1,SKIN,64.5,0.0030547081540487,22.914289712175044,5.9,808.0
GTEX-14753-0526-SM-5QGPR.1,MUSCLE,64.5,0.0028199417801335,8.230484088876448,8.3,809.0
GTEX-14753-0726-SM-5QGQO.1,SKIN,64.5,0.0019679597567116,18.381696228380157,7.4,827.0
GTEX-14753-1626-SM-5NQ9L.1,LIVER,64.5,0.0007949224968029,18.885465660835187,6.6,893.0
GTEX-1477Z-0011-R10b-SM-5S2RF.1,BRAIN,64.5,0.0005369321248892,10.868992672319113,6.6,605.0
GTEX-1477Z-0011-R3b-SM-5PNX9.1,BRAIN,64.5,0.0002291980456606,7.200322104321356,6.0,605.0
GTEX-1477Z-0011-R5b-SM-5PNUO.1,BRAIN,64.5,0.0001724154503311,6.387646788618145,7.2,605.0
GTEX-1477Z-0011-R8b-SM-5S2RG.1,BRAIN,64.5,0.0003353878251637,7.050471717491915,6.8,605.0
GTEX-1477Z-0326-SM-7IGLA.1,SKIN,64.5,0.0023909470243597,24.67042482941181,6.0,650.0
GTEX-1477Z-1126-SM-5P9GK.1,HEART,64.5,0.0021081907047379,37.37062584495194,7.1,693.0
GTEX-1477Z-1626-SM-5SIA8.1,MUSCLE,64.5,0.0035747840769533,9.307736269940891,7.7,712.0
GTEX-147F3-0226-SM-5NQBV.1,MUSCLE,54.5,0.0020051491538561,7.123430349350774,8.3,480.0
GTEX-147F3-0526-SM-5SI98.1,SKIN,54.5,0.0020790209254311,29.518395758141,7.0,486.0
GTEX-147F3-1726-SM-5SIAW.1,SKIN,54.5,0.001771891254075,25.185178492617045,7.6,530.0
GTEX-147F4-0011-R10b-SM-5S2WC.1,BRAIN,54.5,0.0008767345169088,12.205512112563817,5.9,1020.0
GTEX-147F4-0011-R6b-SM-5S2UP.1,BRAIN,54.5,0.0011464310556123,10.483351970136695,6.6,1020.0
GTEX-147F4-0011-R8b-SM-5S2UN.1,BRAIN,54.5,0.0004308375612507,11.61498975556952,5.9,1020.0
GTEX-147F4-0226-SM-5QGPW.1,SKIN,54.5,0.0018136323327773,25.329789699066826,7.0,1225.0
GTEX-147F4-0326-SM-5TDCK.1,MUSCLE,54.5,0.0033687201745232,12.031080943763072,7.7,1226.0
GTEX-147F4-0726-SM-5TDDD.1,SKIN,54.5,0.0011687334296867,17.65808536983241,6.3,1254.0
GTEX-147F4-1126-SM-5TDDE.1,HEART,54.5,0.0023229091192707,32.20069072705683,6.6,1259.0
GTEX-147F4-1226-SM-5NQAY.1,HEART,54.5,0.0003812350419877,4.310892620528856,6.5,1261.0
GTEX-147F4-1426-SM-5LUA8.1,LIVER,54.5,0.0007248750258993,22.596065942046167,7.0,1268.0
GTEX-147F4-3026-SM-5Q5BJ.1,BRAIN,54.5,0.0012124323032719,11.574886726479743,6.5,1357.0
GTEX-147GR-0011-R10b-SM-5S2UM.1,BRAIN,64.5,0.0016590568721208,11.254945438149948,6.4,872.0
GTEX-147GR-0011-R2b-SM-5S2RQ.1,BRAIN,64.5,0.0008039926280789,10.933364967422447,6.9,872.0
GTEX-147GR-0011-R4a-SM-5S2V2.1,BRAIN,64.5,0.0009565918087327,12.120824119544803,6.2,872.0
GTEX-147GR-0011-R6b-SM-5S2RO.1,BRAIN,64.5,0.0010296067936995,13.610924415345632,7.8,872.0
GTEX-147GR-0011-R7a-SM-5S2RP.1,BRAIN,64.5,0.0004337318803566,9.610732111390368,7.2,872.0
GTEX-147GR-0011-R9a-SM-5S2UY.1,BRAIN,64.5,0.0016360759016942,33.17404737710004,7.6,872.0
GTEX-147GR-0126-SM-62LER.1,MUSCLE,64.5,0.0018151458309267,5.362659849105135,9.6,985.0
GTEX-147GR-0526-SM-5S2MY.1,SKIN,64.5,0.0016993601166091,28.655510583820877,7.0,999.0
GTEX-147GR-1326-SM-7IGLB.1,LIVER,64.5,0.0004404510002434,12.73486687626104,6.1,1160.0
GTEX-147GR-2426-SM-5ZZWQ.1,SKIN,64.5,0.0016371160647047,17.110898142645606,7.6,1230.0
GTEX-147GR-3026-SM-5S2ML.1,BRAIN,64.5,0.0005690475704686,7.875908524842662,6.1,1310.0
GTEX-147GR-3126-SM-5S2PM.1,BRAIN,64.5,0.001784168703789,13.229643954163354,6.7,1313.0
GTEX-147JS-0226-SM-5S2U9.1,SKIN,64.5,0.0021052345139614,41.43613595961356,6.0,467.0
GTEX-147JS-0526-SM-5TDD3.1,MUSCLE,64.5,0.003352361758888,8.977783285629036,8.3,510.0
GTEX-147JS-1126-SM-5RQIW.1,LIVER,64.5,0.0006998536037702,17.44694152535009,6.2,547.0
GTEX-147JS-1326-SM-5SI6D.1,HEART,64.5,0.0049725596563194,39.66384248084079,6.8,550.0
GTEX-147JS-1526-SM-5ZZWF.1,HEART,64.5,0.0003747720366904,9.382633793485518,6.3,556.0
GTEX-148VI-0326-SM-5RQK7.1,HEART,64.5,0.0009128802042791,9.032853458069422,6.0,244.0
GTEX-148VI-0626-SM-5TDDH.1,LIVER,64.5,0.0010997040256914,24.14555667987777,6.6,252.0
GTEX-148VI-1626-SM-5SI6E.1,SKIN,64.5,0.0021803684115723,31.00405693949585,7.2,417.0
GTEX-148VJ-0011-R3b-SM-69LQJ.1,BRAIN,74.5,0.0002251391719087,5.906015511653034,6.0,903.0
GTEX-148VJ-0011-R9b-SM-5SI77.1,BRAIN,74.5,0.0007251045409542,15.215457125928303,6.5,903.0
GTEX-148VJ-0126-SM-5TDDN.1,SKIN,74.5,0.0035531470690128,41.30685699015774,8.1,1014.0
GTEX-148VJ-0326-SM-5QGQE.1,MUSCLE,74.5,0.0024793116765548,7.864293280888121,8.2,1016.0
GTEX-148VJ-0626-SM-5LUAW.1,SKIN,74.5,0.002321572709495,25.06220986956389,7.2,1046.0
GTEX-148VJ-1426-SM-5TDE3.1,HEART,74.5,0.0017101982191031,30.12787420217622,6.7,1090.0
GTEX-148VJ-1526-SM-5Q5DU.1,HEART,74.5,0.0001968413792932,6.211777905849588,5.9,1093.0
GTEX-1497J-0226-SM-5QGPU.1,SKIN,64.5,0.0020537807273807,31.69391333128122,8.1,210.0
GTEX-1497J-0726-SM-5Q5D1.1,LIVER,64.5,0.0011259758995037,32.159164816184706,6.3,238.0
GTEX-1497J-1226-SM-5Q5BL.1,HEART,64.5,0.00079245412791,9.93006689719439,6.0,274.0
GTEX-1497J-2426-SM-7IGNX.1,SKIN,64.5,0.0028165965242153,52.36454136008144,6.6,322.0
GTEX-1497J-2626-SM-5SI9K.1,MUSCLE,64.5,0.0022153081366923,7.045835172719984,8.0,329.0
GTEX-14A5H-0326-SM-5RQIB.1,MUSCLE,64.5,0.0033517061373956,21.354821883661227,8.1,521.0
GTEX-14A5H-0426-SM-5QGQF.1,SKIN,64.5,0.0017138458805126,24.674244608667045,7.3,525.0
GTEX-14A5H-0826-SM-5QGPJ.1,SKIN,64.5,0.0040896218334202,53.01641695749469,7.6,605.0
GTEX-14A5I-0126-SM-5TDEA.1,SKIN,54.5,0.0028545474354763,26.68324808798112,6.0,881.0
GTEX-14A5I-0326-SM-5NQ9J.1,MUSCLE,54.5,0.0026897010939668,6.639466771477322,8.4,886.0
GTEX-14A5I-1026-SM-5Q5E3.1,HEART,54.5,0.0016628241906594,32.512026274618975,6.6,899.0
GTEX-14A5I-1226-SM-5NQBW.1,HEART,54.5,7.394711256864573e-05,1.4624645919278478,6.0,905.0
GTEX-14A5I-1726-SM-5QGQ5.1,LIVER,54.5,0.0006298615944175,19.795224489969,6.7,918.0
GTEX-14A5I-2826-SM-5SIBF.1,BRAIN,54.5,0.0008312074450024,11.115236997641542,6.5,951.0
GTEX-14A5I-2926-SM-5Q5CQ.1,BRAIN,54.5,0.0008866730108965,11.378976050264493,6.6,954.0
GTEX-14A6H-0126-SM-5QGPK.1,SKIN,34.5,0.0014322088256509,30.72396196006868,6.5,477.0
GTEX-14A6H-0226-SM-5Q5DX.1,HEART,34.5,0.0044817402937316,18.701237624115105,7.4,549.0
GTEX-14A6H-0326-SM-5NQAN.1,HEART,34.5,0.0019016855744171,26.89018361968265,8.0,554.0
GTEX-14A6H-2026-SM-5Q5DD.1,SKIN,34.5,0.0027887823466989,26.49446581391157,7.4,641.0
GTEX-14A6H-2826-SM-5QGPM.1,MUSCLE,34.5,0.0017046139756622,10.401363269239807,7.1,736.0
GTEX-14A6H-5006-SM-7EWE9.1,HEART,34.5,0.0072908577087145,27.545126051291422,6.5,551.0
GTEX-14A6H-5019-SM-793DH.1,MUSCLE,34.5,0.0029563657525727,11.564579611581124,7.7,736.0
GTEX-14ABY-0011-R11a-SM-5SI7C.1,BRAIN,54.5,0.0034982065540556,15.68734463048738,7.4,1167.0
GTEX-14ABY-0011-R1a-SM-6EU2W.1,BRAIN,54.5,0.0013816127545108,12.59124006681369,6.8,1167.0
GTEX-14ABY-0011-R4b-SM-5S2VN.1,BRAIN,54.5,0.0009916924228187,20.643169065922,5.8,1167.0
GTEX-14ABY-0011-R5b-SM-5SI7B.1,BRAIN,54.5,0.000852795316483,11.60233223935995,7.9,1167.0
GTEX-14ABY-0011-R6a-SM-5PNWR.1,BRAIN,54.5,0.0013358094931221,16.407261567857066,7.1,1167.0
GTEX-14ABY-0011-R7b-SM-5PNWS.1,BRAIN,54.5,0.0008868006098826,13.35519283696956,5.7,1167.0
GTEX-14ABY-0011-R9a-SM-5PNZK.1,BRAIN,54.5,0.0035278780797406,39.89389226073716,8.2,1167.0
GTEX-14ABY-0126-SM-62LDI.1,MUSCLE,54.5,0.0030733669474027,11.71213973527192,7.0,1289.0
GTEX-14ABY-0226-SM-5TDCQ.1,SKIN,54.5,0.0021807758207016,33.66530321410932,6.2,1291.0
GTEX-14ABY-2026-SM-62LDL.1,SKIN,54.5,0.0017017148594007,24.51400770793743,6.9,1367.0
GTEX-14ABY-3026-SM-664NE.1,BRAIN,54.5,0.001920572190172,13.095989495393352,6.5,1423.0
GTEX-14AS3-0126-SM-5Q5F4.1,LIVER,44.5,0.0018015139015754,21.37928050086784,6.8,98.0
GTEX-14AS3-1526-SM-5Q5ED.1,SKIN,44.5,0.0018912186452165,23.855674118807027,5.8,135.0
GTEX-14AS3-2126-SM-5S2MK.1,MUSCLE,44.5,0.003688781629775,5.69291420391562,8.4,263.0
GTEX-14ASI-0011-R10b-SM-5S2VZ.1,BRAIN,64.5,0.0028986165019717,14.025634283063688,5.9,1177.0
GTEX-14ASI-0011-R11b-SM-6AJBJ.1,BRAIN,64.5,0.0025037625629303,12.018485084833674,7.1,1177.0
GTEX-14ASI-0011-R1b-SM-5S2TY.1,BRAIN,64.5,0.0007292416048337,11.154902851668473,5.9,1177.0
GTEX-14ASI-0011-R2b-SM-5YY9H.1,BRAIN,64.5,0.0005436918259432,11.09623496844649,5.8,1177.0
GTEX-14ASI-0011-R4a-SM-69LQ4.1,BRAIN,64.5,0.0005773174380769,7.297353077395769,6.5,1177.0
GTEX-14ASI-0011-R5b-SM-6EU2M.1,BRAIN,64.5,0.0004483401890688,7.72280425415696,7.8,1177.0
GTEX-14ASI-0011-R6a-SM-5S2UZ.1,BRAIN,64.5,0.0008575568636318,9.980597232772062,6.9,1177.0
GTEX-14ASI-0011-R7b-SM-5YY9G.1,BRAIN,64.5,0.0006332312556205,9.50566545803108,7.1,1177.0
GTEX-14ASI-0011-R8b-SM-5S2UB.1,BRAIN,64.5,0.0010624316470801,12.084730074620175,6.9,1177.0
GTEX-14ASI-0526-SM-5QGQP.1,MUSCLE,64.5,0.0029576240852527,20.26471541262815,5.7,1301.0
GTEX-14ASI-0826-SM-5Q5EB.1,HEART,64.5,0.0051205797928691,26.59593119080849,6.4,1328.0
GTEX-14ASI-2926-SM-5Q5DG.1,BRAIN,64.5,0.0026795268312103,15.203859935179096,6.9,1365.0
GTEX-14ASI-3026-SM-5S2PN.1,BRAIN,64.5,0.0016985224446149,14.0816178371864,6.7,1368.0
GTEX-14B4R-1326-SM-5Q5EZ.1,SKIN,34.5,0.0015422220663384,22.90378458816895,7.9,260.0
GTEX-14BIL-0011-R10a-SM-5SI75.1,BRAIN,54.5,0.0014831465916724,14.29955232397324,8.7,622.0
GTEX-14BIL-0011-R8b-SM-69LQK.1,BRAIN,54.5,0.0003052119458849,4.71873989724104,5.9,622.0
GTEX-14BIL-0011-R9a-SM-5SI7A.1,BRAIN,54.5,0.0030561433232512,44.72720852772639,7.2,622.0
GTEX-14BIL-0126-SM-5SI92.1,SKIN,54.5,0.0021685462586019,40.253376006596966,8.2,759.0
GTEX-14BIL-0326-SM-5SI9Q.1,MUSCLE,54.5,0.0036824182318213,7.80629031523562,8.4,761.0
GTEX-14BIL-0926-SM-7DHKN.1,HEART,54.5,0.0022748925914196,54.27887258667362,6.9,812.0
GTEX-14BIL-1126-SM-79OMC.1,HEART,54.5,8.060122354123076e-05,5.701077816578311,5.9,819.0
GTEX-14BIL-1326-SM-79OMR.1,LIVER,54.5,0.0010279230829371,23.564161623241915,6.6,821.0
GTEX-14BIL-3026-SM-7EWD4.1,BRAIN,54.5,0.0007436233613628,11.91698169738162,7.2,882.0
GTEX-14BIM-0011-R11b-SM-5S2RN.1,BRAIN,64.5,0.0018604689413658,13.504476678322847,8.0,1045.0
GTEX-14BIM-0011-R1a-SM-69LQI.1,BRAIN,64.5,0.0002230712140732,4.365760741663358,5.7,1045.0
GTEX-14BIM-0011-R2b-SM-69LQ6.1,BRAIN,64.5,0.0010377143950824,23.024058880242347,5.8,1045.0
GTEX-14BIM-0011-R3b-SM-5S2RL.1,BRAIN,64.5,0.0020455023644265,12.058162342353,7.1,1045.0
GTEX-14BIM-0011-R4b-SM-5S2RK.1,BRAIN,64.5,0.0007763916231298,13.075045582011375,6.8,1045.0
GTEX-14BIM-0011-R5b-SM-5S2RM.1,BRAIN,64.5,0.0013795758848926,17.431358428497518,8.3,1045.0
GTEX-14BIM-0011-R6b-SM-5S2VB.1,BRAIN,64.5,0.0011901165397382,15.151611465872058,6.4,1045.0
GTEX-14BIM-0011-R9a-SM-6LLJL.1,BRAIN,64.5,0.0018618926247853,34.527526544196164,7.2,1045.0
GTEX-14BIM-0226-SM-7IGLD.1,SKIN,64.5,0.0032774964551164,83.05819901578674,6.3,1143.0
GTEX-14BIM-0326-SM-5SI9B.1,MUSCLE,64.5,0.0045517344972893,9.012632545575384,7.9,1144.0
GTEX-14BIM-2726-SM-5Q5EG.1,HEART,64.5,0.0032196676175908,26.480859055980456,6.0,1292.0
GTEX-14BIM-3026-SM-7EWCY.1,BRAIN,64.5,0.0019126087900014,16.23965902202231,6.3,1305.0
GTEX-14BIM-3126-SM-5Q5C7.1,BRAIN,64.5,0.0018878708593418,15.121378472887038,6.3,1303.0
GTEX-14BIN-0011-R10a-SM-5S2UA.1,BRAIN,54.5,0.0016633909771848,8.375415779171616,6.6,821.0
GTEX-14BIN-0011-R11a-SM-5SI79.1,BRAIN,54.5,0.0010940455995746,11.139584675543126,7.4,821.0
GTEX-14BIN-0011-R2a-SM-5S2RJ.1,BRAIN,54.5,0.0004271448322617,8.618185871552537,6.4,821.0
GTEX-14BIN-0011-R3b-SM-6AJBL.1,BRAIN,54.5,0.0013645186143181,9.697788368685872,7.0,821.0
GTEX-14BIN-0011-R5b-SM-5SI78.1,BRAIN,54.5,0.0003678077833497,8.393218208591524,8.1,821.0
GTEX-14BIN-0011-R6a-SM-5S2RH.1,BRAIN,54.5,0.0012466888087322,10.067717716859102,9.2,821.0
GTEX-14BIN-0011-R7b-SM-5S2RI.1,BRAIN,54.5,0.000531421341397,8.991932099697522,8.0,821.0
GTEX-14BIN-0011-R9a-SM-5SI76.1,BRAIN,54.5,0.0008357469783335,21.178903364132346,7.7,821.0
GTEX-14BIN-0626-SM-793DP.1,SKIN,54.5,0.0029615629901473,30.24496908045424,8.4,981.0
GTEX-14BIN-1126-SM-5RQJZ.1,SKIN,54.5,0.002360276752757,27.49297958190013,7.7,990.0
GTEX-14BIN-2126-SM-793AX.1,HEART,54.5,0.0007611859280771,41.78176086413509,6.4,1017.0
GTEX-14BIN-2226-SM-5YYA1.1,HEART,54.5,5.4134065947904425e-05,1.4811639226851123,5.8,1018.0
GTEX-14BIN-3226-SM-62LDR.1,BRAIN,54.5,0.0010473941718033,10.565035161318436,7.4,1080.0
GTEX-14BIN-3326-SM-5Q5E6.1,BRAIN,54.5,0.0013989985812664,11.641274013349562,6.5,1082.0
GTEX-14BMU-1226-SM-5S2OR.1,SKIN,24.5,0.0016238430551754,28.5245347649287,7.2,1562.0
GTEX-14BMU-2026-SM-5S2W6.1,MUSCLE,24.5,0.0019574169711659,4.497861244735677,7.5,1638.0
GTEX-14BMU-2226-SM-5TDE9.1,SKIN,24.5,0.0021469167614645,20.50281514219401,6.9,1641.0
GTEX-14BMV-0011-R3a-SM-5ZZU7.1,BRAIN,54.5,0.0007602724431381,8.003732732805409,5.9,498.0
GTEX-14BMV-0011-R5b-SM-62LFT.1,BRAIN,54.5,0.0009570742459208,14.218854206053573,7.7,498.0
GTEX-14BMV-0011-R6b-SM-5YY9I.1,BRAIN,54.5,0.0015824530169228,13.885837014561346,8.1,498.0
GTEX-14BMV-0011-R7b-SM-5YY9J.1,BRAIN,54.5,0.0003495493535189,10.737416908740856,6.2,498.0
GTEX-14BMV-0011-R9b-SM-5ZZUA.1,BRAIN,54.5,0.0020489700666177,35.1789871075431,8.2,498.0
GTEX-14BMV-0126-SM-5S2PO.1,SKIN,54.5,0.0030801545400263,24.327386172869108,8.1,591.0
GTEX-14BMV-0326-SM-5RQHW.1,MUSCLE,54.5,0.0025526773305783,4.160516827344982,7.8,595.0
GTEX-14BMV-1026-SM-5SI6B.1,HEART,54.5,0.0015709758784898,18.86592158284853,7.6,613.0
GTEX-14BMV-2826-SM-5TDED.1,SKIN,54.5,0.0023555358425155,40.31740483160584,6.6,673.0
GTEX-14BMV-2926-SM-5TDEE.1,BRAIN,54.5,0.0019451257953819,21.30938977432313,6.1,677.0
GTEX-14BMV-3026-SM-5S2PQ.1,BRAIN,54.5,0.0020034381988772,13.848330193395178,6.5,679.0
GTEX-14C38-0426-SM-5TDDZ.1,MUSCLE,54.5,0.0032115919998305,9.89946773166244,6.6,509.0
GTEX-14C38-0726-SM-5SI6M.1,SKIN,54.5,0.0021972107296227,50.953346439884434,7.6,523.0
GTEX-14C38-1326-SM-62LDK.1,HEART,54.5,0.0007858406631481,32.21455806456699,6.6,570.0
GTEX-14C38-1426-SM-5RQHZ.1,HEART,54.5,0.001107956034612,15.131776228415688,6.9,578.0
GTEX-14C38-1526-SM-5RQJ7.1,LIVER,54.5,0.0012525285671602,21.700883461869516,6.3,584.0
GTEX-14C39-0011-R10b-SM-5YYBE.1,BRAIN,44.5,0.0012451450394405,12.61202555276508,7.3,663.0
GTEX-14C39-0011-R11b-SM-5YYAF.1,BRAIN,44.5,0.0004049146251708,7.914819368652699,5.8,663.0
GTEX-14C39-0011-R3b-SM-5YYA3.1,BRAIN,44.5,0.0007586667812981,15.478305144485264,5.7,663.0
GTEX-14C39-0011-R5b-SM-5ZZV1.1,BRAIN,44.5,0.0006589733948708,9.123131436132658,7.8,663.0
GTEX-14C39-0011-R6b-SM-5YYAZ.1,BRAIN,44.5,0.0013526570362905,16.871807515828063,6.3,663.0
GTEX-14C39-0726-SM-5RQIK.1,HEART,44.5,0.0004624973402206,17.93423777718728,6.3,699.0
GTEX-14C39-0926-SM-5TDDV.1,HEART,44.5,0.0001071684350061,3.915766484174566,5.9,702.0
GTEX-14C39-1726-SM-5RQIL.1,SKIN,44.5,0.0017283418828168,17.784263354339565,6.5,720.0
GTEX-14C39-2426-SM-5S2U5.1,MUSCLE,44.5,0.0021893388866809,6.748591317499456,7.4,741.0
GTEX-14C39-3026-SM-5S2QE.1,BRAIN,44.5,0.0017095857217125,15.216255422274848,6.4,789.0
GTEX-14C39-3126-SM-5ZZW6.1,BRAIN,44.5,0.0009997569439771,10.6330304356852,7.2,791.0
GTEX-14C5O-0011-R10a-SM-6872F.1,BRAIN,64.5,0.001020756054793,17.8104015296276,7.4,530.0
GTEX-14C5O-0011-R11b-SM-6872H.1,BRAIN,64.5,0.0025079372613817,17.422443259934976,8.3,530.0
GTEX-14C5O-0011-R1b-SM-6AJBW.1,BRAIN,64.5,0.001743141427547,22.74658516216567,8.2,530.0
GTEX-14C5O-0011-R2a-SM-5ZZV2.1,BRAIN,64.5,0.0020162261787764,29.359035148883564,7.9,530.0
GTEX-14C5O-0011-R6a-SM-5YYB6.1,BRAIN,64.5,0.0016754895122665,21.057984527336284,8.2,530.0
GTEX-14C5O-0011-R7b-SM-5YYAH.1,BRAIN,64.5,0.0021120124079996,20.76603110535892,9.1,530.0
GTEX-14C5O-0011-R8a-SM-5YYAG.1,BRAIN,64.5,0.0023787216551902,27.99092980662356,7.6,530.0
GTEX-14C5O-0126-SM-5SI6N.1,SKIN,64.5,0.0025248603430821,21.86178330013058,7.9,654.0
GTEX-14C5O-0326-SM-5ZZUX.1,SKIN,64.5,0.0020978068579471,20.934479102813903,7.9,685.0
GTEX-14C5O-0626-SM-664N2.1,MUSCLE,64.5,0.0027890439357848,7.292065846680345,8.7,713.0
GTEX-14C5O-1226-SM-664N3.1,HEART,64.5,0.0030974059404521,28.37839598601885,6.8,735.0
GTEX-14C5O-1326-SM-5S2UW.1,HEART,64.5,0.0002153305448002,3.8500036979469288,5.8,737.0
GTEX-14C5O-2926-SM-5RQI1.1,BRAIN,64.5,0.0016677673241602,16.383555303299804,7.1,797.0
GTEX-14C5O-3026-SM-5YYB2.1,BRAIN,64.5,0.0012665045419909,17.754191097806064,7.5,799.0
GTEX-14DAQ-0011-R11a-SM-664NO.1,BRAIN,64.5,0.0024816812349945,15.766441520104207,8.4,445.0
GTEX-14DAQ-0011-R3b-SM-5YYAJ.1,BRAIN,64.5,0.000565782165924,10.178272117924156,6.7,445.0
GTEX-14DAQ-0011-R4a-SM-5YYAI.1,BRAIN,64.5,0.0004405387962862,6.894043532866575,7.1,445.0
GTEX-14DAQ-0011-R5b-SM-5YYAK.1,BRAIN,64.5,0.000588542176982,9.343953063795457,8.3,445.0
GTEX-14DAQ-0126-SM-5S2MQ.1,SKIN,64.5,0.0022204163515092,31.567984129050664,8.0,448.0
GTEX-14DAQ-0326-SM-664MR.1,MUSCLE,64.5,0.0041552943386136,7.140396023076505,8.6,453.0
GTEX-14DAQ-0626-SM-793DS.1,SKIN,64.5,0.0018814803446939,25.87069694255327,7.1,464.0
GTEX-14DAQ-1026-SM-793B1.1,HEART,64.5,0.0024861939641399,37.34935787304856,7.7,493.0
GTEX-14DAQ-1126-SM-664MT.1,HEART,64.5,0.0010035247986819,9.20313775738874,7.2,495.0
GTEX-14DAQ-1726-SM-5S2R2.1,LIVER,64.5,0.0010058433247667,22.49679250566889,6.1,503.0
GTEX-14DAQ-3026-SM-5S2QZ.1,BRAIN,64.5,0.0027496768593707,15.994033929672185,7.0,547.0
GTEX-14DAQ-3126-SM-62LDS.1,BRAIN,64.5,0.0012598686640864,14.807355848611593,7.3,549.0
GTEX-14DAR-1226-SM-73KYV.1,SKIN,54.5,0.001999512971194,27.74934875264339,6.5,135.0
GTEX-14DAR-1826-SM-664N1.1,MUSCLE,54.5,0.0016286859175247,3.857240798862062,7.6,248.0
GTEX-14DAR-2026-SM-5S2O3.1,SKIN,54.5,0.0018886936070769,22.575976420618503,7.2,250.0
GTEX-14E1K-0326-SM-5S2PE.1,LIVER,54.5,0.0014799735809964,29.19970014329912,6.8,172.0
GTEX-14E1K-0826-SM-5ZZW9.1,HEART,54.5,0.0019110322330454,21.465227115597912,8.5,182.0
GTEX-14E1K-1026-SM-73KUR.1,HEART,54.5,0.0023100832406462,17.279889065349643,8.1,191.0
GTEX-14E1K-2026-SM-7DUEI.1,SKIN,54.5,0.0028647645493185,19.836605962930637,7.7,235.0
GTEX-14E1K-2326-SM-664MP.1,MUSCLE,54.5,0.0024705539169953,4.656883296899137,7.8,246.0
GTEX-14E6C-0011-R9a-SM-6EU33.1,BRAIN,44.5,0.0013474499620746,26.81699560387773,6.0,867.0
GTEX-14E6C-0126-SM-5RQIP.1,SKIN,44.5,0.0037651806006442,32.95370652938323,7.3,981.0
GTEX-14E6C-0326-SM-5Q5EE.1,HEART,44.5,0.0007942338129432,18.952534861094936,7.2,986.0
GTEX-14E6C-0426-SM-5YYA8.1,HEART,44.5,0.001300456321285,14.390205767102085,7.1,988.0
GTEX-14E6C-1526-SM-664ND.1,MUSCLE,44.5,0.0026912377605187,12.71322314804435,7.4,1009.0
GTEX-14E6C-2426-SM-5S2NF.1,SKIN,44.5,0.002387555805791,29.698464385880577,6.5,1034.0
GTEX-14E6D-0011-R10a-SM-5YY9C.1,BRAIN,54.5,0.0021290275526028,11.743174418852645,7.2,603.0
GTEX-14E6D-0011-R11b-SM-664NP.1,BRAIN,54.5,0.002037345632971,12.40752104215403,6.8,603.0
GTEX-14E6D-0011-R1b-SM-5YYAW.1,BRAIN,54.5,0.0004823462064621,7.349922092386402,6.1,603.0
GTEX-14E6D-0011-R5b-SM-69LQR.1,BRAIN,54.5,0.0005420497726713,12.308508472524467,8.1,603.0
GTEX-14E6D-0126-SM-62LDV.1,SKIN,54.5,0.0018574879956019,23.910663507950083,7.5,790.0
GTEX-14E6D-0326-SM-62LDX.1,MUSCLE,54.5,0.0028401418773109,7.31019016407396,8.2,813.0
GTEX-14E6D-0926-SM-5S2QV.1,HEART,54.5,0.0001075719923498,4.758696645570541,5.7,886.0
GTEX-14E6D-2926-SM-664OP.1,BRAIN,54.5,0.0008143419706719,7.726521621478946,6.4,1010.0
GTEX-14E6E-0526-SM-793DN.1,SKIN,34.5,0.0012450256477995,21.065231651032477,6.6,116.0
GTEX-14E6E-1826-SM-5S2R7.1,SKIN,34.5,0.0022444444312061,54.708917326412,7.3,395.0
GTEX-14E6E-2026-SM-664N5.1,MUSCLE,34.5,0.0031565106670467,6.476527966927243,8.1,401.0
GTEX-14E7W-0011-R10a-SM-5YYAX.1,BRAIN,74.5,0.0021655594806536,14.399398326614888,7.8,1076.0
GTEX-14E7W-0011-R11a-SM-5ZZVA.1,BRAIN,74.5,0.0016234604003978,12.844675647485984,8.2,1076.0
GTEX-14E7W-0011-R1b-SM-5YYAT.1,BRAIN,74.5,0.0007435171191878,16.645938260090528,7.1,1076.0
GTEX-14E7W-0011-R3b-SM-5YYB5.1,BRAIN,74.5,0.0008454138433345,8.305438817335693,6.0,1076.0
GTEX-14E7W-0011-R4b-SM-62LEA.1,BRAIN,74.5,0.0033455706956416,21.710214488983247,6.6,1076.0
GTEX-14E7W-0011-R5b-SM-664NS.1,BRAIN,74.5,0.0017938087353975,16.144841431636834,9.0,1076.0
GTEX-14E7W-0011-R6b-SM-5ZZV3.1,BRAIN,74.5,0.0019156954379946,16.10900935823437,7.8,1076.0
GTEX-14E7W-0011-R7b-SM-5ZZV4.1,BRAIN,74.5,0.0004128709187078,7.5594742042990895,6.0,1076.0
GTEX-14E7W-0011-R9a-SM-62LE6.1,BRAIN,74.5,0.0021893840289662,28.386438022238572,7.6,1076.0
GTEX-14E7W-0126-SM-6LLJ9.1,SKIN,74.5,0.0026573347520609,30.7225642273963,6.4,1146.0
GTEX-14E7W-1126-SM-5ZZVS.1,HEART,74.5,0.0021824855632499,43.61739899066537,6.3,1196.0
GTEX-14E7W-1226-SM-5RQIU.1,HEART,74.5,0.0001205076136732,3.5430263388517536,5.9,1198.0
GTEX-14E7W-1526-SM-6871X.1,LIVER,74.5,0.0009451177098062,18.38247536170452,7.3,1202.0
GTEX-14E7W-2926-SM-5S2R8.1,BRAIN,74.5,0.0024114839784706,14.758301166460452,6.2,1242.0
GTEX-14H4A-0426-SM-5ZZWO.1,HEART,44.5,0.001635691114812,17.21718367286541,8.4,470.0
GTEX-14H4A-0626-SM-5ZZUT.1,HEART,44.5,0.0019849656214945,15.039075018621713,8.4,481.0
GTEX-14H4A-0926-SM-5ZZUU.1,MUSCLE,44.5,0.0026656478550251,4.3529968462942525,6.8,490.0
GTEX-14ICK-0226-SM-6EU25.1,SKIN,44.5,0.0017456816997587,22.37219658453835,7.1,663.0
GTEX-14ICL-1626-SM-5YYAO.1,SKIN,34.5,0.0020173876234254,20.48934782385878,6.8,764.0
GTEX-14ICL-1926-SM-5RQIZ.1,MUSCLE,34.5,0.0036435872812183,6.324352926703175,8.4,860.0
GTEX-14JFF-0011-R11a-SM-5ZZV6.1,BRAIN,64.5,0.0013929268868749,10.269029356969714,8.1,739.0
GTEX-14JFF-0011-R4a-SM-5ZZV5.1,BRAIN,64.5,0.0007215595002206,7.1985059204034165,6.3,739.0
GTEX-14JFF-0626-SM-5ZZVT.1,SKIN,64.5,0.002164888945441,24.904336168845884,6.3,821.0
GTEX-14JFF-2826-SM-6871Q.1,BRAIN,64.5,0.0008815765348925,8.981533376501028,6.8,918.0
GTEX-14JG1-0011-R11a-SM-62LEE.1,BRAIN,44.5,0.0021523644965476,12.794074529169484,8.5,708.0
GTEX-14JG1-0011-R2a-SM-5ZZVE.1,BRAIN,44.5,0.0014232550402477,20.19048969229625,7.2,708.0
GTEX-14JG1-0011-R3a-SM-62LEC.1,BRAIN,44.5,0.0020864835113073,17.33063033972072,7.5,708.0
GTEX-14JG1-0011-R4b-SM-62LEB.1,BRAIN,44.5,0.0027595616127227,11.552290314795826,6.6,708.0
GTEX-14JG1-0011-R5a-SM-62LED.1,BRAIN,44.5,0.0017726440194724,13.940126350395156,8.1,708.0
GTEX-14JG1-0011-R6b-SM-5YYAU.1,BRAIN,44.5,0.0011189738302285,12.631875419454056,8.2,708.0
GTEX-14JG1-0011-R7b-SM-5YYAV.1,BRAIN,44.5,0.0005778452096265,13.965919453370295,8.5,708.0
GTEX-14JG1-0126-SM-5ZZUP.1,MUSCLE,44.5,0.0034534783347054,5.177195857947764,8.3,933.0
GTEX-14JG1-0426-SM-6ETZZ.1,SKIN,44.5,0.0022376080206472,20.35992191289677,7.3,938.0
GTEX-14JG1-0826-SM-5ZZWR.1,HEART,44.5,0.0051122674095541,32.82617750029705,7.3,948.0
GTEX-14JG1-1026-SM-6ETZY.1,HEART,44.5,0.0026081031894244,15.785628237888655,6.9,950.0
GTEX-14JG1-1526-SM-5YY9X.1,SKIN,44.5,0.0015622492676024,26.095243206446646,7.5,959.0
GTEX-14JG1-1626-SM-664NH.1,LIVER,44.5,0.0008473101192083,17.644274179937135,7.2,961.0
GTEX-14JG1-2926-SM-686ZK.1,BRAIN,44.5,0.0018951412905878,15.662778757356978,7.2,988.0
GTEX-14JG1-3026-SM-5YYAA.1,BRAIN,44.5,0.0010665123768589,11.07435582318944,6.4,989.0
GTEX-14JG6-1426-SM-9WG7C.1,SKIN,34.5,0.0018144737604791,30.37096590161569,8.3,135.0
GTEX-14JG6-2126-SM-6EU2F.1,MUSCLE,34.5,0.0025636637759018,6.91809829743035,8.5,281.0
GTEX-14JG6-2226-SM-6EU2G.1,SKIN,34.5,0.0020752596457194,24.945510057768143,7.5,280.0
GTEX-14JIY-0011-R10a-SM-6AJAO.1,BRAIN,64.5,0.0020974383120094,12.44322467164673,8.6,796.0
GTEX-14JIY-0011-R11b-SM-62LE8.1,BRAIN,64.5,0.0019169194955816,10.597099936047083,8.0,796.0
GTEX-14JIY-0011-R1a-SM-68713.1,BRAIN,64.5,0.000781106672308,9.351238041533117,8.0,796.0
GTEX-14JIY-0011-R3a-SM-5YYAQ.1,BRAIN,64.5,0.0018258136052797,12.518456555103755,6.7,796.0
GTEX-14JIY-0011-R4b-SM-5ZZV7.1,BRAIN,64.5,0.0020960390346349,17.445148239510996,7.3,796.0
GTEX-14JIY-0011-R5b-SM-62LE7.1,BRAIN,64.5,0.0025027964292624,16.443921807687328,7.9,796.0
GTEX-14JIY-0011-R6b-SM-68714.1,BRAIN,64.5,0.0014391386849367,15.358493623513944,8.1,796.0
GTEX-14JIY-0011-R8a-SM-6AJAP.1,BRAIN,64.5,0.0014667893458192,13.93526331124535,7.7,796.0
GTEX-14JIY-0011-R9a-SM-6EU34.1,BRAIN,64.5,0.0020225402939068,31.922272687538456,8.0,796.0
GTEX-14JIY-0126-SM-6LLH6.1,SKIN,64.5,0.0019004003003606,59.884636750362695,6.7,1031.0
GTEX-14JIY-0426-SM-62LF7.1,MUSCLE,64.5,0.0037430677787259,11.161775109128143,7.9,1038.0
GTEX-14JIY-1126-SM-6EU28.1,HEART,64.5,6.804209533635712e-05,1.9885066016900284,5.8,1051.0
GTEX-14JIY-2326-SM-6AJAJ.1,BRAIN,64.5,0.002164843110456,13.33465006241231,7.4,1139.0
GTEX-14JIY-2926-SM-69LPT.1,BRAIN,64.5,0.0012337753774229,10.633000339930057,6.8,1136.0
GTEX-14LLW-0011-R10a-SM-62LEG.1,BRAIN,74.5,0.0025933913643624,16.342190017105295,7.9,1360.0
GTEX-14LLW-0011-R11b-SM-62LEH.1,BRAIN,74.5,0.0012718946364747,28.703610763699302,7.8,1360.0
GTEX-14LLW-0011-R1a-SM-5ZZVD.1,BRAIN,74.5,0.0029633804485301,15.362228030310648,6.3,1360.0
GTEX-14LLW-0011-R3b-SM-62LFW.1,BRAIN,74.5,0.0008569574445409,22.114473885766863,6.4,1360.0
GTEX-14LLW-0011-R5b-SM-5ZZU6.1,BRAIN,74.5,0.001309735430179,25.511395818667204,7.7,1360.0
GTEX-14LLW-0011-R8a-SM-62LFG.1,BRAIN,74.5,0.0022319591028379,14.097840361103623,8.1,1360.0
GTEX-14LLW-0126-SM-6LLIO.1,SKIN,74.5,0.0019521547782247,34.36516251144361,7.6,1394.0
GTEX-14LLW-0526-SM-62LFB.1,MUSCLE,74.5,0.0041320768134928,9.337624916408393,7.3,1400.0
GTEX-14LLW-2626-SM-62LDZ.1,SKIN,74.5,0.0014142899341955,20.039958737067288,6.2,1416.0
GTEX-14LLW-2826-SM-62LE1.1,BRAIN,74.5,0.0007578904274412,15.338596875820048,6.2,1418.0
GTEX-14LZ3-0011-R10b-SM-6AJA9.1,BRAIN,64.5,0.0008553446604191,15.29698442299924,6.7,805.0
GTEX-14LZ3-0011-R1a-SM-69LP5.1,BRAIN,64.5,0.0001527607304128,6.126569104239207,6.6,805.0
GTEX-14LZ3-0011-R3a-SM-664NQ.1,BRAIN,64.5,0.0003028226023842,9.729605958916554,6.8,805.0
GTEX-14LZ3-0011-R5b-SM-5ZZV8.1,BRAIN,64.5,0.000294848968658,10.506773042267898,6.8,805.0
GTEX-14LZ3-0011-R6a-SM-686ZO.1,BRAIN,64.5,0.0004891871653672,5.335617067328952,7.1,805.0
GTEX-14LZ3-0011-R6a-SM-69LQM.1,BRAIN,64.5,0.0005111889414126,9.684879111428302,7.7,805.0
GTEX-14LZ3-0011-R6a-SM-D3L8C.1,BRAIN,64.5,0.0007657231292571,10.732864945542678,7.7,805.0
GTEX-14LZ3-0011-R7a-SM-69LQN.1,BRAIN,64.5,0.000134228845517,4.796402414802632,7.4,805.0
GTEX-14LZ3-0011-R8b-SM-69LOZ.1,BRAIN,64.5,0.0003896057486532,9.073262662880309,6.9,805.0
GTEX-14LZ3-0011-R8b-SM-69LP6.1,BRAIN,64.5,0.001324375176277,35.544452152312935,8.3,805.0
GTEX-14LZ3-0011-R8b-SM-COH3M.1,BRAIN,64.5,0.0004969486616448,10.010222741278811,6.9,805.0
GTEX-14LZ3-0126-SM-69LPM.1,SKIN,64.5,0.0039919893746886,30.906175227217336,7.5,877.0
GTEX-14LZ3-0226-SM-62LET.1,SKIN,64.5,0.0022431009676448,26.12957710459611,6.1,880.0
GTEX-14LZ3-0626-SM-5ZZWP.1,MUSCLE,64.5,0.0032508577990263,7.919418014114145,8.0,898.0
GTEX-14LZ3-2926-SM-5YY8T.1,BRAIN,64.5,0.0002577585993365,10.80860318103728,5.7,976.0
GTEX-14LZ3-3026-SM-5ZZVU.1,BRAIN,64.5,0.0007754372376748,12.569766299827783,6.1,978.0
GTEX-14PHW-0011-R6b-SM-5YYAR.1,BRAIN,64.5,0.0001151510180273,3.07339027418985,5.7,1155.0
GTEX-14PHW-0126-SM-6LLJI.1,SKIN,64.5,0.0024024717378996,28.705546775151543,8.0,1209.0
GTEX-14PHX-0526-SM-664NW.1,LIVER,54.5,0.0015536175494068,37.20169503228443,6.5,147.0
GTEX-14PHX-0626-SM-5YY8Z.1,HEART,54.5,0.0015298038816141,23.851908737212312,6.2,148.0
GTEX-14PHX-2126-SM-6EU2U.1,HEART,54.5,0.0019060175663228,14.502772015598994,7.6,175.0
GTEX-14PHX-2226-SM-6EU2P.1,SKIN,54.5,0.0016482945610261,25.456702571746906,6.0,180.0
GTEX-14PHX-2326-SM-62LEM.1,SKIN,54.5,0.0016169239838206,19.16078121630782,7.4,258.0
GTEX-14PHY-0226-SM-5ZZWM.1,HEART,64.5,0.0013396425562549,11.447447787281371,8.1,479.0
GTEX-14PHY-0326-SM-62LE3.1,HEART,64.5,0.0010867612291112,28.346084482640222,6.4,492.0
GTEX-14PHY-1226-SM-5ZZWK.1,SKIN,64.5,0.0013612052782511,22.921952059640372,7.5,542.0
GTEX-14PII-0226-SM-6EU1T.1,SKIN,64.5,0.0023542079335082,21.2717696916583,7.7,613.0
GTEX-14PII-0626-SM-69LPY.1,MUSCLE,64.5,0.00273648239132,11.99752061773845,8.4,633.0
GTEX-14PII-0726-SM-6EU2B.1,SKIN,64.5,0.0020794600078598,19.68163696139793,7.5,651.0
GTEX-14PII-1026-SM-5ZZVW.1,HEART,64.5,0.0020101739000545,49.3593156618024,7.6,667.0
GTEX-14PJ2-0326-SM-6EU2Q.1,MUSCLE,54.5,0.0015761773727628,5.243153753060742,6.2,424.0
GTEX-14PJ2-0626-SM-6LLII.1,SKIN,54.5,0.0025650092293269,31.64930700628471,6.8,451.0
GTEX-14PJ2-1026-SM-6EU1M.1,HEART,54.5,0.0004429861805977,9.68049200056338,5.9,472.0
GTEX-14PJ2-1126-SM-69LOD.1,HEART,54.5,0.0014508390291227,15.00671883577959,6.4,473.0
GTEX-14PJ3-1126-SM-5ZZVX.1,SKIN,54.5,0.0011783773551259,20.6115573612454,6.0,191.0
GTEX-14PJ3-1826-SM-62LEX.1,SKIN,54.5,0.0017858130253802,24.81498909685665,7.4,231.0
GTEX-14PJ3-2026-SM-5ZZVK.1,MUSCLE,54.5,0.0017038527047949,4.507354836475573,8.5,238.0
GTEX-14PJ4-0226-SM-5YY92.1,SKIN,64.5,0.0012156253772025,20.95410142662976,7.5,97.0
GTEX-14PJ4-0926-SM-5YY98.1,HEART,64.5,0.0011510242678787,17.00496294812988,8.6,118.0
GTEX-14PJ4-1126-SM-5YY91.1,HEART,64.5,0.0013105989746171,15.267828461897498,8.8,129.0
GTEX-14PJ4-2426-SM-6EU1U.1,MUSCLE,64.5,0.001818120487003,6.923686592292419,8.3,255.0
GTEX-14PJ5-1526-SM-6LLIL.1,SKIN,64.5,0.0022692217190915,24.591188884978017,7.7,192.0
GTEX-14PJ5-2026-SM-6LLIN.1,MUSCLE,64.5,0.0030419825816616,7.411835333847217,8.1,206.0
GTEX-14PJ6-0626-SM-686Z6.1,HEART,64.5,0.0015793237667264,28.01927188957231,8.7,97.0
GTEX-14PJ6-0726-SM-69LOL.1,HEART,64.5,0.0018058997896056,11.600220199757636,8.3,98.0
GTEX-14PJ6-2126-SM-6EU1V.1,SKIN,64.5,0.0017914756305289,19.492316360137472,6.7,134.0
GTEX-14PJ6-2326-SM-6ETZR.1,MUSCLE,64.5,0.001949364926967,6.669192229830189,7.9,138.0
GTEX-14PJ6-2626-SM-6EU2T.1,SKIN,64.5,0.00191509963667,22.787271228924265,6.5,137.0
GTEX-14PJM-0011-R10a-SM-686ZP.1,BRAIN,54.5,0.0017572414982523,11.1845246162767,6.0,427.0
GTEX-14PJM-0011-R1a-SM-6AJAG.1,BRAIN,54.5,0.0005078882802112,9.028085395637804,6.5,427.0
GTEX-14PJM-0011-R1a-SM-6EU2Z.1,BRAIN,54.5,0.0006249406153862,16.26185880032873,7.9,427.0
GTEX-14PJM-0011-R1a-SM-CNPO3.1,BRAIN,54.5,0.000571181767273,9.294953182220423,6.5,427.0
GTEX-14PJM-0011-R3b-SM-5ZZV9.1,BRAIN,54.5,0.0016879634362169,21.0130481986138,5.8,427.0
GTEX-14PJM-0011-R4a-SM-5YYAS.1,BRAIN,54.5,0.0007204580017866,10.8857447611205,6.8,427.0
GTEX-14PJM-0011-R6a-SM-6872G.1,BRAIN,54.5,0.0017456137680636,15.340146573437774,8.6,427.0
GTEX-14PJM-0011-R7a-SM-6AJBX.1,BRAIN,54.5,0.0008050142042192,13.652681956202455,7.8,427.0
GTEX-14PJM-0011-R8b-SM-69LPD.1,BRAIN,54.5,0.0010387182071979,11.640429155045933,6.7,427.0
GTEX-14PJM-0011-R9b-SM-6EU35.1,BRAIN,54.5,0.0021997735120343,33.894972668115585,7.7,427.0
GTEX-14PJM-0226-SM-62LF1.1,SKIN,54.5,0.0024573236367629,31.455350259926107,8.1,523.0
GTEX-14PJM-0426-SM-5ZZVN.1,MUSCLE,54.5,0.0027504554035625,6.971382022779966,8.0,529.0
GTEX-14PJM-0826-SM-6LLIW.1,HEART,54.5,0.0113372327495427,24.358861183055623,6.2,562.0
GTEX-14PJM-1126-SM-6LLHK.1,HEART,54.5,0.0021716512939924,48.39400665708284,6.8,569.0
GTEX-14PJM-3026-SM-6LLHM.1,BRAIN,54.5,0.0023113641173529,15.984719366123302,7.4,619.0
GTEX-14PJM-3126-SM-6EU2R.1,BRAIN,54.5,0.0011429242186141,11.562919018821663,5.8,621.0
GTEX-14PJN-1826-SM-6AJ98.1,SKIN,34.5,0.0017699960860933,22.831271482647296,7.6,440.0
GTEX-14PJN-2126-SM-6AJBM.1,MUSCLE,34.5,0.0012150977518786,4.638054295794775,8.4,529.0
GTEX-14PJO-0011-R10a-SM-686ZS.1,BRAIN,64.5,0.0007610910427283,9.31929063568617,7.1,520.0
GTEX-14PJO-0011-R1b-SM-6AJAK.1,BRAIN,64.5,0.0003254349602451,9.878949792233728,7.4,520.0
GTEX-14PJO-0011-R2a-SM-5ZZVF.1,BRAIN,64.5,0.0004646249688113,9.182714528312662,6.7,520.0
GTEX-14PJO-0011-R3a-SM-6AJBY.1,BRAIN,64.5,0.0007590893910755,14.587973151532454,6.4,520.0
GTEX-14PJO-0011-R5a-SM-6AJBZ.1,BRAIN,64.5,0.0009420849029689,16.948066257777274,7.4,520.0
GTEX-14PJO-0011-R7a-SM-664NR.1,BRAIN,64.5,0.000648959385173,11.60991999489183,6.4,520.0
GTEX-14PJO-0011-R8a-SM-6AJAL.1,BRAIN,64.5,0.0004385799425782,7.039095713429422,8.3,520.0
GTEX-14PJO-0011-R9b-SM-62LE9.1,BRAIN,64.5,0.0022049236732667,46.08191527322184,7.5,520.0
GTEX-14PJO-0526-SM-6EU2O.1,MUSCLE,64.5,0.0030687632438525,6.167623144680476,6.2,648.0
GTEX-14PJO-0826-SM-6ETZK.1,HEART,64.5,0.0025655234575806,26.198674364822264,7.7,657.0
GTEX-14PJO-1726-SM-68719.1,LIVER,64.5,0.0005484638798961,12.075411472630906,5.8,673.0
GTEX-14PJO-2526-SM-6AJBQ.1,SKIN,64.5,0.0014455171949877,25.707685813176973,6.9,686.0
GTEX-14PJO-2926-SM-686ZI.1,BRAIN,64.5,0.0004035260756507,7.828671045019528,6.0,694.0
GTEX-14PK6-0226-SM-62LF5.1,SKIN,74.5,0.0008383218193454,23.81206388779714,5.8,85.0
GTEX-14PK6-0726-SM-6LLIX.1,HEART,74.5,0.0012932836038598,15.17966091075535,7.8,102.0
GTEX-14PK6-0826-SM-5ZZVO.1,HEART,74.5,0.0018462615455452,13.653809934353498,7.3,105.0
GTEX-14PK6-1926-SM-6ETZU.1,SKIN,74.5,0.0027898144130369,31.120424711928845,6.0,245.0
GTEX-14PK6-2126-SM-6ETZV.1,MUSCLE,74.5,0.0021623840198183,6.916306518309988,7.0,249.0
GTEX-14PKU-0008-SM-E9U4G.1,SKIN,44.5,0.0063427893636095,116.2657956912495,9.9,308.0
GTEX-14PKU-0126-SM-6LLHV.1,SKIN,44.5,0.0016724091925854,23.988236891917357,7.6,137.0
GTEX-14PKV-0008-SM-E9U4H.1,SKIN,24.5,0.0058135953792945,186.234422119859,9.9,359.0
GTEX-14PKV-1126-SM-6LLJ1.1,SKIN,24.5,0.0014629315953743,23.002155808593617,6.6,379.0
GTEX-14PN3-0008-SM-E76Q7.1,SKIN,64.5,0.0056313865694328,140.32473963339763,9.9,289.0
GTEX-14PN3-0526-SM-69LQF.1,HEART,64.5,0.0015271114033588,12.746333294590288,8.2,93.0
GTEX-14PN3-0726-SM-6EU14.1,HEART,64.5,0.0016504112385081,18.990151433913717,8.1,96.0
GTEX-14PN3-2426-SM-6LLHS.1,SKIN,64.5,0.00183672313195,24.090240830017912,7.7,289.0
GTEX-14PN4-0008-SM-E9U4N.1,SKIN,54.5,0.0062422993900864,181.4313177376735,10.0,1046.0
GTEX-14PN4-0011-R10b-SM-69LP2.1,BRAIN,54.5,0.0014405164656303,8.564627622528077,8.1,1024.0
GTEX-14PN4-0011-R11a-SM-686ZW.1,BRAIN,54.5,0.0026572487675199,15.3641000212118,8.8,1024.0
GTEX-14PN4-0011-R1b-SM-69LP8.1,BRAIN,54.5,0.0009171573892354,13.636807492176084,6.1,1024.0
GTEX-14PN4-0011-R2a-SM-6EU2Y.1,BRAIN,54.5,0.0015636121199242,30.035856933150672,7.1,1024.0
GTEX-14PN4-0011-R3b-SM-686ZU.1,BRAIN,54.5,0.0016904209672304,10.498926668954452,9.4,1024.0
GTEX-14PN4-0011-R4a-SM-686ZT.1,BRAIN,54.5,0.0009492209151581,20.10927857115932,6.9,1024.0
GTEX-14PN4-0011-R5a-SM-686ZV.1,BRAIN,54.5,0.001308892830063,15.85162253799791,6.5,1024.0
GTEX-14PN4-0011-R6b-SM-69LQU.1,BRAIN,54.5,0.0009957112860568,16.593211945853877,8.0,1024.0
GTEX-14PN4-0011-R7b-SM-69LQQ.1,BRAIN,54.5,0.0013788354651716,16.613797922377316,7.5,1024.0
GTEX-14PN4-0011-R8a-SM-6EU1H.1,BRAIN,54.5,0.0013459874773468,23.321478645815237,7.0,1024.0
GTEX-14PN4-0011-R9a-SM-6LLH9.1,BRAIN,54.5,0.0010957108186236,40.17447081039769,6.9,1024.0
GTEX-14PN4-0126-SM-6EU2V.1,SKIN,54.5,0.002967183452704,28.822593126621214,7.5,1045.0
GTEX-14PN4-0326-SM-6EU2N.1,MUSCLE,54.5,0.0013384888341178,9.585486596779278,7.7,1052.0
GTEX-14PN4-0826-SM-69LON.1,HEART,54.5,0.0030667974533432,35.68923014535443,6.7,1096.0
GTEX-14PN4-3026-SM-664O4.1,BRAIN,54.5,0.0019247040458451,15.057340931894544,6.8,1212.0
GTEX-14PQA-0008-SM-E6CPD.1,SKIN,54.5,0.0048909397525665,143.39914607597078,9.9,1164.0
GTEX-14PQA-0011-R10a-SM-6AJAA.1,BRAIN,54.5,0.0013397678953631,18.97127483168236,7.0,1109.0
GTEX-14PQA-0011-R1b-SM-6EU1G.1,BRAIN,54.5,0.0006921932095809,17.607623781761347,7.5,1109.0
GTEX-14PQA-0011-R3b-SM-69LQO.1,BRAIN,54.5,0.0006011477298855,16.47308766041874,6.9,1109.0
GTEX-14PQA-0011-R4b-SM-6AJBU.1,BRAIN,54.5,0.000482761184384,11.765587015620556,7.1,1109.0
GTEX-14PQA-0011-R5b-SM-6AJC2.1,BRAIN,54.5,0.0007755574562375,20.44123183984033,6.2,1109.0
GTEX-14PQA-0011-R6b-SM-6AJAM.1,BRAIN,54.5,0.0007286770569769,9.644596200282033,6.2,1109.0
GTEX-14PQA-0011-R8b-SM-6AJAB.1,BRAIN,54.5,0.0006182622590013,18.97670590504012,6.9,1109.0
GTEX-14PQA-0526-SM-7KUFS.1,MUSCLE,54.5,0.0021732252446034,6.173552003660451,7.2,1177.0
GTEX-14XAO-0008-SM-E9U4M.1,SKIN,64.5,0.0048648927878641,162.0692784736613,10.0,265.0
GTEX-14XAO-0226-SM-68728.1,LIVER,64.5,0.0010129822937226,35.82827321201558,6.7,94.0
GTEX-14XAO-0926-SM-69LPZ.1,HEART,64.5,0.0017699283013977,27.028051001948707,9.4,114.0
GTEX-14XAO-1126-SM-6EU11.1,HEART,64.5,0.0030684579914202,35.30752216839901,8.8,122.0
GTEX-14XAO-1226-SM-6EU1C.1,SKIN,64.5,0.0023476190218205,97.61105691881018,7.6,125.0
GTEX-14XAO-2226-SM-6LLHU.1,MUSCLE,64.5,0.0019770160202262,8.796858750613016,7.3,263.0
GTEX-14XAO-2326-SM-6EU1B.1,SKIN,64.5,0.0028229538309178,32.65974619681138,7.4,265.0
GTEX-15CHC-0008-SM-E9U4J.1,SKIN,64.5,0.0067715950261571,110.09063707147408,9.8,273.0
GTEX-15CHC-0326-SM-5ZZVP.1,HEART,64.5,0.0012943270757266,26.262215136418167,7.3,194.0
GTEX-15CHC-0426-SM-6LLHI.1,HEART,64.5,0.0025312806289375,18.211777734599558,8.7,196.0
GTEX-15CHC-1126-SM-6LLHQ.1,SKIN,64.5,0.0024409911281788,24.726359683167438,6.0,218.0
GTEX-15CHC-2126-SM-6EU21.1,SKIN,64.5,0.0021291387695978,24.40788369976276,6.7,273.0
GTEX-15CHC-2426-SM-6EU22.1,MUSCLE,64.5,0.0018868349193128,4.054735503687869,7.7,288.0
GTEX-15CHQ-0008-SM-E9U4I.1,SKIN,64.5,0.0050498513628128,162.54436967396032,9.3,851.0
GTEX-15CHQ-0011-R10b-SM-6AJBV.1,BRAIN,64.5,0.0022741754702611,15.586639280704455,8.0,800.0
GTEX-15CHQ-0011-R11b-SM-686ZZ.1,BRAIN,64.5,0.0045396799757984,14.85705454192562,8.0,800.0
GTEX-15CHQ-0011-R1a-SM-6AJAH.1,BRAIN,64.5,0.0008465061297034,14.586924972080276,7.2,800.0
GTEX-15CHQ-0011-R1a-SM-6EU31.1,BRAIN,64.5,0.0012899795269162,26.199066983362467,8.0,800.0
GTEX-15CHQ-0011-R1a-SM-COH27.1,BRAIN,64.5,0.001147336742667,15.707850917516506,7.2,800.0
GTEX-15CHQ-0011-R2b-SM-6AJAD.1,BRAIN,64.5,0.0019343277927659,23.856346567814366,7.7,800.0
GTEX-15CHQ-0011-R3b-SM-686ZY.1,BRAIN,64.5,0.0025428448467594,16.875484675856544,8.1,800.0
GTEX-15CHQ-0011-R4a-SM-686ZX.1,BRAIN,64.5,0.0011251290990449,17.033767378381405,7.7,800.0
GTEX-15CHQ-0011-R5b-SM-6AJAN.1,BRAIN,64.5,0.0025463706955251,23.37207979701747,8.6,800.0
GTEX-15CHQ-0011-R6b-SM-69LOX.1,BRAIN,64.5,0.0020470508740215,17.507970110559324,8.6,800.0
GTEX-15CHQ-0011-R7b-SM-69LP1.1,BRAIN,64.5,0.0023678184822676,20.22637663290236,8.0,800.0
GTEX-15CHQ-0011-R7b-SM-6AJAC.1,BRAIN,64.5,0.0017023225004504,19.983935836409483,8.2,800.0
GTEX-15CHQ-0011-R7b-SM-D4P1Q.1,BRAIN,64.5,0.0033584594794303,22.18150822155668,8.0,800.0
GTEX-15CHQ-0011-R8b-SM-6AJAI.1,BRAIN,64.5,0.0015631839870922,14.446547623940026,7.3,800.0
GTEX-15CHQ-0011-R8b-SM-6EU32.1,BRAIN,64.5,0.0019567430271366,22.385976287097225,8.2,800.0
GTEX-15CHQ-0011-R8b-SM-CNPO4.1,BRAIN,64.5,0.0015990230667941,13.44216593770482,7.3,800.0
GTEX-15CHQ-0011-R9a-SM-6LLHX.1,BRAIN,64.5,0.0028994778335892,51.254861553636246,8.2,800.0
GTEX-15CHQ-0326-SM-69LQD.1,SKIN,64.5,0.0018463416884364,29.397146681363655,6.1,854.0
GTEX-15CHQ-0726-SM-6EU18.1,MUSCLE,64.5,0.0030578790816621,13.959526635750771,7.7,881.0
GTEX-15CHQ-1326-SM-6871Z.1,HEART,64.5,0.004996939831825,47.4513236570986,7.6,891.0
GTEX-15CHQ-1526-SM-69LPW.1,HEART,64.5,5.931868738154689e-05,2.219590951642267,5.8,894.0
GTEX-15CHR-0008-SM-E9U4K.1,SKIN,54.5,0.0059367272877214,127.44436463371332,9.9,404.0
GTEX-15CHR-0226-SM-7PC2Z.1,HEART,54.5,0.0015872228573031,10.441575684027985,8.0,179.0
GTEX-15CHR-0326-SM-7DHN3.1,HEART,54.5,0.0012846277458984,22.41115880941662,8.1,187.0
GTEX-15CHR-1126-SM-7EWF4.1,SKIN,54.5,0.0010016833806141,18.708307833673217,6.3,220.0
GTEX-15CHR-2426-SM-7DUFX.1,MUSCLE,54.5,0.0016530207414785,6.630607176840294,7.3,411.0
GTEX-15CHS-0011-R11b-SM-68711.1,BRAIN,54.5,0.0017913962131997,9.553755372532205,6.4,797.0
GTEX-15CHS-0011-R1a-SM-68712.1,BRAIN,54.5,0.0002948008819756,5.312683813926587,7.6,797.0
GTEX-15CHS-0011-R2a-SM-6EU2X.1,BRAIN,54.5,0.0004772270292702,10.000644708812134,6.3,797.0
GTEX-15CHS-0011-R3a-SM-6AJAE.1,BRAIN,54.5,0.0003747821136975,11.025165187002536,6.9,797.0
GTEX-15CHS-0011-R3a-SM-6EU1E.1,BRAIN,54.5,0.0005262220227972,11.14267870153189,6.2,797.0
GTEX-15CHS-0011-R4b-SM-6EU1D.1,BRAIN,54.5,0.0003560018550336,8.973542279069898,6.6,797.0
GTEX-15CHS-0011-R5b-SM-69LP3.1,BRAIN,54.5,0.0001890490205325,6.215725201492734,7.2,797.0
GTEX-15CHS-0011-R5b-SM-69LPA.1,BRAIN,54.5,0.0002513330950205,7.360286617600765,7.3,797.0
GTEX-15CHS-0011-R6a-SM-6AJC1.1,BRAIN,54.5,0.0004410404121873,6.321380491370058,7.8,797.0
GTEX-15CHS-0011-R7a-SM-69LQL.1,BRAIN,54.5,0.0001447574506635,4.852483543011225,6.1,797.0
GTEX-15CHS-0011-R8a-SM-6EU1L.1,BRAIN,54.5,0.001869951458187,7.785527982146259,5.9,797.0
GTEX-15CHS-0011-R9b-SM-6LLH8.1,BRAIN,54.5,0.0016401382788977,28.96569558053123,7.9,797.0
GTEX-15CHS-0526-SM-6EU2D.1,MUSCLE,54.5,0.0032798339631304,6.780000539086579,8.0,917.0
GTEX-15CHS-0626-SM-6AJA3.1,SKIN,54.5,0.0022695203987114,32.069117328022735,6.7,922.0
GTEX-15CHS-1426-SM-6871W.1,LIVER,54.5,0.000464931692674,11.923946771505223,5.8,971.0
GTEX-15D1Q-0008-SM-E9U4L.1,SKIN,44.5,0.0059673849065328,142.81933153966028,10.0,682.0
GTEX-15D1Q-0126-SM-7KUG6.1,SKIN,44.5,0.0029247468693895,24.259327943782317,6.3,680.0
GTEX-15D1Q-0426-SM-6AJ9G.1,HEART,44.5,0.0003556154570209,29.37932449988454,6.2,697.0
GTEX-15D1Q-2826-SM-6LLH7.1,SKIN,44.5,0.0022338731938692,22.82988191298984,7.0,747.0
GTEX-15D79-0008-SM-E6CPM.1,SKIN,54.5,0.0062125868562266,128.9613367014241,10.0,907.0
GTEX-15D79-0526-SM-6ETZP.1,MUSCLE,54.5,0.0046077141783708,7.404303931955298,8.2,966.0
GTEX-15DCD-0008-SM-E76Q6.1,SKIN,74.5,0.0068729343806225,91.9101212468129,9.8,693.0
GTEX-15DCD-0011-R10b-SM-6LPII.1,BRAIN,74.5,0.0015719943150603,10.505652490157596,8.8,635.0
GTEX-15DCD-0011-R11a-SM-69LP4.1,BRAIN,74.5,0.001692473985889,20.389445056194678,8.1,635.0
GTEX-15DCD-0011-R11a-SM-6AJAF.1,BRAIN,74.5,0.0017153854404403,15.207823347391344,8.4,635.0
GTEX-15DCD-0011-R11a-SM-D4P1R.1,BRAIN,74.5,0.00193477728597,21.71175390622971,8.1,635.0
GTEX-15DCD-0011-R1b-SM-6LPIJ.1,BRAIN,74.5,0.0003377329602226,6.318962697606179,7.6,635.0
GTEX-15DCD-0011-R2b-SM-6LPIE.1,BRAIN,74.5,0.0007736237417639,13.541403642328351,6.8,635.0
GTEX-15DCD-0011-R3b-SM-69LOY.1,BRAIN,74.5,0.0011246627931499,15.896346471051302,7.5,635.0
GTEX-15DCD-0011-R3b-SM-6EU1I.1,BRAIN,74.5,0.0016518782993572,20.951086805453045,7.5,635.0
GTEX-15DCD-0011-R3b-SM-D4P1P.1,BRAIN,74.5,0.0015256098138444,17.4632631109897,7.5,635.0
GTEX-15DCD-0011-R4a-SM-69LPB.1,BRAIN,74.5,0.0005702330254711,14.930884976065569,7.5,635.0
GTEX-15DCD-0011-R5a-SM-69LPC.1,BRAIN,74.5,0.0006944036537088,15.146981513857805,8.0,635.0
GTEX-15DCD-0011-R5a-SM-6EU1F.1,BRAIN,74.5,0.0008060927383135,16.91980729432727,7.1,635.0
GTEX-15DCD-0011-R5a-SM-CXZKZ.1,BRAIN,74.5,0.0009559997127777,18.029098670133056,8.0,635.0
GTEX-15DCD-0011-R6b-SM-6M46L.1,BRAIN,74.5,0.0011081409143359,16.41488883874621,8.4,635.0
GTEX-15DCD-0011-R7b-SM-6LPID.1,BRAIN,74.5,0.0004855322273746,11.339111554322848,7.8,635.0
GTEX-15DCD-0011-R8b-SM-7KUEF.1,BRAIN,74.5,0.001210982151982,18.933359711079497,7.4,635.0
GTEX-15DCD-0011-R9b-SM-7KUED.1,BRAIN,74.5,0.0018163610519958,40.12635448494119,7.5,635.0
GTEX-15DCD-0126-SM-7KUEK.1,SKIN,74.5,0.0027051820663573,29.967425030073223,7.9,692.0
GTEX-15DCD-0626-SM-7KUG7.1,MUSCLE,74.5,0.0036046211007523,11.45033384774876,8.7,709.0
GTEX-15DCD-2926-SM-7KULT.1,BRAIN,74.5,0.0011859780678504,13.73921676114658,6.5,758.0
GTEX-15DCE-0008-SM-E6CPF.1,SKIN,24.5,0.0045554171765866,208.78832536782772,9.6,670.0
GTEX-15DCE-0826-SM-7KULW.1,HEART,24.5,0.0014334976187488,14.97912938909416,6.7,693.0
GTEX-15DCZ-0526-SM-686Z3.1,MUSCLE,24.5,0.0020938267687852,18.181874051499157,8.1,554.0
GTEX-15DCZ-0626-SM-6AJ9I.1,SKIN,24.5,0.0029018880175474,52.75874862075732,6.5,556.0
GTEX-15DCZ-1126-SM-6871O.1,HEART,24.5,0.0005527568211365,12.61643056732454,6.3,585.0
GTEX-15DDE-0008-SM-E6CPH.1,SKIN,54.5,0.0064166785560598,138.5587032940696,9.9,628.0
GTEX-15DDE-0011-R10a-SM-7KUKW.1,BRAIN,54.5,0.0005451844902242,6.78380782390184,6.9,594.0
GTEX-15DDE-0011-R10a-SM-7KULA.1,BRAIN,54.5,0.0007704010538646,7.762168726142887,7.5,594.0
GTEX-15DDE-0011-R11b-SM-6LPIF.1,BRAIN,54.5,0.0033915809013018,13.162150286728387,7.8,594.0
GTEX-15DDE-0011-R4b-SM-7KULI.1,BRAIN,54.5,0.0003699535111682,7.952944721116116,6.8,594.0
GTEX-15DDE-0011-R5b-SM-7KULJ.1,BRAIN,54.5,0.00061948583309,18.735720882387483,7.4,594.0
GTEX-15DDE-0011-R9b-SM-6M46U.1,BRAIN,54.5,0.000748153702084,16.919016351639886,7.4,594.0
GTEX-15DDE-0126-SM-6LPKH.1,SKIN,54.5,0.0041403849692126,30.23526336528609,8.1,628.0
GTEX-15DDE-0526-SM-6ETZQ.1,MUSCLE,54.5,0.0051113253173737,10.244183510480934,8.1,635.0
GTEX-15DDE-1126-SM-6LLHN.1,HEART,54.5,0.0017932620195105,12.054356964623413,5.9,654.0
GTEX-15DDE-2926-SM-6LLJ3.1,SKIN,54.5,0.0024546441161302,26.383410534846394,7.4,689.0
GTEX-15DDE-3026-SM-6AJ9C.1,BRAIN,54.5,0.0019089104884633,15.269922912007427,6.9,695.0
GTEX-15DYW-0008-SM-E76Q4.1,SKIN,64.5,0.005632703188078,147.62902747294032,9.9,494.0
GTEX-15DYW-0011-R11a-SM-6LPIT.1,BRAIN,64.5,0.002247437861061,12.648237425603394,9.0,427.0
GTEX-15DYW-0011-R2b-SM-7KUKY.1,BRAIN,64.5,0.0008088513705439,10.260422881053344,7.3,427.0
GTEX-15DYW-0011-R3b-SM-6LPIM.1,BRAIN,64.5,0.0007115392634643,10.105070561436172,6.7,427.0
GTEX-15DYW-0011-R4a-SM-6M46V.1,BRAIN,64.5,0.0014433493322956,17.9588953761113,8.0,427.0
GTEX-15DYW-0011-R5a-SM-6M46W.1,BRAIN,64.5,0.0010405813651451,13.076646446448226,8.6,427.0
GTEX-15DYW-0011-R6b-SM-6PALA.1,BRAIN,64.5,0.001140205938938,16.500594063088002,7.1,427.0
GTEX-15DYW-0011-R7a-SM-7KULG.1,BRAIN,64.5,0.0004552344617665,8.243489102286178,7.4,427.0
GTEX-15DYW-0011-R9b-SM-6PALB.1,BRAIN,64.5,0.0016616433966576,36.01310033794476,8.0,427.0
GTEX-15DYW-0126-SM-7KULE.1,SKIN,64.5,0.0028436361158817,39.16004257520517,8.5,493.0
GTEX-15DYW-1126-SM-6LPK5.1,HEART,64.5,0.0004357232117591,6.371828806423365,6.7,541.0
GTEX-15DYW-1326-SM-6LPIV.1,LIVER,64.5,0.0008673850871008,18.562132434257396,7.0,545.0
GTEX-15DYW-2726-SM-6EU2I.1,SKIN,64.5,0.003517871207575,27.46026668572256,5.9,566.0
GTEX-15DYW-3026-SM-7KFRM.1,BRAIN,64.5,0.0024286100196164,16.388237634618676,7.3,586.0
GTEX-15DZA-0008-SM-E76Q2.1,SKIN,34.5,0.0050360519278775,213.4888308786684,10.0,255.0
GTEX-15DZA-2026-SM-6PANE.1,MUSCLE,34.5,0.0026404226172605,9.9246499699074,8.6,250.0
GTEX-15EO6-0008-SM-E6CPJ.1,SKIN,54.5,0.005284782101687,139.6384554766528,9.8,1395.0
GTEX-15EO6-0011-R11b-SM-6M47M.1,BRAIN,54.5,0.0034491874359289,18.4636263237327,10.0,1375.0
GTEX-15EO6-0011-R2a-SM-6M46R.1,BRAIN,54.5,0.0008529840315397,27.66870358215433,7.5,1375.0
GTEX-15EO6-0011-R3b-SM-7KUDY.1,BRAIN,54.5,0.0017610944101333,16.11625602337185,8.0,1375.0
GTEX-15EO6-0011-R4a-SM-7KUKZ.1,BRAIN,54.5,0.0013482638967733,15.677307968061392,7.6,1375.0
GTEX-15EO6-0011-R4a-SM-7KULH.1,BRAIN,54.5,0.0013753662112042,17.818453392668186,7.0,1375.0
GTEX-15EO6-0011-R5b-SM-7KUDZ.1,BRAIN,54.5,0.0017325138331281,22.75000312795985,9.3,1375.0
GTEX-15EO6-0011-R6a-SM-7KULK.1,BRAIN,54.5,0.0007384261936021,16.536045246951474,7.4,1375.0
GTEX-15EO6-0011-R7a-SM-6M46Q.1,BRAIN,54.5,0.0009297556823711,17.99424463741369,7.9,1375.0
GTEX-15EO6-0011-R9a-SM-6PALG.1,BRAIN,54.5,0.0014675211732687,39.63494099813958,8.3,1375.0
GTEX-15EO6-2426-SM-6PALZ.1,SKIN,54.5,0.0021122498320056,23.328098402553763,7.4,1432.0
GTEX-15EO6-2826-SM-6PANB.1,MUSCLE,54.5,0.002798858204953,6.451706369900164,8.0,1434.0
GTEX-15EO6-2926-SM-6M48D.1,BRAIN,54.5,0.0031446957850018,16.888742154313878,7.5,1437.0
GTEX-15EO6-3026-SM-7KUMA.1,BRAIN,54.5,0.0015187623912884,10.596692320215809,7.4,1438.0
GTEX-15EOM-0008-SM-E6CPI.1,SKIN,24.5,0.005887895571258,90.93755053447929,9.9,181.0
GTEX-15EOM-0126-SM-7KUGG.1,SKIN,24.5,0.0073018834411278,45.38726502515448,7.6,186.0
GTEX-15EOM-0326-SM-6LLJH.1,MUSCLE,24.5,0.0006492392006963,14.8403056462562,6.5,189.0
GTEX-15EOM-0626-SM-6LPKI.1,HEART,24.5,0.0014712581606168,12.824330109916875,7.9,200.0
GTEX-15EOM-5004-SM-79ONJ.1,MUSCLE,24.5,0.0017156875255661,10.097674202610222,6.6,190.0
GTEX-15EOM-5007-SM-793DG.1,HEART,24.5,0.0023448339532501,21.458692770594592,7.7,200.0
GTEX-15ER7-0008-SM-E6CPG.1,SKIN,24.5,0.0052482223814708,98.548075254934,9.9,1366.0
GTEX-15ER7-0011-R11a-SM-6LPIL.1,BRAIN,24.5,0.0037253332205129,17.047821785946446,9.0,1272.0
GTEX-15ER7-0011-R1b-SM-7KUE1.1,BRAIN,24.5,0.0011216869358674,15.005515221518149,8.1,1272.0
GTEX-15ER7-0011-R2a-SM-6M46O.1,BRAIN,24.5,0.0027136779743755,16.82138997504098,8.0,1272.0
GTEX-15ER7-0011-R3a-SM-6LPIK.1,BRAIN,24.5,0.0010992425960139,16.52608823276944,7.1,1272.0
GTEX-15ER7-0011-R4a-SM-6M46S.1,BRAIN,24.5,0.0008133956404165,12.257569636262389,6.7,1272.0
GTEX-15ER7-0011-R5b-SM-6M46T.1,BRAIN,24.5,0.0014004185265341,16.098137283979902,9.5,1272.0
GTEX-15ER7-0011-R6a-SM-6M46M.1,BRAIN,24.5,0.0014716852130151,14.998457375691393,9.2,1272.0
GTEX-15ER7-0011-R7a-SM-6M46N.1,BRAIN,24.5,0.0009122264264217,14.97655757731784,9.2,1272.0
GTEX-15ER7-0011-R8a-SM-7KUL2.1,BRAIN,24.5,0.0011741011444356,11.998371580082404,8.1,1272.0
GTEX-15ER7-0011-R9b-SM-6PALF.1,BRAIN,24.5,0.0019651178592333,42.977255409559575,7.9,1272.0
GTEX-15ER7-0226-SM-7KUEU.1,MUSCLE,24.5,0.0037573579530683,8.316765788339849,8.7,1363.0
GTEX-15ER7-0326-SM-7KUEV.1,SKIN,24.5,0.0029987602292404,24.649770807525435,8.5,1365.0
GTEX-15ER7-0626-SM-6PANF.1,SKIN,24.5,0.0023346557253326,31.43107279171902,8.2,1371.0
GTEX-15ER7-0826-SM-6PALW.1,HEART,24.5,0.0023088101954686,32.61672305648896,8.3,1374.0
GTEX-15ER7-1726-SM-6PAMX.1,HEART,24.5,0.0017155635676041,13.623928673227224,7.6,1392.0
GTEX-15ER7-1826-SM-6LLI7.1,LIVER,24.5,0.0004599630178695,11.750780922830794,6.9,1393.0
GTEX-15ER7-3026-SM-6M47W.1,BRAIN,24.5,0.0022143535162022,15.73178653967503,7.1,1411.0
GTEX-15ER7-3126-SM-7KUGH.1,BRAIN,24.5,0.0010134862638768,13.033428250073902,6.9,1414.0
GTEX-15ETS-0008-SM-E8VNG.1,SKIN,44.5,0.0083121568007888,113.82156130515312,9.9,593.0
GTEX-15ETS-0126-SM-7KUMW.1,SKIN,44.5,0.001685477609289,18.50765543933986,7.3,416.0
GTEX-15ETS-0326-SM-6PANH.1,MUSCLE,44.5,0.0020229442770402,6.90408153415063,7.5,437.0
GTEX-15EU6-0008-SM-E8VNH.1,SKIN,54.5,0.0081599723944857,165.96139620585893,10.0,301.0
GTEX-15EU6-0426-SM-6PAN5.1,SKIN,54.5,0.002919828379397,20.35914040690146,8.6,290.0
GTEX-15EU6-1326-SM-6PANG.1,HEART,54.5,0.0018083800138465,18.82603620924418,8.2,328.0
GTEX-15EU6-2226-SM-6EU2L.1,SKIN,54.5,0.0025934204100319,24.298787857161443,8.1,371.0
GTEX-15F5U-0008-SM-E8VMZ.1,SKIN,44.5,0.0065504643522064,172.2973032651686,9.8,875.0
GTEX-15F5U-1526-SM-6PANO.1,SKIN,44.5,0.0015112305488871,22.33157727885138,8.1,878.0
GTEX-15F5U-1826-SM-6LLJF.1,MUSCLE,44.5,0.0036267110485219,8.509365267274147,7.5,880.0
GTEX-15FZZ-0008-SM-E8VNI.1,SKIN,34.5,0.0066737651260627,91.59771648944844,10.0,420.0
GTEX-15FZZ-0526-SM-7KUGD.1,SKIN,34.5,0.0015285655376115,27.13026505994139,6.8,350.0
GTEX-15G19-0011-R10b-SM-7KUG4.1,BRAIN,64.5,0.0021709923644332,19.11031915952385,7.9,509.0
GTEX-15G19-0011-R11b-SM-6LPIH.1,BRAIN,64.5,0.0023676724023925,15.236913545794176,7.9,509.0
GTEX-15G19-0011-R3a-SM-6LPIG.1,BRAIN,64.5,0.0004049450837236,8.877180784119465,6.6,509.0
GTEX-15G19-0011-R5b-SM-6M46P.1,BRAIN,64.5,0.0010847792860111,32.95452597919438,8.4,509.0
GTEX-15G19-0011-R6b-SM-7KUM3.1,BRAIN,64.5,0.0003982037319803,9.16451596368101,7.3,509.0
GTEX-15G19-0011-R7b-SM-6M479.1,BRAIN,64.5,0.0003573293217219,12.90426088697932,7.2,509.0
GTEX-15G19-0011-R8b-SM-7KUL1.1,BRAIN,64.5,0.0005081853903054,12.86824065639646,6.3,509.0
GTEX-15G19-0011-R9b-SM-7KUEE.1,BRAIN,64.5,0.0013415579027298,39.11588954164032,7.4,509.0
GTEX-15G19-0126-SM-6PANQ.1,SKIN,64.5,0.0028095475167894,37.66900863193751,7.5,589.0
GTEX-15G19-0526-SM-6PAMT.1,MUSCLE,64.5,0.0049375534338244,11.513238903277308,7.9,601.0
GTEX-15G19-2426-SM-7KUMR.1,SKIN,64.5,0.0040098613105487,50.936668787789216,6.5,676.0
GTEX-15G19-2826-SM-6M48K.1,BRAIN,64.5,0.0020639272018141,15.87949555199658,7.3,687.0
GTEX-15G19-2926-SM-7KUFL.1,BRAIN,64.5,0.0014402803189729,15.553085496686196,6.5,689.0
GTEX-15G1A-0008-SM-E76Q5.1,SKIN,34.5,0.0063706591062801,145.2221925121292,9.8,252.0
GTEX-15G1A-1626-SM-7KUKN.1,SKIN,34.5,0.0012604354810001,48.95320907883851,8.3,102.0
GTEX-15G1A-2026-SM-7KUFG.1,MUSCLE,34.5,0.0035901482412011,17.02707450739421,6.8,249.0
GTEX-15RIE-0008-SM-EAZCH.1,SKIN,64.5,0.0051877633065142,157.7792865910796,10.0,374.0
GTEX-15RIE-1326-SM-6PAMM.1,HEART,64.5,0.0019213047575055,20.34178000721228,7.0,275.0
GTEX-15RIE-1726-SM-7KUMU.1,HEART,64.5,0.0024323263538165,25.01819470867491,8.7,285.0
GTEX-15RIE-1926-SM-7KUKJ.1,SKIN,64.5,0.0027843304876952,28.29020860781256,6.5,291.0
GTEX-15RIE-2426-SM-7KUDS.1,MUSCLE,64.5,0.0026014254196272,6.114438114428746,8.0,392.0
GTEX-15RIF-0008-SM-EAZ34.1,SKIN,24.5,0.0047349220946205,159.8319035407245,9.9,349.0
GTEX-15RIF-1926-SM-7KUDW.1,SKIN,24.5,0.0040351878573155,23.914322763278804,7.7,368.0
GTEX-15RIF-2126-SM-7KUM8.1,MUSCLE,24.5,0.0043774152915047,9.070935385923308,8.0,372.0
GTEX-15RIG-0008-SM-EAZCG.1,SKIN,44.5,0.0061317793310102,161.95070333085843,9.9,501.0
GTEX-15RIG-0226-SM-7KFTL.1,SKIN,44.5,0.0014804818552821,14.777209014378604,7.3,500.0
GTEX-15RIG-0426-SM-7KUF4.1,MUSCLE,44.5,0.0031466851132517,4.764557830467104,8.2,505.0
GTEX-15RIG-0726-SM-7KUM7.1,SKIN,44.5,0.0013347499538065,12.982652089561835,5.8,512.0
GTEX-15RJ7-0008-SM-EAZCD.1,SKIN,44.5,0.0060092916934379,143.07860030698106,9.8,303.0
GTEX-15RJ7-0226-SM-7KUMN.1,HEART,44.5,0.0018618012572247,14.92893288140235,7.8,177.0
GTEX-15RJ7-2026-SM-6LPJ4.1,LIVER,44.5,0.0014962793488768,43.79107255008604,8.9,258.0
GTEX-15RJ7-2126-SM-6PAMD.1,SKIN,44.5,0.0024161831094391,41.5614513202922,8.3,266.0
GTEX-15RJ7-2426-SM-6M48L.1,MUSCLE,44.5,0.002121237018343,6.964569474439206,8.0,280.0
GTEX-15RJE-0008-SM-EAZ31.1,SKIN,44.5,0.0058686613804471,137.54120164700504,10.0,1220.0
GTEX-15RJE-0011-R2b-SM-79OMP.1,BRAIN,44.5,0.0012648633094156,23.575898221890277,6.7,1150.0
GTEX-15RJE-0011-R6a-SM-7DHL8.1,BRAIN,44.5,0.0015033243659043,15.84752226140738,8.2,1150.0
GTEX-15RJE-0011-R7a-SM-7DHL9.1,BRAIN,44.5,0.0016907237304266,18.78601388400862,8.4,1150.0
GTEX-15RJE-0626-SM-7KUKR.1,HEART,44.5,0.0005776228988242,7.232356668589079,6.5,1301.0
GTEX-15RJE-0726-SM-7KUEG.1,HEART,44.5,0.0016163557962648,28.031875100326832,6.8,1304.0
GTEX-15RJE-1126-SM-6LPI5.1,LIVER,44.5,0.0005208467912003,12.366940663698596,6.2,1337.0
GTEX-15RJE-2826-SM-7KUM9.1,SKIN,44.5,0.0016062983976885,18.11065705326352,6.2,1380.0
GTEX-15RJE-3026-SM-7KUM1.1,BRAIN,44.5,0.0006660331723498,15.64182282164144,6.4,1415.0
GTEX-15SB6-0008-SM-EAZCE.1,SKIN,54.5,0.0057455593795585,143.7876982016154,9.6,714.0
GTEX-15SB6-1726-SM-6PAME.1,SKIN,54.5,0.0049157062259189,18.10768087709011,6.7,717.0
GTEX-15SB6-1826-SM-6PALN.1,MUSCLE,54.5,0.0028650489278951,7.007586952208858,8.6,713.0
GTEX-15SDE-0008-SM-EAZCF.1,SKIN,54.5,0.0054399971395242,153.5943846828028,9.8,337.0
GTEX-15SDE-1826-SM-7KUFN.1,HEART,54.5,0.0023244140336686,30.324025704358125,6.1,277.0
GTEX-15SDE-2226-SM-7IGLO.1,SKIN,54.5,0.001815500289863,30.820908034586772,6.1,339.0
GTEX-15SDE-2326-SM-6PAL4.1,MUSCLE,54.5,0.0014913024079405,6.643601319838012,8.3,342.0
GTEX-15SHU-0008-SM-EAZ35.1,SKIN,44.5,0.0053581659699043,126.59827185632558,9.8,1080.0
GTEX-15SHU-0011-R3a-SM-7IGPS.1,BRAIN,44.5,0.0012756760813085,12.879150628134092,5.8,1020.0
GTEX-15SHU-0011-R4b-SM-7IGLC.1,BRAIN,44.5,0.0012787583792048,13.582419799558332,6.2,1020.0
GTEX-15SHU-0011-R5a-SM-7938Q.1,BRAIN,44.5,0.0015032672135447,24.46941181396958,9.0,1020.0
GTEX-15SHU-0126-SM-7KUEH.1,SKIN,44.5,0.002243169572798,24.280163104939387,8.4,1079.0
GTEX-15SHU-0626-SM-7KUFH.1,MUSCLE,44.5,0.0038964543345418,7.573927861223785,8.3,1111.0
GTEX-15SHU-0926-SM-6PAMK.1,HEART,44.5,0.0004282508390243,9.62540863562542,6.5,1137.0
GTEX-15SHU-1126-SM-7KUMB.1,HEART,44.5,0.0004052733145726,4.977578447436764,6.5,1143.0
GTEX-15SHU-1826-SM-7KUKS.1,LIVER,44.5,0.0003998814899996,10.958585581400204,7.1,1158.0
GTEX-15SHU-3026-SM-6LPIB.1,BRAIN,44.5,0.0015507345695962,15.524119987218327,7.2,1205.0
GTEX-15SHU-3126-SM-6M46H.1,BRAIN,44.5,0.0010382986186923,11.786232882782816,7.3,1206.0
GTEX-15SHV-0008-SM-EAZCA.1,SKIN,64.5,0.0060748004042099,179.35684256426626,10.0,288.0
GTEX-15SHV-0526-SM-7KUEN.1,HEART,64.5,0.0017546136573839,37.37181619917124,8.0,205.0
GTEX-15SHV-2426-SM-6PAMF.1,SKIN,64.5,0.0047951116040948,16.546323668488895,7.0,286.0
GTEX-15SHV-2526-SM-6PAMG.1,MUSCLE,64.5,0.0040571237393281,9.349598224299802,9.4,291.0
GTEX-15SHW-0008-SM-EAZ33.1,SKIN,64.5,0.006776137965974,208.5213691037824,10.0,575.0
GTEX-15SHW-0226-SM-7LTAT.1,SKIN,64.5,0.0040562914577509,96.98232868091137,7.5,491.0
GTEX-15SHW-0326-SM-6PAML.1,SKIN,64.5,0.0033476627350615,50.55450867090855,7.1,573.0
GTEX-15SHW-0726-SM-7KUEI.1,MUSCLE,64.5,0.0047532453716719,8.883030010754245,8.8,589.0
GTEX-15SHW-1226-SM-6M46C.1,HEART,64.5,0.0001755573898267,2.156759462076689,5.7,626.0
GTEX-15SKB-0008-SM-EAZ36.1,SKIN,64.5,0.006638599530198,211.3049608482043,9.9,448.0
GTEX-15SKB-0926-SM-7KUFC.1,HEART,64.5,0.0031794109008604,23.55761276455604,6.4,549.0
GTEX-15SKB-2526-SM-6PALP.1,MUSCLE,64.5,0.0020167606213797,5.1028248073827,8.2,606.0
GTEX-15SKB-2826-SM-6PAMH.1,SKIN,64.5,0.0041040786435706,28.962146272862928,7.6,612.0
GTEX-15SZO-0008-SM-EAZ38.1,SKIN,54.5,0.0075131893389757,167.9522125187763,10.0,1093.0
GTEX-15SZO-1226-SM-6LPIP.1,LIVER,54.5,0.0006282573528796,11.726821839386911,5.9,1126.0
GTEX-15TU5-0011-R10b-SM-793BL.1,BRAIN,64.5,0.0013673066940852,20.36557275571297,7.7,592.0
GTEX-15TU5-0011-R1a-SM-7938S.1,BRAIN,64.5,0.0007610788428308,12.958546354439274,8.5,592.0
GTEX-15TU5-0011-R8b-SM-793BM.1,BRAIN,64.5,0.0013117588142181,17.733702423897626,7.8,592.0
GTEX-15TU5-0226-SM-6PALR.1,SKIN,64.5,0.001737353302407,26.982523364095897,7.4,679.0
GTEX-15TU5-0626-SM-7KUFJ.1,MUSCLE,64.5,0.0053704700289546,18.173206179476235,6.6,685.0
GTEX-15TU5-1426-SM-7KUN6.1,HEART,64.5,0.0004676750265828,6.355228917373776,6.1,702.0
GTEX-15TU5-2426-SM-7KUDU.1,SKIN,64.5,0.0024268893409056,53.878667946438654,7.3,718.0
GTEX-15TU5-2926-SM-7KUML.1,BRAIN,64.5,0.0016311644406012,26.786857967448,7.0,735.0
GTEX-15UF6-0008-SM-EAZCB.1,SKIN,74.5,0.0062412027211324,108.84291132426524,9.9,588.0
GTEX-15UF6-0011-R10b-SM-9OSVF.1,BRAIN,74.5,0.0003107189030043,6.28325243918796,6.3,537.0
GTEX-15UF6-0011-R1a-SM-9QEGH.1,BRAIN,74.5,0.0003264163924113,7.739297666571616,6.2,537.0
GTEX-15UF6-0826-SM-6PALJ.1,SKIN,74.5,0.0027846700962243,23.941700022153142,7.8,588.0
GTEX-15UF6-1026-SM-7KUF7.1,MUSCLE,74.5,0.0021591465194151,7.309477940053974,7.3,590.0
GTEX-15UF6-1926-SM-7KUDV.1,SKIN,74.5,0.0028053351272668,40.05373328405017,8.1,605.0
GTEX-15UF6-3026-SM-7KUKL.1,BRAIN,74.5,0.0005021853692092,7.496767257605562,5.9,652.0
GTEX-15UF7-0008-SM-EAZ37.1,SKIN,44.5,0.0067986964858888,141.7636697928407,10.0,447.0
GTEX-15UF7-1526-SM-6LPI7.1,HEART,44.5,0.0016712133043512,31.659931466338328,9.2,324.0
GTEX-15UF7-2226-SM-6PAMQ.1,MUSCLE,44.5,0.0019299257628983,10.720916548679645,7.4,451.0
GTEX-15UKP-0008-SM-EAZ3A.1,SKIN,24.5,0.0056427947377813,202.3234880493916,9.9,481.0
GTEX-15UKP-0326-SM-7KUFP.1,MUSCLE,24.5,0.0045001621486528,11.610712822272305,8.0,479.0
GTEX-15UKP-0426-SM-7KUFQ.1,SKIN,24.5,0.0042032799398462,48.725174415314825,6.8,481.0
GTEX-15UKP-1526-SM-6PAL9.1,SKIN,24.5,0.0021197102805427,29.29702303253544,6.9,569.0
GTEX-169BO-0008-SM-EAZ32.1,SKIN,54.5,0.0066667824889885,168.94642298433584,9.8,154.0
GTEX-169BO-1326-SM-9MQK2.1,SKIN,54.5,0.0015219245156154,16.966285063606943,6.5,155.0
GTEX-169BO-1526-SM-9KNVR.1,MUSCLE,54.5,0.0017549280086845,5.205591823683432,8.0,160.0
GTEX-16A39-0008-SM-EAZC9.1,SKIN,34.5,0.0059016840451747,133.53285134007427,10.0,581.0
GTEX-16AAH-0008-SM-EAZC5.1,SKIN,54.5,0.0055425382871807,220.2085214189817,10.0,248.0
GTEX-16AAH-0626-SM-793C9.1,SKIN,54.5,0.001204565532059,22.329100594475907,7.6,166.0
GTEX-16AAH-1726-SM-7939C.1,SKIN,54.5,0.0025659525301487,28.19669526799504,8.6,248.0
GTEX-16AAH-1826-SM-7939D.1,MUSCLE,54.5,0.0021777023549061,8.458383333162544,8.6,252.0
GTEX-16BQI-0008-SM-EAZCC.1,SKIN,34.5,0.0061934086155936,133.30369632212907,10.0,756.0
GTEX-16BQI-0226-SM-7KUEX.1,SKIN,34.5,0.0028042805875848,24.09334769415354,7.8,712.0
GTEX-16BQI-0326-SM-6PAM4.1,MUSCLE,34.5,0.0033540496308816,8.222935254944202,8.2,713.0
GTEX-16BQI-0926-SM-6M485.1,HEART,34.5,0.0028064864153294,16.915854556513636,7.8,784.0
GTEX-16BQI-1326-SM-6M486.1,SKIN,34.5,0.0019694977493943,31.26704961248853,7.4,809.0
GTEX-16GPK-0008-SM-EAZ39.1,SKIN,64.5,0.0047537885782903,164.41438498673742,9.8,654.0
GTEX-16GPK-0011-R10b-SM-7MKFG.1,BRAIN,64.5,0.0005426815624478,8.854851047109358,7.2,570.0
GTEX-16GPK-0011-R11b-SM-7MKFF.1,BRAIN,64.5,0.0015688083892244,10.243074952099953,7.5,570.0
GTEX-16GPK-0011-R1b-SM-7EWDH.1,BRAIN,64.5,0.0005359433813004,12.203270466167258,6.3,570.0
GTEX-16GPK-0011-R8a-SM-79OMQ.1,BRAIN,64.5,0.0006628548843974,11.55471510163563,6.7,570.0
GTEX-16GPK-0126-SM-7DHLE.1,SKIN,64.5,0.0018083107618259,29.368124282079297,8.4,653.0
GTEX-16GPK-0526-SM-7KUER.1,MUSCLE,64.5,0.0033755043507695,8.740523386614028,7.3,661.0
GTEX-16GPK-0626-SM-7KFSF.1,SKIN,64.5,0.0033937535224105,50.051237784544085,6.7,663.0
GTEX-16GPK-1226-SM-7KUE6.1,HEART,64.5,0.0015019308707093,51.576091465461566,6.8,682.0
GTEX-16GPK-1226-SM-7LTAU.1,HEART,64.5,0.0014647741152683,51.21317325494865,6.8,682.0
GTEX-16GPK-3026-SM-79ON9.1,BRAIN,64.5,0.0005118407473674,12.563970065509851,6.5,717.0
GTEX-16MT8-0008-SM-EAZC3.1,SKIN,64.5,0.0055929517017222,144.8608928198213,10.0,447.0
GTEX-16MT8-0326-SM-6PAM5.1,MUSCLE,64.5,0.0028115990431251,8.417742232983352,7.2,445.0
GTEX-16MT8-0426-SM-7KUEY.1,SKIN,64.5,0.0019279791173309,19.884194843936307,6.6,447.0
GTEX-16MT8-0826-SM-7KULO.1,HEART,64.5,0.0022763224600382,25.56958323437632,6.6,468.0
GTEX-16MT8-0926-SM-6M487.1,HEART,64.5,0.0002495573435066,4.159271084629086,6.1,470.0
GTEX-16MT8-2926-SM-7DUFO.1,SKIN,64.5,0.0015243474127248,24.694259852500178,7.2,499.0
GTEX-16MT9-0008-SM-EAZC8.1,SKIN,64.5,0.0047618469112225,93.75683416961664,9.8,588.0
GTEX-16MT9-0126-SM-7EPI8.1,SKIN,64.5,0.0020182691991534,109.92905203491554,6.9,477.0
GTEX-16MTA-0008-SM-EAZC6.1,SKIN,54.5,0.0058347550145958,149.4734549017411,10.0,259.0
GTEX-16MTA-0926-SM-6M47Z.1,SKIN,54.5,0.0008920739083281,16.059707965806666,6.0,143.0
GTEX-16MTA-2026-SM-7KUL3.1,MUSCLE,54.5,0.0021360770459073,5.017194652035765,8.3,252.0
GTEX-16NFA-0526-SM-7KULM.1,HEART,54.5,0.0018592102435167,15.581790581418694,7.7,212.0
GTEX-16NFA-1526-SM-7KULS.1,SKIN,54.5,0.0018940424777221,20.739676639854107,7.2,276.0
GTEX-16NFA-2326-SM-7KUE5.1,SKIN,54.5,0.0024845520747085,26.335935642622367,7.8,304.0
GTEX-16NFA-2426-SM-7KUL5.1,MUSCLE,54.5,0.0027069477637568,4.612447846873472,8.3,308.0
GTEX-16NGA-0008-SM-EAZC7.1,SKIN,44.5,0.0068619634723064,138.91380146985296,10.0,227.0
GTEX-16NGA-0726-SM-731AO.1,SKIN,44.5,0.0016611412817715,21.52746247098654,8.1,126.0
GTEX-16NGA-1726-SM-731B4.1,SKIN,44.5,0.0019985650736427,20.53048572040397,7.1,227.0
GTEX-16NGA-1926-SM-7LTA6.1,MUSCLE,44.5,0.00218995728877,5.541323582733984,9.0,226.0
GTEX-16NPV-0008-SM-EAZC2.1,SKIN,54.5,0.0059368342465091,126.39252038020916,10.0,619.0
GTEX-16NPV-0011-R10a-SM-79OKA.1,BRAIN,54.5,0.0006731695839928,32.38532598223731,7.0,540.0
GTEX-16NPV-0011-R11a-SM-7IGMK.1,BRAIN,54.5,0.0003119958484119,6.449318788362696,6.1,540.0
GTEX-16NPV-0011-R1b-SM-7MGVZ.1,BRAIN,54.5,0.0001584814542894,3.670346044696578,5.6,540.0
GTEX-16NPV-0011-R5a-SM-7EPGK.1,BRAIN,54.5,0.0005111848280165,16.307994385824216,6.9,540.0
GTEX-16NPV-0011-R8a-SM-7EPH8.1,BRAIN,54.5,0.0005064127382806,8.57380499064293,6.9,540.0
GTEX-16NPV-0011-R9b-SM-79ONF.1,BRAIN,54.5,0.0004414631941196,18.9258866508438,6.6,540.0
GTEX-16NPV-2426-SM-6M482.1,MUSCLE,54.5,0.001376292704685,7.381640166943579,7.0,652.0
GTEX-16NPX-0008-SM-EAZC1.1,SKIN,54.5,0.0063593097279624,172.14040425204038,9.6,565.0
GTEX-16NPX-0226-SM-79OMT.1,SKIN,54.5,0.0017192063763059,22.215752933381253,6.7,564.0
GTEX-16NPX-0626-SM-7KULB.1,MUSCLE,54.5,0.0033528234931044,9.380252500020289,8.6,570.0
GTEX-16NPX-0726-SM-7KULC.1,SKIN,54.5,0.0028601556952678,37.79544908123286,7.6,574.0
GTEX-16NPX-0826-SM-6M489.1,HEART,54.5,0.0018236547473824,21.653966770040284,8.0,605.0
GTEX-16NPX-0926-SM-7KUEZ.1,HEART,54.5,0.0012165287139099,10.598291157976425,6.1,607.0
GTEX-16XZY-0008-SM-EAZCI.1,SKIN,74.5,0.0052512319689555,174.0853291408374,9.9,670.0
GTEX-16XZY-0426-SM-793BI.1,HEART,74.5,0.0015269604563625,14.693409474408078,7.6,465.0
GTEX-16XZY-0526-SM-7DHKY.1,HEART,74.5,0.0010109359617746,16.144080668640523,8.3,469.0
GTEX-16XZY-2126-SM-79OK1.1,SKIN,74.5,0.0015455400922657,33.37872109239764,7.0,671.0
GTEX-16XZY-2226-SM-7938N.1,MUSCLE,74.5,0.0032623964481054,11.403042244052276,8.5,755.0
GTEX-16XZZ-0008-SM-EAZCJ.1,SKIN,64.5,0.0063446051126688,136.92781691719446,10.0,441.0
GTEX-16XZZ-0011-R10b-SM-7LT91.1,BRAIN,64.5,0.0015698544701264,17.44217303565103,8.0,322.0
GTEX-16XZZ-0011-R11a-SM-7EPI3.1,BRAIN,64.5,0.0005679553892101,9.768232470606716,6.8,322.0
GTEX-16XZZ-0011-R1a-SM-7LTAH.1,BRAIN,64.5,0.000976349371489,21.2026381236768,8.1,322.0
GTEX-16XZZ-0011-R2a-SM-7IGPG.1,BRAIN,64.5,0.0001760931704916,4.063549214133301,5.8,322.0
GTEX-16XZZ-0011-R3a-SM-7IGLH.1,BRAIN,64.5,0.0003280260501638,7.412971927398911,6.1,322.0
GTEX-16XZZ-0011-R6a-SM-7IGNE.1,BRAIN,64.5,0.0001820404196489,4.374701447745902,6.0,322.0
GTEX-16XZZ-0011-R7b-SM-7MGVT.1,BRAIN,64.5,0.0001530445139934,4.062181127670312,5.6,322.0
GTEX-16XZZ-0011-R8b-SM-7LT8S.1,BRAIN,64.5,0.0003245013109628,6.008337284343127,6.3,322.0
GTEX-16XZZ-0011-R9b-SM-7DHKX.1,BRAIN,64.5,0.0023193611280415,61.69230949342633,8.0,322.0
GTEX-16XZZ-0126-SM-793DV.1,SKIN,64.5,0.0024443338620549,25.861952041106928,7.8,440.0
GTEX-16XZZ-0526-SM-7KUF1.1,MUSCLE,64.5,0.0023846929222572,8.235873375932474,7.8,463.0
GTEX-16XZZ-0726-SM-7KUF2.1,SKIN,64.5,0.0020993268795664,28.267902215341515,6.9,477.0
GTEX-16XZZ-1026-SM-7DHKS.1,HEART,64.5,0.0019732793971912,56.56064332538213,8.3,485.0
GTEX-16XZZ-2926-SM-6LPK4.1,BRAIN,64.5,0.000615078745324,11.791337718991484,6.6,520.0
GTEX-16XZZ-3026-SM-79OMJ.1,BRAIN,64.5,0.0010371688308041,12.615792836944683,6.5,522.0
GTEX-16YQH-0008-SM-EAZB8.1,SKIN,34.5,0.0066295774361523,146.29637843717956,10.0,905.0
GTEX-16YQH-0011-R10b-SM-7LT8U.1,BRAIN,34.5,0.0011570689376057,12.195643781159877,6.9,814.0
GTEX-16YQH-0011-R11b-SM-7LT98.1,BRAIN,34.5,0.0042401240934259,16.513906965642075,8.9,814.0
GTEX-16YQH-0011-R1a-SM-7LT8R.1,BRAIN,34.5,0.0013767392002366,13.742740217000486,7.8,814.0
GTEX-16YQH-0011-R3a-SM-7EPGM.1,BRAIN,34.5,0.0021579006891402,17.40615688976238,6.8,814.0
GTEX-16YQH-0011-R4a-SM-7EPGI.1,BRAIN,34.5,0.0030362713733098,22.6469944065198,6.8,814.0
GTEX-16YQH-0011-R5b-SM-7938U.1,BRAIN,34.5,0.002669743251825,26.398601574298844,9.3,814.0
GTEX-16YQH-0011-R6b-SM-7938T.1,BRAIN,34.5,0.0017078323540593,18.857240043535167,8.7,814.0
GTEX-16YQH-0011-R7a-SM-79ON1.1,BRAIN,34.5,0.002057098971583,17.652199254468314,6.7,814.0
GTEX-16YQH-0011-R8a-SM-7DUFB.1,BRAIN,34.5,0.0022705054808293,21.38180135325436,7.5,814.0
GTEX-16YQH-0126-SM-7DUFJ.1,SKIN,34.5,0.0022148428058175,32.04471060370423,7.5,904.0
GTEX-16YQH-0426-SM-7KUL7.1,MUSCLE,34.5,0.0039824274739191,7.386075827846783,8.5,921.0
GTEX-16YQH-0726-SM-7IGM1.1,HEART,34.5,0.0028122038663563,30.528133334943096,6.1,939.0
GTEX-16YQH-0926-SM-793BC.1,HEART,34.5,0.0027453075435506,19.87392648288274,7.8,944.0
GTEX-16YQH-2226-SM-7IGM2.1,SKIN,34.5,0.0058268702449323,30.753014581270623,6.1,1013.0
GTEX-16YQH-2926-SM-6LPJE.1,BRAIN,34.5,0.0018829755314199,15.386874077542132,6.0,1055.0
GTEX-16YQH-3026-SM-79OMM.1,BRAIN,34.5,0.0007473688979466,11.42917863913725,6.7,1057.0
GTEX-16Z82-0008-SM-EAZBX.1,SKIN,64.5,0.0071789045450329,126.66009083459696,10.0,519.0
GTEX-16Z82-0011-R10a-SM-79OJX.1,BRAIN,64.5,0.0008799906770238,10.49555797480684,7.0,460.0
GTEX-16Z82-0011-R11a-SM-79OKJ.1,BRAIN,64.5,0.0009033912160973,6.316159923176036,7.1,460.0
GTEX-16Z82-0011-R1b-SM-7EPHZ.1,BRAIN,64.5,0.000576949589899,8.608469817822844,6.9,460.0
GTEX-16Z82-0011-R2b-SM-79OK9.1,BRAIN,64.5,0.0007830061128478,14.102220382835812,7.1,460.0
GTEX-16Z82-0011-R5a-SM-7EPGB.1,BRAIN,64.5,0.0002397533236008,6.313247155816892,6.8,460.0
GTEX-16Z82-0011-R6a-SM-7IGLV.1,BRAIN,64.5,0.0002766900097502,5.709877528751004,6.1,460.0
GTEX-16Z82-0011-R7a-SM-7MKGJ.1,BRAIN,64.5,0.0007428923151716,6.728904251996678,6.9,460.0
GTEX-16Z82-0011-R8a-SM-7DUEX.1,BRAIN,64.5,0.0011334678077217,16.84930321445336,7.5,460.0
GTEX-16Z82-0011-R9a-SM-7DUFA.1,BRAIN,64.5,0.002743878085194,33.16355044687609,7.5,460.0
GTEX-16Z82-0126-SM-7DHLF.1,MUSCLE,64.5,0.0028413432819818,10.319684370264332,8.3,516.0
GTEX-16Z82-2626-SM-7KULU.1,SKIN,64.5,0.0015753264511479,25.412735299260994,7.0,562.0
GTEX-16Z82-2926-SM-6LPJJ.1,BRAIN,64.5,0.0004497046347618,5.621170224029494,6.0,591.0
GTEX-16Z82-3026-SM-79ON3.1,BRAIN,64.5,0.0007678650081729,13.77916653603144,6.7,593.0
GTEX-178AV-0008-SM-EAZBY.1,SKIN,44.5,0.0057917720621143,146.87952745161542,10.0,257.0
GTEX-178AV-1726-SM-7KUL8.1,SKIN,44.5,0.0026588245306648,31.72866537021334,8.2,248.0
GTEX-17EUY-0008-SM-EAZB9.1,SKIN,24.5,0.0076451507990174,128.12511232484636,10.0,388.0
GTEX-17EUY-0426-SM-793BD.1,SKIN,24.5,0.0017606013205186,32.30941476208996,7.8,388.0
GTEX-17EUY-0626-SM-793BE.1,MUSCLE,24.5,0.0023041788761253,8.3460659978856,7.9,391.0
GTEX-17EVP-0008-SM-EAZBZ.1,SKIN,44.5,0.0062566952774878,116.37291286686497,10.0,961.0
GTEX-17EVP-0011-R10a-SM-7IGLP.1,BRAIN,44.5,0.0032146877409939,16.988873988864892,6.2,811.0
GTEX-17EVP-0011-R11a-SM-7EWDL.1,BRAIN,44.5,0.003616904935416,14.55141265728732,6.4,811.0
GTEX-17EVP-0011-R1a-SM-7DHLA.1,BRAIN,44.5,0.0009858215814726,20.479710450918702,7.9,811.0
GTEX-17EVP-0011-R2a-SM-7LG4W.1,BRAIN,44.5,0.001064951688701,12.952320217082786,6.7,811.0
GTEX-17EVP-0011-R3a-SM-7EPI9.1,BRAIN,44.5,0.0011965240065769,11.950788035682733,6.9,811.0
GTEX-17EVP-0011-R4a-SM-79OML.1,BRAIN,44.5,0.0016537687101464,13.203470923212114,6.6,811.0
GTEX-17EVP-0011-R5b-SM-7DHKW.1,BRAIN,44.5,0.0019420522545601,15.842770004085496,8.4,811.0
GTEX-17EVP-0011-R6b-SM-7LT99.1,BRAIN,44.5,0.0017701793490358,14.43289238105548,8.6,811.0
GTEX-17EVP-0011-R7a-SM-7LTAN.1,BRAIN,44.5,0.0013188131561566,9.842672813763512,8.2,811.0
GTEX-17EVP-0011-R8b-SM-7DUF9.1,BRAIN,44.5,0.0012865709924321,17.235617917515135,7.5,811.0
GTEX-17EVP-0326-SM-7DHLG.1,SKIN,44.5,0.0027434045363904,29.46229080480962,8.0,961.0
GTEX-17EVP-0526-SM-7EPGY.1,HEART,44.5,0.0006343886457956,40.96291860447746,6.9,972.0
GTEX-17EVP-1026-SM-7IGOZ.1,LIVER,44.5,0.0005571909136166,13.56398104861476,5.8,991.0
GTEX-17EVP-1326-SM-7DHMR.1,MUSCLE,44.5,0.0030341600777131,7.60953813596559,8.0,998.0
GTEX-17EVP-2626-SM-7IGMA.1,SKIN,44.5,0.0014521044303204,25.28601986713156,6.3,1111.0
GTEX-17EVP-2926-SM-793BU.1,BRAIN,44.5,0.0025631336350249,15.611089963712846,7.6,1121.0
GTEX-17EVP-3026-SM-7IGQL.1,BRAIN,44.5,0.000687239212779,7.926419581713743,5.9,1123.0
GTEX-17EVQ-0008-SM-EAZB7.1,SKIN,74.5,0.0065308333468623,145.97326430255674,10.0,966.0
GTEX-17EVQ-0011-R11a-SM-7LT9C.1,BRAIN,74.5,0.0008268768499453,6.835290664666008,6.8,880.0
GTEX-17EVQ-0011-R1a-SM-7189S.1,BRAIN,74.5,0.0004363512104885,11.360495918576994,5.8,880.0
GTEX-17EVQ-0011-R3b-SM-7LT9B.1,BRAIN,74.5,0.0003006278714786,5.523185722393927,6.5,880.0
GTEX-17EVQ-0011-R4b-SM-7LT94.1,BRAIN,74.5,0.0001428890791211,2.0490181528774505,6.3,880.0
GTEX-17EVQ-0011-R5a-SM-7LT92.1,BRAIN,74.5,0.0002391404465385,6.201282281819712,7.2,880.0
GTEX-17EVQ-0011-R6a-SM-7189U.1,BRAIN,74.5,0.0004373008762006,4.013252297663676,6.0,880.0
GTEX-17EVQ-0011-R7a-SM-7EWDA.1,BRAIN,74.5,0.0002053805366114,5.678906158231677,6.4,880.0
GTEX-17EVQ-0011-R8a-SM-7189T.1,BRAIN,74.5,0.0007884572163671,9.639756533519948,6.4,880.0
GTEX-17EVQ-0011-R9b-SM-79OJY.1,BRAIN,74.5,0.0015235463108673,33.35639630408293,7.1,880.0
GTEX-17EVQ-0126-SM-7IGLR.1,SKIN,74.5,0.0035063975603733,40.380333835448845,6.0,963.0
GTEX-17EVQ-0226-SM-7LG4P.1,SKIN,74.5,0.0027794763912514,32.621539697153054,7.4,965.0
GTEX-17EVQ-1226-SM-7LG59.1,MUSCLE,74.5,0.0030844830269987,14.113303184806414,8.2,1008.0
GTEX-17EVQ-2726-SM-7EWDT.1,BRAIN,74.5,0.0012048763711143,12.500746821681334,6.4,1059.0
GTEX-17EVQ-2826-SM-7IGQK.1,BRAIN,74.5,0.0007422329098904,10.656369863943691,5.8,1060.0
GTEX-17F96-0008-SM-EAZB6.1,SKIN,74.5,0.006066068926022,226.74025930947957,10.0,564.0
GTEX-17F96-0126-SM-7EWDU.1,SKIN,74.5,0.0014868972847144,20.86510590206301,6.3,472.0
GTEX-17F96-0826-SM-7DHLU.1,HEART,74.5,0.0024937679191099,23.835792033387524,7.9,544.0
GTEX-17F96-1226-SM-79OK2.1,LIVER,74.5,0.0008921918786092,21.08097601616264,7.0,557.0
GTEX-17F96-1626-SM-7DUFL.1,SKIN,74.5,0.0031627417314447,22.899292772126483,7.2,563.0
GTEX-17F96-2726-SM-7LT9F.1,MUSCLE,74.5,0.0050333300635439,9.686894949023918,8.5,581.0
GTEX-17F97-0008-SM-EAZBB.1,SKIN,54.5,0.0066793494966464,114.00139738290945,9.7,917.0
GTEX-17F97-0011-R10b-SM-793BB.1,BRAIN,54.5,0.0015578107346854,12.499103153811111,7.6,823.0
GTEX-17F97-0011-R11b-SM-7KFRQ.1,BRAIN,54.5,0.0038869020054599,16.90916336317832,9.1,823.0
GTEX-17F97-0011-R1b-SM-7IGM9.1,BRAIN,54.5,0.0003847985658414,6.588957725582399,6.2,823.0
GTEX-17F97-0011-R3b-SM-7LT9E.1,BRAIN,54.5,0.0014628513590165,10.178572713884847,7.2,823.0
GTEX-17F97-0011-R4b-SM-7KFS2.1,BRAIN,54.5,0.000563598826195,7.920724692280133,7.3,823.0
GTEX-17F97-0011-R5a-SM-7LG4Z.1,BRAIN,54.5,0.0008963844813393,17.44636423070416,8.5,823.0
GTEX-17F97-0011-R6a-SM-7EPGS.1,BRAIN,54.5,0.0015335408421827,13.536032912766723,6.8,823.0
GTEX-17F97-0011-R7b-SM-7MGVY.1,BRAIN,54.5,0.001130340639813,11.531826908158902,5.6,823.0
GTEX-17F97-0011-R8a-SM-7DUET.1,BRAIN,54.5,0.0012726088048758,19.51309591277368,7.4,823.0
GTEX-17F97-0326-SM-7LG5B.1,SKIN,54.5,0.0014681864647781,25.30407730275904,7.7,917.0
GTEX-17F97-0526-SM-7DUF8.1,MUSCLE,54.5,0.0032589402650783,5.982727586967668,7.5,920.0
GTEX-17F97-2626-SM-7IGM5.1,SKIN,54.5,0.0012360772643994,22.176598939524457,6.2,979.0
GTEX-17F97-2926-SM-7DUEQ.1,BRAIN,54.5,0.0022091895748754,16.459589496650032,7.4,986.0
GTEX-17F97-3026-SM-79OKC.1,BRAIN,54.5,0.0012911645453967,12.302749622242422,7.1,987.0
GTEX-17F98-0008-SM-EAZBA.1,SKIN,44.5,0.0071716911609534,106.2989065957876,9.7,275.0
GTEX-17F98-0626-SM-79OMX.1,SKIN,44.5,0.0019875047270123,23.577436929822717,6.7,274.0
GTEX-17F98-1326-SM-7DUEP.1,SKIN,44.5,0.0023288067667103,28.454022813770468,7.5,304.0
GTEX-17F98-1626-SM-7938R.1,MUSCLE,44.5,0.0020423223611949,5.630072231486509,8.6,318.0
GTEX-17F9E-0008-SM-EAZB5.1,SKIN,54.5,0.005903089782153,275.92605845976465,10.0,216.0
GTEX-17F9E-0226-SM-79OKK.1,MUSCLE,54.5,0.0018024151057533,7.002198390602917,7.2,234.0
GTEX-17F9E-0726-SM-793A1.1,HEART,54.5,0.0015047590000272,20.148046165988948,8.6,268.0
GTEX-17F9E-0926-SM-7IGMG.1,HEART,54.5,0.0012526125681241,7.478960137852258,6.1,282.0
GTEX-17F9E-2326-SM-79OKD.1,SKIN,54.5,0.0013092046853784,22.270783773973395,7.2,341.0
GTEX-17F9Y-0008-SM-EAZBC.1,SKIN,74.5,0.0061306074954795,134.5562786752885,9.6,523.0
GTEX-17F9Y-0126-SM-79OKX.1,SKIN,74.5,0.0016003584242815,22.14137695795125,7.1,440.0
GTEX-17F9Y-1226-SM-7EPGE.1,HEART,74.5,0.0018184910419145,24.130367804865347,6.7,542.0
GTEX-17F9Y-1326-SM-7MGW9.1,HEART,74.5,0.000431150100806,7.629825332567367,5.7,544.0
GTEX-17GQL-0526-SM-72D5N.1,HEART,64.5,0.0037946960539505,27.017817049040687,7.9,458.0
GTEX-17GQL-0626-SM-731CN.1,HEART,64.5,0.0016632604515728,17.687692192378833,7.4,472.0
GTEX-17GQL-0926-SM-731E7.1,SKIN,64.5,0.003042165081051,48.82936857616902,6.9,480.0
GTEX-17GQL-1926-SM-718B9.1,MUSCLE,64.5,0.0032350660103012,9.476567859249668,8.3,504.0
GTEX-17GQL-2026-SM-718BA.1,SKIN,64.5,0.0025197867652103,22.79298514126669,7.4,508.0
GTEX-17HG3-0008-SM-EAZBD.1,SKIN,34.5,0.0070330230024133,127.86448894899448,8.6,1193.0
GTEX-17HG3-0011-R10b-SM-7LT97.1,BRAIN,34.5,0.0028636174400781,12.456875349134842,7.9,995.0
GTEX-17HG3-0011-R11b-SM-7KFT4.1,BRAIN,34.5,0.0041384367426654,14.403703769761224,8.7,995.0
GTEX-17HG3-0011-R1a-SM-7LG6H.1,BRAIN,34.5,0.001022303098427,10.146070446053413,7.1,995.0
GTEX-17HG3-0011-R2a-SM-7MGVX.1,BRAIN,34.5,0.000377758701536,7.433033315146081,5.6,995.0
GTEX-17HG3-0011-R4a-SM-7IGLL.1,BRAIN,34.5,0.0027479998205728,14.865608678324213,6.1,995.0
GTEX-17HG3-0011-R5a-SM-7DUEW.1,BRAIN,34.5,0.0015080259695417,17.99793935520151,7.3,995.0
GTEX-17HG3-0011-R6b-SM-79OK8.1,BRAIN,34.5,0.0009384017158186,13.378694165599246,7.1,995.0
GTEX-17HG3-0011-R7b-SM-7EPGR.1,BRAIN,34.5,0.0005360707081734,10.817057290212936,6.8,995.0
GTEX-17HG3-0011-R8a-SM-79OK7.1,BRAIN,34.5,0.0008616009713484,10.13827863173643,7.0,995.0
GTEX-17HG3-1526-SM-7MGWA.1,HEART,34.5,0.000107941747908,8.324048790923088,5.7,1034.0
GTEX-17HG3-2226-SM-7938L.1,SKIN,34.5,0.0024102593473769,29.54415524280933,8.6,1192.0
GTEX-17HG3-2626-SM-7DUF2.1,SKIN,34.5,0.0034985627400552,99.73732243531546,7.3,1209.0
GTEX-17HG3-2726-SM-7DHL5.1,MUSCLE,34.5,0.0040142770924148,11.959630063876272,8.2,1211.0
GTEX-17HG3-2826-SM-7EPGO.1,BRAIN,34.5,0.0018645550254243,13.178174603534956,6.8,1272.0
GTEX-17HG3-2926-SM-79ON8.1,BRAIN,34.5,0.000976587984111,12.945917261881332,6.7,1275.0
GTEX-17HGU-0008-SM-EAZBH.1,SKIN,54.5,0.005583830641797,92.24708525274556,9.5,364.0
GTEX-17HGU-0226-SM-7DHKV.1,SKIN,54.5,0.0023369762667524,29.890665828631494,8.2,363.0
GTEX-17HGU-0626-SM-7939Y.1,MUSCLE,54.5,0.0035928718157967,13.36175194673123,8.6,395.0
GTEX-17HGU-1026-SM-79OKL.1,HEART,54.5,0.0022139587285739,21.7167688591193,7.0,421.0
GTEX-17HGU-1126-SM-793BP.1,HEART,54.5,0.0019733647481227,35.65552072175386,7.6,423.0
GTEX-17HGU-1826-SM-7IGQM.1,LIVER,54.5,0.0004664538460441,13.50182734397066,5.9,434.0
GTEX-17HGU-2326-SM-7DUFE.1,SKIN,54.5,0.0018170593184069,46.404876874698886,7.5,446.0
GTEX-17HHE-0008-SM-EAZBJ.1,SKIN,54.5,0.0060967895344184,99.34213152889632,9.8,389.0
GTEX-17HHE-0126-SM-79398.1,LIVER,54.5,0.0033489226744808,30.985374216872994,8.4,111.0
GTEX-17HHE-1326-SM-7EWDZ.1,SKIN,54.5,0.0010000884961736,14.750444937652412,6.5,155.0
GTEX-17HHE-2026-SM-79OKF.1,SKIN,54.5,0.0013941910987393,21.75597542595925,7.0,386.0
GTEX-17HHE-2126-SM-7DHLO.1,MUSCLE,54.5,0.0018705920671278,7.855946520436606,8.3,393.0
GTEX-17HHY-0008-SM-EAZBE.1,SKIN,54.5,0.0060632851496044,148.25625976690364,9.6,689.0
GTEX-17HHY-0011-R1a-SM-7189V.1,BRAIN,54.5,0.0012102187408275,13.000712203095068,7.2,610.0
GTEX-17HHY-0011-R3a-SM-7EWDK.1,BRAIN,54.5,0.0009248083072656,13.942968610082511,6.3,610.0
GTEX-17HHY-0011-R5b-SM-79OMZ.1,BRAIN,54.5,0.0005242984087542,11.857390344134217,6.6,610.0
GTEX-17HHY-0011-R6b-SM-7189Z.1,BRAIN,54.5,0.0011314236249576,16.048864800022866,7.1,610.0
GTEX-17HHY-0011-R7a-SM-718A1.1,BRAIN,54.5,0.0003409588406532,10.465361274956225,7.0,610.0
GTEX-17HHY-0126-SM-7LG5D.1,SKIN,54.5,0.0025469181174212,35.3532862398756,8.5,688.0
GTEX-17HHY-0326-SM-7938H.1,MUSCLE,54.5,0.0033242196967601,8.337189698202813,8.7,692.0
GTEX-17HHY-0426-SM-7DHLC.1,SKIN,54.5,0.0029021614022489,37.96500926695607,8.3,693.0
GTEX-17HHY-1426-SM-7EWDQ.1,HEART,54.5,0.0004550441809613,7.930443633694796,6.4,721.0
GTEX-17HHY-2926-SM-79OJW.1,BRAIN,54.5,0.001945252617585,15.034211318981924,7.2,765.0
GTEX-17HHY-3026-SM-79OKP.1,BRAIN,54.5,0.0013908704385076,14.359783860851197,7.1,768.0
GTEX-17HII-0008-SM-EAZBF.1,SKIN,54.5,0.0063228343377801,175.67930744602458,9.6,599.0
GTEX-17HII-0011-R10a-SM-79OMY.1,BRAIN,54.5,0.0010974792446279,9.89160395188735,6.6,462.0
GTEX-17HII-0011-R11b-SM-7KFSX.1,BRAIN,54.5,0.0038815234174726,12.852147334433432,8.2,462.0
GTEX-17HII-0011-R1b-SM-7MGVW.1,BRAIN,54.5,0.0003428837500692,6.548322901998296,5.6,462.0
GTEX-17HII-0011-R3a-SM-7LT9D.1,BRAIN,54.5,0.0008896419659694,10.58476170101132,7.0,462.0
GTEX-17HII-0011-R5a-SM-7LG51.1,BRAIN,54.5,0.001178823597374,18.278512437659028,8.3,462.0
GTEX-17HII-0011-R7a-SM-79OMS.1,BRAIN,54.5,0.0004077935265211,12.730053090078163,6.5,462.0
GTEX-17HII-0011-R8a-SM-79OK6.1,BRAIN,54.5,0.0012626194803813,15.27205701455941,7.1,462.0
GTEX-17HII-0226-SM-7LG4E.1,SKIN,54.5,0.0029797923005471,30.98865472922893,8.4,599.0
GTEX-17HII-0426-SM-793A3.1,MUSCLE,54.5,0.0029741092402566,15.949511082532895,8.9,603.0
GTEX-17HII-1026-SM-7IGLY.1,LIVER,54.5,0.0009216494107686,28.44480849444274,6.0,657.0
GTEX-17HII-1326-SM-7IGOB.1,HEART,54.5,0.0046850792322421,69.3099886121969,5.9,664.0
GTEX-17HII-1426-SM-7EPGG.1,SKIN,54.5,0.0011649563603453,16.88969306378873,7.0,665.0
GTEX-17HII-2926-SM-79OMK.1,BRAIN,54.5,0.0013943670942394,12.343960482030576,6.6,725.0
GTEX-17HII-3026-SM-7EWFM.1,BRAIN,54.5,0.0008652002312911,11.85684077800654,6.3,727.0
GTEX-17JCI-0008-SM-EAZBG.1,SKIN,64.5,0.0063217347307413,130.12663159606677,10.0,561.0
GTEX-17JCI-0011-R10b-SM-718A2.1,BRAIN,64.5,0.0015294663374171,12.215169266802432,7.7,435.0
GTEX-17JCI-0011-R11a-SM-7189Y.1,BRAIN,64.5,0.0014209563675618,10.288959950457976,7.4,435.0
GTEX-17JCI-0011-R1b-SM-718A3.1,BRAIN,64.5,0.0007754242102112,13.703434817875287,6.9,435.0
GTEX-17JCI-0011-R6a-SM-72D6D.1,BRAIN,64.5,0.0004875417216483,9.237874802269625,5.9,435.0
GTEX-17JCI-0126-SM-7LG5G.1,SKIN,64.5,0.0033194942745643,18.26722681622398,8.3,561.0
GTEX-17JCI-0326-SM-7LG5H.1,MUSCLE,64.5,0.0026087520730824,7.434263910629407,8.4,566.0
GTEX-17JCI-0826-SM-7LT8W.1,HEART,64.5,0.0029609389730757,28.52773201941732,7.3,582.0
GTEX-17JCI-1126-SM-7IGMM.1,HEART,64.5,0.0003661367501321,5.512314571868598,6.0,588.0
GTEX-17JCI-2926-SM-7DUFF.1,SKIN,64.5,0.0020504477474628,59.683748452671935,7.4,628.0
GTEX-17JCI-3026-SM-7EWDR.1,BRAIN,64.5,0.0009792322505302,11.329298950761816,6.5,651.0
GTEX-17JCI-3126-SM-7LTA2.1,BRAIN,64.5,0.0012975783730332,12.2400247426736,6.9,654.0
GTEX-17KNJ-0008-SM-EAZBI.1,SKIN,54.5,0.0046256794281879,105.08046117804328,7.2,273.0
GTEX-17KNJ-0626-SM-7LT9L.1,HEART,54.5,0.0018364885283952,19.475259937166257,7.7,216.0
GTEX-17KNJ-0826-SM-793A4.1,HEART,54.5,0.0024644350750228,17.93161221673179,8.9,223.0
GTEX-17KNJ-2126-SM-718AM.1,SKIN,54.5,0.0023795524046341,24.897501757867094,8.1,268.0
GTEX-17KNJ-2326-SM-7DHLQ.1,SKIN,54.5,0.0028737434662416,31.658467389727075,7.9,279.0
GTEX-17KNJ-2426-SM-7DHLR.1,MUSCLE,54.5,0.0015764092040497,5.59952136539422,7.9,283.0
GTEX-17MF6-0008-SM-EAZBV.1,SKIN,44.5,0.0065092616312486,142.94048573800566,9.7,1315.0
GTEX-17MF6-0011-R1a-SM-72D6O.1,BRAIN,44.5,0.0002369251822774,6.666763754638737,5.8,1228.0
GTEX-17MF6-0011-R5a-SM-731BA.1,BRAIN,44.5,0.0002316148615509,6.483220088151661,6.5,1228.0
GTEX-17MF6-0011-R6b-SM-7LG6G.1,BRAIN,44.5,0.000900931292028,8.80679398306788,7.7,1228.0
GTEX-17MF6-0011-R7b-SM-7LG6J.1,BRAIN,44.5,0.0002601985074069,5.844124367206498,6.2,1228.0
GTEX-17MF6-0126-SM-7LG4F.1,SKIN,44.5,0.0025370371554925,31.806394639949936,6.2,1315.0
GTEX-17MF6-0726-SM-7LT8E.1,HEART,44.5,0.0008765791899073,12.704802499673544,6.4,1333.0
GTEX-17MF6-0926-SM-7LTAL.1,HEART,44.5,0.0015002396574485,27.4383229707968,7.0,1339.0
GTEX-17MF6-1126-SM-7DUFS.1,LIVER,44.5,0.0015952158386752,28.804835733914896,7.3,1343.0
GTEX-17MF6-2026-SM-7LG5I.1,MUSCLE,44.5,0.0043557464450059,12.583840676020442,8.0,1366.0
GTEX-17MF6-2626-SM-79OKQ.1,SKIN,44.5,0.002046920806488,36.95719854480346,7.1,1382.0
GTEX-17MF6-2926-SM-7LTAW.1,BRAIN,44.5,0.0003870891147642,7.889075133199179,6.2,1389.0
GTEX-17MFQ-0008-SM-EAZBK.1,SKIN,24.5,0.0061061934049225,105.01729375239928,9.9,367.0
GTEX-17MFQ-1526-SM-7KFRR.1,SKIN,24.5,0.0018620179606088,24.11343021838821,7.1,362.0
GTEX-17MFQ-1726-SM-793C7.1,SKIN,24.5,0.001461429814647,22.82787844637087,7.6,367.0
GTEX-17MFQ-1926-SM-793A6.1,MUSCLE,24.5,0.0027209728960964,13.89477983204007,9.1,372.0
GTEX-183FY-0008-SM-EAZBL.1,SKIN,24.5,0.0050489715987494,151.91067931844293,9.5,244.0
GTEX-183FY-0126-SM-7LT9P.1,SKIN,24.5,0.0019907597477178,27.019408459970364,7.7,245.0
GTEX-183FY-0226-SM-7LG54.1,MUSCLE,24.5,0.0018099067527826,5.595688740934488,8.0,255.0
GTEX-183FY-1026-SM-7939A.1,SKIN,24.5,0.0028694915925858,39.211422045170586,8.8,366.0
GTEX-183WM-0008-SM-EAZBN.1,SKIN,74.5,0.0049788042245902,130.5036880397762,8.9,873.0
GTEX-183WM-0011-R11a-SM-718A5.1,BRAIN,74.5,0.0008391867297103,9.464294265234123,6.5,820.0
GTEX-183WM-0011-R1a-SM-718A8.1,BRAIN,74.5,0.0002409647394933,5.579595154148603,5.9,820.0
GTEX-183WM-0011-R4a-SM-7LG6S.1,BRAIN,74.5,0.0001308547907507,3.273321762826236,5.7,820.0
GTEX-183WM-0011-R5a-SM-718A4.1,BRAIN,74.5,0.0002673324882779,9.02933623443388,6.9,820.0
GTEX-183WM-0011-R6b-SM-72D66.1,BRAIN,74.5,0.000717478974764,12.066988751400626,6.9,820.0
GTEX-183WM-0011-R7b-SM-731AX.1,BRAIN,74.5,0.0002747709125665,8.927758648773398,6.7,820.0
GTEX-183WM-0011-R8a-SM-7189W.1,BRAIN,74.5,0.0003344517050243,6.729050125077913,6.3,820.0
GTEX-183WM-0126-SM-7LTAB.1,SKIN,74.5,0.0037889410848467,281.58757501291615,8.0,872.0
GTEX-183WM-0326-SM-72D5V.1,SKIN,74.5,0.0024705813042467,23.57821249756176,6.5,875.0
GTEX-183WM-0426-SM-731B1.1,MUSCLE,74.5,0.0021275721541833,22.609272461724164,6.3,877.0
GTEX-183WM-0926-SM-718AN.1,HEART,74.5,0.0016387298638327,21.3298802731354,6.8,885.0
GTEX-183WM-2726-SM-7KFRF.1,BRAIN,74.5,0.0009156336149782,10.887379045492448,6.3,940.0
GTEX-183WM-2826-SM-731C2.1,BRAIN,74.5,0.0008322589133897,15.036151559215526,6.6,943.0
GTEX-18464-0011-R10a-SM-72D6X.1,BRAIN,54.5,0.0020908581984121,12.89539119242853,7.5,600.0
GTEX-18464-0011-R11a-SM-72D76.1,BRAIN,54.5,0.0025337101451495,14.09016516586772,8.0,600.0
GTEX-18464-0011-R2a-SM-731AL.1,BRAIN,54.5,0.0003220945754807,6.000762730860263,5.7,600.0
GTEX-18464-0011-R4a-SM-7LG6T.1,BRAIN,54.5,0.0003624580787378,5.091244060359861,6.7,600.0
GTEX-18464-0011-R5b-SM-718A6.1,BRAIN,54.5,0.0015079035980863,17.534365825943024,8.5,600.0
GTEX-18464-0011-R6a-SM-731CA.1,BRAIN,54.5,0.0021597202816666,14.139573004274297,7.3,600.0
GTEX-18464-0011-R7b-SM-731CM.1,BRAIN,54.5,0.0004164248625499,6.949961411651191,7.1,600.0
GTEX-18464-0011-R8a-SM-72D4Z.1,BRAIN,54.5,0.0012509637161244,17.89419355947989,6.9,600.0
GTEX-18464-0011-R9a-SM-731BK.1,BRAIN,54.5,0.0018785872507478,35.980435999539885,6.9,600.0
GTEX-18465-0008-SM-EAZBM.1,SKIN,54.5,0.0073858801812113,133.4855854423071,8.7,781.0
GTEX-18465-0011-R11a-SM-72D78.1,BRAIN,54.5,0.0039265183833102,16.17525958999287,6.7,690.0
GTEX-18465-0011-R5a-SM-72D5J.1,BRAIN,54.5,0.0003519648701221,10.711868131805842,6.7,690.0
GTEX-18465-0011-R6a-SM-7LG6M.1,BRAIN,54.5,0.0006038200118661,7.748645559701965,6.3,690.0
GTEX-18465-0011-R7b-SM-7LG6V.1,BRAIN,54.5,0.0004915549911954,9.823569723514058,7.3,690.0
GTEX-18465-0011-R8b-SM-7LG6O.1,BRAIN,54.5,0.0005690565510764,6.055250327487936,5.8,690.0
GTEX-18465-0126-SM-731BN.1,SKIN,54.5,0.0025202516316287,26.67167927150613,7.8,780.0
GTEX-18465-0326-SM-7LTAD.1,MUSCLE,54.5,0.0047184460910886,6.790554425229585,8.3,785.0
GTEX-18465-0726-SM-7LG4L.1,HEART,54.5,0.0068105709330462,46.21355600744894,6.8,798.0
GTEX-18465-0926-SM-731AY.1,HEART,54.5,0.0003754871771173,5.164138421339696,6.0,805.0
GTEX-18465-1626-SM-7LG6N.1,LIVER,54.5,0.0004429156656376,9.197101310448051,6.0,818.0
GTEX-18465-2826-SM-7LT9J.1,SKIN,54.5,0.0014096864833479,23.452353937376216,5.9,845.0
GTEX-18465-2926-SM-7KFSE.1,BRAIN,54.5,0.0030750628303779,15.377221533550118,7.3,848.0
GTEX-18465-3026-SM-7LG6Y.1,BRAIN,54.5,0.0014463251609969,11.217351097196786,6.8,851.0
GTEX-18A66-0008-SM-EAZBU.1,SKIN,64.5,0.0066716468353414,112.36859651337797,9.8,282.0
GTEX-18A66-0126-SM-731CQ.1,MUSCLE,64.5,0.0026392096587163,6.62307882618752,8.0,279.0
GTEX-18A66-0226-SM-718BD.1,SKIN,64.5,0.0032437922471072,33.780254118049456,8.0,281.0
GTEX-18A66-0626-SM-7LT8Z.1,SKIN,64.5,0.0022228741891312,35.39009052406854,8.1,292.0
GTEX-18A66-1126-SM-731C5.1,HEART,64.5,0.0023301019842572,42.613566753310224,8.3,355.0
GTEX-18A66-1226-SM-7LT8G.1,HEART,64.5,0.0075313340392464,55.675913042783606,8.8,357.0
GTEX-18A66-2026-SM-7189C.1,LIVER,64.5,0.00167124378789,19.642890861095484,7.3,368.0
GTEX-18A67-0008-SM-EAZBP.1,SKIN,54.5,0.0069789434271761,109.97004053866142,9.6,274.0
GTEX-18A67-0126-SM-7LG5P.1,SKIN,54.5,0.0022099580776875,27.192296636948647,7.6,277.0
GTEX-18A67-0326-SM-7LG5X.1,MUSCLE,54.5,0.0027144473249192,8.32450315688467,8.5,284.0
GTEX-18A67-1026-SM-731CE.1,HEART,54.5,0.00214341412271,41.18227918162087,8.3,329.0
GTEX-18A67-1226-SM-7KFRS.1,HEART,54.5,0.0031632444191257,19.773158177393817,8.6,344.0
GTEX-18A67-1626-SM-7LT9T.1,SKIN,54.5,0.0020121046917771,19.768357943940423,7.8,375.0
GTEX-18A6Q-0008-SM-EAZBO.1,SKIN,64.5,0.0065578346564446,137.98136580701163,6.7,528.0
GTEX-18A6Q-0011-R10b-SM-72D7A.1,BRAIN,64.5,0.0024789895427339,11.54735493179358,7.4,403.0
GTEX-18A6Q-0011-R11a-SM-72D6H.1,BRAIN,64.5,0.0019794717604337,13.687662376056608,6.2,403.0
GTEX-18A6Q-0011-R1b-SM-731DI.1,BRAIN,64.5,0.0014934091183108,20.89921281846725,7.3,403.0
GTEX-18A6Q-0011-R3a-SM-718A7.1,BRAIN,64.5,0.0007885271398402,9.931398881071576,6.0,403.0
GTEX-18A6Q-0011-R6a-SM-7LG6R.1,BRAIN,64.5,0.0013836095082546,10.366163603486608,7.0,403.0
GTEX-18A6Q-0126-SM-731BZ.1,SKIN,64.5,0.0025302393089397,30.350247903904933,7.9,527.0
GTEX-18A6Q-0326-SM-718AT.1,MUSCLE,64.5,0.0031603918017151,8.82913113785017,8.6,532.0
GTEX-18A6Q-0626-SM-7KFRP.1,SKIN,64.5,0.0024688765066312,30.1973515323268,8.1,545.0
GTEX-18A6Q-1526-SM-731CO.1,HEART,64.5,0.0011185968881051,20.38326867576164,6.8,596.0
GTEX-18A6Q-1626-SM-7KFTA.1,HEART,64.5,0.0009149105249055,13.94541702782278,6.2,598.0
GTEX-18A6Q-2026-SM-718AQ.1,LIVER,64.5,0.0009377351762557,18.33760747850405,7.1,606.0
GTEX-18A6Q-2826-SM-7LTAO.1,BRAIN,64.5,0.0011426713177589,10.942705933398653,5.8,670.0
GTEX-18A6Q-2926-SM-718AR.1,BRAIN,64.5,0.0012853391643653,12.672225633190743,6.8,672.0
GTEX-18A7A-0008-SM-EAZBR.1,SKIN,54.5,0.005611708386021,115.46240760521552,8.8,571.0
GTEX-18A7A-0126-SM-731AH.1,SKIN,54.5,0.0019857126766914,32.19034362631968,7.7,467.0
GTEX-18A7A-0226-SM-718BH.1,SKIN,54.5,0.0022101083434189,31.437909811304745,8.4,570.0
GTEX-18A7A-0626-SM-718BJ.1,MUSCLE,54.5,0.003572741430499,4.78961722621824,8.6,576.0
GTEX-18A7A-1226-SM-7LTAJ.1,HEART,54.5,0.0020214069697134,27.23470252815568,7.8,594.0
GTEX-18A7A-1526-SM-72D69.1,LIVER,54.5,0.0014460711619987,25.67937820355464,6.5,602.0
GTEX-18A7B-0008-SM-EAZBQ.1,SKIN,74.5,0.0053157954307403,161.94330187140727,9.2,666.0
GTEX-18A7B-0126-SM-7LG64.1,SKIN,74.5,0.0028715243458679,25.71792257281182,7.1,668.0
GTEX-18A7B-0326-SM-7LG65.1,MUSCLE,74.5,0.003674179734485,11.927201064346288,8.0,675.0
GTEX-18A7B-2726-SM-7LG56.1,SKIN,74.5,0.0022917556023152,32.672588157646906,7.8,819.0
GTEX-18D9A-1426-SM-7LT8M.1,SKIN,34.5,0.0021426820547128,21.568133432327105,7.3,502.0
GTEX-18D9A-1826-SM-718BK.1,MUSCLE,34.5,0.0022906058225907,5.407701920604104,8.4,609.0
GTEX-18D9A-1926-SM-7LG6P.1,SKIN,34.5,0.0024373482419854,15.108558990328063,8.2,611.0
GTEX-18D9B-0008-SM-EAZBT.1,SKIN,64.5,0.0071269135174935,146.5450702006538,9.7,422.0
GTEX-18D9B-0426-SM-7LTAR.1,MUSCLE,64.5,0.0023913510783077,14.634354167862735,7.8,407.0
GTEX-18D9B-0526-SM-7LTAS.1,SKIN,64.5,0.0020497494470469,23.577809338009185,7.2,422.0
GTEX-18D9B-0926-SM-7LG4U.1,SKIN,64.5,0.0018726131688393,43.03988359785041,7.2,455.0
GTEX-18D9B-1126-SM-7KFSH.1,HEART,64.5,0.0018583065054911,25.82338316855894,8.2,469.0
GTEX-18D9B-1226-SM-72D6V.1,HEART,64.5,0.0022846551642714,20.129684387774667,7.7,475.0
GTEX-18D9B-1526-SM-7KFRK.1,LIVER,64.5,0.0018218335900915,29.183164113094048,7.5,495.0
GTEX-18D9U-0008-SM-EAZBW.1,SKIN,44.5,0.0039477563430447,106.3204216661485,9.7,805.0
GTEX-18D9U-0126-SM-731BM.1,SKIN,44.5,0.000884107946367,17.995557461653064,6.4,269.0
GTEX-18D9U-0226-SM-718BP.1,SKIN,44.5,0.0009300983738018,15.153386814717567,6.4,278.0
GTEX-18D9U-0626-SM-7LTA4.1,MUSCLE,44.5,0.0027582394970083,8.808732661289483,8.5,307.0
GTEX-18D9U-1126-SM-72D5Y.1,HEART,44.5,0.0023609147275796,17.38892851178892,8.4,324.0
GTEX-18D9U-1426-SM-718BO.1,HEART,44.5,0.002124582292877,18.131995930865045,8.6,341.0
GTEX-18QFQ-0008-SM-EAZD7.1,SKIN,34.5,0.0064672472906807,121.77324687641796,10.0,455.0
GTEX-18QFQ-0126-SM-731BE.1,SKIN,34.5,0.001320751786486,21.94700441314356,6.6,457.0
GTEX-18QFQ-0326-SM-731C3.1,MUSCLE,34.5,0.0025620260149672,8.86049998345862,8.5,467.0
GTEX-18QFQ-1826-SM-72D52.1,SKIN,34.5,0.001375100392927,19.633384220868454,6.5,709.0
GTEX-19HZE-0011-R11b-SM-79ONN.1,BRAIN,74.5,0.001272448630359,19.99475093571813,6.7,925.0
GTEX-19HZE-0011-R5a-SM-79OOU.1,BRAIN,74.5,0.0002903213725377,10.172455202414175,6.6,925.0
GTEX-19HZE-0126-SM-73KX7.1,SKIN,74.5,0.0012746426040444,23.9309417098846,5.9,1000.0
GTEX-19HZE-2126-SM-72D4X.1,MUSCLE,74.5,0.0039889892393342,15.77409250248343,7.6,1035.0
GTEX-19HZE-2926-SM-718BQ.1,SKIN,74.5,0.0014589418609878,21.93862716810714,5.8,1052.0
GTEX-19HZE-3026-SM-718BR.1,BRAIN,74.5,0.0011132145150433,10.566391361823948,6.2,1054.0
GTEX-19HZE-3126-SM-731BC.1,BRAIN,74.5,0.0003680371078553,5.511884316691937,6.0,1056.0
GTEX-1A32A-0008-SM-EAZD9.1,SKIN,54.5,0.0053503168388065,118.18748084444242,10.0,669.0
GTEX-1A32A-0011-R1a-SM-7P8SQ.1,BRAIN,54.5,0.0002195497927628,6.7101916658231815,6.3,529.0
GTEX-1A32A-0011-R9b-SM-7MGXD.1,BRAIN,54.5,0.0009944068089549,29.2945485789008,5.7,529.0
GTEX-1A32A-0126-SM-718B1.1,SKIN,54.5,0.0029115274891993,34.94758132105404,7.1,668.0
GTEX-1A32A-0526-SM-731B9.1,MUSCLE,54.5,0.0032714587169015,12.478094376860426,8.5,677.0
GTEX-1A32A-0626-SM-731AQ.1,SKIN,54.5,0.0026400576643654,45.455715587314415,7.2,679.0
GTEX-1A32A-0826-SM-72D5C.1,LIVER,54.5,0.0009700507698124,23.906916347091173,6.7,702.0
GTEX-1A32A-1326-SM-73KWW.1,HEART,54.5,0.0027362132843836,29.60552990151521,7.2,712.0
GTEX-1A32A-3026-SM-72D61.1,BRAIN,54.5,0.0006884637051876,11.153701104000277,5.9,765.0
GTEX-1A3MV-0008-SM-EAZDA.1,SKIN,34.5,0.0053868761845342,169.87966278937571,10.0,365.0
GTEX-1A3MV-1826-SM-731CD.1,SKIN,34.5,0.0012527500895231,18.193821843600418,6.8,336.0
GTEX-1A3MV-1926-SM-718BT.1,SKIN,34.5,0.0017699361815846,21.721973982780558,7.7,365.0
GTEX-1A3MV-2026-SM-718BU.1,MUSCLE,34.5,0.0014991328298098,5.793710450638947,8.0,377.0
GTEX-1A3MW-0008-SM-EAZDC.1,SKIN,64.5,0.0050062531674264,122.4783420516117,10.0,706.0
GTEX-1A3MW-0126-SM-73KXX.1,SKIN,64.5,0.0035437595500711,109.70566328463072,7.9,705.0
GTEX-1A3MW-0526-SM-731BY.1,MUSCLE,64.5,0.0024865131948284,11.545024697629447,8.4,711.0
GTEX-1A3MW-0626-SM-731CB.1,SKIN,64.5,0.0027504031288824,148.25036384245348,7.8,713.0
GTEX-1A3MW-1326-SM-7189P.1,HEART,64.5,0.0010878058665943,16.28863787271059,7.0,729.0
GTEX-1A3MW-3026-SM-72D5E.1,BRAIN,64.5,0.0001731087672011,5.253258963906488,5.9,758.0
GTEX-1A3MX-0008-SM-EAZDB.1,SKIN,64.5,0.0052189050562845,119.59629931229138,10.0,1125.0
GTEX-1A3MX-0011-R10b-SM-7P8PG.1,BRAIN,64.5,0.0014952841448281,12.44201694066223,5.7,1085.0
GTEX-1A3MX-0011-R11b-SM-7DUGP.1,BRAIN,64.5,0.0021619536942135,15.702716913980616,7.5,1085.0
GTEX-1A3MX-0011-R1b-SM-7P8PH.1,BRAIN,64.5,0.0006400203355428,10.084446068531776,6.2,1085.0
GTEX-1A3MX-0011-R2b-SM-7EWFL.1,BRAIN,64.5,0.0010924414637869,20.815614984716408,6.4,1085.0
GTEX-1A3MX-0011-R3b-SM-79OOW.1,BRAIN,64.5,0.0018248227787085,16.959099236390205,6.7,1085.0
GTEX-1A3MX-0011-R4b-SM-7EWFK.1,BRAIN,64.5,0.001034007781362,16.77533395631183,6.3,1085.0
GTEX-1A3MX-0011-R5a-SM-79OM5.1,BRAIN,64.5,0.0011039059324894,19.525958821705785,7.1,1085.0
GTEX-1A3MX-0011-R6a-SM-7P8S9.1,BRAIN,64.5,0.0015099563296942,13.961465302166394,7.1,1085.0
GTEX-1A3MX-0011-R7a-SM-7DUEM.1,BRAIN,64.5,0.000919134445802,19.58844579226643,7.4,1085.0
GTEX-1A3MX-0011-R8a-SM-7P8PI.1,BRAIN,64.5,0.0017272140713212,13.571967401292271,6.7,1085.0
GTEX-1A3MX-0126-SM-731BR.1,SKIN,64.5,0.0042257446817806,32.9923066424523,8.1,1124.0
GTEX-1A3MX-0526-SM-718A9.1,MUSCLE,64.5,0.0039298171067976,12.728201742109594,7.6,1135.0
GTEX-1A3MX-1226-SM-731B3.1,HEART,64.5,0.0037772680740702,64.1331273814473,7.0,1164.0
GTEX-1A3MX-1326-SM-72D58.1,HEART,64.5,0.0016771067550298,23.53355801431189,6.0,1166.0
GTEX-1A3MX-2626-SM-7PC24.1,SKIN,64.5,0.0020579688236221,27.61616813111948,6.8,1189.0
GTEX-1A3MX-2926-SM-718B7.1,BRAIN,64.5,0.0025440285764689,18.537610321011503,7.2,1198.0
GTEX-1A3MX-3026-SM-731BF.1,BRAIN,64.5,0.0017930174000604,17.10266675681428,6.8,1199.0
GTEX-1A8FM-0008-SM-EAZDD.1,SKIN,54.5,0.0065350542832936,106.6734472418242,10.0,1204.0
GTEX-1A8FM-0226-SM-7SB7Q.1,SKIN,54.5,0.00286334690389,32.62880781702629,7.3,1205.0
GTEX-1A8FM-0526-SM-7P8SF.1,MUSCLE,54.5,0.0057544914983886,22.783798638826024,8.3,1212.0
GTEX-1A8FM-0626-SM-7PC25.1,SKIN,54.5,0.0027189600360075,38.47859202440418,7.7,1214.0
GTEX-1A8FM-1026-SM-7PC26.1,HEART,54.5,0.0012232298271618,29.12357247555378,6.0,1244.0
GTEX-1A8FM-1226-SM-7IGMD.1,LIVER,54.5,0.0005403174868982,13.832234331616611,6.0,1250.0
GTEX-1A8G6-0008-SM-EWRMK.1,SKIN,64.5,0.0060945571973449,141.17280518112625,9.8,1163.0
GTEX-1A8G6-0011-R10b-SM-7P8PB.1,BRAIN,64.5,0.0006573448330167,8.545015483511154,6.1,998.0
GTEX-1A8G6-0011-R1a-SM-7P8PC.1,BRAIN,64.5,0.0003923709035242,7.195705311475281,6.6,998.0
GTEX-1A8G6-0011-R5b-SM-7IGQG.1,BRAIN,64.5,0.0004706086328422,11.167856897150148,5.9,998.0
GTEX-1A8G6-0011-R6b-SM-7P8PE.1,BRAIN,64.5,0.0002162048613294,5.352194182868788,5.9,998.0
GTEX-1A8G6-0011-R7b-SM-7MXTV.1,BRAIN,64.5,0.0002091467438394,8.158376988977919,5.6,998.0
GTEX-1A8G6-0011-R8a-SM-7P8PD.1,BRAIN,64.5,0.0006133685157977,8.992506205158175,6.0,998.0
GTEX-1A8G6-0126-SM-7DUFY.1,MUSCLE,64.5,0.0042069629635457,11.691203373307504,7.5,1157.0
GTEX-1A8G6-0426-SM-72D6Q.1,SKIN,64.5,0.0021285378085859,50.27843082503094,7.4,1163.0
GTEX-1A8G6-1626-SM-7MGWO.1,HEART,64.5,0.0002996716822577,4.361271986525389,5.7,1224.0
GTEX-1A8G6-1826-SM-73KY8.1,HEART,64.5,0.000927075060273,14.19844444625804,5.6,1232.0
GTEX-1A8G6-2726-SM-731AR.1,SKIN,64.5,0.0026336121522575,34.10421796675363,6.7,1241.0
GTEX-1A8G6-2926-SM-731CK.1,BRAIN,64.5,0.0005372658152424,11.41310074342251,5.9,1278.0
GTEX-1A8G6-3126-SM-731D8.1,BRAIN,64.5,0.0012276917781189,12.866037550926064,6.1,1280.0
GTEX-1A8G7-0008-SM-EVYAT.1,SKIN,64.5,0.0051902130880387,169.29446880575486,9.8,696.0
GTEX-1A8G7-0011-R2a-SM-7IGQI.1,BRAIN,64.5,0.0004337732699811,6.953974022169485,5.7,588.0
GTEX-1A8G7-0011-R8a-SM-7P8S6.1,BRAIN,64.5,0.0005599945481273,7.33381588725593,6.1,588.0
GTEX-1A8G7-0011-R9b-SM-7IGQH.1,BRAIN,64.5,0.0027009642592079,56.09376301590496,6.0,588.0
GTEX-1A8G7-0126-SM-7DUGH.1,SKIN,64.5,0.0035241580755757,57.80654648472488,7.3,696.0
GTEX-1A8G7-0326-SM-72D5B.1,MUSCLE,64.5,0.0035253086659078,9.898013249184029,8.2,701.0
GTEX-1A8G7-1126-SM-731ED.1,LIVER,64.5,0.0006241161309811,18.999416659959596,6.0,753.0
GTEX-1A8G7-1326-SM-73KVM.1,SKIN,64.5,0.0025735205762265,30.37363501835992,7.5,755.0
GTEX-1A8G7-3026-SM-73KTT.1,BRAIN,64.5,0.0007884873773133,12.04854463865589,6.2,847.0
GTEX-1A8G7-3126-SM-7IGP7.1,BRAIN,64.5,0.0004767278821171,9.807682974579404,6.0,847.0
GTEX-1AMEY-0008-SM-EVYAU.1,SKIN,34.5,0.0047388382105179,108.87328114375188,9.8,244.0
GTEX-1AMEY-0826-SM-72D65.1,SKIN,34.5,0.0013118933315941,21.005588987746183,6.6,172.0
GTEX-1AMEY-1326-SM-73KYK.1,SKIN,34.5,0.0009775659917234,19.45622070816707,6.8,248.0
GTEX-1AMEY-1526-SM-73KYW.1,MUSCLE,34.5,0.0014572882289007,5.135413342089179,7.3,267.0
GTEX-1AMFI-0008-SM-EVYAV.1,SKIN,54.5,0.0057975927204438,104.02381507906448,9.9,292.0
GTEX-1AMFI-0826-SM-731DV.1,LIVER,54.5,0.0016372536684014,29.37102449098555,8.8,143.0
GTEX-1AMFI-1326-SM-7939R.1,SKIN,54.5,0.0020125723588201,24.996483718008307,7.7,156.0
GTEX-1AMFI-2026-SM-731BH.1,SKIN,54.5,0.0016689842888535,21.50887213015669,7.3,292.0
GTEX-1AMFI-2226-SM-731C6.1,MUSCLE,54.5,0.0027259188365691,7.529408309775365,8.4,297.0
GTEX-1AX8Y-0326-SM-73KYY.1,HEART,44.5,0.0013853084844977,21.952805232543525,8.1,256.0
GTEX-1AX8Y-0426-SM-7189O.1,HEART,44.5,0.0017065182975613,18.842230675120803,7.8,260.0
GTEX-1AX8Y-0726-SM-731CX.1,LIVER,44.5,0.002274269994611,47.80155324508906,7.9,271.0
GTEX-1AX8Y-1126-SM-731AG.1,SKIN,44.5,0.0023274968335032,39.69069571182137,5.7,286.0
GTEX-1AX8Y-2026-SM-73KUA.1,SKIN,44.5,0.0041051752778403,22.34440188690646,7.1,333.0
GTEX-1AX8Y-2226-SM-72D51.1,MUSCLE,44.5,0.0037641316137257,13.657703082192755,8.5,339.0
GTEX-1AX8Z-0008-SM-EVYAW.1,SKIN,64.5,0.0064090651671544,116.11716432344922,9.7,318.0
GTEX-1AX8Z-0126-SM-7DHM6.1,SKIN,64.5,0.0017745971633736,61.37744628527107,8.0,315.0
GTEX-1AX8Z-0326-SM-731BU.1,MUSCLE,64.5,0.0015248057252439,6.308348299988792,6.8,327.0
GTEX-1AX8Z-0726-SM-73KTS.1,SKIN,64.5,0.0012107271529743,46.85070932642303,6.9,338.0
GTEX-1AX8Z-1026-SM-7189R.1,LIVER,64.5,0.0021577957466095,26.768041472263164,8.4,358.0
GTEX-1AX8Z-1126-SM-731CS.1,HEART,64.5,0.0019637233074603,26.72840658065993,7.5,360.0
GTEX-1AX8Z-1326-SM-7DHMO.1,HEART,64.5,0.0015284417183646,21.278337126807173,8.1,368.0
GTEX-1AX8Z-5004-SM-ARZLD.1,MUSCLE,64.5,0.0023035059756398,5.34524132179995,7.1,328.0
GTEX-1AX8Z-5007-SM-AHZ36.1,HEART,64.5,0.0020895202502471,25.513442629397883,8.7,368.0
GTEX-1AX9I-0008-SM-EVYAZ.1,SKIN,64.5,0.0055495412835993,201.05806164793304,10.0,616.0
GTEX-1AX9I-0011-R11b-SM-7DHN4.1,BRAIN,64.5,0.0027977776264218,15.90965326012314,8.1,524.0
GTEX-1AX9I-0011-R1b-SM-7RHG2.1,BRAIN,64.5,0.0016179837576909,16.93672432130587,7.2,524.0
GTEX-1AX9I-0011-R4b-SM-7EPIB.1,BRAIN,64.5,0.0019037703951316,18.19417551032774,6.9,524.0
GTEX-1AX9I-0011-R5b-SM-793DI.1,BRAIN,64.5,0.0016755977147055,15.840932428750046,7.5,524.0
GTEX-1AX9I-0011-R6a-SM-7P8PK.1,BRAIN,64.5,0.0018143036909818,11.642356566131866,6.8,524.0
GTEX-1AX9I-0011-R7b-SM-7P8Q3.1,BRAIN,64.5,0.0013556051756691,10.91527785971941,6.8,524.0
GTEX-1AX9I-0011-R8a-SM-7P8PJ.1,BRAIN,64.5,0.0019055107656721,17.132805407690196,7.2,524.0
GTEX-1AX9I-0126-SM-7SB74.1,SKIN,64.5,0.0014054100953098,26.154516861028075,7.8,616.0
GTEX-1AX9I-0326-SM-73KXQ.1,MUSCLE,64.5,0.0031298205954472,8.812731447673034,8.2,619.0
GTEX-1AX9I-1026-SM-73KYF.1,HEART,64.5,0.0010788728775836,27.25122352560139,6.6,660.0
GTEX-1AX9I-1126-SM-7EPHH.1,HEART,64.5,0.0008015913273297,7.348337832300484,6.8,661.0
GTEX-1AX9I-1626-SM-72D5D.1,LIVER,64.5,0.0002979200335619,20.105083875479394,6.1,667.0
GTEX-1AX9I-2226-SM-73KUO.1,SKIN,64.5,0.0026799117594389,42.020955157913605,7.7,688.0
GTEX-1AX9I-3026-SM-73KUH.1,BRAIN,64.5,0.0008658403333116,8.111121879746417,6.9,710.0
GTEX-1AX9J-0008-SM-EVYB2.1,SKIN,64.5,0.0059407235177554,160.1480153945977,10.0,487.0
GTEX-1AX9J-0126-SM-73KY2.1,MUSCLE,64.5,0.003010453717952,6.870882689003304,8.0,483.0
GTEX-1AX9J-0226-SM-73KXM.1,SKIN,64.5,0.002804715693289,27.185670548719333,8.2,488.0
GTEX-1AX9J-0926-SM-73KXA.1,HEART,64.5,0.001289580683714,20.197892825880903,7.5,537.0
GTEX-1AX9J-1026-SM-72D6E.1,HEART,64.5,0.0031445047283533,16.912387611041115,7.6,538.0
GTEX-1AX9J-1326-SM-731BJ.1,SKIN,64.5,0.0027593522408864,41.07271620443715,7.4,560.0
GTEX-1AX9K-0008-SM-EVYB1.1,SKIN,54.5,0.0044751708156988,181.38738164658,9.6,408.0
GTEX-1AX9K-0426-SM-73KUG.1,HEART,54.5,0.0018661224343947,16.917227554173593,7.4,282.0
GTEX-1AX9K-0526-SM-73KV1.1,HEART,54.5,0.0017066721560345,12.859669697442737,7.0,278.0
GTEX-1AX9K-2326-SM-73KWU.1,SKIN,54.5,0.0027484578695098,32.24308539128984,7.9,374.0
GTEX-1AX9K-2726-SM-7DHMA.1,MUSCLE,54.5,0.0027312109395943,7.821080447566044,8.4,383.0
GTEX-1AYCT-0008-SM-EVYAX.1,SKIN,54.5,0.0056973758277128,141.14070121147213,9.9,592.0
GTEX-1AYCT-0426-SM-73KVZ.1,HEART,54.5,0.0014966911145945,13.088379777590864,7.8,454.0
GTEX-1AYCT-0526-SM-7RHHS.1,HEART,54.5,0.0017282717823,21.20473822240192,7.9,455.0
GTEX-1AYCT-2426-SM-7IGQ3.1,SKIN,54.5,0.0009933887530729,20.92521024023011,5.8,599.0
GTEX-1AYD5-0008-SM-EVYAY.1,SKIN,54.5,0.0067137908705449,93.64984474438896,9.9,385.0
GTEX-1AYD5-2226-SM-73KX3.1,MUSCLE,54.5,0.0023082099732208,8.288399983157852,7.9,377.0
GTEX-1AYD5-2426-SM-73KXR.1,SKIN,54.5,0.0022019800348325,47.71738009290929,7.6,384.0
GTEX-1AYD5-2626-SM-7PBXY.1,SKIN,54.5,0.0014669568340649,54.46832939143037,5.7,387.0
GTEX-1B8KE-0008-SM-EVYB3.1,SKIN,54.5,0.0068104032053134,132.00998477801284,10.0,197.0
GTEX-1B8KE-0126-SM-793AM.1,HEART,54.5,0.0022188799807107,16.07319967007314,8.5,124.0
GTEX-1B8KE-0326-SM-73KTY.1,HEART,54.5,0.0011054758775462,13.78759868443211,7.9,128.0
GTEX-1B8KE-1126-SM-7EPHI.1,SKIN,54.5,0.0015178211010055,19.87763583390013,6.8,157.0
GTEX-1B8KE-2126-SM-73KYX.1,SKIN,54.5,0.0023392044350564,26.104061638249284,7.8,197.0
GTEX-1B8KE-2226-SM-7939K.1,MUSCLE,54.5,0.0035530262901136,11.3359454524321,8.0,207.0
GTEX-1B8KZ-0008-SM-EXOHR.1,SKIN,54.5,0.0069975123439455,96.60116686462808,9.8,400.0
GTEX-1B8KZ-0326-SM-73KY4.1,SKIN,54.5,0.0026584132918163,27.102927720653017,8.1,305.0
GTEX-1B8KZ-2026-SM-7DHMB.1,SKIN,54.5,0.0018929415376527,31.48841763510548,8.4,398.0
GTEX-1B8KZ-2126-SM-73KYG.1,MUSCLE,54.5,0.002519238903317,10.958798427721389,8.2,405.0
GTEX-1B8L1-0008-SM-EXOHQ.1,SKIN,64.5,0.0069540794760441,131.6117529293061,9.8,856.0
GTEX-1B8L1-0011-R10b-SM-7P8Q4.1,BRAIN,64.5,0.001742935418713,7.697643669568055,7.5,710.0
GTEX-1B8L1-0011-R11b-SM-793DJ.1,BRAIN,64.5,0.0039522788731697,14.155017804718964,7.8,710.0
GTEX-1B8L1-0011-R1a-SM-7P8SS.1,BRAIN,64.5,0.0009325664791425,12.228119657143562,6.6,710.0
GTEX-1B8L1-0011-R2a-SM-9OSVL.1,BRAIN,64.5,0.0014711304181883,14.79293485115364,5.8,710.0
GTEX-1B8L1-0011-R3a-SM-7EPIO.1,BRAIN,64.5,0.0012642853775632,8.91877444472609,6.8,710.0
GTEX-1B8L1-0011-R4a-SM-7EWFJ.1,BRAIN,64.5,0.0017685016772142,14.7002610439936,6.3,710.0
GTEX-1B8L1-0011-R5a-SM-7DHN5.1,BRAIN,64.5,0.0009800667059273,16.829376760213037,7.9,710.0
GTEX-1B8L1-0011-R6b-SM-7P8SU.1,BRAIN,64.5,0.0014183065929454,12.086026527533804,7.6,710.0
GTEX-1B8L1-0011-R7b-SM-9OSVK.1,BRAIN,64.5,0.0008819333795081,10.4529761406142,6.9,710.0
GTEX-1B8L1-0011-R8b-SM-7P8ST.1,BRAIN,64.5,0.0017865096832732,14.593785159907975,6.7,710.0
GTEX-1B8L1-0011-R9b-SM-9WG5U.1,BRAIN,64.5,0.0009834198620957,23.49713463500336,7.0,710.0
GTEX-1B8L1-0426-SM-7SB76.1,HEART,64.5,0.0022040277269699,29.584471500964927,7.7,731.0
GTEX-1B8L1-0526-SM-79ONX.1,HEART,64.5,0.0006651136134993,8.600860075523027,6.6,737.0
GTEX-1B8L1-0726-SM-7P8RT.1,LIVER,64.5,0.0008718405658879,13.38094544868885,6.7,739.0
GTEX-1B8L1-2226-SM-7P8PT.1,SKIN,64.5,0.0021679318733771,22.157182049049613,7.8,784.0
GTEX-1B8L1-2526-SM-9WYTF.1,SKIN,64.5,0.0017877833445103,27.85233159085689,8.3,858.0
GTEX-1B8L1-2726-SM-793AL.1,MUSCLE,64.5,0.0027748075451284,4.979002465494874,8.5,860.0
GTEX-1B8L1-3026-SM-7EPHK.1,BRAIN,64.5,0.0011626081156736,9.3735805027899,6.9,984.0
GTEX-1B8L1-3226-SM-7P8OX.1,BRAIN,64.5,0.0017965716598402,11.26739025369918,6.7,989.0
GTEX-1B8SF-0008-SM-EXOHU.1,SKIN,64.5,0.0074551447616708,104.09237315045124,9.9,1059.0
GTEX-1B8SF-0011-R10b-SM-7P8SW.1,BRAIN,64.5,0.0011786952222072,5.8814773909443305,6.7,994.0
GTEX-1B8SF-0011-R11a-SM-79OOP.1,BRAIN,64.5,0.0021973752495164,10.582059407103497,6.6,994.0
GTEX-1B8SF-0011-R1b-SM-7P8Q8.1,BRAIN,64.5,0.0008021223529554,8.750781333749767,6.7,994.0
GTEX-1B8SF-0011-R5a-SM-79OOO.1,BRAIN,64.5,0.0004989884156515,10.926474825164243,6.5,994.0
GTEX-1B8SF-0011-R6b-SM-7MXUD.1,BRAIN,64.5,0.0010552213132972,11.84860363647414,7.4,994.0
GTEX-1B8SF-0011-R7b-SM-9OSVM.1,BRAIN,64.5,0.0004564296099484,7.875102941430197,6.5,994.0
GTEX-1B8SF-0011-R8b-SM-7P8SX.1,BRAIN,64.5,0.0006069042797844,7.954108397430481,5.6,994.0
GTEX-1B8SF-0126-SM-7DUG3.1,SKIN,64.5,0.0026903816483339,27.565251664095204,7.3,1021.0
GTEX-1B8SF-0426-SM-79OL4.1,MUSCLE,64.5,0.0033891981708043,6.646670874995044,7.1,1045.0
GTEX-1B8SF-1326-SM-7IGQJ.1,HEART,64.5,0.0010166553783082,46.95529616363218,5.8,1077.0
GTEX-1B8SF-1426-SM-7DUGL.1,SKIN,64.5,0.0031579664249404,26.5434166854881,7.3,1060.0
GTEX-1B8SF-3026-SM-731DX.1,BRAIN,64.5,0.0023132723093425,12.499528381941948,6.9,1176.0
GTEX-1B8SF-3126-SM-73KU1.1,BRAIN,64.5,0.000880094578302,9.638086205121056,6.6,1175.0
GTEX-1B8SG-0008-SM-EXOHS.1,SKIN,54.5,0.0063995517728289,139.4667733580124,9.9,1216.0
GTEX-1B8SG-0011-R11a-SM-7P8PF.1,BRAIN,54.5,0.0007255018728764,6.337959964221234,6.3,991.0
GTEX-1B8SG-0011-R2b-SM-79OOT.1,BRAIN,54.5,0.0005384899566804,17.318545985937156,6.6,991.0
GTEX-1B8SG-0011-R8b-SM-7IGNW.1,BRAIN,54.5,0.000596835163265,14.63590273711707,6.2,991.0
GTEX-1B8SG-0126-SM-73KZ3.1,SKIN,54.5,0.0027726252395983,24.791605105370056,7.8,1216.0
GTEX-1B8SG-0326-SM-73KXW.1,MUSCLE,54.5,0.0025432443482602,8.774960452391543,8.5,1235.0
GTEX-1B8SG-0726-SM-79ONS.1,HEART,54.5,0.0023083245850348,41.27816593289396,6.7,1345.0
GTEX-1B8SG-0826-SM-7EWF7.1,HEART,54.5,0.0007337116042893,11.456186483998454,6.4,1353.0
GTEX-1B8SG-1326-SM-79ONT.1,LIVER,54.5,0.0012583462345126,19.966119821999065,6.6,1396.0
GTEX-1B8SG-1726-SM-73KXK.1,BRAIN,54.5,0.0002824435507394,6.3784748148864985,6.1,1456.0
GTEX-1B8SG-1926-SM-73KUB.1,BRAIN,54.5,0.0006085036494604,7.904374887664517,6.4,1458.0
GTEX-1B932-0008-SM-EXOHW.1,SKIN,44.5,0.0066575588391265,126.8126379517394,9.9,224.0
GTEX-1B932-0126-SM-7PC2M.1,SKIN,44.5,0.0018733838645166,52.10640199027311,6.6,227.0
GTEX-1B932-0526-SM-73KU7.1,MUSCLE,44.5,0.0016978295893182,6.304456446975045,8.4,239.0
GTEX-1B932-1026-SM-793CL.1,HEART,44.5,0.0031433326953326,19.59976062799251,7.6,275.0
GTEX-1B932-1326-SM-79OM4.1,HEART,44.5,0.0010584059916724,15.570292545802635,7.1,296.0
GTEX-1B932-1426-SM-793AN.1,LIVER,44.5,0.0017233807781913,52.25313707784671,8.5,299.0
GTEX-1B932-2326-SM-79OL5.1,SKIN,44.5,0.0016695753861963,30.342760687981755,7.2,348.0
GTEX-1B933-0008-SM-EXOHV.1,SKIN,54.5,0.0067703831337046,95.43442890168244,9.8,653.0
GTEX-1B933-0011-R10b-SM-9OSVN.1,BRAIN,54.5,0.0017355828399371,11.839792251084292,6.7,549.0
GTEX-1B933-0011-R11a-SM-7P8PM.1,BRAIN,54.5,0.0034004759831182,12.12228782341312,6.5,549.0
GTEX-1B933-0011-R1b-SM-9QEGW.1,BRAIN,54.5,0.0015562590499774,20.681707195330503,6.3,549.0
GTEX-1B933-0011-R2b-SM-7IGNM.1,BRAIN,54.5,0.0020730308147941,19.075456275515695,6.3,549.0
GTEX-1B933-0011-R3b-SM-7P8PL.1,BRAIN,54.5,0.0021274121989055,12.04954412859582,5.9,549.0
GTEX-1B933-0011-R5b-SM-7P8SA.1,BRAIN,54.5,0.0015787823594574,16.777801672480795,6.7,549.0
GTEX-1B933-0011-R6b-SM-79OOQ.1,BRAIN,54.5,0.0018332987380104,15.908750227383894,6.6,549.0
GTEX-1B933-0011-R7a-SM-7DUGX.1,BRAIN,54.5,0.0015701728183629,18.57171186386836,7.2,549.0
GTEX-1B933-0011-R8a-SM-9QEGX.1,BRAIN,54.5,0.0024147904809601,24.897449961775923,7.4,549.0
GTEX-1B933-0011-R9a-SM-79OOR.1,BRAIN,54.5,0.0021672184208607,36.41481057716755,6.7,549.0
GTEX-1B933-0126-SM-7PC29.1,SKIN,54.5,0.0021118779859162,26.88912157577019,7.3,654.0
GTEX-1B933-0426-SM-7DHMC.1,MUSCLE,54.5,0.003704100318439,6.416995826056156,8.0,665.0
GTEX-1B933-0826-SM-79OMW.1,HEART,54.5,0.0014573250187852,20.065578131356595,6.6,702.0
GTEX-1B933-1226-SM-731DW.1,LIVER,54.5,0.0005180514445698,14.082550629717495,6.6,716.0
GTEX-1B933-2426-SM-7DHMD.1,SKIN,54.5,0.0041095722384718,42.21510197604536,8.0,771.0
GTEX-1B933-3026-SM-731DB.1,BRAIN,54.5,0.0029722105325111,15.8018561200557,7.4,828.0
GTEX-1B933-3126-SM-7P8RL.1,BRAIN,54.5,0.0014797851228144,8.50096221573584,7.1,829.0
GTEX-1B97I-0008-SM-EXOHX.1,SKIN,44.5,0.0065968455136847,127.07532891419542,9.9,-490.0
GTEX-1B97I-0626-SM-73KUZ.1,SKIN,44.5,0.0011511690937904,16.843779185178423,7.1,678.0
GTEX-1B97I-1626-SM-73KYO.1,SKIN,44.5,0.00244807639855,26.75938349961123,8.6,824.0
GTEX-1B97I-2026-SM-7DHN2.1,MUSCLE,44.5,0.0032068699319975,8.17589772061739,8.1,949.0
GTEX-1B97J-0326-SM-7939H.1,HEART,54.5,0.001508834234318,16.716920820301677,8.7,206.0
GTEX-1B97J-0726-SM-7RHG3.1,HEART,54.5,0.0016716430338652,14.341718123249304,8.0,215.0
GTEX-1B97J-1226-SM-7PBZR.1,MUSCLE,54.5,0.0015981798971184,5.186450084747814,7.8,239.0
GTEX-1B98T-0826-SM-7DHME.1,SKIN,64.5,0.0031209747329351,38.83592405076824,8.1,874.0
GTEX-1B98T-1126-SM-7EPHO.1,LIVER,64.5,0.0009289873854479,21.232153796366035,6.8,888.0
GTEX-1B98T-1326-SM-7EPI7.1,HEART,64.5,0.0024772178094176,43.44315768452774,6.9,893.0
GTEX-1B98T-3126-SM-73KV2.1,BRAIN,64.5,0.0002795170981025,8.015719976675557,5.6,996.0
GTEX-1B996-0008-SM-EXOHY.1,SKIN,64.5,0.0063400073887552,106.96223265144629,10.0,1032.0
GTEX-1B996-0011-R10b-SM-CJI3T.1,BRAIN,64.5,0.0012340691199922,21.477438144846275,8.3,890.0
GTEX-1B996-0011-R11b-SM-7MXTM.1,BRAIN,64.5,0.0015790438799222,12.272624353563264,6.7,890.0
GTEX-1B996-0011-R1b-SM-7P8PO.1,BRAIN,64.5,0.0009174937329028,21.48363584976737,6.2,890.0
GTEX-1B996-0011-R2a-SM-7IGON.1,BRAIN,64.5,0.0009002883221234,23.08466342613492,5.9,890.0
GTEX-1B996-0011-R3b-SM-9QEGY.1,BRAIN,64.5,0.001078246988402,21.761564114719803,6.7,890.0
GTEX-1B996-0011-R4b-SM-9OSVO.1,BRAIN,64.5,0.0015289926154116,21.99295175102537,7.0,890.0
GTEX-1B996-0011-R5a-SM-7P8PN.1,BRAIN,64.5,0.0014375221719392,22.439686656590304,7.8,890.0
GTEX-1B996-0011-R6b-SM-793AQ.1,BRAIN,64.5,0.0024944331448044,29.15846302515882,8.7,890.0
GTEX-1B996-0011-R7b-SM-7IGNT.1,BRAIN,64.5,0.0022401440201305,28.676571901120315,6.1,890.0
GTEX-1B996-0011-R8b-SM-79OOS.1,BRAIN,64.5,0.0014581132908454,21.648471374133056,6.7,890.0
GTEX-1B996-0226-SM-7RHGO.1,SKIN,64.5,0.0016872726183359,21.308171920456378,7.9,1032.0
GTEX-1B996-0326-SM-7DHMU.1,MUSCLE,64.5,0.0030177643514492,8.502536309800067,8.2,1034.0
GTEX-1B996-0426-SM-7EWF8.1,SKIN,64.5,0.0014877141354491,23.91360538137858,6.3,1035.0
GTEX-1B996-1026-SM-793CF.1,HEART,64.5,0.0018361965618142,23.8157315384672,7.6,1056.0
GTEX-1B996-1126-SM-73KWN.1,HEART,64.5,0.0022583573515099,20.204350820096288,7.6,1062.0
GTEX-1B996-1426-SM-7EPIA.1,LIVER,64.5,0.0010074495867486,26.5273834513234,6.8,1067.0
GTEX-1B996-2926-SM-7MXUH.1,BRAIN,64.5,0.0023438815817703,16.73480394868643,6.9,1137.0
GTEX-1BAJH-0008-SM-EXOI3.1,SKIN,74.5,0.0066433315738617,132.66164689015864,7.6,1242.0
GTEX-1BAJH-0011-R10a-SM-7MXT9.1,BRAIN,74.5,0.0005693824896969,7.385031949484168,6.0,1100.0
GTEX-1BAJH-0011-R11b-SM-7IGLM.1,BRAIN,74.5,0.0009378351851447,7.576213600520713,6.0,1100.0
GTEX-1BAJH-0011-R1a-SM-7P8SV.1,BRAIN,74.5,0.0004339684437188,11.52498227359487,5.9,1100.0
GTEX-1BAJH-0011-R3a-SM-7IGNU.1,BRAIN,74.5,0.0006089214703453,11.02559453468288,6.1,1100.0
GTEX-1BAJH-0011-R6b-SM-7MXT2.1,BRAIN,74.5,0.000701223850102,8.046360224220074,6.1,1100.0
GTEX-1BAJH-0011-R8a-SM-7MXUB.1,BRAIN,74.5,0.0004572598394398,7.451041779322499,6.0,1100.0
GTEX-1BAJH-0011-R9b-SM-7EPIQ.1,BRAIN,74.5,0.0008833357339683,21.88792403731718,6.8,1100.0
GTEX-1BAJH-0126-SM-7DHMF.1,MUSCLE,74.5,0.0031130415627174,8.251923084494907,8.4,1232.0
GTEX-1BAJH-0526-SM-793CQ.1,SKIN,74.5,0.0021932655258324,26.200383060456527,7.8,1242.0
GTEX-1BAJH-1026-SM-7EWEG.1,HEART,74.5,0.0020928420205676,26.77918749650599,6.3,1293.0
GTEX-1BAJH-1526-SM-7RHGI.1,LIVER,74.5,0.0016234975059008,22.68051706267252,6.9,1311.0
GTEX-1BAJH-1626-SM-73KUV.1,HEART,74.5,0.0010881406079388,12.116971612484347,6.8,1312.0
GTEX-1BAJH-2426-SM-7IGP8.1,SKIN,74.5,0.0025952882739117,29.34101242005591,6.0,1328.0
GTEX-1BAJH-3126-SM-7MGXY.1,BRAIN,74.5,0.0006772954022178,7.87550849067754,5.7,1368.0
GTEX-1C2JI-0008-SM-EXOHZ.1,SKIN,54.5,0.0062899042413601,110.63779025370656,9.7,482.0
GTEX-1C2JI-0526-SM-7EWEQ.1,HEART,54.5,0.001525482497809,11.465119370162622,6.4,427.0
GTEX-1C2JI-0626-SM-7DHM1.1,HEART,54.5,0.0013342937584508,17.241726083815998,8.1,430.0
GTEX-1C2JI-1026-SM-73KY1.1,SKIN,54.5,0.0012708516126793,27.603543818106782,7.3,445.0
GTEX-1C2JI-1826-SM-73KXC.1,SKIN,54.5,0.0015796505963508,25.82438860679235,7.7,481.0
GTEX-1C2JI-2126-SM-793CG.1,MUSCLE,54.5,0.0018326039597658,5.899942413686409,7.9,565.0
GTEX-1C475-0008-SM-EXOI1.1,SKIN,44.5,0.0066474996410263,111.8550199149698,9.6,211.0
GTEX-1C475-1326-SM-7SB73.1,SKIN,44.5,0.0009182004382024,22.9196051794643,6.2,110.0
GTEX-1C475-1726-SM-73KVX.1,MUSCLE,44.5,0.0016930377879909,8.409927161448966,8.6,208.0
GTEX-1C475-1826-SM-73KWA.1,SKIN,44.5,0.0028686511762723,23.74413949020737,9.1,214.0
GTEX-1C4CL-0008-SM-EXOI2.1,SKIN,34.5,0.0059298058665012,161.09473236704096,9.9,348.0
GTEX-1C4CL-0326-SM-7DHMH.1,MUSCLE,34.5,0.0018951647912851,8.132802377335453,8.0,344.0
GTEX-1C4CL-0526-SM-73KVK.1,SKIN,34.5,0.0015025584381834,18.813219545118663,7.9,348.0
GTEX-1C64N-0008-SM-EXUR6.1,SKIN,54.5,0.0075398742961928,149.41519813443333,7.8,748.0
GTEX-1C64N-0011-R11b-SM-7P8Q6.1,BRAIN,54.5,0.0010669689030192,7.877437542580963,6.3,470.0
GTEX-1C64N-0011-R1b-SM-7P8Q7.1,BRAIN,54.5,0.0003968487227024,7.570685792432336,5.6,470.0
GTEX-1C64N-0011-R6a-SM-7IGO9.1,BRAIN,54.5,0.0001780915002609,4.208426345848656,5.7,470.0
GTEX-1C64N-0011-R7a-SM-7IGOI.1,BRAIN,54.5,0.0001457857506426,5.123239276542893,5.9,470.0
GTEX-1C64N-0011-R8b-SM-7MGXE.1,BRAIN,54.5,0.0001838106180414,3.398651073650476,5.7,470.0
GTEX-1C64N-0126-SM-793D7.1,SKIN,54.5,0.0026809445314989,25.573389164683736,7.7,861.0
GTEX-1C64N-0326-SM-7P8QC.1,MUSCLE,54.5,0.0013357297952851,3.200631218393758,8.0,863.0
GTEX-1C64N-0826-SM-7RHGQ.1,HEART,54.5,0.0020202966396002,39.4657171894096,6.8,882.0
GTEX-1C64N-2626-SM-7PC2N.1,SKIN,54.5,0.0015080409117086,32.95784466452667,7.9,946.0
GTEX-1C64N-3026-SM-7MGVU.1,BRAIN,54.5,0.0003991845236804,8.735800249302244,5.7,1029.0
GTEX-1C64N-3126-SM-79OO3.1,BRAIN,54.5,0.0015126853427453,13.012336574617589,6.5,1031.0
GTEX-1C64O-0008-SM-EXUR5.1,SKIN,64.5,0.006422570437498,154.7438823668592,7.9,436.0
GTEX-1C64O-0126-SM-7SB8P.1,SKIN,64.5,0.0015092034286533,21.228576302836245,6.7,437.0
GTEX-1C64O-0326-SM-73KVW.1,MUSCLE,64.5,0.0022035243627997,5.943608343437145,8.5,447.0
GTEX-1C64O-0826-SM-79OKZ.1,HEART,64.5,0.0020347392604101,14.803290385298348,7.1,506.0
GTEX-1C64O-0926-SM-79OLN.1,HEART,64.5,0.0016848569471498,15.773530901087684,7.0,516.0
GTEX-1C64O-1326-SM-7MGWR.1,SKIN,64.5,0.0012867220681352,19.266523968930542,5.7,540.0
GTEX-1C6VQ-0008-SM-EXUR8.1,SKIN,54.5,0.0048998816454967,203.07582885657743,8.4,897.0
GTEX-1C6VQ-0011-R10b-SM-7P8Q1.1,BRAIN,54.5,0.0006665864237201,12.125106958590065,5.9,801.0
GTEX-1C6VQ-0011-R1a-SM-7P8Q2.1,BRAIN,54.5,0.0002934003605426,6.181494576922869,5.8,801.0
GTEX-1C6VQ-0011-R9a-SM-7SB85.1,BRAIN,54.5,0.0012667627775798,22.04857708645889,6.6,801.0
GTEX-1C6VQ-0126-SM-7P8RI.1,SKIN,54.5,0.0044974093329582,62.20677136425153,7.5,896.0
GTEX-1C6VQ-0326-SM-7DHMS.1,MUSCLE,54.5,0.0039300609655238,11.344925569785342,8.4,915.0
GTEX-1C6VQ-0826-SM-7PBZT.1,HEART,54.5,0.0010593056451076,31.76641144112441,6.5,934.0
GTEX-1C6VQ-1126-SM-7EWET.1,HEART,54.5,0.0001073673653373,9.298726767814877,6.3,944.0
GTEX-1C6VQ-1226-SM-73KYD.1,SKIN,54.5,0.0023448290579593,28.853853576402376,8.1,945.0
GTEX-1C6VQ-1626-SM-79OO1.1,LIVER,54.5,0.0018568940495499,47.85549713648538,6.6,951.0
GTEX-1C6VQ-3026-SM-7IGPU.1,BRAIN,54.5,0.0006850122503319,11.354646260549435,6.0,976.0
GTEX-1C6VR-0011-R10b-SM-7P8QA.1,BRAIN,64.5,0.0008619198668033,11.127016687974114,6.5,916.0
GTEX-1C6VR-0011-R1a-SM-7MXUE.1,BRAIN,64.5,0.0004545340833095,7.520502796581479,5.8,916.0
GTEX-1C6VR-0011-R2a-SM-7RHGZ.1,BRAIN,64.5,0.0003831845603248,8.440307072527064,5.6,916.0
GTEX-1C6VR-0011-R4b-SM-9QEGZ.1,BRAIN,64.5,0.0007589232179578,10.894314072173914,5.7,916.0
GTEX-1C6VR-0011-R5a-SM-9QEH1.1,BRAIN,64.5,0.0002487977226487,6.244286897244148,6.1,916.0
GTEX-1C6VR-0011-R6a-SM-7MXU8.1,BRAIN,64.5,0.0010914384989644,11.94427502478764,6.6,916.0
GTEX-1C6VR-0011-R8b-SM-7MXUF.1,BRAIN,64.5,0.00161284936728,18.240858453635475,7.5,916.0
GTEX-1C6VR-0126-SM-7RHGB.1,SKIN,64.5,0.0021716956112321,23.094877354187226,6.4,961.0
GTEX-1C6VR-2426-SM-79OLD.1,SKIN,64.5,0.0025114710958855,29.423490531485324,7.0,1093.0
GTEX-1C6VR-2526-SM-7DHMT.1,MUSCLE,64.5,0.0032476070870779,10.105038125526296,8.3,1098.0
GTEX-1C6VR-3026-SM-7IGLW.1,BRAIN,64.5,0.0011124011533892,10.889028368072706,6.2,1158.0
GTEX-1C6VS-0008-SM-EXOI4.1,SKIN,64.5,0.0066106584405098,115.4046730265229,7.5,745.0
GTEX-1C6VS-0011-R5a-SM-7MXU9.1,BRAIN,64.5,0.0002214113459555,6.352855936724161,5.9,599.0
GTEX-1C6VS-0011-R9b-SM-9WG5W.1,BRAIN,64.5,0.0003689053531672,11.587765834712515,6.2,599.0
GTEX-1C6VS-0126-SM-7PC2H.1,MUSCLE,64.5,0.0047767051213393,11.666873635643835,7.5,737.0
GTEX-1C6VS-0526-SM-7DUEN.1,SKIN,64.5,0.0027313272162075,38.82520634441582,7.5,746.0
GTEX-1C6VS-3026-SM-79OLA.1,BRAIN,64.5,0.0008708413372474,21.66586266041329,7.0,953.0
GTEX-1C6WA-0008-SM-EXUR7.1,SKIN,64.5,0.005721689341792,137.96846412387205,8.7,1135.0
GTEX-1C6WA-0011-R3a-SM-9OSVP.1,BRAIN,64.5,0.001550782720825,8.915086297033026,5.7,1092.0
GTEX-1C6WA-0011-R4a-SM-9QEH2.1,BRAIN,64.5,0.0011496520106864,9.392513829398917,5.9,1092.0
GTEX-1C6WA-0011-R5a-SM-9WG5X.1,BRAIN,64.5,0.0009386022216468,9.071824625544044,6.3,1092.0
GTEX-1C6WA-0011-R6a-SM-7PBYP.1,BRAIN,64.5,0.0013363109768283,17.630825641040207,6.6,1092.0
GTEX-1C6WA-0011-R7b-SM-7P8S8.1,BRAIN,64.5,0.0007176268663613,9.29274143898802,5.9,1092.0
GTEX-1C6WA-0011-R8b-SM-7P8S7.1,BRAIN,64.5,0.0009613354019211,8.607379135202228,6.7,1092.0
GTEX-1C6WA-0126-SM-7PC2B.1,SKIN,64.5,0.0016993420439564,41.844966045521645,8.0,1138.0
GTEX-1C6WA-0326-SM-7DUGE.1,MUSCLE,64.5,0.0027360393691915,11.496198623322742,7.3,1147.0
GTEX-1C6WA-0826-SM-7PBXS.1,HEART,64.5,0.0026873967180875,63.530679926193415,6.1,1209.0
GTEX-1C6WA-2626-SM-7MKGM.1,SKIN,64.5,0.0017009936920457,21.85630840359813,7.0,1295.0
GTEX-1C6WA-3026-SM-7P8RQ.1,BRAIN,64.5,0.0008955960929526,6.04913931145424,6.1,1390.0
GTEX-1C6WA-3326-SM-7MKGN.1,BRAIN,64.5,0.0018713750061478,10.598134392677768,6.7,1387.0
GTEX-1CAMQ-0008-SM-EXOI5.1,SKIN,44.5,0.0056833041387167,132.98482484414768,7.7,588.0
GTEX-1CAMQ-0011-R8a-SM-ARU85.1,BRAIN,44.5,0.0001002541426194,2.7037081981817805,5.7,498.0
GTEX-1CAMQ-0011-R9a-SM-9WG5Z.1,BRAIN,44.5,0.0004774776691929,15.525937181175388,6.4,498.0
GTEX-1CAMQ-0226-SM-7IGPK.1,SKIN,44.5,0.0012053405872173,17.895765140292525,5.8,589.0
GTEX-1CAMQ-0326-SM-7MXUI.1,MUSCLE,44.5,0.0024126293491819,7.898107599937163,6.9,590.0
GTEX-1CAMQ-0726-SM-7P8SG.1,HEART,44.5,0.0028364978187259,38.772646572837566,6.9,596.0
GTEX-1CAMQ-1326-SM-7P8RV.1,SKIN,44.5,0.0010321291787697,14.60401410916156,6.6,613.0
GTEX-1CAMQ-1426-SM-7MKFL.1,LIVER,44.5,0.0004554635610835,11.64495532275574,5.7,616.0
GTEX-1CAMR-0008-SM-EXURA.1,SKIN,24.5,0.0062570575811186,115.7621527258768,8.6,345.0
GTEX-1CAMR-1326-SM-7PC1F.1,SKIN,24.5,0.0008241623763223,17.074153316355293,6.0,171.0
GTEX-1CAMR-1726-SM-793CU.1,MUSCLE,24.5,0.0017681014846666,6.762870861918549,7.9,343.0
GTEX-1CAMR-1926-SM-7EPI2.1,SKIN,24.5,0.001640984062903,22.113565468041344,6.9,345.0
GTEX-1CAMS-0008-SM-EXURB.1,SKIN,44.5,0.0060782415004112,87.14291112077909,8.7,358.0
GTEX-1CAMS-0126-SM-79396.1,MUSCLE,44.5,0.002977272396719,9.832780516160282,8.8,349.0
GTEX-1CAMS-0426-SM-7P8T2.1,SKIN,44.5,0.0016549110716075,39.5818222085669,7.1,360.0
GTEX-1CAMS-1126-SM-7MXUQ.1,HEART,44.5,0.0019897150261431,20.356542997075717,7.4,405.0
GTEX-1CAMS-1326-SM-79OJR.1,HEART,44.5,0.0020538484312924,16.325895611844455,7.0,411.0
GTEX-1CAMS-2226-SM-7PBXQ.1,SKIN,44.5,0.0005977072674674,37.33079255365049,5.6,440.0
GTEX-1CAV2-0008-SM-EXURC.1,SKIN,44.5,0.0060913185393218,118.3355800067591,8.7,1247.0
GTEX-1CAV2-0011-R11a-SM-ARU8D.1,BRAIN,44.5,0.0002672528267348,3.929182030075923,6.2,1143.0
GTEX-1CAV2-0011-R1a-SM-ARZML.1,BRAIN,44.5,0.0001226796758229,2.6990822379713943,5.7,1143.0
GTEX-1CAV2-0011-R5b-SM-9QEH4.1,BRAIN,44.5,0.0001211679571782,3.4706605384451774,5.7,1143.0
GTEX-1CAV2-0011-R9b-SM-9WG5M.1,BRAIN,44.5,0.0006965008849879,13.244368978396151,5.7,1143.0
GTEX-1CAV2-0126-SM-7IGN7.1,SKIN,44.5,0.0026900377185723,35.27625298045153,6.1,1165.0
GTEX-1CAV2-2226-SM-7P8P2.1,SKIN,44.5,0.0014399888238738,19.43056795940373,6.6,1248.0
GTEX-1CAV2-2426-SM-7P8QF.1,MUSCLE,44.5,0.003553113012593,7.044698924087453,7.7,1251.0
GTEX-1CAV2-2726-SM-7IGNN.1,BRAIN,44.5,0.0002553223995533,6.709298242482375,6.2,1283.0
GTEX-1CB4E-0008-SM-EXURD.1,SKIN,64.5,0.0057536309023149,136.6074871452701,10.0,566.0
GTEX-1CB4E-0526-SM-7MXTK.1,HEART,64.5,0.002096627871752,15.758258035423312,8.2,331.0
GTEX-1CB4E-0626-SM-7DHMW.1,HEART,64.5,0.0020313641489641,27.868672031947977,8.4,337.0
GTEX-1CB4E-0926-SM-7EPHT.1,SKIN,64.5,0.0013467438801674,19.923914425913544,6.8,360.0
GTEX-1CB4E-2126-SM-793AP.1,MUSCLE,64.5,0.0034322294452347,7.03856041920626,8.6,602.0
GTEX-1CB4E-2226-SM-793DC.1,SKIN,64.5,0.0013758724519338,20.96865469201293,7.7,615.0
GTEX-1CB4F-0008-SM-EXURE.1,SKIN,64.5,0.00700668016401,123.17893709049685,6.7,474.0
GTEX-1CB4F-0326-SM-9MQKD.1,MUSCLE,64.5,0.0017206250191403,6.393311437509425,8.1,472.0
GTEX-1CB4F-0426-SM-9KNV4.1,SKIN,64.5,0.0011055202732227,22.198924603327452,7.4,476.0
GTEX-1CB4F-1026-SM-7DUH1.1,SKIN,64.5,0.0015332997728125,25.03462961615391,7.4,489.0
GTEX-1CB4F-1726-SM-7MGXH.1,LIVER,64.5,0.0034013215146293,27.03809416674978,6.6,510.0
GTEX-1CB4G-0008-SM-EXURF.1,SKIN,64.5,0.0056806701296382,96.8461335217956,6.8,470.0
GTEX-1CB4G-0011-R10a-SM-9QEHS.1,BRAIN,64.5,0.0019898125833136,11.224956316516968,7.3,365.0
GTEX-1CB4G-0011-R11a-SM-9OSWG.1,BRAIN,64.5,0.0034233289519806,13.955663929738886,6.9,365.0
GTEX-1CB4G-0011-R1b-SM-9QEHT.1,BRAIN,64.5,0.0010959541334795,10.215440824937431,6.5,365.0
GTEX-1CB4G-0011-R2a-SM-9QEGQ.1,BRAIN,64.5,0.001186464924632,19.89592848309612,6.4,365.0
GTEX-1CB4G-0011-R3a-SM-CE6QQ.1,BRAIN,64.5,0.0007409249963626,12.370156871949034,6.1,365.0
GTEX-1CB4G-0011-R4b-SM-CJI28.1,BRAIN,64.5,0.0005488847126981,7.780725130505271,6.6,365.0
GTEX-1CB4G-0011-R5a-SM-CKZNM.1,BRAIN,64.5,0.000934813338514,19.067028905433965,7.7,365.0
GTEX-1CB4G-0011-R6b-SM-9QEGO.1,BRAIN,64.5,0.0009192344166166,11.686256501809169,6.8,365.0
GTEX-1CB4G-0011-R7b-SM-9QEGP.1,BRAIN,64.5,0.0007290618810293,13.785206428570913,7.3,365.0
GTEX-1CB4G-0011-R8b-SM-9WG7H.1,BRAIN,64.5,0.0003970320782769,7.545102187828776,6.4,365.0
GTEX-1CB4G-0226-SM-7PC3O.1,SKIN,64.5,0.0023481733573492,32.7333624421647,7.8,469.0
GTEX-1CB4G-0426-SM-7MXUN.1,MUSCLE,64.5,0.0024971079436051,8.097417461524275,8.6,473.0
GTEX-1CB4G-0726-SM-79OOJ.1,HEART,64.5,0.0013997157984829,20.84434155478881,6.7,491.0
GTEX-1CB4G-0826-SM-7DUGF.1,HEART,64.5,0.0014336991279909,13.735762757405016,7.4,493.0
GTEX-1CB4G-2926-SM-7MKFQ.1,BRAIN,64.5,0.0021875869558757,13.851614984255868,7.2,540.0
GTEX-1CB4H-0011-R10b-SM-9QEH3.1,BRAIN,64.5,0.001604775572849,22.23192346778284,6.5,939.0
GTEX-1CB4H-0011-R3b-SM-9OSVI.1,BRAIN,64.5,0.0013849038806903,19.408959534208797,6.7,939.0
GTEX-1CB4H-0011-R5b-SM-9QEGN.1,BRAIN,64.5,0.0007038689859102,18.22043459562406,7.1,939.0
GTEX-1CB4H-0011-R6b-SM-CKZNK.1,BRAIN,64.5,0.0002713069502855,8.048096839248993,6.6,939.0
GTEX-1CB4H-0011-R7b-SM-CJI27.1,BRAIN,64.5,0.0003185074722821,11.116918888861278,7.1,939.0
GTEX-1CB4H-0011-R8b-SM-CJI26.1,BRAIN,64.5,0.0003306007905683,6.20076956775361,6.4,939.0
GTEX-1CB4H-0011-R9a-SM-CKZNL.1,BRAIN,64.5,0.000378930282541,19.577499878339538,6.8,939.0
GTEX-1CB4H-0226-SM-7PBXM.1,SKIN,64.5,0.0030010542595088,28.81009453872292,7.7,949.0
GTEX-1CB4H-0426-SM-7MXTL.1,MUSCLE,64.5,0.0018793014469614,10.130971498325982,7.3,953.0
GTEX-1CB4H-0626-SM-7IGN3.1,HEART,64.5,0.0010228012132228,22.826095231710426,6.1,959.0
GTEX-1CB4H-1126-SM-7MKGL.1,SKIN,64.5,0.0026060911397739,25.26055242449146,6.8,970.0
GTEX-1CB4H-3026-SM-79OLX.1,BRAIN,64.5,0.0011992602743351,14.42344037835168,7.0,1016.0
GTEX-1CB4H-3126-SM-7IGN4.1,BRAIN,64.5,0.0009501812769651,16.89216397232374,6.2,1018.0
GTEX-1CB4I-0008-SM-EXURG.1,SKIN,54.5,0.0074718183799585,95.02993621131763,7.1,514.0
GTEX-1CB4I-0126-SM-7RHGG.1,SKIN,54.5,0.001486101832239,19.98512165760005,6.0,472.0
GTEX-1CB4I-0226-SM-79OLH.1,SKIN,54.5,0.0013711713462971,14.999409689000686,7.1,518.0
GTEX-1CB4I-0326-SM-7DHMM.1,MUSCLE,54.5,0.0023531336372828,5.608033892363528,8.1,519.0
GTEX-1CB4I-1526-SM-7DHMY.1,HEART,54.5,0.0018937946972522,37.98630917323564,7.9,567.0
GTEX-1CB4I-1626-SM-7RHGV.1,HEART,54.5,0.0029079315691437,16.519108298992357,6.8,567.0
GTEX-1CB4J-0008-SM-EXURH.1,SKIN,64.5,0.0066540699610355,108.18270566045554,7.4,943.0
GTEX-1CB4J-0011-R10a-SM-9WG63.1,BRAIN,64.5,0.0031202459334409,64.51509307612311,6.9,865.0
GTEX-1CB4J-0011-R1a-SM-9WG64.1,BRAIN,64.5,0.0023004518776662,42.225503294270446,6.1,865.0
GTEX-1CB4J-0011-R2a-SM-9WG5N.1,BRAIN,64.5,0.0011266148339561,40.734266486315406,6.9,865.0
GTEX-1CB4J-0011-R3b-SM-9WG5Q.1,BRAIN,64.5,0.0018553880799846,53.34992462430228,6.4,865.0
GTEX-1CB4J-0011-R4b-SM-9WG5P.1,BRAIN,64.5,0.001286061020951,40.86901610392105,6.1,865.0
GTEX-1CB4J-0011-R5a-SM-9WG5Y.1,BRAIN,64.5,0.0007733011803257,54.85760938371441,7.2,865.0
GTEX-1CB4J-0011-R6b-SM-9WG7B.1,BRAIN,64.5,0.0018579506243004,39.11557619670808,6.9,865.0
GTEX-1CB4J-0011-R7a-SM-9WG5O.1,BRAIN,64.5,0.0001388815797005,3.833053355446213,6.4,865.0
GTEX-1CB4J-0011-R8a-SM-9QEHU.1,BRAIN,64.5,0.0007148008135377,33.03201333486107,6.4,865.0
GTEX-1CB4J-0226-SM-7P8T4.1,HEART,64.5,0.001879412666941,24.88627975855738,6.4,926.0
GTEX-1CB4J-0326-SM-7PBZO.1,HEART,64.5,0.0019994347766263,20.51320366564864,7.6,928.0
GTEX-1CB4J-0626-SM-7DHMP.1,SKIN,64.5,0.0021879755441264,28.423344530077514,8.0,944.0
GTEX-1CB4J-0726-SM-7IGN8.1,LIVER,64.5,0.0011868382633375,22.67700109824373,6.2,940.0
GTEX-1CB4J-1226-SM-7P8P3.1,MUSCLE,64.5,0.0018550793851146,11.419153743106678,8.5,946.0
GTEX-1CB4J-1326-SM-7P8RX.1,SKIN,64.5,0.0019401217041867,18.185434155368117,7.7,946.0
GTEX-1CB4J-2926-SM-7PBZ2.1,BRAIN,64.5,0.0030447366516403,55.44523481028603,6.1,1003.0
GTEX-1E1VI-0011-R10b-SM-ARU8F.1,BRAIN,54.5,0.0014280085358095,10.153210676041397,7.3,851.0
GTEX-1E1VI-0011-R11a-SM-9OSWI.1,BRAIN,54.5,0.0011497599312536,7.551674381884559,7.7,851.0
GTEX-1E1VI-0011-R1a-SM-ARZMM.1,BRAIN,54.5,0.0002171729663399,4.091341578034211,6.1,851.0
GTEX-1E1VI-0011-R2a-SM-9QEGS.1,BRAIN,54.5,0.00071402983577,7.984452872381177,6.1,851.0
GTEX-1E1VI-0011-R3a-SM-9OSWH.1,BRAIN,54.5,0.0005545493261991,7.328844923993487,6.8,851.0
GTEX-1E1VI-0011-R4b-SM-9QEHV.1,BRAIN,54.5,0.0004482701919793,5.504047930774605,6.5,851.0
GTEX-1E1VI-0011-R5b-SM-9WG5V.1,BRAIN,54.5,0.0001804099076661,3.9675498614839806,5.8,851.0
GTEX-1E1VI-0011-R6a-SM-9OSVJ.1,BRAIN,54.5,0.00056662935739,7.394144882443148,6.4,851.0
GTEX-1E1VI-0011-R7b-SM-9QEGR.1,BRAIN,54.5,0.0002157145611709,4.738579730613516,6.2,851.0
GTEX-1E1VI-0011-R8b-SM-ARU8E.1,BRAIN,54.5,0.0009459671560335,13.449408456731858,7.0,851.0
GTEX-1E1VI-0126-SM-7DHMZ.1,SKIN,54.5,0.0022312810754404,29.0260864805907,8.1,969.0
GTEX-1E1VI-0326-SM-793D1.1,SKIN,54.5,0.0032932205412116,60.99947730055673,7.6,980.0
GTEX-1E1VI-0426-SM-7DHN1.1,MUSCLE,54.5,0.0020907857815802,6.634464090050989,8.3,986.0
GTEX-1E1VI-1326-SM-7IGQD.1,HEART,54.5,0.0014461319396676,14.220874665979297,5.8,1059.0
GTEX-1E1VI-1426-SM-793CY.1,HEART,54.5,0.0042444713436468,59.27657017075544,7.8,1061.0
GTEX-1E1VI-2926-SM-7IGLT.1,BRAIN,54.5,0.0004863023781045,7.132070422381882,6.2,1086.0
GTEX-1E1VI-3026-SM-7RHHU.1,BRAIN,54.5,0.0008452228050954,11.737555241127811,6.8,1089.0
GTEX-1E2YA-0008-SM-EXURI.1,SKIN,54.5,0.0054104925384424,116.72677480712916,7.8,561.0
GTEX-1E2YA-0011-R1b-SM-CJI29.1,BRAIN,54.5,0.0003268292905327,10.854024596810673,6.9,485.0
GTEX-1E2YA-0011-R5a-SM-9QEGT.1,BRAIN,54.5,0.0002728209570827,9.945757442879684,6.4,485.0
GTEX-1E2YA-0011-R6b-SM-CE6R2.1,BRAIN,54.5,7.19005314870125e-05,2.105804939024656,6.1,485.0
GTEX-1E2YA-0011-R7a-SM-CJI1Z.1,BRAIN,54.5,0.0001165451258172,3.4388227575368737,6.1,485.0
GTEX-1E2YA-0011-R8a-SM-CKZNG.1,BRAIN,54.5,0.0003755801953799,8.322022318231783,7.0,485.0
GTEX-1E2YA-0126-SM-9KNUC.1,SKIN,54.5,0.0019779871284575,19.881879849553293,7.0,560.0
GTEX-1E2YA-0526-SM-7P8RY.1,MUSCLE,54.5,0.0026533755073734,9.072172623922688,8.3,567.0
GTEX-1E2YA-0626-SM-7P8P4.1,HEART,54.5,0.0029621657157796,46.230040105704845,6.7,580.0
GTEX-1E2YA-1226-SM-7MGY3.1,LIVER,54.5,0.0008614297472336,24.06729437399564,6.5,597.0
GTEX-1E2YA-2126-SM-7MXUO.1,SKIN,54.5,0.0039594049289297,47.04650586614103,6.6,614.0
GTEX-1E2YA-2926-SM-7MGWX.1,BRAIN,54.5,0.000367561522087,5.675934632564134,5.7,632.0
GTEX-1E2YA-3026-SM-7IGO7.1,BRAIN,54.5,0.0003968273688068,10.46159692591382,5.9,634.0
GTEX-1EH9U-0011-R10a-SM-CJI2A.1,BRAIN,64.5,0.0008438322663494,15.5381901872723,7.5,677.0
GTEX-1EH9U-0011-R11b-SM-CE6R1.1,BRAIN,64.5,0.000139370077097,3.043152003651375,5.9,677.0
GTEX-1EH9U-0011-R1b-SM-CJI2B.1,BRAIN,64.5,0.0002980464547307,7.182564356096273,6.7,677.0
GTEX-1EH9U-0011-R3b-SM-CL534.1,BRAIN,64.5,0.0003076901006536,8.053972020595179,6.2,677.0
GTEX-1EH9U-0011-R5a-SM-CJI2K.1,BRAIN,64.5,0.0001736277482552,6.498880580853263,6.0,677.0
GTEX-1EH9U-0011-R6a-SM-CJI2C.1,BRAIN,64.5,0.0002631538678181,6.739435753909408,6.4,677.0
GTEX-1EH9U-0011-R7a-SM-9QEGU.1,BRAIN,64.5,0.0002201906600055,7.492754948108729,6.0,677.0
GTEX-1EH9U-0011-R9b-SM-9WG5T.1,BRAIN,64.5,0.0010315697743861,31.179810727926625,6.9,677.0
GTEX-1EH9U-0126-SM-7SB87.1,SKIN,64.5,0.0022038892815462,28.081422301508088,7.2,754.0
GTEX-1EH9U-0326-SM-7P8S2.1,MUSCLE,64.5,0.0034443925446958,10.253291261829371,8.2,759.0
GTEX-1EH9U-0626-SM-7PC33.1,HEART,64.5,0.0012417525097975,14.001450756186374,6.6,778.0
GTEX-1EH9U-0826-SM-7IGPT.1,HEART,64.5,0.0003239001646202,4.172651035237297,6.0,792.0
GTEX-1EH9U-1126-SM-7IGLU.1,LIVER,64.5,0.0010316349315577,21.306391460875435,6.0,801.0
GTEX-1EH9U-2826-SM-7DUGT.1,SKIN,64.5,0.0024665686372177,23.78549238302017,7.5,876.0
GTEX-1EH9U-3126-SM-7MXU5.1,BRAIN,64.5,0.0004152615322453,8.681207566214526,5.7,939.0
GTEX-1EKGG-0011-R11a-SM-9QEHZ.1,BRAIN,64.5,0.0016903581810086,11.313969289456653,6.7,782.0
GTEX-1EKGG-0011-R1b-SM-9QEI1.1,BRAIN,64.5,0.0007047738070688,12.63465121557978,6.2,782.0
GTEX-1EKGG-0011-R2a-SM-CE6R8.1,BRAIN,64.5,0.0008850259850647,13.681355857768446,6.5,782.0
GTEX-1EKGG-0011-R5a-SM-9OSVQ.1,BRAIN,64.5,0.0004305095123365,9.396392736886158,6.8,782.0
GTEX-1EKGG-0011-R6a-SM-CL538.1,BRAIN,64.5,0.0015511603691463,14.987137079549562,7.2,782.0
GTEX-1EKGG-0011-R7a-SM-CKZNN.1,BRAIN,64.5,0.0007501201894334,11.462344660789707,7.5,782.0
GTEX-1EKGG-0011-R9a-SM-CMKFV.1,BRAIN,64.5,0.0024621257950746,26.189565219851666,6.4,782.0
GTEX-1EKGG-0226-SM-9WYTH.1,SKIN,64.5,0.0019866678817037,32.53440226589083,8.1,848.0
GTEX-1EKGG-0526-SM-7P8SZ.1,MUSCLE,64.5,0.0028502364616398,4.763425187011461,8.2,854.0
GTEX-1EKGG-0626-SM-7DUGJ.1,SKIN,64.5,0.0022212566148808,35.269903198360055,7.2,930.0
GTEX-1EKGG-1126-SM-7MGXB.1,HEART,64.5,0.0001992885419949,6.475270434057239,5.6,947.0
GTEX-1EKGG-1226-SM-7IGNO.1,LIVER,64.5,0.0005254303993596,10.500303943886422,6.3,948.0
GTEX-1EKGG-2926-SM-7EPIH.1,BRAIN,64.5,0.0010506036965692,14.92907309634328,6.9,1028.0
GTEX-1EKGG-3126-SM-9WPO5.1,BRAIN,64.5,0.001291024918528,11.329019447780592,6.5,1033.0
GTEX-1EMGI-0011-R10a-SM-9OSWY.1,BRAIN,64.5,0.0016990990681175,9.45277387060234,7.0,365.0
GTEX-1EMGI-0011-R11b-SM-9OSWX.1,BRAIN,64.5,0.0032820170433571,12.903538387496704,7.1,365.0
GTEX-1EMGI-0011-R1b-SM-9OSWZ.1,BRAIN,64.5,0.0013602669382073,15.108296930909365,7.8,365.0
GTEX-1EMGI-0011-R2b-SM-9OSVS.1,BRAIN,64.5,0.0015899298548943,14.233071168985637,5.8,365.0
GTEX-1EMGI-0011-R3b-SM-CE6R9.1,BRAIN,64.5,0.0015688345031942,13.789028988836382,7.3,365.0
GTEX-1EMGI-0011-R4b-SM-CJI2D.1,BRAIN,64.5,0.0015000175856408,21.41083829670256,7.3,365.0
GTEX-1EMGI-0011-R5a-SM-CJI2E.1,BRAIN,64.5,0.0014505814579441,16.799901524247513,8.1,365.0
GTEX-1EMGI-0011-R6a-SM-9OSVR.1,BRAIN,64.5,0.0013786195645217,14.997676702475816,7.3,365.0
GTEX-1EMGI-0011-R7b-SM-9QEH5.1,BRAIN,64.5,0.0010589852803091,13.857727323690748,7.5,365.0
GTEX-1EMGI-0011-R8b-SM-9QEID.1,BRAIN,64.5,0.0017057638209663,17.966941476958148,7.1,365.0
GTEX-1EMGI-0126-SM-9KNUE.1,SKIN,64.5,0.002106936475572,26.296569517622984,7.8,499.0
GTEX-1EMGI-0326-SM-9MQM5.1,MUSCLE,64.5,0.0031715368819156,6.921092550598003,7.8,501.0
GTEX-1EMGI-1126-SM-9KNUF.1,HEART,64.5,0.0009918488828544,23.17159966680593,6.5,560.0
GTEX-1EMGI-1226-SM-793DD.1,HEART,64.5,0.0029438974318038,22.77308701283224,7.5,560.0
GTEX-1EMGI-2326-SM-7PBYA.1,SKIN,64.5,0.0011043771864018,26.10744004703526,6.3,586.0
GTEX-1EMGI-3026-SM-7P8P6.1,BRAIN,64.5,0.0014581764312391,8.952590119481762,7.1,628.0
GTEX-1EMGI-3126-SM-7MXUR.1,BRAIN,64.5,0.0023862174446697,13.185865615873512,6.1,629.0
GTEX-1EN7A-0011-R3a-SM-9OSVT.1,BRAIN,44.5,0.0002765668239253,7.740619435349648,5.6,862.0
GTEX-1EN7A-0011-R5a-SM-9QEH6.1,BRAIN,44.5,0.0001594771853302,4.664318030328165,5.9,862.0
GTEX-1EN7A-0011-R6b-SM-9QEHW.1,BRAIN,44.5,0.0001798557427581,5.203472967633344,6.0,862.0
GTEX-1EN7A-0011-R7b-SM-9QEHX.1,BRAIN,44.5,0.0001571154374311,4.368468533514409,6.2,862.0
GTEX-1EN7A-0126-SM-7SB81.1,SKIN,44.5,0.0041835256911709,25.968385723924083,8.3,985.0
GTEX-1EN7A-0326-SM-7P8T1.1,MUSCLE,44.5,0.0030337439337265,8.014181578602123,7.2,989.0
GTEX-1EN7A-0726-SM-7PBXT.1,HEART,44.5,0.0002182184502402,5.140016672651465,6.0,1029.0
GTEX-1EN7A-2026-SM-7MGY4.1,LIVER,44.5,0.00098457516204,19.13076869957801,5.7,1053.0
GTEX-1EN7A-2426-SM-793DB.1,SKIN,44.5,0.0032014264135396,32.68391675685071,7.6,1059.0
GTEX-1EN7A-3026-SM-7PBYT.1,BRAIN,44.5,0.0004629942545096,11.935766789668037,5.8,1075.0
GTEX-1EU9M-0011-R2b-SM-9QEH7.1,BRAIN,64.5,0.0005007818612123,10.099242121404975,6.1,685.0
GTEX-1EU9M-0011-R3a-SM-9QEHY.1,BRAIN,64.5,0.0004419882298711,8.689273788698399,6.0,685.0
GTEX-1EU9M-0011-R7b-SM-9OSVU.1,BRAIN,64.5,0.0002065786485341,6.812265506050848,6.3,685.0
GTEX-1EU9M-0011-R9a-SM-9WG61.1,BRAIN,64.5,0.0008236431159036,19.988786950807825,7.0,685.0
GTEX-1EU9M-0126-SM-7P8P8.1,MUSCLE,64.5,0.0031287482398435,8.85976908595845,8.1,834.0
GTEX-1EU9M-0226-SM-7P8SP.1,SKIN,64.5,0.0025589874494696,29.16339662910262,7.0,837.0
GTEX-1EU9M-1426-SM-793AI.1,SKIN,64.5,0.0026164468243116,36.0757702995726,8.6,883.0
GTEX-1EU9M-1826-SM-7DUGU.1,HEART,64.5,0.0036568365581272,21.821970250440103,7.4,888.0
GTEX-1EU9M-1926-SM-7RHH4.1,HEART,64.5,0.0016054286513754,25.53438801452274,6.9,889.0
GTEX-1EU9M-2926-SM-793DF.1,BRAIN,64.5,0.0020393892897602,14.504191153450597,7.6,945.0
GTEX-1EWIQ-0008-SM-EVR3F.1,SKIN,74.5,0.0050412381779437,111.2497950667174,10.0,618.0
GTEX-1EWIQ-0011-R11a-SM-9OSX6.1,BRAIN,74.5,0.0001569085918792,3.626277629174816,5.7,575.0
GTEX-1EWIQ-0011-R1a-SM-9OSX7.1,BRAIN,74.5,0.0004659055779808,5.286396875769271,6.6,575.0
GTEX-1EWIQ-0011-R6a-SM-ARU8G.1,BRAIN,74.5,0.0001530015558583,3.5150120651254837,5.9,575.0
GTEX-1EWIQ-0011-R8a-SM-9OSX8.1,BRAIN,74.5,0.0006956342345338,6.142596129697251,6.8,575.0
GTEX-1EWIQ-0011-R9a-SM-ARL8L.1,BRAIN,74.5,0.0010089730363591,24.7250991752542,7.5,575.0
GTEX-1EWIQ-0126-SM-7RHH2.1,SKIN,74.5,0.0021558174173157,23.582879356528867,7.2,617.0
GTEX-1EWIQ-0326-SM-7DHMQ.1,SKIN,74.5,0.0020223899705025,39.28641310656987,7.9,621.0
GTEX-1EWIQ-0626-SM-7PBYW.1,MUSCLE,74.5,0.0030464579233483,11.255419553271691,7.0,636.0
GTEX-1EWIQ-0726-SM-7MKFW.1,LIVER,74.5,0.0005368246436732,14.384707622600946,6.9,645.0
GTEX-1EWIQ-1126-SM-7EPIK.1,HEART,74.5,0.0008524148198601,20.645591403064778,6.8,657.0
GTEX-1EWIQ-1426-SM-7IGOS.1,HEART,74.5,0.0001187003201543,4.170725121270532,5.7,664.0
GTEX-1EWIQ-3026-SM-7IGOJ.1,BRAIN,74.5,0.0005337483811265,7.511818373979104,5.9,707.0
GTEX-1EWIQ-3126-SM-7MXTI.1,BRAIN,74.5,0.0006361126136138,9.829912549768244,5.6,709.0
GTEX-1EX96-0008-SM-EWRMB.1,SKIN,54.5,0.0053207501712882,129.89336607842284,10.0,788.0
GTEX-1EX96-0011-R10b-SM-CE6QR.1,BRAIN,54.5,0.0033958099099402,11.39316015690615,6.1,704.0
GTEX-1EX96-0011-R1a-SM-CE6R5.1,BRAIN,54.5,0.0007199033092933,6.376249968066399,6.0,704.0
GTEX-1EX96-0011-R3b-SM-ARZMH.1,BRAIN,54.5,0.0012962981241141,11.840515147432594,5.7,704.0
GTEX-1EX96-0011-R4a-SM-ARU82.1,BRAIN,54.5,0.000414449572803,8.016465367896298,5.8,704.0
GTEX-1EX96-0011-R5a-SM-ARU83.1,BRAIN,54.5,0.0011334482593711,14.51069445359955,7.3,704.0
GTEX-1EX96-0011-R6a-SM-9OSVV.1,BRAIN,54.5,0.0010327136067266,12.307008942142843,7.0,704.0
GTEX-1EX96-0011-R7a-SM-9OSVW.1,BRAIN,54.5,0.0006647280095598,13.204917118146575,6.5,704.0
GTEX-1EX96-1026-SM-7MKG2.1,SKIN,54.5,0.0015960579285387,25.77105083767495,7.8,779.0
GTEX-1EX96-1526-SM-7PBXK.1,MUSCLE,54.5,0.0029578848334505,4.575274565742238,8.3,786.0
GTEX-1EX96-1626-SM-7PBXR.1,SKIN,54.5,0.0014837010668395,29.06552899089212,7.4,789.0
GTEX-1EX96-2526-SM-7RHGW.1,HEART,54.5,7.70294357740474e-05,3.991799512313526,5.6,817.0
GTEX-1EX96-2626-SM-9MQJV.1,HEART,54.5,0.0009527228822167,24.85865078708335,6.1,819.0
GTEX-1EX96-3026-SM-7RHH5.1,BRAIN,54.5,0.0010618574742288,14.275143757487797,6.3,850.0
GTEX-1EX96-3126-SM-9JGGC.1,BRAIN,54.5,0.0014023940877379,10.796459020294064,6.7,852.0
GTEX-1F48J-0008-SM-EWRMD.1,SKIN,54.5,0.0078117550860983,128.22666055563957,10.0,892.0
GTEX-1F48J-0011-R10a-SM-9QEIB.1,BRAIN,54.5,0.0024357012068984,24.17038351088065,7.9,805.0
GTEX-1F48J-0011-R11b-SM-9OSWV.1,BRAIN,54.5,0.0017683943049804,17.074492411861517,7.6,805.0
GTEX-1F48J-0011-R1a-SM-9QEIC.1,BRAIN,54.5,0.0021088511688786,19.37325970202148,7.7,805.0
GTEX-1F48J-0011-R2a-SM-CL535.1,BRAIN,54.5,0.0006070567574788,21.469525110881914,6.6,805.0
GTEX-1F48J-0011-R3b-SM-9OSVY.1,BRAIN,54.5,0.0013582607935072,18.13758512213442,6.1,805.0
GTEX-1F48J-0011-R4b-SM-9OSVX.1,BRAIN,54.5,0.0013600760454057,19.2367188696002,6.7,805.0
GTEX-1F48J-0011-R5b-SM-9OSVZ.1,BRAIN,54.5,0.000751755086172,19.026653724543667,6.7,805.0
GTEX-1F48J-0011-R6a-SM-CJI2F.1,BRAIN,54.5,0.0009040600566115,21.576108715047308,7.5,805.0
GTEX-1F48J-0011-R7a-SM-CJI2G.1,BRAIN,54.5,0.0004293386447322,14.915208003653143,7.2,805.0
GTEX-1F48J-0011-R8a-SM-9OSWW.1,BRAIN,54.5,0.0012295606023731,21.781686014675717,7.1,805.0
GTEX-1F48J-0126-SM-7P8TT.1,SKIN,54.5,0.0022584171856205,44.94622386281545,8.3,891.0
GTEX-1F48J-0526-SM-9WYSX.1,MUSCLE,54.5,0.0029336937929561,8.851873003882618,8.4,903.0
GTEX-1F48J-0726-SM-7RHGS.1,SKIN,54.5,0.0038174452579569,76.27340766898313,8.5,921.0
GTEX-1F48J-1026-SM-7P8SO.1,HEART,54.5,0.000856939276308,10.568875191583338,5.8,930.0
GTEX-1F48J-1126-SM-9WYSY.1,HEART,54.5,0.0009200778440928,39.13711947274194,6.5,933.0
GTEX-1F48J-2726-SM-7P8PW.1,BRAIN,54.5,0.0019802267857892,16.591596235111258,6.8,980.0
GTEX-1F48J-2826-SM-7P8R4.1,BRAIN,54.5,0.0017566032780337,14.632626931989844,6.9,982.0
GTEX-1F52S-0008-SM-EWRME.1,SKIN,64.5,0.0057638583548107,96.5768921456056,10.0,987.0
GTEX-1F52S-0011-R11a-SM-CJI23.1,BRAIN,64.5,0.0019450846851638,15.82739239157296,7.1,872.0
GTEX-1F52S-0011-R1a-SM-9OSX9.1,BRAIN,64.5,0.0005276315924408,6.792215457629118,6.3,872.0
GTEX-1F52S-0011-R3a-SM-CKZNI.1,BRAIN,64.5,0.0008540501466251,15.444659516495811,6.0,872.0
GTEX-1F52S-0011-R5a-SM-CJI22.1,BRAIN,64.5,0.0004762439968083,14.758986956950734,6.8,872.0
GTEX-1F52S-0011-R7b-SM-9QEH8.1,BRAIN,64.5,0.0002746496263278,6.120022652580151,6.0,872.0
GTEX-1F52S-0011-R8a-SM-9OSXA.1,BRAIN,64.5,0.0007226739872926,7.190917838119583,6.8,872.0
GTEX-1F52S-0011-R9a-SM-9WG62.1,BRAIN,64.5,0.0011369469600818,33.843473937861226,6.5,872.0
GTEX-1F52S-0126-SM-9MQJU.1,SKIN,64.5,0.0016034407830223,20.14306597536225,7.7,987.0
GTEX-1F52S-0826-SM-7P8TQ.1,MUSCLE,64.5,0.0030582758252041,7.685911051043124,8.6,1006.0
GTEX-1F52S-2926-SM-7MKGA.1,SKIN,64.5,0.001646010646902,20.17100698520392,7.4,1038.0
GTEX-1F52S-3026-SM-7P8PV.1,BRAIN,64.5,0.0010400366090271,11.082509074327064,6.7,1041.0
GTEX-1F52S-3126-SM-7PC3M.1,BRAIN,64.5,0.0005366538537589,9.129298626619052,6.0,1043.0
GTEX-1F5PK-0326-SM-9KNUD.1,HEART,54.5,0.0019931743241734,15.408939197945276,7.9,134.0
GTEX-1F5PK-2226-SM-7SB6N.1,SKIN,54.5,0.0021910134858348,21.629877002499207,6.3,231.0
GTEX-1F5PK-2426-SM-7RHHY.1,SKIN,54.5,0.002234318440515,27.941579183467624,7.3,237.0
GTEX-1F5PK-2626-SM-7RHH6.1,MUSCLE,54.5,0.0051686557501384,8.613655479868592,8.1,247.0
GTEX-1F5PL-0008-SM-EWRMC.1,SKIN,44.5,0.006118041383954,139.6615572868354,10.0,410.0
GTEX-1F5PL-0326-SM-7P8PQ.1,SKIN,44.5,0.0015974005577196,14.63188697879234,7.5,412.0
GTEX-1F5PL-0426-SM-7P8PR.1,MUSCLE,44.5,0.0027044633977572,8.157034299979477,9.0,423.0
GTEX-1F5PL-0926-SM-7PC2W.1,SKIN,44.5,0.002737691851893,29.9689409446415,8.7,433.0
GTEX-1F6I4-0008-SM-EWRMF.1,SKIN,64.5,0.0054911582654787,153.89699660016973,10.0,748.0
GTEX-1F6I4-0011-R10b-SM-9OSWT.1,BRAIN,64.5,0.0019308116159047,10.20927061421922,7.3,719.0
GTEX-1F6I4-0011-R11b-SM-9OSWS.1,BRAIN,64.5,0.003847093225969,12.359896098326091,7.3,719.0
GTEX-1F6I4-0011-R1a-SM-9OSWU.1,BRAIN,64.5,0.0006746197586754,7.556160903927099,7.7,719.0
GTEX-1F6I4-0011-R2a-SM-CL536.1,BRAIN,64.5,0.0015980940638849,22.012634227078543,6.6,719.0
GTEX-1F6I4-0011-R3a-SM-9QEH9.1,BRAIN,64.5,0.0008606841363541,8.785417860943864,5.7,719.0
GTEX-1F6I4-0011-R5b-SM-9QEHA.1,BRAIN,64.5,0.0004928829190547,9.320093694643235,5.7,719.0
GTEX-1F6I4-0011-R6a-SM-CE6R4.1,BRAIN,64.5,0.0008592438335041,8.861736937574463,6.6,719.0
GTEX-1F6I4-0011-R7a-SM-CJI24.1,BRAIN,64.5,0.0002918616689675,8.074482309454433,5.9,719.0
GTEX-1F6I4-0011-R8a-SM-9QEIA.1,BRAIN,64.5,0.0005167065334644,6.782458822022528,6.3,719.0
GTEX-1F6I4-0011-R9a-SM-CMKFU.1,BRAIN,64.5,0.0017423934099813,25.168778401434537,7.3,719.0
GTEX-1F6I4-0126-SM-9MQL2.1,SKIN,64.5,0.0016990396232762,30.94551784836936,6.3,750.0
GTEX-1F6I4-0326-SM-7P8T8.1,MUSCLE,64.5,0.0043892042547852,7.050575185329301,8.0,757.0
GTEX-1F6I4-0726-SM-7PC2P.1,HEART,64.5,0.0021721672184969,13.246510816557771,7.1,831.0
GTEX-1F6I4-0826-SM-7RHGK.1,HEART,64.5,0.0015804921460495,32.52062992349126,7.3,835.0
GTEX-1F6I4-2326-SM-7RHGL.1,SKIN,64.5,0.0013742315562958,26.020140946009946,7.2,910.0
GTEX-1F6I4-3026-SM-7P8SI.1,BRAIN,64.5,0.0032717638929172,14.725322079154152,6.0,1025.0
GTEX-1F6I4-3126-SM-7P8SD.1,BRAIN,64.5,0.0007080889898934,8.016369242172368,6.1,1024.0
GTEX-1F6IF-0008-SM-EWRMJ.1,SKIN,64.5,0.0066741412226304,136.88070350916834,10.0,963.0
GTEX-1F6IF-0011-R10a-SM-9QEIN.1,BRAIN,64.5,0.0017489323099031,10.64460267437259,7.9,833.0
GTEX-1F6IF-0011-R1b-SM-9WG78.1,BRAIN,64.5,0.000691855314352,18.71819810992333,6.3,833.0
GTEX-1F6IF-0011-R2b-SM-9QEHB.1,BRAIN,64.5,0.0009771484579402,16.899732366180135,5.7,833.0
GTEX-1F6IF-0011-R4b-SM-CKZNJ.1,BRAIN,64.5,0.0009422551570006,12.91851930414031,5.8,833.0
GTEX-1F6IF-0011-R5b-SM-CM2RH.1,BRAIN,64.5,0.001354334667553,16.142762650088937,7.5,833.0
GTEX-1F6IF-0011-R6a-SM-9QEIO.1,BRAIN,64.5,0.0014333274705252,14.58762372794212,7.4,833.0
GTEX-1F6IF-0011-R8a-SM-9OSX5.1,BRAIN,64.5,0.0008752894112107,13.063355394574923,6.5,833.0
GTEX-1F6IF-0226-SM-7PBZ6.1,MUSCLE,64.5,0.003921922298741,13.64491884529504,8.4,946.0
GTEX-1F6IF-0726-SM-7P8TW.1,SKIN,64.5,0.0018014468967212,36.78463863772316,7.6,963.0
GTEX-1F6IF-0926-SM-7SB7M.1,SKIN,64.5,0.0036950489106336,39.61442884141502,6.7,965.0
GTEX-1F6IF-2526-SM-7P8TV.1,HEART,64.5,0.0007431546531973,11.54392690714907,6.5,1058.0
GTEX-1F6IF-3026-SM-7P8QN.1,BRAIN,64.5,0.0011859167283848,14.50036538880097,7.3,1069.0
GTEX-1F6RS-0008-SM-EWRMG.1,SKIN,64.5,0.0064261102605015,114.56137831652325,10.0,1176.0
GTEX-1F6RS-0126-SM-9MQKZ.1,SKIN,64.5,0.0019843769918541,23.98526941311573,7.3,1175.0
GTEX-1F6RS-2026-SM-7RHHC.1,SKIN,64.5,0.0047934498869295,35.544932127761776,7.5,1231.0
GTEX-1F6RS-3026-SM-7MXTQ.1,BRAIN,64.5,0.0019594681727674,15.898715611270656,6.4,1253.0
GTEX-1F6RS-3126-SM-9MQK7.1,BRAIN,64.5,0.0009357523185213,11.20349623489295,6.6,1255.0
GTEX-1F75A-0008-SM-EAZCQ.1,SKIN,54.5,0.0061400544212628,159.96786145262578,9.9,1258.0
GTEX-1F75A-0011-R11a-SM-AHZ35.1,BRAIN,54.5,0.00288817061041,10.634825858934065,6.8,1250.0
GTEX-1F75A-0011-R1b-SM-CE6RA.1,BRAIN,54.5,0.0015781162276376,9.291654361261523,6.1,1250.0
GTEX-1F75A-0011-R3b-SM-ARL8K.1,BRAIN,54.5,0.0016987975458432,7.88721954367,6.5,1250.0
GTEX-1F75A-0011-R4a-SM-ARL8J.1,BRAIN,54.5,0.0022865962391446,15.522041100662298,6.1,1250.0
GTEX-1F75A-0011-R5a-SM-ARZMJ.1,BRAIN,54.5,0.0013178773102788,11.0398006510525,7.0,1250.0
GTEX-1F75A-0011-R6b-SM-9QEHD.1,BRAIN,54.5,0.0019602348722316,10.870178066956306,6.2,1250.0
GTEX-1F75A-0011-R7b-SM-9QEHE.1,BRAIN,54.5,0.0013653430006052,13.18876924638558,6.1,1250.0
GTEX-1F75A-0011-R8a-SM-CL539.1,BRAIN,54.5,0.0006185220709122,10.568488978432152,6.1,1250.0
GTEX-1F75A-0126-SM-7RHGM.1,SKIN,54.5,0.0018288805237713,27.42990292063841,7.0,1257.0
GTEX-1F75A-0626-SM-7PBYI.1,MUSCLE,54.5,0.0033155430956761,10.35167929492338,8.5,1265.0
GTEX-1F75A-0726-SM-7RHHD.1,SKIN,54.5,0.0017939974493094,31.653629980154907,7.5,1267.0
GTEX-1F75A-1026-SM-7PC3W.1,HEART,54.5,0.0024699784675956,28.63892526419924,6.8,1275.0
GTEX-1F75A-1626-SM-9JGGT.1,LIVER,54.5,0.0001740997937651,7.185250468470128,6.3,1284.0
GTEX-1F75A-2926-SM-7MXVN.1,BRAIN,54.5,0.0021462230904563,11.380708150114993,7.0,1304.0
GTEX-1F75A-3026-SM-9KNU2.1,BRAIN,54.5,0.0013765305662659,10.707738841051349,7.0,1306.0
GTEX-1F75B-0008-SM-EAZCP.1,SKIN,54.5,0.0051978756386882,144.69484282390073,9.9,726.0
GTEX-1F75B-0011-R11a-SM-9OSXB.1,BRAIN,54.5,0.0001506925394615,3.008687541987822,5.7,655.0
GTEX-1F75B-0011-R1b-SM-9QEIP.1,BRAIN,54.5,0.0002248764156058,4.28565174628365,5.7,655.0
GTEX-1F75B-0011-R2a-SM-ARL8I.1,BRAIN,54.5,0.0003594574074023,5.378332478792914,6.1,655.0
GTEX-1F75B-0011-R5a-SM-9QEHC.1,BRAIN,54.5,0.0010016719322677,33.663510553287416,6.2,655.0
GTEX-1F75B-0011-R6a-SM-ARZMI.1,BRAIN,54.5,0.0002233875135283,7.210291750740826,6.3,655.0
GTEX-1F75B-0011-R7a-SM-ARU84.1,BRAIN,54.5,0.0002182415266354,8.171478629331675,5.6,655.0
GTEX-1F75B-0126-SM-9KNVL.1,SKIN,54.5,0.001600990115717,20.97592027249873,7.2,726.0
GTEX-1F75B-0526-SM-7P8T5.1,MUSCLE,54.5,0.0036770499995977,8.062773659054,7.8,734.0
GTEX-1F75B-0726-SM-7PC3R.1,SKIN,54.5,0.0017721170505412,28.622544418550405,6.9,747.0
GTEX-1F75B-1126-SM-7RHGP.1,HEART,54.5,0.0003153488956405,9.345709311055904,5.6,757.0
GTEX-1F75B-3026-SM-7PBZ7.1,BRAIN,54.5,0.000554684543216,11.478909700591414,6.7,787.0
GTEX-1F75I-0008-SM-EWRMH.1,SKIN,44.5,0.0056757790057525,140.2539810101777,10.0,440.0
GTEX-1F75I-0326-SM-9YFLU.1,SKIN,44.5,0.0012746403391506,20.699882827610534,6.4,449.0
GTEX-1F75I-0526-SM-7RHI3.1,MUSCLE,44.5,0.0030834191334217,4.271465832827151,7.9,450.0
GTEX-1F75I-1126-SM-9WYUO.1,HEART,44.5,0.0021364139648298,15.023015515159749,8.0,510.0
GTEX-1F75I-1326-SM-7PBZX.1,HEART,44.5,0.0012594687485862,13.778526502517831,7.2,513.0
GTEX-1F75I-2226-SM-7SB8U.1,SKIN,44.5,0.0016913809743404,25.59749782733147,8.2,537.0
GTEX-1F75W-0008-SM-EAZCU.1,SKIN,64.5,0.0046380314169726,207.3282787526119,10.0,894.0
GTEX-1F75W-0011-R10b-SM-ARU7Z.1,BRAIN,64.5,0.000908101656716,8.496600180038302,6.7,724.0
GTEX-1F75W-0011-R11b-SM-AHZ34.1,BRAIN,64.5,0.0019177230787114,9.592180202319389,6.8,724.0
GTEX-1F75W-0011-R1a-SM-ARU81.1,BRAIN,64.5,0.0002357734844642,5.995333862864465,5.9,724.0
GTEX-1F75W-0011-R5b-SM-9QEGV.1,BRAIN,64.5,0.0007758890091966,11.214872768197427,7.1,724.0
GTEX-1F75W-0011-R6a-SM-9QEI5.1,BRAIN,64.5,0.0009110690725062,7.386271443082777,7.1,724.0
GTEX-1F75W-0011-R7a-SM-9QEI6.1,BRAIN,64.5,0.0006181463297566,11.99089999013041,6.9,724.0
GTEX-1F75W-0011-R8a-SM-9QEI4.1,BRAIN,64.5,0.0009516983919267,10.037151321411692,6.1,724.0
GTEX-1F75W-0126-SM-9KNVT.1,SKIN,64.5,0.0025060048300361,72.9581237345082,7.4,896.0
GTEX-1F75W-0326-SM-7PC2Q.1,MUSCLE,64.5,0.0045181052552052,14.116631692281446,7.6,899.0
GTEX-1F75W-2726-SM-7SB8H.1,SKIN,64.5,0.0022438746984623,37.35758563403971,6.2,1107.0
GTEX-1F75W-3126-SM-7P8SJ.1,BRAIN,64.5,0.001939853225277,10.99236636984152,6.1,1187.0
GTEX-1F7RK-0008-SM-EWRMI.1,SKIN,24.5,0.0061446358166117,117.19868423668696,10.0,1330.0
GTEX-1F7RK-0011-R10b-SM-ARU7Y.1,BRAIN,24.5,0.0012872167035294,6.64398677221914,6.0,1130.0
GTEX-1F7RK-0011-R11b-SM-9QEI2.1,BRAIN,24.5,0.0043309071163551,13.46740449029896,7.8,1130.0
GTEX-1F7RK-0011-R3b-SM-9OSWJ.1,BRAIN,24.5,0.0012366880466243,6.8661199324866695,5.6,1130.0
GTEX-1F7RK-0011-R4b-SM-9QEI7.1,BRAIN,24.5,0.0017629574208933,14.28411836846897,6.2,1130.0
GTEX-1F7RK-0011-R5b-SM-9WG5S.1,BRAIN,24.5,0.0015853145976802,13.949466379764816,6.8,1130.0
GTEX-1F7RK-0011-R6b-SM-ARZMG.1,BRAIN,24.5,0.0016037346772123,10.545549681574846,7.2,1130.0
GTEX-1F7RK-0126-SM-7PC2S.1,SKIN,24.5,0.0024564392434485,25.98362594126318,7.3,1329.0
GTEX-1F7RK-0326-SM-7RHH7.1,MUSCLE,24.5,0.0027229245740341,4.90364718470081,8.1,1332.0
GTEX-1F7RK-1826-SM-7RHI4.1,BRAIN,24.5,0.0009381921111399,12.055223652044432,6.0,1430.0
GTEX-1F88E-0008-SM-EAZCR.1,SKIN,64.5,0.0044658962362542,145.73308653109746,10.0,1106.0
GTEX-1F88E-0011-R6a-SM-CKZNW.1,BRAIN,64.5,0.000332794087202,3.934332741291112,6.6,1047.0
GTEX-1F88E-0011-R8a-SM-CJI2H.1,BRAIN,64.5,0.0007668822332021,14.377995716136216,7.7,1047.0
GTEX-1F88E-1626-SM-7SB8Z.1,SKIN,64.5,0.0028422121365286,41.966292161758446,6.5,1123.0
GTEX-1F88E-1826-SM-9MQLV.1,MUSCLE,64.5,0.0033379345622597,11.855158763839492,6.7,1126.0
GTEX-1F88E-2826-SM-7RHHE.1,BRAIN,64.5,0.000449604655131,8.16848128556309,5.9,1151.0
GTEX-1F88F-0008-SM-EAZCT.1,SKIN,64.5,0.0064252709483548,116.17579521396026,10.0,908.0
GTEX-1F88F-0011-R7a-SM-9QEI3.1,BRAIN,64.5,7.445066836347709e-05,1.5696684938793022,6.5,800.0
GTEX-1F88F-0011-R9b-SM-9WG7L.1,BRAIN,64.5,0.0011864139000939,29.0070815996624,7.1,800.0
GTEX-1F88F-0126-SM-9WYSZ.1,SKIN,64.5,0.0017391087412146,28.52446329884614,6.6,819.0
GTEX-1F88F-0326-SM-9KNV3.1,HEART,64.5,0.0019344953519264,27.181219851544757,6.1,831.0
GTEX-1F88F-2526-SM-7PC2R.1,MUSCLE,64.5,0.0055755502771603,3.9514097090810014,6.0,905.0
GTEX-1F88F-2726-SM-7PBZZ.1,SKIN,64.5,0.0023764838809371,36.49654926472999,7.8,909.0
GTEX-1FIGZ-0008-SM-EAZCS.1,SKIN,44.5,0.0041041169527498,124.36773570385763,9.9,370.0
GTEX-1FIGZ-1726-SM-9MQKS.1,MUSCLE,44.5,0.0019254306954734,6.272780579863216,8.2,381.0
GTEX-1GF9U-0008-SM-EAZCV.1,SKIN,44.5,0.0059092636664754,157.8665078634238,10.0,736.0
GTEX-1GF9U-0426-SM-7RHHA.1,HEART,44.5,0.0018607659372857,15.45165015227542,7.6,494.0
GTEX-1GF9U-0526-SM-7P8SK.1,HEART,44.5,0.0028758941204081,16.851427978452033,6.2,499.0
GTEX-1GF9U-2026-SM-7SB92.1,SKIN,44.5,0.0023632279273161,41.43060039142916,8.3,579.0
GTEX-1GF9U-2126-SM-7SB7L.1,SKIN,44.5,0.0015101218589745,20.99902301453574,6.1,736.0
GTEX-1GF9U-2326-SM-7RHH9.1,MUSCLE,44.5,0.002698710842063,7.823811177591351,7.2,739.0
GTEX-1GF9V-0008-SM-EAZCW.1,SKIN,64.5,0.0067158933647934,123.90258491833022,9.0,658.0
GTEX-1GF9V-0011-R10b-SM-CKZNP.1,BRAIN,64.5,0.0033788041947592,12.190599742040842,7.1,610.0
GTEX-1GF9V-0011-R1a-SM-CKZNQ.1,BRAIN,64.5,0.0002256751948173,4.747428004599895,5.6,610.0
GTEX-1GF9V-0011-R5a-SM-9QEI8.1,BRAIN,64.5,0.0004110024158224,8.302115879167857,7.1,610.0
GTEX-1GF9V-0011-R6b-SM-CJI2Q.1,BRAIN,64.5,0.0007517691238946,10.000750828459015,6.8,610.0
GTEX-1GF9V-0011-R7a-SM-CJI2R.1,BRAIN,64.5,0.0003881455014203,9.459204511939546,6.8,610.0
GTEX-1GF9V-0011-R8b-SM-CE6RB.1,BRAIN,64.5,0.0013644967710791,13.03638804573786,7.7,610.0
GTEX-1GF9V-0011-R9a-SM-CL53K.1,BRAIN,64.5,0.0022108734491555,30.58861965422047,7.2,610.0
GTEX-1GF9V-0126-SM-9WYT2.1,MUSCLE,64.5,0.0048046376821172,11.949878360947691,8.7,674.0
GTEX-1GF9V-0326-SM-7RHI5.1,SKIN,64.5,0.0025032505673287,26.32734907156592,8.0,675.0
GTEX-1GF9V-0826-SM-9KNUV.1,SKIN,64.5,0.0019668516882862,23.036321454987768,7.4,707.0
GTEX-1GF9V-1226-SM-7MKGY.1,LIVER,64.5,0.0004313757430185,13.059911306963452,6.4,728.0
GTEX-1GF9V-1626-SM-7PBXL.1,HEART,64.5,0.0011552887369356,14.867266193703312,6.6,734.0
GTEX-1GF9V-1726-SM-9KNW4.1,HEART,64.5,0.0014802133010348,16.935420925913153,6.4,735.0
GTEX-1GF9V-2926-SM-7PBXO.1,BRAIN,64.5,0.0007489728597533,10.457509221327909,6.4,803.0
GTEX-1GF9V-3026-SM-7P8R8.1,BRAIN,64.5,0.000955520015846,10.098031636263473,6.2,804.0
GTEX-1GF9W-0008-SM-EAZCY.1,SKIN,64.5,0.0055453462922716,104.49257464673371,10.0,657.0
GTEX-1GF9W-0011-R10a-SM-9OSXH.1,BRAIN,64.5,0.0022693699634296,14.992400420480363,7.3,486.0
GTEX-1GF9W-0011-R11b-SM-9OSXG.1,BRAIN,64.5,0.0016986538517984,12.715177306049124,5.7,486.0
GTEX-1GF9W-0011-R1a-SM-9QEIQ.1,BRAIN,64.5,0.0010627392336428,11.01839204076746,6.7,486.0
GTEX-1GF9W-0011-R3b-SM-CJI2S.1,BRAIN,64.5,0.0007967715937524,11.78337536765069,6.0,486.0
GTEX-1GF9W-0011-R4a-SM-CE6RH.1,BRAIN,64.5,0.000385979240368,6.27125613146928,5.9,486.0
GTEX-1GF9W-0011-R5a-SM-CKZO4.1,BRAIN,64.5,0.0009480503284677,16.74286473058299,7.5,486.0
GTEX-1GF9W-0011-R6b-SM-9QEIE.1,BRAIN,64.5,0.0009176176356547,9.58383572631965,7.2,486.0
GTEX-1GF9W-0011-R7b-SM-9QEIF.1,BRAIN,64.5,0.0003913549830716,5.951931963865054,6.3,486.0
GTEX-1GF9W-0011-R8b-SM-9QEIR.1,BRAIN,64.5,0.0010541319468084,14.706197846344187,6.1,486.0
GTEX-1GF9W-0011-R9b-SM-9WG7J.1,BRAIN,64.5,0.00012931246063,6.044154615682503,5.8,486.0
GTEX-1GF9W-0326-SM-9KNUN.1,SKIN,64.5,0.0017172508722199,19.46031369234242,5.8,656.0
GTEX-1GF9W-0526-SM-9MQJP.1,MUSCLE,64.5,0.0022955647740513,7.282313991011517,7.7,660.0
GTEX-1GF9W-0826-SM-7MKHI.1,LIVER,64.5,0.0015673021996993,36.94294490611165,6.1,675.0
GTEX-1GF9W-1426-SM-7PBYM.1,SKIN,64.5,0.0016720672313562,26.3420334631431,7.6,691.0
GTEX-1GF9W-2626-SM-7P8TA.1,BRAIN,64.5,0.0013110359675943,11.056226448796933,6.2,781.0
GTEX-1GF9W-2726-SM-9JGGW.1,BRAIN,64.5,0.0026736361425872,21.669218906148974,6.9,783.0
GTEX-1GF9X-0008-SM-EAZCX.1,SKIN,44.5,0.0057170889311645,109.74830158829494,10.0,485.0
GTEX-1GF9X-0426-SM-7MKHN.1,LIVER,44.5,0.0009958333121905,20.00710697213026,7.7,380.0
GTEX-1GF9X-1326-SM-7PC2Y.1,SKIN,44.5,0.0024147761144879,26.968836499158733,8.1,434.0
GTEX-1GF9X-2026-SM-7PC3A.1,SKIN,44.5,0.0013942518478352,24.03128658686067,7.0,492.0
GTEX-1GF9X-2126-SM-7PBXN.1,MUSCLE,44.5,0.002514894110316,5.463995066982388,8.0,494.0
GTEX-1GL5R-0008-SM-EAZCZ.1,SKIN,54.5,0.0064561847548011,109.99685316000044,10.0,195.0
GTEX-1GL5R-0326-SM-9WYTJ.1,HEART,54.5,0.001121685239445,11.618332257014028,8.7,104.0
GTEX-1GL5R-0426-SM-9WPOP.1,HEART,54.5,0.000779491379566,9.87001333182601,7.9,107.0
GTEX-1GL5R-1326-SM-7RHHF.1,SKIN,54.5,0.0016227021734665,25.30973105474805,7.7,147.0
GTEX-1GL5R-1826-SM-9KNUY.1,SKIN,54.5,0.0022947448718572,21.812629786557626,7.0,195.0
GTEX-1GMR2-0008-SM-EAZD1.1,SKIN,54.5,0.0067656890852115,92.21078989347352,10.0,297.0
GTEX-1GMR2-0826-SM-7PC3V.1,SKIN,54.5,0.0009078574303259,18.506802302549424,5.9,168.0
GTEX-1GMR2-1326-SM-9KNUT.1,HEART,54.5,0.0011941603240114,15.975996752019478,8.1,187.0
GTEX-1GMR2-1426-SM-7RHHK.1,HEART,54.5,0.0015626116824704,11.375771439330956,7.9,190.0
GTEX-1GMR2-2126-SM-7P8TX.1,MUSCLE,54.5,0.0018925552962741,5.63158357304092,7.5,292.0
GTEX-1GMR3-0008-SM-EAZD2.1,SKIN,44.5,0.0066724473390658,114.50254958322876,10.0,290.0
GTEX-1GMR3-0126-SM-A9SLW.1,SKIN,44.5,0.0030512419688105,31.267403225087246,7.8,245.0
GTEX-1GMR3-0326-SM-7P8QT.1,HEART,44.5,0.0037030717045198,20.81244185492553,7.8,253.0
GTEX-1GMR3-0426-SM-7PC17.1,HEART,44.5,0.0025469696370571,25.91214138099406,7.3,255.0
GTEX-1GMR3-1926-SM-9KNUZ.1,SKIN,44.5,0.003590704895283,20.69921725309901,6.4,290.0
GTEX-1GMR3-2126-SM-9WYTZ.1,MUSCLE,44.5,0.0032511587494936,4.743229432091987,8.5,294.0
GTEX-1GMR8-0008-SM-EAZD3.1,SKIN,54.5,0.0051697257024745,160.01586140359245,10.0,725.0
GTEX-1GMR8-0011-R10a-SM-CJI21.1,BRAIN,54.5,0.0018582840391792,15.928649401825067,6.4,722.0
GTEX-1GMR8-0011-R11b-SM-9OSX2.1,BRAIN,54.5,0.0020088582425062,16.154916543890927,6.6,722.0
GTEX-1GMR8-0011-R1b-SM-CJI2O.1,BRAIN,54.5,0.0007401559938038,9.999209691706218,5.6,722.0
GTEX-1GMR8-0011-R2a-SM-CE6RD.1,BRAIN,54.5,0.0004682797794803,9.15108597291998,5.8,722.0
GTEX-1GMR8-0011-R3b-SM-9QEIG.1,BRAIN,54.5,0.0012460118851427,13.22056352215559,6.7,722.0
GTEX-1GMR8-0011-R4a-SM-9OSX1.1,BRAIN,54.5,0.0005073520057009,9.477572141890075,6.2,722.0
GTEX-1GMR8-0011-R5b-SM-9QEIH.1,BRAIN,54.5,0.0006548571753629,12.682866906321784,7.5,722.0
GTEX-1GMR8-0011-R6b-SM-CE6RC.1,BRAIN,54.5,0.0009567139131141,9.77806965366884,7.6,722.0
GTEX-1GMR8-0011-R7b-SM-CJI2I.1,BRAIN,54.5,0.0003947547030283,8.209717888413772,6.7,722.0
GTEX-1GMR8-0011-R8a-SM-CKZNX.1,BRAIN,54.5,0.0015425559660245,19.13089988433784,6.5,722.0
GTEX-1GMR8-0126-SM-9WYTM.1,SKIN,54.5,0.002111497407962,30.80206953596896,7.9,726.0
GTEX-1GMR8-0326-SM-9KNUO.1,MUSCLE,54.5,0.0034804801834278,9.54875954837445,8.1,728.0
GTEX-1GMR8-0626-SM-7RHI7.1,SKIN,54.5,0.002229816379802,26.9948059724711,7.2,732.0
GTEX-1GMR8-1026-SM-9MQLA.1,HEART,54.5,0.0023872166346569,32.71292939693664,7.9,743.0
GTEX-1GMR8-3026-SM-9KNVF.1,BRAIN,54.5,0.0011710757215244,12.489912302613934,7.2,830.0
GTEX-1GMRU-0008-SM-EAZD4.1,SKIN,54.5,0.0067781935979982,93.5066278105618,10.0,552.0
GTEX-1GMRU-0011-R10b-SM-CJI2L.1,BRAIN,54.5,0.0023461828883181,10.275743413495608,6.5,401.0
GTEX-1GMRU-0011-R11b-SM-C1YQ4.1,BRAIN,54.5,0.0012646697773061,9.223266934786237,5.9,401.0
GTEX-1GMRU-0011-R5a-SM-CKZNS.1,BRAIN,54.5,0.0004569530776821,8.923346366613487,7.6,401.0
GTEX-1GMRU-0011-R6b-SM-A9G3B.1,BRAIN,54.5,0.0004483310480511,6.008382527983946,6.5,401.0
GTEX-1GMRU-0011-R7b-SM-A96TJ.1,BRAIN,54.5,0.0003276500648411,7.267891790580884,6.2,401.0
GTEX-1GMRU-0126-SM-9YFLV.1,SKIN,54.5,0.0025611909848602,26.015803974938223,8.7,552.0
GTEX-1GMRU-0326-SM-9WYT6.1,MUSCLE,54.5,0.0037485139052249,8.68063906918964,8.6,575.0
GTEX-1GMRU-1326-SM-9WYUI.1,HEART,54.5,0.0031683807811001,52.76003796911859,7.0,629.0
GTEX-1GMRU-1526-SM-9WYT5.1,HEART,54.5,0.0046595633614863,61.29365808788252,7.2,636.0
GTEX-1GMRU-2126-SM-7P8RA.1,SKIN,54.5,0.0022122708525532,27.185578731157293,8.1,649.0
GTEX-1GMRU-3026-SM-7P8TC.1,BRAIN,54.5,0.0015899990295072,12.6205459377893,6.9,672.0
GTEX-1GN1U-0008-SM-EZ6MA.1,SKIN,54.5,0.0067757434344169,102.05827493233438,9.8,511.0
GTEX-1GN1U-0011-R10b-SM-CKZNH.1,BRAIN,54.5,0.0046615778835276,136.74396957054202,6.4,454.0
GTEX-1GN1U-0011-R1a-SM-CJI25.1,BRAIN,54.5,0.0010621045055023,17.99238640121427,6.1,454.0
GTEX-1GN1U-0011-R2a-SM-CL53A.1,BRAIN,54.5,0.0005428445851141,14.34850911698096,5.9,454.0
GTEX-1GN1U-0011-R3a-SM-A8N9M.1,BRAIN,54.5,0.0007176536326094,21.90458771673438,6.1,454.0
GTEX-1GN1U-0011-R5a-SM-9QEIS.1,BRAIN,54.5,0.0022313872253511,117.94821978793888,6.5,454.0
GTEX-1GN1U-0011-R6a-SM-CKZNO.1,BRAIN,54.5,0.0018939280602483,40.70921333245509,7.0,454.0
GTEX-1GN1U-0011-R7a-SM-CE6RE.1,BRAIN,54.5,0.0037337632391421,118.8794158019408,8.1,454.0
GTEX-1GN1U-0011-R8a-SM-CL537.1,BRAIN,54.5,0.0013914544610569,19.10182302231229,5.8,454.0
GTEX-1GN1U-0011-R9b-SM-CMKFW.1,BRAIN,54.5,0.0040222304921242,52.838088592671646,8.1,454.0
GTEX-1GN1U-0126-SM-7PBZK.1,SKIN,54.5,0.0021699235447394,28.53178464217252,8.5,510.0
GTEX-1GN1U-0626-SM-9MQL9.1,SKIN,54.5,0.0025903091521546,25.80308646008591,8.4,561.0
GTEX-1GN1U-0926-SM-9WPPY.1,LIVER,54.5,0.0008601886810293,22.935709895090625,6.8,570.0
GTEX-1GN1U-1426-SM-7P8TF.1,HEART,54.5,0.0036733422764646,28.71269004605136,7.6,578.0
GTEX-1GN1U-2226-SM-9MQK1.1,MUSCLE,54.5,0.0018376813669445,5.575617215966367,8.2,591.0
GTEX-1GN1U-3126-SM-9KNV6.1,BRAIN,54.5,0.0017691082265733,68.66920613347936,6.9,610.0
GTEX-1GN1V-0008-SM-EAZD5.1,SKIN,64.5,0.0052850021991003,206.2785759968144,10.0,1117.0
GTEX-1GN1V-0011-R10a-SM-CKZNU.1,BRAIN,64.5,0.0002457514276372,4.943943409361765,5.6,1092.0
GTEX-1GN1V-0011-R11b-SM-A8N9N.1,BRAIN,64.5,0.0004228868824793,7.625997320151144,6.0,1092.0
GTEX-1GN1V-0011-R8a-SM-CKZNV.1,BRAIN,64.5,0.0002560792844758,5.520211038185831,5.7,1092.0
GTEX-1GN1V-0126-SM-9WPOS.1,SKIN,64.5,0.0013926760428317,28.36671706686536,6.9,1118.0
GTEX-1GN1V-0326-SM-9WYTO.1,MUSCLE,64.5,0.0046468247294298,11.99075749823754,8.0,1125.0
GTEX-1GN1V-0826-SM-9KNU6.1,HEART,64.5,0.0004707571998085,8.921171152391798,5.8,1188.0
GTEX-1GN1V-1026-SM-CNPPS.1,HEART,64.5,0.0001770253214064,16.744769941519603,6.2,1198.0
GTEX-1GN1V-2826-SM-9JGIA.1,SKIN,64.5,0.0019430364566859,22.748039308667774,7.0,1267.0
GTEX-1GN1V-3126-SM-7PBZG.1,BRAIN,64.5,0.0002459669797987,7.867718117923469,5.9,1330.0
GTEX-1GN1W-0008-SM-EZ6MB.1,SKIN,54.5,0.008055932463563,100.78727679785464,9.9,283.0
GTEX-1GN1W-0226-SM-7P8QY.1,HEART,54.5,0.0017923960911573,25.32631366859131,9.6,233.0
GTEX-1GN1W-0326-SM-9JGHF.1,HEART,54.5,0.0018772124659788,26.5676119371635,8.9,238.0
GTEX-1GN1W-0526-SM-9MQJQ.1,SKIN,54.5,0.0021453962892238,32.526554916991444,7.8,271.0
GTEX-1GN1W-0726-SM-9KNTV.1,MUSCLE,54.5,0.0017596430250889,4.293949910966263,7.8,298.0
GTEX-1GN1W-2426-SM-9KNUU.1,SKIN,54.5,0.0016173095528999,25.19886036958028,7.9,421.0
GTEX-1GN2E-0011-R10a-SM-CE6RI.1,BRAIN,64.5,0.0008270575014426,11.510133434253817,6.4,860.0
GTEX-1GN2E-0011-R1b-SM-CE6RJ.1,BRAIN,64.5,0.0002152636999715,5.56909222922386,6.2,860.0
GTEX-1GN2E-0011-R2a-SM-9WG7D.1,BRAIN,64.5,0.000194301147708,4.953190792700823,5.6,860.0
GTEX-1GN2E-0011-R5b-SM-CJI2M.1,BRAIN,64.5,0.0003997465202194,8.389595622927928,6.3,860.0
GTEX-1GN2E-0011-R6b-SM-9QEII.1,BRAIN,64.5,0.0004076564663879,9.048002005031975,6.7,860.0
GTEX-1GN2E-0011-R7b-SM-9QEIJ.1,BRAIN,64.5,0.0002904985284783,7.521039189749952,6.8,860.0
GTEX-1GN2E-0011-R8a-SM-CE6RK.1,BRAIN,64.5,0.0004706902407233,7.498693443606644,6.5,860.0
GTEX-1GN2E-0011-R9b-SM-9WG7F.1,BRAIN,64.5,0.0003215953137736,9.017010834965427,5.9,860.0
GTEX-1GN2E-0226-SM-9WG6K.1,SKIN,64.5,0.002642668552826,28.69616224861719,6.8,875.0
GTEX-1GN2E-0426-SM-9MQKX.1,SKIN,64.5,0.0023838664289851,25.80579548998469,7.7,886.0
GTEX-1GN2E-0726-SM-9MQLU.1,MUSCLE,64.5,0.0040940839302312,7.2835619796984306,7.9,895.0
GTEX-1GN2E-0926-SM-9WPOH.1,LIVER,64.5,0.0007866457235514,16.41407548281149,6.7,904.0
GTEX-1GN2E-1326-SM-9KNVG.1,HEART,64.5,0.0001403653538258,7.36025714010691,5.8,924.0
GTEX-1GN2E-1426-SM-7RHHI.1,HEART,64.5,0.0064714828311525,48.95033464210431,7.1,929.0
GTEX-1GN2E-3026-SM-9WG6I.1,BRAIN,64.5,0.0006809380070584,9.648437311733788,6.0,1004.0
GTEX-1GN73-0008-SM-EAZD6.1,SKIN,64.5,0.0045631192161186,157.08086089144095,9.9,889.0
GTEX-1GN73-0011-R10b-SM-CKZNR.1,BRAIN,64.5,0.0024412437734614,16.60985084146766,6.8,710.0
GTEX-1GN73-0011-R11b-SM-9OSX4.1,BRAIN,64.5,0.0027254289608046,16.138834817310915,8.3,710.0
GTEX-1GN73-0011-R1a-SM-CKZNT.1,BRAIN,64.5,0.0009736522319027,15.544005142506624,5.7,710.0
GTEX-1GN73-0011-R2a-SM-CJI2V.1,BRAIN,64.5,0.0013958170713372,16.876797775179334,6.3,710.0
GTEX-1GN73-0011-R3b-SM-9QEIL.1,BRAIN,64.5,0.0013561542929334,16.017949785015993,7.0,710.0
GTEX-1GN73-0011-R4b-SM-9QEIK.1,BRAIN,64.5,0.0014150148321859,18.59280721010917,7.1,710.0
GTEX-1GN73-0011-R5a-SM-9QEIM.1,BRAIN,64.5,0.0014192914514299,18.88386650754361,8.6,710.0
GTEX-1GN73-0011-R6b-SM-CJI2T.1,BRAIN,64.5,0.0017537863818439,18.000161243254347,6.6,710.0
GTEX-1GN73-0011-R7a-SM-CJI2U.1,BRAIN,64.5,0.0009949719397845,14.604037551334546,7.6,710.0
GTEX-1GN73-0011-R8b-SM-CKZNY.1,BRAIN,64.5,0.0019679043894999,18.928876527841144,6.4,710.0
GTEX-1GN73-0011-R9a-SM-CKZO5.1,BRAIN,64.5,0.0018703882950364,26.512171182894605,7.9,710.0
GTEX-1GN73-0126-SM-CNPPT.1,MUSCLE,64.5,0.0027031962443967,7.832121930656524,8.7,885.0
GTEX-1GN73-0226-SM-9WG67.1,SKIN,64.5,0.0017697251587791,28.31594888537424,7.2,889.0
GTEX-1GN73-0726-SM-7P8TJ.1,SKIN,64.5,0.0019534244537746,23.43104417401561,7.6,897.0
GTEX-1GN73-1126-SM-9OSW5.1,LIVER,64.5,0.0009165437760946,17.279379801064923,6.5,907.0
GTEX-1GN73-2326-SM-9MQKV.1,HEART,64.5,0.0023114317436144,27.85906192185816,7.8,935.0
GTEX-1GN73-2426-SM-7RHFQ.1,HEART,64.5,0.0023239191232955,17.548397426034814,7.4,935.0
GTEX-1GN73-3026-SM-7MXV8.1,BRAIN,64.5,0.0018760721213342,15.333288826042914,7.4,968.0
GTEX-1GN73-3126-SM-9KNTY.1,BRAIN,64.5,0.000882554417767,10.94659312120774,6.8,970.0
GTEX-1GPI6-0011-R5a-SM-CJI2W.1,BRAIN,64.5,0.0001922525903496,6.206987315711029,6.6,1187.0
GTEX-1GPI6-0126-SM-9WG69.1,SKIN,64.5,0.001556737546535,23.672286188418635,7.4,1280.0
GTEX-1GPI6-0326-SM-9MQM6.1,MUSCLE,64.5,0.0029144239434476,8.541718052628843,7.4,1299.0
GTEX-1GPI6-1926-SM-9KNV7.1,SKIN,64.5,0.0020325661466079,27.16102790365105,7.4,1394.0
GTEX-1GPI7-0126-SM-9MQL8.1,SKIN,24.5,0.0016411735521077,19.82748768385018,7.3,357.0
GTEX-1GPI7-0426-SM-7RHHP.1,MUSCLE,24.5,0.001371207109218,5.044144982829819,8.5,393.0
GTEX-1GPI7-1826-SM-9KNU1.1,SKIN,24.5,0.0009317318055001,15.041197139664108,7.1,488.0
GTEX-1GTWX-0011-R10b-SM-CJI2X.1,BRAIN,64.5,0.0012076331097478,13.341738819313328,7.8,875.0
GTEX-1GTWX-0011-R11b-SM-C1YQJ.1,BRAIN,64.5,0.0015236042696123,14.097337699951222,6.9,875.0
GTEX-1GTWX-0011-R1a-SM-CE6RL.1,BRAIN,64.5,0.0004855294818396,7.041196604741779,6.6,875.0
GTEX-1GTWX-0011-R2b-SM-ADEH5.1,BRAIN,64.5,0.0010061764296098,20.49945833935139,6.7,875.0
GTEX-1GTWX-0011-R3b-SM-CJI2Z.1,BRAIN,64.5,0.0011990957505312,15.78103247004361,6.9,875.0
GTEX-1GTWX-0011-R4a-SM-C1YQI.1,BRAIN,64.5,0.0007210119295676,12.6911324559974,5.6,875.0
GTEX-1GTWX-0011-R5b-SM-CKZO6.1,BRAIN,64.5,0.0013595097459051,21.232558643986675,7.7,875.0
GTEX-1GTWX-0011-R6a-SM-A96RN.1,BRAIN,64.5,0.0013108972830467,18.14571768958245,7.5,875.0
GTEX-1GTWX-0011-R7a-SM-A96RO.1,BRAIN,64.5,0.000824351457831,12.719797736792524,7.2,875.0
GTEX-1GTWX-0011-R8a-SM-CE6RM.1,BRAIN,64.5,0.0010601016243805,14.197786302996969,7.5,875.0
GTEX-1GTWX-0011-R9a-SM-ADEH4.1,BRAIN,64.5,0.0016929764105233,31.289395482609503,7.3,875.0
GTEX-1GTWX-0126-SM-9YFLK.1,SKIN,64.5,0.001447240576682,21.03411450491373,6.8,1037.0
GTEX-1GTWX-0326-SM-9WYTP.1,MUSCLE,64.5,0.0020164901023951,6.566147102942391,8.2,1038.0
GTEX-1GTWX-0926-SM-9MQKM.1,HEART,64.5,0.0026307545651628,51.73869346294842,6.0,1160.0
GTEX-1GTWX-1026-SM-7P8QW.1,HEART,64.5,0.0005477957182333,16.49544311145351,5.9,1172.0
GTEX-1GTWX-2026-SM-9YFLM.1,SKIN,64.5,0.0013590264194808,20.735601926590284,7.6,1215.0
GTEX-1GTWX-2926-SM-7MXV4.1,BRAIN,64.5,0.0009705381723236,10.588470944636262,6.1,1355.0
GTEX-1GTWX-3026-SM-9MQL4.1,BRAIN,64.5,0.0010051055199203,21.06745294332521,6.2,1357.0
GTEX-1GZ2Q-0011-R10b-SM-CE6RN.1,BRAIN,44.5,0.0023494504538944,14.347978347579444,7.1,1080.0
GTEX-1GZ2Q-0011-R11a-SM-A8N7T.1,BRAIN,44.5,0.001926070088623,16.939170272147095,7.6,1080.0
GTEX-1GZ2Q-0011-R1a-SM-CJI2Y.1,BRAIN,44.5,0.0016235218188409,17.509575525146573,6.7,1080.0
GTEX-1GZ2Q-0011-R2b-SM-9OSWO.1,BRAIN,44.5,0.0004057686778719,11.82394784360134,5.7,1080.0
GTEX-1GZ2Q-0011-R3a-SM-A96RP.1,BRAIN,44.5,0.0014330506085806,16.913885548387775,6.1,1080.0
GTEX-1GZ2Q-0011-R5a-SM-A96RQ.1,BRAIN,44.5,0.0012399952526536,18.818885445435697,7.5,1080.0
GTEX-1GZ2Q-0011-R6a-SM-9OSWM.1,BRAIN,44.5,0.0010571126370161,13.330708748732691,7.3,1080.0
GTEX-1GZ2Q-0011-R7b-SM-9OSWN.1,BRAIN,44.5,0.0006452930379987,15.87562367366123,7.2,1080.0
GTEX-1GZ2Q-0011-R8a-SM-CE6RO.1,BRAIN,44.5,0.0009635596287322,16.36818315866772,5.6,1080.0
GTEX-1GZ2Q-0011-R9a-SM-9WG7A.1,BRAIN,44.5,0.0009501613229638,22.086496246744385,7.0,1080.0
GTEX-1GZ2Q-0126-SM-9WG6M.1,SKIN,44.5,0.002865216341258,28.961494446546343,5.7,1090.0
GTEX-1GZ2Q-0226-SM-7P8TL.1,SKIN,44.5,0.0022177048948453,23.69592648796692,7.2,1094.0
GTEX-1GZ2Q-0426-SM-9WPOU.1,MUSCLE,44.5,0.0061235337467013,5.320937820356668,7.9,1102.0
GTEX-1GZ2Q-0926-SM-7RHHN.1,HEART,44.5,0.0021142805760834,53.15965563306792,6.7,1121.0
GTEX-1GZ2Q-3026-SM-9JGG3.1,BRAIN,44.5,0.0020405935829105,15.208676310794113,7.2,1235.0
GTEX-1GZ2Q-3226-SM-9WG6L.1,BRAIN,44.5,0.0016435038193881,18.40787318606002,6.9,1256.0
GTEX-1GZ4H-0526-SM-9KNU9.1,SKIN,54.5,0.0009545339742265,18.87713933679496,6.1,369.0
GTEX-1GZ4H-1626-SM-7PC3F.1,MUSCLE,54.5,0.0023404056531683,6.030338164772245,8.0,596.0
GTEX-1GZ4H-1726-SM-7PBZJ.1,SKIN,54.5,0.0016956866327393,24.59407619103676,8.0,610.0
GTEX-1GZ4I-0011-R10a-SM-9OSX3.1,BRAIN,54.5,0.0015516838317188,14.355665058275422,6.7,623.0
GTEX-1GZ4I-0011-R11b-SM-9OSWR.1,BRAIN,54.5,0.0022751524903435,13.476769226775358,7.5,623.0
GTEX-1GZ4I-0011-R3b-SM-9OSWP.1,BRAIN,54.5,0.0005424545219227,10.476211820351502,5.7,623.0
GTEX-1GZ4I-0011-R4a-SM-9QEI9.1,BRAIN,54.5,0.0004407850925559,6.713039481214418,5.6,623.0
GTEX-1GZ4I-0011-R5a-SM-9OSWQ.1,BRAIN,54.5,0.0006752534758386,14.12863244687359,7.8,623.0
GTEX-1GZ4I-0011-R6b-SM-9WG77.1,BRAIN,54.5,0.0013750616687148,14.632046069674344,8.0,623.0
GTEX-1GZ4I-0011-R7b-SM-ARU71.1,BRAIN,54.5,0.0004004875814556,8.537313278028412,6.3,623.0
GTEX-1GZ4I-0011-R8b-SM-9WG76.1,BRAIN,54.5,0.0006402864109212,9.833734018209151,6.0,623.0
GTEX-1GZ4I-0011-R9b-SM-B2LY8.1,BRAIN,54.5,0.0014447228556874,20.303452569447128,6.6,623.0
GTEX-1GZ4I-0526-SM-9YFLX.1,MUSCLE,54.5,0.0039641188227903,17.172129049553746,8.3,726.0
GTEX-1GZ4I-0826-SM-9WG6O.1,HEART,54.5,0.0020074917430119,25.84508920953049,6.9,786.0
GTEX-1GZ4I-1026-SM-9KNV5.1,HEART,54.5,0.0031443184013703,18.627051386791877,6.7,793.0
GTEX-1GZ4I-1526-SM-9OSW9.1,LIVER,54.5,0.0015266909149631,26.02318727388236,6.2,799.0
GTEX-1GZ4I-2626-SM-9KNU3.1,SKIN,54.5,0.0021677584592138,24.87796116540981,7.6,824.0
GTEX-1GZ4I-2926-SM-9JGGO.1,BRAIN,54.5,0.0019369014113008,16.017685926396467,6.5,838.0
GTEX-1GZ4I-3026-SM-9KNTX.1,BRAIN,54.5,0.0015644186215042,18.60381547508221,6.7,840.0
GTEX-1GZHY-0011-R11a-SM-C1YRQ.1,BRAIN,54.5,0.0006867703186662,5.985975536381651,6.3,965.0
GTEX-1GZHY-0011-R1a-SM-CE6RR.1,BRAIN,54.5,0.0001665515087217,3.949317451078721,5.7,965.0
GTEX-1GZHY-0011-R6a-SM-9OSWL.1,BRAIN,54.5,0.0003337026551897,6.373833128886174,6.5,965.0
GTEX-1GZHY-0011-R8b-SM-9OSWK.1,BRAIN,54.5,0.0002537114185715,5.005791664178712,6.0,965.0
GTEX-1GZHY-0011-R9a-SM-9WG5R.1,BRAIN,54.5,0.0011237362549288,25.76804312748025,7.2,965.0
GTEX-1GZHY-0126-SM-9WYUQ.1,MUSCLE,54.5,0.0036737033141733,6.744913744399391,8.7,1133.0
GTEX-1GZHY-0326-SM-9QEHI.1,SKIN,54.5,0.0019602358479266,27.619565358049528,7.8,1135.0
GTEX-1GZHY-0626-SM-9KNVC.1,SKIN,54.5,0.0019846508212585,43.60022914955056,7.9,1147.0
GTEX-1GZHY-1226-SM-9QEIY.1,HEART,54.5,8.074618078889198e-05,7.604473385730547,6.0,1177.0
GTEX-1GZHY-3026-SM-7MXVA.1,BRAIN,54.5,0.0010434587217966,9.508047820656827,6.7,1262.0
GTEX-1GZHY-3126-SM-9QEHH.1,BRAIN,54.5,0.0004291655125756,10.924806590852524,5.6,1264.0
GTEX-1H11D-0226-SM-9WG6Z.1,SKIN,44.5,0.0011504909358693,20.365447327673163,6.9,304.0
GTEX-1H11D-0326-SM-9WG71.1,MUSCLE,44.5,0.0021782548201366,6.932236431799134,8.7,308.0
GTEX-1H11D-0826-SM-9OSWB.1,LIVER,44.5,0.0019225467777887,30.985339359390405,7.8,325.0
GTEX-1H11D-1026-SM-9QEIU.1,HEART,44.5,0.0009361974613007,12.205155620828716,7.5,328.0
GTEX-1H11D-1226-SM-9WPQ2.1,HEART,44.5,0.0027504954725837,23.90615117952313,9.1,332.0
GTEX-1H11D-1826-SM-9QEHM.1,SKIN,44.5,0.0013334251264738,17.280996654930732,6.5,361.0
GTEX-1H1CY-0011-R10a-SM-CE6SD.1,BRAIN,64.5,0.0007802660739591,9.862887153612162,6.7,1238.0
GTEX-1H1CY-0011-R11a-SM-C1YQR.1,BRAIN,64.5,0.0035011330575337,11.361731756617088,7.2,1238.0
GTEX-1H1CY-0011-R1a-SM-CKZOZ.1,BRAIN,64.5,0.000765888498167,11.853139919622558,6.5,1238.0
GTEX-1H1CY-0011-R4b-SM-CJI3G.1,BRAIN,64.5,0.0003296046120543,4.269008038604822,6.7,1238.0
GTEX-1H1CY-0011-R5a-SM-CM2SN.1,BRAIN,64.5,0.0008118399654654,12.851879037199032,8.0,1238.0
GTEX-1H1CY-0011-R6b-SM-CE6RP.1,BRAIN,64.5,0.0010447442389036,11.14827394203882,7.0,1238.0
GTEX-1H1CY-0011-R7a-SM-CJI32.1,BRAIN,64.5,0.0005167783931109,11.51286740084214,6.5,1238.0
GTEX-1H1CY-0011-R8b-SM-CJI31.1,BRAIN,64.5,0.0006711745516464,14.378935067841793,6.4,1238.0
GTEX-1H1CY-0126-SM-9YFLY.1,SKIN,64.5,0.0033934869051727,43.99567917761065,7.9,1253.0
GTEX-1H1CY-0326-SM-9QEIZ.1,HEART,64.5,0.000268930326276,9.763897448695165,5.9,1274.0
GTEX-1H1CY-0426-SM-9KNVD.1,HEART,64.5,0.0002702025757457,14.840374320017355,5.8,1275.0
GTEX-1H1CY-2726-SM-9MQLR.1,MUSCLE,64.5,0.0054817583072299,6.490574435707628,7.7,1400.0
GTEX-1H1CY-2826-SM-9MQM3.1,SKIN,64.5,0.0025341574406157,20.90800233609651,7.3,1401.0
GTEX-1H1CY-3026-SM-9OSW7.1,BRAIN,64.5,0.0014492252457753,9.13556836882166,6.1,1429.0
GTEX-1H1DE-1326-SM-9KNUG.1,SKIN,24.5,0.0011263534814333,23.375472371454105,6.4,769.0
GTEX-1H1DE-1726-SM-A9G3G.1,MUSCLE,24.5,0.0023644547604289,4.422579639676765,7.9,1024.0
GTEX-1H1DE-2126-SM-9WG6R.1,SKIN,24.5,0.0015962115360697,25.308005954760283,6.7,1029.0
GTEX-1H1DF-0011-R9b-SM-CM2RN.1,BRAIN,44.5,0.0005286744357401,15.345441932157128,6.0,1289.0
GTEX-1H1DF-0526-SM-9JGG5.1,MUSCLE,44.5,0.0036579339319044,37.27033019307702,7.4,1399.0
GTEX-1H1DF-1126-SM-9WG7G.1,SKIN,44.5,0.0019702839935172,40.165153552917054,7.9,1413.0
GTEX-1H1DF-1326-SM-9WPPR.1,LIVER,44.5,0.0005092242994613,22.45308166503025,6.4,1416.0
GTEX-1H1DG-0011-R10b-SM-CE6S7.1,BRAIN,74.5,0.0018332376843863,14.98801504841451,7.3,880.0
GTEX-1H1DG-0011-R11a-SM-C1YQK.1,BRAIN,74.5,0.0017160036045742,14.91833852291486,6.9,880.0
GTEX-1H1DG-0011-R1b-SM-CKZP1.1,BRAIN,74.5,0.0010927626208585,21.871461043633765,6.8,880.0
GTEX-1H1DG-0011-R2a-SM-ADEIQ.1,BRAIN,74.5,0.0017588927788379,33.5163709100407,7.8,880.0
GTEX-1H1DG-0011-R4a-SM-CE6RQ.1,BRAIN,74.5,0.0003883620154773,10.320921059999868,6.5,880.0
GTEX-1H1DG-0011-R5b-SM-CJI33.1,BRAIN,74.5,0.0011534254864998,23.910595344146135,7.7,880.0
GTEX-1H1DG-0011-R6a-SM-A9SK8.1,BRAIN,74.5,0.0012751767736611,18.39863636335034,7.5,880.0
GTEX-1H1DG-0011-R7b-SM-A96RR.1,BRAIN,74.5,0.0007084930298983,14.07582495308338,6.4,880.0
GTEX-1H1DG-0011-R8a-SM-CL54Z.1,BRAIN,74.5,0.0012749068145644,20.52356978341155,7.0,880.0
GTEX-1H1DG-0011-R9b-SM-ACKVB.1,BRAIN,74.5,0.0002268674714963,7.957124449565578,6.6,880.0
GTEX-1H1DG-0126-SM-9WYU2.1,SKIN,74.5,0.0026250735569292,28.516400432752807,7.8,945.0
GTEX-1H1DG-0326-SM-9QEHK.1,MUSCLE,74.5,0.0031769584592898,10.32048490642758,7.7,949.0
GTEX-1H1DG-0826-SM-9QEIW.1,HEART,74.5,0.0017287203161997,26.23115188922789,6.7,1012.0
GTEX-1H1DG-2426-SM-9QEHJ.1,SKIN,74.5,0.0027183296287577,27.8780520163281,6.9,1045.0
GTEX-1H1DG-2826-SM-9JGHB.1,BRAIN,74.5,0.0011620174734635,14.491544724294432,6.3,1056.0
GTEX-1H1DG-2926-SM-9WYU3.1,BRAIN,74.5,0.0011902648192841,11.776155817490643,6.8,1058.0
GTEX-1H1E6-0426-SM-9WYUS.1,SKIN,34.5,0.0010759411132388,16.727797062355233,7.6,147.0
GTEX-1H1E6-1726-SM-ACKVK.1,SKIN,34.5,0.0013628217470849,21.410142837145717,7.9,200.0
GTEX-1H1E6-2126-SM-9KNVM.1,MUSCLE,34.5,0.0030063595026893,9.565782781255304,8.5,213.0
GTEX-1H1ZS-0011-R10b-SM-A9SK9.1,BRAIN,74.5,0.0015340476643545,15.705687868387074,7.4,1270.0
GTEX-1H1ZS-0011-R11a-SM-C1YQM.1,BRAIN,74.5,0.0030184454253359,15.614544124249578,7.6,1270.0
GTEX-1H1ZS-0011-R1b-SM-A9G1E.1,BRAIN,74.5,0.000923561875868,13.422651956567634,7.4,1270.0
GTEX-1H1ZS-0011-R2b-SM-CL54Q.1,BRAIN,74.5,0.0008031232721062,12.199975549725114,6.0,1270.0
GTEX-1H1ZS-0011-R3b-SM-CE6RS.1,BRAIN,74.5,0.0011534155827355,14.06897929947155,6.6,1270.0
GTEX-1H1ZS-0011-R4b-SM-CKZO7.1,BRAIN,74.5,0.001084686945004,18.16786376655179,7.2,1270.0
GTEX-1H1ZS-0011-R5b-SM-CL53L.1,BRAIN,74.5,0.001139006511839,19.837588225967423,8.4,1270.0
GTEX-1H1ZS-0011-R6b-SM-A9G1F.1,BRAIN,74.5,0.0013641543972436,12.667729935886989,7.8,1270.0
GTEX-1H1ZS-0011-R7a-SM-CL54P.1,BRAIN,74.5,0.0014218508814128,17.441246688408814,8.3,1270.0
GTEX-1H1ZS-0011-R8b-SM-A9SKA.1,BRAIN,74.5,0.0006930188128676,9.504758604652135,7.0,1270.0
GTEX-1H1ZS-0011-R9a-SM-CM2SO.1,BRAIN,74.5,0.0029748034470017,46.849967912473446,7.6,1270.0
GTEX-1H1ZS-0426-SM-9WG6G.1,SKIN,74.5,0.0013911112567018,18.54875517996369,6.0,1350.0
GTEX-1H1ZS-0626-SM-CNPPU.1,MUSCLE,74.5,0.0032226598516678,7.32124786223177,8.6,1354.0
GTEX-1H1ZS-1026-SM-9WG6E.1,HEART,74.5,0.0012128973633427,34.55505072428647,6.5,1364.0
GTEX-1H1ZS-1126-SM-9MQLJ.1,HEART,74.5,0.0008191213249653,7.807015590979355,6.6,1365.0
GTEX-1H1ZS-2726-SM-9WG75.1,SKIN,74.5,0.0033010221677514,23.736787240646805,6.8,1399.0
GTEX-1H1ZS-2926-SM-9WPP2.1,BRAIN,74.5,0.0021713597956378,14.599113012756334,7.2,1403.0
GTEX-1H1ZS-3026-SM-9KNUJ.1,BRAIN,74.5,0.0012353794170854,13.780758328172604,7.2,1405.0
GTEX-1H23P-0011-R10a-SM-A96RS.1,BRAIN,64.5,0.000716214742994,10.993826027484126,5.9,500.0
GTEX-1H23P-0011-R1a-SM-ACKVC.1,BRAIN,64.5,0.0003778364157873,10.330408272919112,6.7,500.0
GTEX-1H23P-0011-R2a-SM-CKZP3.1,BRAIN,64.5,0.000179659294358,4.369781026627826,5.6,500.0
GTEX-1H23P-0011-R3b-SM-CL54S.1,BRAIN,64.5,0.000567332565322,16.785023383529616,6.7,500.0
GTEX-1H23P-0011-R4b-SM-CL54R.1,BRAIN,64.5,0.000400531330445,10.48498838869092,7.4,500.0
GTEX-1H23P-0011-R5a-SM-CKZOI.1,BRAIN,64.5,0.0005117665353773,13.572211484155366,7.8,500.0
GTEX-1H23P-0011-R6b-SM-A9G1H.1,BRAIN,64.5,0.0002186592425329,7.204007011460567,6.3,500.0
GTEX-1H23P-0011-R7b-SM-CKZP2.1,BRAIN,64.5,0.0004705336450162,13.897757120994674,7.1,500.0
GTEX-1H23P-0011-R8b-SM-A9G1G.1,BRAIN,64.5,0.0001598025414968,4.210328876669897,5.7,500.0
GTEX-1H23P-0011-R9a-SM-CM2T1.1,BRAIN,64.5,0.0005491519167295,20.08551780091421,6.9,500.0
GTEX-1H23P-0126-SM-ADEJ3.1,SKIN,64.5,0.0017789005470393,24.34355654848355,7.4,502.0
GTEX-1H23P-0526-SM-9WG6S.1,MUSCLE,64.5,0.0019728724326507,8.228971382858695,7.1,510.0
GTEX-1H23P-0626-SM-9WG6T.1,SKIN,64.5,0.0015247269075768,24.73613868451348,6.1,512.0
GTEX-1H23P-1226-SM-9QEJ2.1,HEART,64.5,0.0009791508604446,13.339196682718365,6.7,525.0
GTEX-1H23P-1826-SM-A8NA5.1,LIVER,64.5,0.0009481882110992,28.853860966364422,5.7,532.0
GTEX-1H23P-2926-SM-9WYU8.1,BRAIN,64.5,0.0006815514508935,11.35419675874132,6.6,563.0
GTEX-1H2FU-0011-R11a-SM-CE6SB.1,BRAIN,64.5,0.0015895769679674,14.871056548018531,6.4,791.0
GTEX-1H2FU-0011-R3b-SM-CKZP4.1,BRAIN,64.5,0.0003336747931185,6.666421655692568,6.2,791.0
GTEX-1H2FU-0011-R4a-SM-CL551.1,BRAIN,64.5,0.0002132054839489,5.4791489983692125,6.1,791.0
GTEX-1H2FU-0011-R5b-SM-CL552.1,BRAIN,64.5,0.000741992545078,23.502627592791097,7.4,791.0
GTEX-1H2FU-0011-R9b-SM-CE6S4.1,BRAIN,64.5,0.0014604982679664,40.79343587326106,6.9,791.0
GTEX-1H2FU-0126-SM-9WYSI.1,SKIN,64.5,0.0013610123908704,29.04244000407576,7.4,884.0
GTEX-1H2FU-0526-SM-ACKXO.1,MUSCLE,64.5,0.0031988635808169,9.581527357177638,7.5,899.0
GTEX-1H2FU-0826-SM-9WYSU.1,HEART,64.5,0.0011061754460875,17.96739776004247,6.4,911.0
GTEX-1H2FU-0926-SM-9WPPT.1,SKIN,64.5,0.0019435022957312,26.048768582778838,7.5,912.0
GTEX-1H2FU-3126-SM-9WYUJ.1,BRAIN,64.5,0.0013022307736677,13.539550145578325,6.8,946.0
GTEX-1H3NZ-0011-R11b-SM-CE6SF.1,BRAIN,64.5,0.0020035512268125,12.041738651901325,9.2,465.0
GTEX-1H3NZ-0011-R1a-SM-CKZP5.1,BRAIN,64.5,0.0008211045543581,10.59969922631482,7.3,465.0
GTEX-1H3NZ-0011-R3b-SM-CMKH2.1,BRAIN,64.5,0.0020184729591445,22.32605929286449,6.9,465.0
GTEX-1H3NZ-0011-R4a-SM-CL54T.1,BRAIN,64.5,0.001541328212569,14.859192242403536,7.8,465.0
GTEX-1H3NZ-0011-R5a-SM-CM2SP.1,BRAIN,64.5,0.0015450175469862,19.940447358552635,8.6,465.0
GTEX-1H3NZ-0011-R6b-SM-A9G1N.1,BRAIN,64.5,0.0009729256108281,11.252985009354196,6.6,465.0
GTEX-1H3NZ-0011-R7a-SM-A9SKD.1,BRAIN,64.5,0.0006979055891494,10.848207230392562,7.4,465.0
GTEX-1H3NZ-0011-R8a-SM-CKZP6.1,BRAIN,64.5,0.0018412716874781,19.955576438000733,7.5,465.0
GTEX-1H3NZ-0011-R9a-SM-ADEH7.1,BRAIN,64.5,0.0005462008957764,12.524606649970773,6.0,465.0
GTEX-1H3NZ-0126-SM-ACKX7.1,SKIN,64.5,0.001968300039927,30.13151025779279,8.0,521.0
GTEX-1H3NZ-0326-SM-9MQL6.1,MUSCLE,64.5,0.0041417514866413,11.66528079818722,8.4,525.0
GTEX-1H3NZ-1026-SM-A9SM5.1,HEART,64.5,0.0020318158855824,35.746870456997584,7.8,579.0
GTEX-1H3NZ-1126-SM-9WYT9.1,HEART,64.5,0.0001703267353252,4.6543251873698,6.1,581.0
GTEX-1H3NZ-2726-SM-9WYTQ.1,SKIN,64.5,0.0023045070204155,37.57035193408766,7.2,617.0
GTEX-1H3NZ-2926-SM-9WPQ8.1,BRAIN,64.5,0.0011154316180585,10.539836507626614,6.9,635.0
GTEX-1H3NZ-3026-SM-9JGHW.1,BRAIN,64.5,0.0011776057558408,11.577994695354237,7.1,638.0
GTEX-1H3O1-0011-R10a-SM-CJI3O.1,BRAIN,64.5,0.0013917754202691,13.1942234608985,7.5,1106.0
GTEX-1H3O1-0011-R11a-SM-A96RV.1,BRAIN,64.5,0.0016147480941424,10.965805047336769,7.5,1106.0
GTEX-1H3O1-0011-R1b-SM-CL554.1,BRAIN,64.5,0.0016838121711963,21.941115537823457,7.5,1106.0
GTEX-1H3O1-0011-R2b-SM-CKZOT.1,BRAIN,64.5,0.0008146111920448,14.50615720424538,6.0,1106.0
GTEX-1H3O1-0011-R3a-SM-ACKVD.1,BRAIN,64.5,0.0011941021737655,15.245228581076628,7.0,1106.0
GTEX-1H3O1-0011-R4b-SM-A9SKE.1,BRAIN,64.5,0.0005609816899949,12.391255129629908,6.7,1106.0
GTEX-1H3O1-0011-R5b-SM-ADEH8.1,BRAIN,64.5,0.0020640727434242,14.521239285342809,6.0,1106.0
GTEX-1H3O1-0011-R6b-SM-CL54U.1,BRAIN,64.5,0.0007848486253463,11.092284954553165,6.2,1106.0
GTEX-1H3O1-0011-R7a-SM-CE6SJ.1,BRAIN,64.5,0.0010532394408452,11.858540593044689,6.8,1106.0
GTEX-1H3O1-0011-R8a-SM-CL555.1,BRAIN,64.5,0.0011961492366627,16.61658425875646,7.1,1106.0
GTEX-1H3O1-0011-R9b-SM-CM2SQ.1,BRAIN,64.5,0.0016528636675895,23.776431751857448,7.5,1106.0
GTEX-1H3O1-0226-SM-9WYSW.1,HEART,64.5,0.0004772485184765,19.351139545946232,6.6,1164.0
GTEX-1H3O1-0426-SM-9YFKY.1,SKIN,64.5,0.0014680122975089,23.63405744844001,7.8,1172.0
GTEX-1H3O1-0626-SM-9MQM4.1,MUSCLE,64.5,0.0025881251177517,15.276163690437857,7.8,1180.0
GTEX-1H3O1-1326-SM-9MQLD.1,SKIN,64.5,0.0017737068367113,22.52946831782389,6.7,1248.0
GTEX-1H3O1-1726-SM-9WYSR.1,BRAIN,64.5,0.0007900406562862,9.965641187604392,6.4,1342.0
GTEX-1H3O1-1826-SM-A96TO.1,BRAIN,64.5,0.0012431874331987,11.279469896757448,6.6,1343.0
GTEX-1H3VE-0011-R10b-SM-A9SKC.1,BRAIN,44.5,0.0013229760626384,14.320048293432754,6.2,740.0
GTEX-1H3VE-0011-R11b-SM-C1YRP.1,BRAIN,44.5,0.0026550178091043,16.191754329348136,6.7,740.0
GTEX-1H3VE-0011-R1a-SM-A9G1K.1,BRAIN,44.5,0.0004444781037621,7.052203250591512,6.4,740.0
GTEX-1H3VE-0011-R2a-SM-CE6SA.1,BRAIN,44.5,0.0003285169130948,10.779557740288611,5.6,740.0
GTEX-1H3VE-0011-R3a-SM-CE6SK.1,BRAIN,44.5,0.0002279492659056,3.671013933557311,5.6,740.0
GTEX-1H3VE-0011-R5a-SM-CKZOU.1,BRAIN,44.5,0.0014769654290967,28.122092009332786,7.2,740.0
GTEX-1H3VE-0011-R6b-SM-A9G1M.1,BRAIN,44.5,0.0001554918767901,3.8390937858149337,5.6,740.0
GTEX-1H3VE-0011-R7b-SM-CE6S9.1,BRAIN,44.5,0.0003654011118109,11.360286852714747,5.8,740.0
GTEX-1H3VE-0011-R8b-SM-A9G1L.1,BRAIN,44.5,0.0047894524103967,73.91182923558733,7.8,740.0
GTEX-1H3VE-0126-SM-9WYTW.1,MUSCLE,44.5,0.004315879084331,9.147697164376822,7.4,1083.0
GTEX-1H3VE-0326-SM-9YFLH.1,SKIN,44.5,0.0024101639107084,31.928089166584797,8.3,1087.0
GTEX-1H3VE-0726-SM-9YFL5.1,SKIN,44.5,0.0027948647305356,21.106146050232123,5.9,1103.0
GTEX-1H3VE-2726-SM-9WPP3.1,BRAIN,44.5,0.0006114829631428,8.486111538326547,5.9,1292.0
GTEX-1H3VE-2826-SM-9WPOL.1,BRAIN,44.5,0.0011093268886855,16.36050339005595,6.5,1294.0
GTEX-1H3VY-0126-SM-ACKXD.1,SKIN,54.5,0.0015992447778898,22.914328845701423,7.9,426.0
GTEX-1H3VY-0326-SM-9WYU6.1,MUSCLE,54.5,0.0020672526844842,5.635804458880103,8.2,430.0
GTEX-1H3VY-1126-SM-A96TP.1,HEART,54.5,0.001860788222341,31.380904549789555,7.5,460.0
GTEX-1H4P4-0011-R10b-SM-CE6SG.1,BRAIN,54.5,0.0009640647394702,7.764582119137952,6.4,1076.0
GTEX-1H4P4-0011-R11b-SM-CE6S8.1,BRAIN,54.5,0.0011762893489495,6.917699548894722,6.6,1076.0
GTEX-1H4P4-0011-R1b-SM-CL54V.1,BRAIN,54.5,0.0001852590770431,3.52664194759872,5.7,1076.0
GTEX-1H4P4-0011-R6a-SM-ARZLR.1,BRAIN,54.5,0.0002065667811252,4.72598873009155,6.2,1076.0
GTEX-1H4P4-0011-R7b-SM-ARU77.1,BRAIN,54.5,0.0001104612276979,2.8619240579063443,5.7,1076.0
GTEX-1H4P4-0626-SM-9YFKZ.1,MUSCLE,54.5,0.0034174662912568,4.041985134844844,7.7,1294.0
GTEX-1H4P4-0726-SM-9YFLR.1,SKIN,54.5,0.0023985996536283,22.601782800291144,6.6,1294.0
GTEX-1H4P4-2126-SM-9WYSL.1,SKIN,54.5,0.0020529434078448,30.71317904029352,7.7,1335.0
GTEX-1H4P4-2726-SM-9JGGB.1,BRAIN,54.5,0.001175979297868,8.654961978429851,6.9,1423.0
GTEX-1HB9E-0011-R10a-SM-CJI3H.1,BRAIN,54.5,0.0025436182792424,13.880122052766117,6.5,547.0
GTEX-1HB9E-0011-R11b-SM-ARU79.1,BRAIN,54.5,0.0034915519694214,16.240829314330995,7.6,547.0
GTEX-1HB9E-0011-R2b-SM-A96RW.1,BRAIN,54.5,0.0016051205497283,22.58789589263637,6.8,547.0
GTEX-1HB9E-0011-R3a-SM-ARL7D.1,BRAIN,54.5,0.0017450395550984,25.115960723889536,6.5,547.0
GTEX-1HB9E-0011-R4b-SM-ARZLS.1,BRAIN,54.5,0.0016228518198205,29.102753369262608,6.5,547.0
GTEX-1HB9E-0011-R5b-SM-ARU78.1,BRAIN,54.5,0.0015905032107983,27.126400530587016,7.6,547.0
GTEX-1HB9E-0011-R6b-SM-A9G1P.1,BRAIN,54.5,0.0018603339698254,23.854702893183983,8.1,547.0
GTEX-1HB9E-0011-R7b-SM-A9G1Q.1,BRAIN,54.5,0.0011884973838609,21.50460044985192,7.7,547.0
GTEX-1HB9E-0011-R8b-SM-A9G1O.1,BRAIN,54.5,0.0018648272159673,25.124074795524447,7.5,547.0
GTEX-1HB9E-0126-SM-CM2S5.1,SKIN,54.5,0.0015882188077382,17.57054009863536,6.4,544.0
GTEX-1HB9E-0226-SM-E9U4R.1,SKIN,54.5,0.0032121408149883,70.62859490287083,8.1,561.0
GTEX-1HB9E-0326-SM-D3LA5.1,MUSCLE,54.5,0.0023843704941695,8.574442203298657,8.3,572.0
GTEX-1HB9E-0626-SM-AHZ4K.1,LIVER,54.5,0.0010725524205493,23.7546339652057,6.0,575.0
GTEX-1HB9E-2926-SM-D4P3S.1,BRAIN,54.5,0.0008715068813492,13.65030799875042,6.2,694.0
GTEX-1HB9E-3126-SM-AHZ4M.1,BRAIN,54.5,0.0014517772225422,14.36149551673811,6.5,697.0
GTEX-1HBPH-0011-R10a-SM-CE6SI.1,BRAIN,44.5,0.0009953431979236,13.396157620638771,5.7,870.0
GTEX-1HBPH-0011-R11b-SM-A8N7U.1,BRAIN,44.5,0.0022267247170351,14.475690395988616,6.3,870.0
GTEX-1HBPH-0011-R3a-SM-A96RY.1,BRAIN,44.5,0.0006275905334452,10.223794632968838,7.5,870.0
GTEX-1HBPH-0011-R4a-SM-A96RX.1,BRAIN,44.5,0.0005845197502497,8.047333297489288,6.9,870.0
GTEX-1HBPH-0011-R5b-SM-A9G1R.1,BRAIN,44.5,0.0002651741938466,6.258724700669331,6.2,870.0
GTEX-1HBPH-0011-R6a-SM-CKZOV.1,BRAIN,44.5,0.0009487430926616,9.785311813029836,6.3,870.0
GTEX-1HBPH-0011-R8b-SM-CL556.1,BRAIN,44.5,0.0020449361618493,27.45411565394941,6.9,870.0
GTEX-1HBPH-0011-R9a-SM-CMKH3.1,BRAIN,44.5,0.0038838202980606,39.48958871068563,7.5,870.0
GTEX-1HBPH-0126-SM-CNNQ7.1,HEART,44.5,0.0027105354000034,16.603756244046476,6.7,915.0
GTEX-1HBPH-0226-SM-9WYSM.1,HEART,44.5,0.0022628586927851,20.818195763254657,7.3,916.0
GTEX-1HBPH-0426-SM-B2LW5.1,SKIN,44.5,0.0031632934244909,58.79729427208503,6.5,990.0
GTEX-1HBPH-0826-SM-ARZNB.1,MUSCLE,44.5,0.0050344404297716,9.1351432023623,7.5,1006.0
GTEX-1HBPH-2026-SM-CMKGL.1,SKIN,44.5,0.0025252124419638,43.01093405337665,6.2,1040.0
GTEX-1HBPH-2626-SM-A96TV.1,LIVER,44.5,0.0005877055237155,17.013710479185562,6.6,1050.0
GTEX-1HBPH-3026-SM-9WPNY.1,BRAIN,44.5,0.0013970384303822,12.984507272474763,6.5,1071.0
GTEX-1HBPH-3126-SM-9WYUV.1,BRAIN,44.5,0.0010330471708433,10.91051364480354,7.2,1074.0
GTEX-1HBPI-0011-R10a-SM-A96RZ.1,BRAIN,54.5,0.0019952539648414,11.694259492016434,6.8,753.0
GTEX-1HBPI-0011-R11b-SM-CE6SH.1,BRAIN,54.5,0.0036263521739635,15.06564772446412,6.2,753.0
GTEX-1HBPI-0011-R1b-SM-A9SKF.1,BRAIN,54.5,0.0012032286767452,18.839802455549503,7.0,753.0
GTEX-1HBPI-0011-R4a-SM-CJI3K.1,BRAIN,54.5,0.0006707747136678,10.62430446143998,6.4,753.0
GTEX-1HBPI-0011-R5a-SM-CKZOW.1,BRAIN,54.5,0.0011248372983452,11.623106521665036,7.8,753.0
GTEX-1HBPI-0011-R6b-SM-A9G1T.1,BRAIN,54.5,0.0007653687368271,10.55488564699344,7.3,753.0
GTEX-1HBPI-0011-R8a-SM-A9G1S.1,BRAIN,54.5,0.0002715091290331,6.07168544763323,6.6,753.0
GTEX-1HBPI-0011-R9b-SM-ARL76.1,BRAIN,54.5,0.0016103625647063,29.5983599855628,6.4,753.0
GTEX-1HBPI-0226-SM-ADEJ7.1,MUSCLE,54.5,0.0025180693477067,5.722146759473838,8.2,933.0
GTEX-1HBPI-1026-SM-AHZ4N.1,LIVER,54.5,0.0004705796131366,15.32252601939098,6.3,942.0
GTEX-1HBPI-1526-SM-C1YQ1.1,SKIN,54.5,0.0021701926108812,27.10283266143592,8.2,954.0
GTEX-1HBPI-2126-SM-ARL9K.1,SKIN,54.5,0.0022737939632357,29.92716755467621,8.7,1021.0
GTEX-1HBPI-2726-SM-9WPPF.1,BRAIN,54.5,0.0018217234040158,12.794350650786573,6.8,1075.0
GTEX-1HBPI-2826-SM-ARZNO.1,BRAIN,54.5,0.000884407255817,9.746952159441618,6.0,1077.0
GTEX-1HBPM-0011-R10a-SM-CJI3Q.1,BRAIN,64.5,0.000350370383701,8.909625873054019,5.9,672.0
GTEX-1HBPM-0011-R4a-SM-CJI3L.1,BRAIN,64.5,0.0001289174612265,3.5387659388282664,5.7,672.0
GTEX-1HBPM-0011-R5b-SM-CJI3I.1,BRAIN,64.5,0.0008835194537849,19.487293153780985,6.3,672.0
GTEX-1HBPM-0011-R6b-SM-ARU73.1,BRAIN,64.5,0.0001669713458425,3.687801893123116,5.7,672.0
GTEX-1HBPM-0011-R9b-SM-ARL7C.1,BRAIN,64.5,0.0006238701581216,23.822132322304803,5.7,672.0
GTEX-1HBPM-0226-SM-ARL9F.1,SKIN,64.5,0.0012100487494563,21.916212383572308,6.5,677.0
GTEX-1HBPM-0426-SM-CKZOO.1,MUSCLE,64.5,0.0025202584796129,7.846142934243717,8.5,682.0
GTEX-1HBPM-0726-SM-9YFL7.1,SKIN,64.5,0.0020471597573155,24.86248970256704,6.3,690.0
GTEX-1HBPM-1026-SM-ARL9D.1,HEART,64.5,0.0020145554477522,35.65863970039981,7.1,693.0
GTEX-1HBPM-1226-SM-A9SM8.1,HEART,64.5,0.0008810157010478,8.290580034005663,6.1,697.0
GTEX-1HBPM-2926-SM-CL54E.1,BRAIN,64.5,0.000276421211826,6.802809563840769,6.6,738.0
GTEX-1HBPN-0126-SM-CGQEF.1,SKIN,54.5,0.0009225394665182,13.033875083446668,6.1,96.0
GTEX-1HBPN-0226-SM-9YFM1.1,SKIN,54.5,0.0017855723397731,22.240802462491228,7.8,104.0
GTEX-1HBPN-0526-SM-A9SM6.1,MUSCLE,54.5,0.0014202605615948,5.056027496239712,8.0,111.0
GTEX-1HBPN-0926-SM-CGQEG.1,HEART,54.5,0.0015714291620944,19.32976835235911,8.1,125.0
GTEX-1HC8U-0626-SM-B2LWB.1,HEART,44.5,0.0016291798270546,20.386675031934388,6.9,339.0
GTEX-1HC8U-0726-SM-ACKXL.1,HEART,44.5,0.0015716648844065,16.245981728362857,7.4,347.0
GTEX-1HC8U-1326-SM-9YFMJ.1,SKIN,44.5,0.0020984639495315,39.26251234259804,8.2,374.0
GTEX-1HC8U-2626-SM-CNPPH.1,MUSCLE,44.5,0.0016397946970148,7.340072962063997,6.1,454.0
GTEX-1HCU6-0011-R10a-SM-CKZP8.1,BRAIN,64.5,0.0013072575581987,11.648242520189612,6.0,1007.0
GTEX-1HCU6-0011-R11b-SM-AHZ2F.1,BRAIN,64.5,0.0012947190439902,9.04149636454478,6.5,1007.0
GTEX-1HCU6-0011-R3a-SM-ARU75.1,BRAIN,64.5,0.0007459552268482,9.140728805588614,6.0,1007.0
GTEX-1HCU6-0011-R4b-SM-ARU74.1,BRAIN,64.5,0.0010571184251712,8.16705013398187,6.0,1007.0
GTEX-1HCU6-0011-R5a-SM-ARU76.1,BRAIN,64.5,0.0002619971237801,7.134157158126099,6.0,1007.0
GTEX-1HCU6-0011-R7b-SM-ARL77.1,BRAIN,64.5,0.0018737602781946,19.898569542919216,5.7,1007.0
GTEX-1HCU6-0011-R8a-SM-CJI3R.1,BRAIN,64.5,0.0005669164090781,8.04671199386149,6.1,1007.0
GTEX-1HCU6-0126-SM-CL54K.1,SKIN,64.5,0.002046450802745,38.60406989502408,8.9,1081.0
GTEX-1HCU6-0526-SM-A9SKU.1,MUSCLE,64.5,0.0024404417299209,6.244383009168873,7.9,1090.0
GTEX-1HCU6-1026-SM-A9G25.1,HEART,64.5,0.0006257255355892,7.227017067848994,6.4,1097.0
GTEX-1HCU6-2026-SM-A8NA7.1,LIVER,64.5,0.0004945674483011,20.235687205822387,6.3,1110.0
GTEX-1HCU6-2526-SM-ADEHL.1,SKIN,64.5,0.0018806506426917,32.56546938737453,7.8,1116.0
GTEX-1HCU6-3126-SM-CL54L.1,BRAIN,64.5,0.0012626540449889,14.25765335654759,6.9,1141.0
GTEX-1HCU7-0226-SM-CL545.1,SKIN,54.5,0.0028761486344563,27.109955033476133,8.1,400.0
GTEX-1HCU7-0426-SM-D3L8Q.1,MUSCLE,54.5,0.0025894337201116,8.054922172595807,8.9,407.0
GTEX-1HCU7-0726-SM-A9SL1.1,SKIN,54.5,0.0023349017588404,25.648607491321947,7.7,422.0
GTEX-1HCU7-1226-SM-B2LX8.1,HEART,54.5,0.0005394982010411,19.22782170414462,6.6,445.0
GTEX-1HCU7-1326-SM-CNPPW.1,HEART,54.5,0.0005143231866903,5.472573888096874,6.6,448.0
GTEX-1HCU7-1726-SM-B2LX9.1,LIVER,54.5,0.0007387586713116,27.032696477085665,5.6,469.0
GTEX-1HCU8-0626-SM-A9SM9.1,SKIN,64.5,0.0015649989694826,26.378596328334112,6.8,791.0
GTEX-1HCU8-2526-SM-CE6RX.1,SKIN,64.5,0.0033104576125503,43.54146528480042,5.8,823.0
GTEX-1HCU9-0426-SM-9WYSD.1,SKIN,24.5,0.0011956518842293,24.006206212116226,7.1,857.0
GTEX-1HCU9-1526-SM-A9SL7.1,SKIN,24.5,0.0007286854465748,16.179450080865248,6.2,887.0
GTEX-1HCU9-1926-SM-9WYSE.1,MUSCLE,24.5,0.0021118887048204,5.663252893812068,7.5,895.0
GTEX-1HCUA-0526-SM-A9SMH.1,HEART,54.5,0.0021566866129508,17.766384116972223,8.5,201.0
GTEX-1HCUA-0626-SM-ACKVT.1,HEART,54.5,0.0013453759706476,20.01756155276925,8.4,205.0
GTEX-1HCUA-0826-SM-ADEHM.1,SKIN,54.5,0.0007641415352224,16.673474623864834,5.9,215.0
GTEX-1HCUA-2326-SM-ACKVJ.1,MUSCLE,54.5,0.0027581865291815,6.594695216422313,7.8,288.0
GTEX-1HCUA-2426-SM-ADEIS.1,SKIN,54.5,0.0016749274543599,31.56940522157268,7.9,296.0
GTEX-1HCVE-0011-R10a-SM-ARZLT.1,BRAIN,54.5,0.0018527343883974,15.694627874827326,6.5,600.0
GTEX-1HCVE-0011-R5b-SM-CKZP7.1,BRAIN,54.5,0.0015198788034434,17.578956753197318,6.9,600.0
GTEX-1HCVE-0011-R7b-SM-A9G1I.1,BRAIN,54.5,0.0008794426403133,11.082227277615663,5.7,600.0
GTEX-1HCVE-0011-R8a-SM-ARU7A.1,BRAIN,54.5,0.000528726612045,7.623047057569816,5.6,600.0
GTEX-1HCVE-0126-SM-CGQEU.1,SKIN,54.5,0.0021360341416953,23.45785366485981,6.3,753.0
GTEX-1HCVE-0326-SM-CGQEW.1,MUSCLE,54.5,0.0028784547067407,9.310486315729158,7.9,763.0
GTEX-1HCVE-0826-SM-CM2SF.1,HEART,54.5,0.0017297687560439,33.54352262716028,7.6,823.0
GTEX-1HCVE-1126-SM-9WPPG.1,HEART,54.5,8.6928291787177e-05,4.28299498046707,5.8,828.0
GTEX-1HCVE-1526-SM-B2LWW.1,LIVER,54.5,0.0009302567819928,27.43354373784887,6.0,835.0
GTEX-1HCVE-2726-SM-CL54F.1,SKIN,54.5,0.0023002116122612,24.989811719048262,8.2,864.0
GTEX-1HCVE-2926-SM-9WPPJ.1,BRAIN,54.5,0.0014821275837655,12.597417178928112,7.5,868.0
GTEX-1HCVE-3026-SM-CL54G.1,BRAIN,54.5,0.0013969492955229,14.246408963399638,7.7,870.0
GTEX-1HFI6-0011-R10b-SM-ARZLO.1,BRAIN,44.5,0.002913355874279,10.80066819095722,6.1,875.0
GTEX-1HFI6-0011-R11b-SM-A96RU.1,BRAIN,44.5,0.0039970672497642,13.083082975684624,8.6,875.0
GTEX-1HFI6-0011-R2a-SM-CMKH5.1,BRAIN,44.5,0.0020118854268305,21.84931556238659,6.3,875.0
GTEX-1HFI6-0011-R3b-SM-A9SKB.1,BRAIN,44.5,0.0019183573452922,12.527906884525208,6.5,875.0
GTEX-1HFI6-0011-R4b-SM-A96RT.1,BRAIN,44.5,0.0019229366679868,17.747361241180375,6.9,875.0
GTEX-1HFI6-0011-R5a-SM-A9G1J.1,BRAIN,44.5,0.0011588401654481,16.056015798032192,7.3,875.0
GTEX-1HFI6-0011-R6b-SM-CM2SR.1,BRAIN,44.5,0.0034930654452926,32.12484335341866,8.6,875.0
GTEX-1HFI6-0011-R7b-SM-CM2SS.1,BRAIN,44.5,0.0017521080465862,18.56639184298241,9.4,875.0
GTEX-1HFI6-0011-R8a-SM-ARZLP.1,BRAIN,44.5,0.0017830463896682,12.860528564279308,5.8,875.0
GTEX-1HFI6-0011-R9b-SM-CMKH4.1,BRAIN,44.5,0.0008914178100862,15.03357664850682,7.5,875.0
GTEX-1HFI6-0126-SM-CNPPI.1,SKIN,44.5,0.0045632648430243,31.342435102747373,6.4,900.0
GTEX-1HFI6-0226-SM-ADEHZ.1,SKIN,44.5,0.0016383429240675,22.88051022278617,7.7,910.0
GTEX-1HFI6-0426-SM-B2LXB.1,MUSCLE,44.5,0.0030066726653709,8.828807275658313,8.2,919.0
GTEX-1HFI6-0826-SM-9YFM2.1,HEART,44.5,0.0019216913811995,33.4311412172491,7.3,927.0
GTEX-1HFI6-3026-SM-CNPPJ.1,BRAIN,44.5,0.0008696603722605,10.869022443474735,5.8,1058.0
GTEX-1HFI6-3126-SM-A8N8J.1,BRAIN,44.5,0.0028675878926535,14.521917850885298,7.5,1057.0
GTEX-1HFI7-0526-SM-A9SMA.1,HEART,54.5,0.0009850840003974,8.655031875574803,7.5,372.0
GTEX-1HFI7-0826-SM-A9G23.1,HEART,54.5,0.0019020151091221,12.357244780706038,8.0,386.0
GTEX-1HFI7-1826-SM-ACKXH.1,SKIN,54.5,0.0022479583759684,25.624885189109744,6.5,454.0
GTEX-1HFI7-1926-SM-A96TQ.1,MUSCLE,54.5,0.002454471163169,5.7446789075316005,7.3,456.0
GTEX-1HFI7-2326-SM-CGQFS.1,SKIN,54.5,0.0020129443589223,22.5021703631613,7.1,470.0
GTEX-1HGF4-0011-R10b-SM-CE6S5.1,BRAIN,64.5,0.0011912852230593,12.825899278609064,7.2,760.0
GTEX-1HGF4-0011-R11a-SM-C1YRR.1,BRAIN,64.5,0.0026903502774835,15.732442937636106,7.1,760.0
GTEX-1HGF4-0011-R1a-SM-CJI3S.1,BRAIN,64.5,0.0003845126104897,7.560378437919025,5.9,760.0
GTEX-1HGF4-0011-R3b-SM-CL54W.1,BRAIN,64.5,0.000541134531239,11.219680462253317,8.1,760.0
GTEX-1HGF4-0011-R5b-SM-CM2ST.1,BRAIN,64.5,0.000947100617365,14.974406785616042,9.5,760.0
GTEX-1HGF4-0011-R6a-SM-A96S1.1,BRAIN,64.5,0.000791169339633,9.99173134474516,7.1,760.0
GTEX-1HGF4-0011-R7a-SM-A96S2.1,BRAIN,64.5,0.000628225639948,9.647661333859991,7.3,760.0
GTEX-1HGF4-0011-R8b-SM-CKZP9.1,BRAIN,64.5,0.000764682109617,9.682876695711585,7.2,760.0
GTEX-1HGF4-0011-R9a-SM-ADEH9.1,BRAIN,64.5,0.0001523569405178,3.4303677050884738,6.6,760.0
GTEX-1HGF4-0126-SM-CNPPX.1,SKIN,64.5,0.00110096105317,18.71354216773763,6.5,742.0
GTEX-1HGF4-2426-SM-ACKXM.1,SKIN,64.5,0.0013847081088232,19.142368999197856,7.4,826.0
GTEX-1HGF4-2626-SM-CM2SJ.1,MUSCLE,64.5,0.0028624387798371,5.6598833189218185,8.1,839.0
GTEX-1HGF4-3026-SM-A8N89.1,BRAIN,64.5,0.0018957473290472,18.151387755957067,7.1,908.0
GTEX-1HGF4-3126-SM-CL54M.1,BRAIN,64.5,0.0009529833734545,9.017349582495196,5.9,908.0
GTEX-1HKZK-0226-SM-9WYUG.1,MUSCLE,44.5,0.002104269622056,7.735149750437922,8.6,597.0
GTEX-1HKZK-0326-SM-9WYUH.1,SKIN,44.5,0.0011298725967642,20.7165988550548,7.0,600.0
GTEX-1HKZK-0726-SM-ACKW2.1,SKIN,44.5,0.0009530523730564,22.390441323413857,7.4,639.0
GTEX-1HR98-0011-R1a-SM-ARZLQ.1,BRAIN,64.5,0.0001860679109635,2.92981699413132,5.9,1225.0
GTEX-1HR98-0011-R2a-SM-ARL7A.1,BRAIN,64.5,0.0008701431016406,15.292073290737346,6.0,1225.0
GTEX-1HR98-0011-R3b-SM-A9G1U.1,BRAIN,64.5,0.0003089080583884,5.3786161724379085,5.6,1225.0
GTEX-1HR98-0011-R5a-SM-A9G1V.1,BRAIN,64.5,0.0003398676836676,12.491887360150589,6.5,1225.0
GTEX-1HR98-0011-R9b-SM-ARL79.1,BRAIN,64.5,0.0002672535632152,7.235886403330522,5.6,1225.0
GTEX-1HR98-0126-SM-B2LWI.1,SKIN,64.5,0.0022175459611595,31.68111420639161,7.3,1357.0
GTEX-1HR98-1026-SM-CKZOM.1,HEART,64.5,0.001541434727012,20.33141971077135,6.7,1410.0
GTEX-1HR98-2226-SM-ADEI2.1,SKIN,64.5,0.0015133661401633,23.2076597907542,5.9,1421.0
GTEX-1HR98-3026-SM-CNPPK.1,BRAIN,64.5,0.0010411234513091,12.168076619518043,6.4,1430.0
GTEX-1HR9M-0011-R10a-SM-CM2SU.1,BRAIN,64.5,0.0005386387847278,11.61249403772816,7.9,670.0
GTEX-1HR9M-0011-R3b-SM-ARL7B.1,BRAIN,64.5,0.0005312611623797,12.261388129586056,5.8,670.0
GTEX-1HR9M-0011-R5a-SM-ARU72.1,BRAIN,64.5,0.0001806515739634,5.952829842784295,5.9,670.0
GTEX-1HR9M-0011-R6a-SM-ARU6Z.1,BRAIN,64.5,0.0009114921197129,7.446320921385881,6.1,670.0
GTEX-1HR9M-0326-SM-CL549.1,MUSCLE,64.5,0.0033714038054824,9.5373008788612,8.0,742.0
GTEX-1HR9M-2226-SM-CNPPY.1,SKIN,64.5,0.0019060828425125,25.10471579367113,6.9,861.0
GTEX-1HSEH-0126-SM-ACKXN.1,SKIN,64.5,0.0006571815781974,13.589058508909178,6.2,264.0
GTEX-1HSEH-0326-SM-A9G26.1,MUSCLE,64.5,0.0021918377845324,7.267104831679519,8.3,275.0
GTEX-1HSGN-0226-SM-CGQFV.1,SKIN,44.5,0.0017740835372321,19.33508897887321,7.8,318.0
GTEX-1HSGN-0326-SM-ACKXQ.1,MUSCLE,44.5,0.0013731802252281,6.258507923688447,8.3,321.0
GTEX-1HSGN-0826-SM-ACKW3.1,SKIN,44.5,0.0009024537560848,16.875802814573287,7.1,333.0
GTEX-1HSGN-0926-SM-CNNQM.1,HEART,44.5,0.0013898239622574,13.30633742489167,7.9,337.0
GTEX-1HSGN-1126-SM-CJI4G.1,HEART,44.5,0.0015243041516534,11.853379049593803,8.3,342.0
GTEX-1HSKV-0011-R10b-SM-CMKH6.1,BRAIN,64.5,0.0009333840976271,11.39152378457142,5.6,594.0
GTEX-1HSKV-0011-R11b-SM-AHZ2E.1,BRAIN,64.5,0.0029416044939485,17.316701995414086,6.0,594.0
GTEX-1HSKV-0011-R1b-SM-CMKH7.1,BRAIN,64.5,0.0009651967179203,16.458665945912788,8.6,594.0
GTEX-1HSKV-0011-R5b-SM-ARZLN.1,BRAIN,64.5,0.00056509363887,11.646404147136652,5.7,594.0
GTEX-1HSKV-0011-R8a-SM-CL54X.1,BRAIN,64.5,0.0008065851140681,15.118254219173568,8.0,594.0
GTEX-1HSKV-0126-SM-E6CI1.1,MUSCLE,64.5,0.0023902271184321,4.122448623153914,8.0,736.0
GTEX-1HSKV-0226-SM-A9SKJ.1,SKIN,64.5,0.0022774764348391,26.648604954813383,7.3,736.0
GTEX-1HSKV-0726-SM-ACKWE.1,HEART,64.5,0.0008502886181221,14.983737454577865,7.0,771.0
GTEX-1HSKV-1226-SM-ADEI4.1,SKIN,64.5,0.0018719908316491,29.845621891709044,7.4,785.0
GTEX-1HSKV-2926-SM-B2LWJ.1,BRAIN,64.5,0.0019553549085834,16.074844527195623,6.4,849.0
GTEX-1HSKV-3026-SM-A96SL.1,BRAIN,64.5,0.0006144166768217,10.555728341023723,5.6,853.0
GTEX-1HSMO-0011-R10a-SM-CL54Y.1,BRAIN,64.5,0.0007229392893197,5.72611937071386,7.1,683.0
GTEX-1HSMO-0011-R1a-SM-CM2SV.1,BRAIN,64.5,0.0005132530114467,6.253090928985561,8.2,683.0
GTEX-1HSMO-0011-R2a-SM-CL553.1,BRAIN,64.5,0.001489183309189,20.21199127934852,6.5,683.0
GTEX-1HSMO-0011-R8b-SM-CM2SW.1,BRAIN,64.5,8.649013372168266e-05,1.7679408849962517,5.8,683.0
GTEX-1HSMO-0011-R9b-SM-CM2T2.1,BRAIN,64.5,0.0007029739531335,14.301225922990447,6.3,683.0
GTEX-1HSMO-0126-SM-CL547.1,SKIN,64.5,0.0021603266209675,29.14648864580101,7.7,805.0
GTEX-1HSMO-0526-SM-ACKXB.1,MUSCLE,64.5,0.0022681154601512,12.02798400291856,8.2,842.0
GTEX-1HSMO-0626-SM-ACKXC.1,SKIN,64.5,0.0018858057066886,31.8644072164301,7.7,862.0
GTEX-1HSMO-1126-SM-CGQF2.1,HEART,64.5,0.002583499708203,42.58661026517439,6.9,873.0
GTEX-1HSMO-1226-SM-CL548.1,HEART,64.5,0.0037597934746501,52.40962223889247,7.1,874.0
GTEX-1HSMO-2926-SM-C1YR5.1,BRAIN,64.5,0.000835424893409,11.295660499729571,6.5,903.0
GTEX-1HSMO-3026-SM-A9G3F.1,BRAIN,64.5,0.0009760960981755,6.649196592984333,6.4,904.0
GTEX-1HSMP-0126-SM-E6CJS.1,SKIN,74.5,0.0014975132178966,18.475184237516466,6.2,321.0
GTEX-1HSMP-0326-SM-A9SMC.1,MUSCLE,74.5,0.001970450370249,6.5455265968173935,8.1,353.0
GTEX-1HSMP-0926-SM-A9SKX.1,SKIN,74.5,0.0027148372289667,28.91496668610869,7.8,378.0
GTEX-1HSMQ-0226-SM-C1YQL.1,HEART,54.5,0.0025359192354468,20.83975146642693,8.3,297.0
GTEX-1HSMQ-0426-SM-ADEIM.1,HEART,54.5,0.0018296759276811,31.221553272417257,8.2,301.0
GTEX-1HSMQ-1226-SM-CGQFX.1,SKIN,54.5,0.0031698486524689,27.94669548071785,8.5,375.0
GTEX-1HSMQ-1326-SM-ADEHS.1,MUSCLE,54.5,0.0024962373368344,8.353178406682186,8.5,387.0
GTEX-1HSMQ-2626-SM-A9SML.1,SKIN,54.5,0.0015860383758444,25.859078597654324,7.7,573.0
GTEX-1HT8W-0011-R1b-SM-CJI3V.1,BRAIN,34.5,0.0013045762136564,11.155054330342583,5.7,1183.0
GTEX-1HT8W-0011-R2a-SM-CMKH9.1,BRAIN,34.5,0.0012460875989614,12.26075483103582,6.7,1183.0
GTEX-1HT8W-0011-R5b-SM-CJI3P.1,BRAIN,34.5,0.0011571555363648,10.133908101197267,5.6,1183.0
GTEX-1HT8W-0011-R6a-SM-CM2SY.1,BRAIN,34.5,0.0016506987613109,15.174475896873023,8.3,1183.0
GTEX-1HT8W-0011-R7b-SM-CMKH8.1,BRAIN,34.5,0.0009235725171123,8.947379377612789,8.8,1183.0
GTEX-1HT8W-0011-R8b-SM-CM2SX.1,BRAIN,34.5,0.0015909999614333,16.350021418617924,7.2,1183.0
GTEX-1HT8W-0126-SM-CNPPP.1,SKIN,34.5,0.0020438296341812,24.95367052139995,7.5,1230.0
GTEX-1HT8W-0326-SM-CM2SG.1,MUSCLE,34.5,0.0039765537574979,8.249331860353784,8.4,1233.0
GTEX-1HT8W-0626-SM-A9G2H.1,SKIN,34.5,0.0026106993897976,24.291133881301043,7.1,1238.0
GTEX-1HT8W-0826-SM-C1YRJ.1,LIVER,34.5,0.0009068204913297,15.098079170700975,5.9,1241.0
GTEX-1HT8W-1326-SM-CGQEN.1,HEART,34.5,0.0024100098663154,32.4593050026378,6.4,1250.0
GTEX-1HT8W-1726-SM-CNNQB.1,HEART,34.5,0.0002442812979853,6.031904193991477,5.8,1257.0
GTEX-1HT8W-2926-SM-A8NA9.1,BRAIN,34.5,0.0025669375481084,13.979150842842412,7.2,1293.0
GTEX-1HT8W-3026-SM-CGQEO.1,BRAIN,34.5,0.0016011477918851,10.443328547614197,5.5,1295.0
GTEX-1HUB1-0011-R11b-SM-CE6SC.1,BRAIN,64.5,0.0005137638051416,7.583367046044018,7.6,655.0
GTEX-1HUB1-0011-R3b-SM-CKZOX.1,BRAIN,64.5,0.000710498265,10.772481647387036,8.0,655.0
GTEX-1HUB1-0011-R5a-SM-CKZOY.1,BRAIN,64.5,0.0004909754880123,12.612693753651207,8.0,655.0
GTEX-1HUB1-0011-R6b-SM-ARU6W.1,BRAIN,64.5,0.0008446540732252,8.659066172760467,6.6,655.0
GTEX-1HUB1-0426-SM-E9U4U.1,SKIN,64.5,0.0025229783506007,55.95874574432697,7.6,801.0
GTEX-1HUB1-0526-SM-CL54N.1,MUSCLE,64.5,0.0024919024103489,6.96095621646803,7.7,803.0
GTEX-1HUB1-0726-SM-CGQF4.1,HEART,64.5,0.0004596331796116,26.4977140245104,5.6,814.0
GTEX-1HUB1-1426-SM-CGQF5.1,SKIN,64.5,0.0023416078854094,44.02059683891726,6.8,834.0
GTEX-1HUB1-2926-SM-ACKXA.1,BRAIN,64.5,0.0006114470786661,9.308309176425317,6.4,903.0
GTEX-1I19N-0011-R11b-SM-ARU6Y.1,BRAIN,74.5,0.0015496286378446,10.51775419601865,5.8,725.0
GTEX-1I19N-0011-R5b-SM-ARU6X.1,BRAIN,74.5,0.0014835981170891,26.996198483062635,6.0,725.0
GTEX-1I19N-0011-R6b-SM-CY8GC.1,BRAIN,74.5,0.0013859283621728,20.80313093659854,6.3,725.0
GTEX-1I19N-0011-R9a-SM-CMKHN.1,BRAIN,74.5,0.0017393179582032,31.760014486747963,6.5,725.0
GTEX-1I19N-0126-SM-CYPSF.1,SKIN,74.5,0.0030785584408376,27.234705755099643,6.9,737.0
GTEX-1I19N-0326-SM-ACKVX.1,SKIN,74.5,0.0020629612770544,21.942215705273917,8.1,744.0
GTEX-1I19N-0626-SM-A9SKY.1,HEART,74.5,0.0028887096970818,47.5942678328654,8.1,748.0
GTEX-1I19N-2026-SM-ACKXJ.1,MUSCLE,74.5,0.0036194611710457,9.07982657061005,8.3,768.0
GTEX-1I19N-2926-SM-A8N8C.1,BRAIN,74.5,0.0008624778562517,13.24535048967739,6.1,786.0
GTEX-1I19N-3026-SM-CL55E.1,BRAIN,74.5,0.0010615240671698,18.033352373591235,6.0,788.0
GTEX-1I1CD-0011-R10b-SM-CJI3W.1,BRAIN,64.5,0.0007265011428685,7.297887778603801,5.8,594.0
GTEX-1I1CD-0011-R2a-SM-CM2T3.1,BRAIN,64.5,0.0002982271793019,6.515961901466033,5.7,594.0
GTEX-1I1CD-0011-R6b-SM-CJI3Y.1,BRAIN,64.5,0.0010846903696799,9.304403951993176,7.1,594.0
GTEX-1I1CD-0011-R7a-SM-CMKHA.1,BRAIN,64.5,0.0012990779288282,21.58683921293007,6.9,594.0
GTEX-1I1CD-0011-R8b-SM-CJI3X.1,BRAIN,64.5,0.0006926588463049,8.754308043960892,5.9,594.0
GTEX-1I1CD-0011-R9a-SM-CMKHB.1,BRAIN,64.5,0.0005158573064943,12.163399527953644,6.0,594.0
GTEX-1I1CD-0126-SM-CM2TK.1,SKIN,64.5,0.0024939365863178,34.48263837568758,8.0,680.0
GTEX-1I1CD-0626-SM-CE6SW.1,SKIN,64.5,0.0024884060903859,65.51550054044819,8.0,696.0
GTEX-1I1CD-1326-SM-A9SMM.1,HEART,64.5,0.0018866083212098,37.56289701031391,6.7,704.0
GTEX-1I1CD-2926-SM-A96SJ.1,BRAIN,64.5,0.001720792720331,13.72519388488818,7.5,728.0
GTEX-1I1CD-3026-SM-B2LY2.1,BRAIN,64.5,0.0013116896943766,13.79348051098392,6.9,729.0
GTEX-1I1GP-0008-SM-EXUT6.1,SKIN,54.5,0.0058031970269875,131.187480601791,9.9,1344.0
GTEX-1I1GP-0626-SM-ARL7H.1,HEART,54.5,0.0034804180200711,30.485761749422704,7.5,1307.0
GTEX-1I1GP-0826-SM-A96SD.1,HEART,54.5,0.0001483982622822,6.750091388471094,5.7,1311.0
GTEX-1I1GP-1326-SM-A9G28.1,SKIN,54.5,0.0021763487593497,31.16740747037713,7.4,1319.0
GTEX-1I1GP-2126-SM-CKZPJ.1,MUSCLE,54.5,0.0025597830555637,10.239518331416214,8.5,1341.0
GTEX-1I1GP-2226-SM-CGQFK.1,SKIN,54.5,0.0015567828513321,20.373901090540578,6.0,1343.0
GTEX-1I1GQ-0011-R11b-SM-CKZPA.1,BRAIN,54.5,0.0027263449863429,15.13893181590585,7.1,1015.0
GTEX-1I1GQ-0011-R1a-SM-CY8GG.1,BRAIN,54.5,0.0009212699194218,19.32672346680379,6.1,1015.0
GTEX-1I1GQ-0011-R5a-SM-CMKHJ.1,BRAIN,54.5,0.0009622030753778,11.836789631480602,6.6,1015.0
GTEX-1I1GQ-0011-R6b-SM-CE6SE.1,BRAIN,54.5,0.0007838487645561,12.360136186860167,6.5,1015.0
GTEX-1I1GQ-0011-R7a-SM-CJI41.1,BRAIN,54.5,0.0008784671542023,11.458072240953546,6.8,1015.0
GTEX-1I1GQ-0011-R8a-SM-C1YRS.1,BRAIN,54.5,0.0021565000554082,20.09036768036553,7.2,1015.0
GTEX-1I1GQ-0126-SM-COH3H.1,SKIN,54.5,0.0027523841731794,24.86778584585643,7.5,1068.0
GTEX-1I1GQ-0326-SM-A9SKS.1,MUSCLE,54.5,0.0029179382270437,10.115224051666546,8.7,1072.0
GTEX-1I1GQ-1226-SM-CL55J.1,HEART,54.5,0.0016082070790157,18.51104533486565,7.2,1108.0
GTEX-1I1GQ-1426-SM-B2LWY.1,HEART,54.5,0.001659577701173,14.429558031927876,6.3,1113.0
GTEX-1I1GQ-2926-SM-A8N83.1,BRAIN,54.5,0.001836552748356,15.676346120029596,7.5,1141.0
GTEX-1I1GQ-3026-SM-CL55K.1,BRAIN,54.5,0.0006219147435165,9.481173823430725,6.1,1143.0
GTEX-1I1GR-0011-R11a-SM-CM2T5.1,BRAIN,64.5,0.0033832580588112,13.370107250983802,7.4,615.0
GTEX-1I1GR-0011-R3a-SM-CM2T4.1,BRAIN,64.5,0.0012551664795232,9.641632829138691,5.9,615.0
GTEX-1I1GR-0011-R4a-SM-CMKHC.1,BRAIN,64.5,0.0006173718050568,9.200820578875735,6.3,615.0
GTEX-1I1GR-0011-R5a-SM-CMKHD.1,BRAIN,64.5,0.0008419507390479,11.07937486387309,6.4,615.0
GTEX-1I1GR-0011-R6a-SM-CMKHI.1,BRAIN,64.5,0.0010462702305382,10.669322318823246,6.2,615.0
GTEX-1I1GR-0126-SM-CL55F.1,SKIN,64.5,0.002666889038958,36.39407006137317,8.1,769.0
GTEX-1I1GR-0326-SM-CKZPI.1,MUSCLE,64.5,0.0029891679034382,7.95999159591267,7.8,774.0
GTEX-1I1GR-1026-SM-A9SLC.1,HEART,64.5,0.0006807020498206,13.870505101888272,6.6,857.0
GTEX-1I1GR-1526-SM-CNNQE.1,LIVER,64.5,0.0002826098541599,9.435476207376992,5.6,867.0
GTEX-1I1GR-2826-SM-A8N8F.1,BRAIN,64.5,0.002264230770287,14.982343269901849,7.4,900.0
GTEX-1I1GR-2926-SM-CNNQG.1,BRAIN,64.5,0.0009455989958506,10.40221413570656,6.9,903.0
GTEX-1I1GS-0011-R11a-SM-C1YRU.1,BRAIN,64.5,0.0046005069184755,19.089967828743397,7.1,686.0
GTEX-1I1GS-0011-R1a-SM-CJI43.1,BRAIN,64.5,0.0008312889308716,11.11830266614722,6.5,686.0
GTEX-1I1GS-0011-R2b-SM-CMKHG.1,BRAIN,64.5,0.0008424385044796,18.06084091875664,6.2,686.0
GTEX-1I1GS-0011-R3b-SM-CYPS7.1,BRAIN,64.5,0.0012471510468897,12.992525007048526,5.8,686.0
GTEX-1I1GS-0011-R5a-SM-CKZPC.1,BRAIN,64.5,0.0015516471673604,14.784224262606298,6.8,686.0
GTEX-1I1GS-0011-R6b-SM-CMKHE.1,BRAIN,64.5,0.0007090616888732,8.695138296934338,6.7,686.0
GTEX-1I1GS-0011-R7a-SM-CM2T6.1,BRAIN,64.5,0.0004203996780171,7.154805835990056,5.6,686.0
GTEX-1I1GS-0011-R8b-SM-CKZPE.1,BRAIN,64.5,0.0009303580631871,9.976747306994222,6.1,686.0
GTEX-1I1GS-0011-R9b-SM-CMKHF.1,BRAIN,64.5,0.00171778052876,25.4557776990483,6.3,686.0
GTEX-1I1GS-0126-SM-B2LVW.1,SKIN,64.5,0.0021283895590474,29.86318000731774,7.6,701.0
GTEX-1I1GS-0326-SM-ARL7X.1,MUSCLE,64.5,0.0033116965900515,8.692449155163715,8.1,707.0
GTEX-1I1GS-2626-SM-B2LY3.1,SKIN,64.5,0.002519422102999,32.747216337823765,7.6,813.0
GTEX-1I1GS-3026-SM-ACKW4.1,BRAIN,64.5,0.0013338051838575,22.612157430358,6.7,878.0
GTEX-1I1GT-0626-SM-CGQER.1,SKIN,64.5,0.002240494982477,20.997970399881407,7.0,474.0
GTEX-1I1GT-0726-SM-B2LWN.1,MUSCLE,64.5,0.0014885918434591,5.066315073295391,7.1,475.0
GTEX-1I1GT-1026-SM-ARZLV.1,SKIN,64.5,0.0015095854846788,20.581138135556483,7.5,506.0
GTEX-1I1GU-0008-SM-EXUT7.1,SKIN,44.5,0.0056425908649975,156.88499268443215,9.9,356.0
GTEX-1I1GU-0926-SM-ACKVS.1,SKIN,44.5,0.0016255268384457,37.92858658897291,7.6,251.0
GTEX-1I1GU-2126-SM-CGQF9.1,MUSCLE,44.5,0.0037799481559755,10.565729975424343,8.0,353.0
GTEX-1I1GU-2226-SM-CGQFA.1,SKIN,44.5,0.0022038277708215,36.443183156366565,7.5,356.0
GTEX-1I1GV-0011-R10a-SM-CE6S6.1,BRAIN,64.5,0.0010905972033483,11.50149164056091,6.8,855.0
GTEX-1I1GV-0011-R11a-SM-CJI3Z.1,BRAIN,64.5,0.0023505054872857,13.48028127844518,8.0,855.0
GTEX-1I1GV-0011-R1a-SM-CL559.1,BRAIN,64.5,0.000362176435608,9.25656621907234,5.9,855.0
GTEX-1I1GV-0011-R2a-SM-ARZLF.1,BRAIN,64.5,0.0007756826575195,19.181687598778577,6.0,855.0
GTEX-1I1GV-0011-R3a-SM-CL557.1,BRAIN,64.5,0.0005219652350925,8.411259643552714,5.8,855.0
GTEX-1I1GV-0011-R5b-SM-CKZPD.1,BRAIN,64.5,0.0004205061449547,9.27281680683475,6.0,855.0
GTEX-1I1GV-0011-R6b-SM-ARU6Q.1,BRAIN,64.5,0.0012957237170772,15.23811563843933,6.7,855.0
GTEX-1I1GV-0011-R7a-SM-ARU6R.1,BRAIN,64.5,0.000546303937111,15.484815224882375,6.4,855.0
GTEX-1I1GV-0011-R9b-SM-ARZLE.1,BRAIN,64.5,0.0002015675836066,4.792420858777588,5.6,855.0
GTEX-1I1GV-0126-SM-CL55G.1,MUSCLE,64.5,0.0056295195760006,7.175173281821709,7.7,1137.0
GTEX-1I1GV-0526-SM-A9G29.1,SKIN,64.5,0.0010846093925591,15.343713394531123,7.1,1142.0
GTEX-1I1GV-0626-SM-ARL7M.1,SKIN,64.5,0.0024494856571977,25.45714281970432,8.1,1187.0
GTEX-1I1GV-1026-SM-A8N8D.1,LIVER,64.5,0.0004700005609359,15.181761934928684,6.2,1196.0
GTEX-1I1GV-1326-SM-A96SE.1,HEART,64.5,0.0003750902347106,6.368940025767417,6.2,1201.0
GTEX-1I1GV-1426-SM-B2LXN.1,HEART,64.5,0.0013805395220079,17.08614304728506,6.5,1203.0
GTEX-1I1GV-3026-SM-CNNR9.1,BRAIN,64.5,0.0018095059274104,13.60562048597542,7.5,1341.0
GTEX-1I1GV-3126-SM-A96SF.1,BRAIN,64.5,0.0005842424604393,9.157147157509684,6.3,1344.0
GTEX-1I1HK-0011-R10b-SM-CJI3M.1,BRAIN,64.5,0.0014136804765543,12.15984050453599,6.4,964.0
GTEX-1I1HK-0011-R11a-SM-B2LVN.1,BRAIN,64.5,0.0014458720237379,9.648141748078087,6.7,964.0
GTEX-1I1HK-0011-R1b-SM-CM2T7.1,BRAIN,64.5,0.0005125657103403,8.798993602201485,5.8,964.0
GTEX-1I1HK-0011-R5b-SM-ARU6S.1,BRAIN,64.5,0.0003889568871065,11.678182986435743,6.3,964.0
GTEX-1I1HK-0011-R6b-SM-CM2T9.1,BRAIN,64.5,0.0005695576086933,9.722912803021094,5.9,964.0
GTEX-1I1HK-0011-R8b-SM-E8VN9.1,BRAIN,64.5,0.0005360376135132,7.498468552035153,6.2,964.0
GTEX-1I1HK-0011-R9a-SM-CMKHK.1,BRAIN,64.5,0.0009395722464072,18.795091667172247,6.0,964.0
GTEX-1I1HK-0126-SM-COH49.1,SKIN,64.5,0.0013491256029251,36.24836833878916,6.4,1004.0
GTEX-1I1HK-0326-SM-ACKW5.1,MUSCLE,64.5,0.0022175351586514,7.075338760944484,8.5,1008.0
GTEX-1I1HK-0626-SM-CNPQM.1,HEART,64.5,0.0013434701996617,23.413267158789683,6.7,1085.0
GTEX-1I1HK-0726-SM-B2LY4.1,HEART,64.5,0.0019329544387027,19.906514732942785,6.9,1087.0
GTEX-1I1HK-1126-SM-AHZ2L.1,LIVER,64.5,0.0004230022824506,14.74490572721716,5.9,1106.0
GTEX-1I1HK-2326-SM-CKZOH.1,SKIN,64.5,0.0014586050356013,29.4375811030618,6.8,1171.0
GTEX-1I1HK-2726-SM-AHZ2M.1,BRAIN,64.5,0.0012881207650215,10.416948740528571,6.7,1244.0
GTEX-1I1HK-2826-SM-CKZPL.1,BRAIN,64.5,0.0007857139665654,10.076032898445776,6.1,1246.0
GTEX-1I4MK-0126-SM-CY8G6.1,SKIN,54.5,0.0012814717075046,25.54836190140814,6.3,178.0
GTEX-1I4MK-2226-SM-ACKWD.1,SKIN,54.5,0.0016007929784224,23.450982777013422,8.1,358.0
GTEX-1I4MK-2326-SM-ADEHR.1,MUSCLE,54.5,0.0012309544119215,6.260165543624323,8.2,359.0
GTEX-1I6K6-0126-SM-A9SLE.1,SKIN,34.5,0.0018625323252306,24.738521027751997,7.9,404.0
GTEX-1I6K6-0326-SM-CJI4A.1,MUSCLE,34.5,0.003377736383321,8.697230480762846,8.4,414.0
GTEX-1I6K6-1726-SM-CGQFD.1,SKIN,34.5,0.002137799288743,27.974185115790004,7.7,469.0
GTEX-1I6K7-0326-SM-B2LXO.1,MUSCLE,44.5,0.0018746569726812,6.703670870704522,8.8,161.0
GTEX-1I6K7-0626-SM-ARL7Q.1,HEART,44.5,0.0022286079287343,25.949518689631617,9.4,179.0
GTEX-1I6K7-1926-SM-B2LXR.1,SKIN,44.5,0.0026350229054636,29.892005749928696,8.2,238.0
GTEX-1ICG6-0626-SM-ACKWS.1,HEART,74.5,0.0006686736562091,4.932902556365502,7.0,276.0
GTEX-1ICG6-0726-SM-B2LY5.1,HEART,74.5,0.0018176015474262,22.36786097165391,8.3,276.0
GTEX-1ICG6-1026-SM-B2LY6.1,LIVER,74.5,0.0016100895383846,31.291626714874862,8.3,282.0
GTEX-1ICG6-1226-SM-A9SLN.1,SKIN,74.5,0.0014672605249673,22.586038589404303,7.2,285.0
GTEX-1ICG6-2526-SM-CGQFZ.1,SKIN,74.5,0.0023389939460368,29.21151446662804,7.4,359.0
GTEX-1ICG6-2726-SM-CKZPN.1,MUSCLE,74.5,0.0023223094442315,4.696583694955046,7.7,363.0
GTEX-1ICLY-0126-SM-D4P36.1,SKIN,54.5,0.0018232481682853,23.34777431492994,7.0,472.0
GTEX-1ICLY-0326-SM-ARL7S.1,MUSCLE,54.5,0.0013772619962306,13.7334312554354,7.4,482.0
GTEX-1ICLY-0826-SM-CMKG1.1,SKIN,54.5,0.0024530912276261,33.01406447709482,7.5,528.0
GTEX-1ICLY-1326-SM-CJI47.1,HEART,54.5,0.0006394133276529,9.011005400040569,6.6,545.0
GTEX-1ICLY-1526-SM-C1YS4.1,LIVER,54.5,0.0009502440978597,22.19965929162868,6.0,557.0
GTEX-1ICLZ-0011-R10a-SM-A9SM2.1,BRAIN,64.5,0.0019539150051745,11.184171370191953,6.8,1170.0
GTEX-1ICLZ-0011-R11a-SM-CJI3N.1,BRAIN,64.5,0.0025956465354205,15.56272582898994,6.8,1170.0
GTEX-1ICLZ-0011-R1b-SM-A9SM3.1,BRAIN,64.5,0.0015238301814323,13.54649429854874,6.6,1170.0
GTEX-1ICLZ-0011-R4a-SM-CMKHL.1,BRAIN,64.5,0.0012494765772606,12.144476999037328,6.2,1170.0
GTEX-1ICLZ-0011-R6b-SM-A9G3A.1,BRAIN,64.5,0.0022957219576199,19.27400719827334,7.5,1170.0
GTEX-1ICLZ-0011-R7a-SM-ARZLU.1,BRAIN,64.5,0.0023652956760461,16.006010116569378,5.6,1170.0
GTEX-1ICLZ-0011-R8b-SM-ACKX4.1,BRAIN,64.5,0.0010620764644898,11.856270253083766,6.1,1170.0
GTEX-1ICLZ-0011-R9a-SM-ARL7E.1,BRAIN,64.5,0.0014187005795174,23.120477443811044,6.3,1170.0
GTEX-1ICLZ-0126-SM-CKZPO.1,SKIN,64.5,0.0021036217318704,108.4765701429186,7.7,1283.0
GTEX-1ICLZ-0326-SM-ARL82.1,SKIN,64.5,0.0017288677758576,31.55934810248582,7.4,1313.0
GTEX-1ICLZ-0626-SM-ARL83.1,MUSCLE,64.5,0.000843241121734,8.749663742022697,7.4,1322.0
GTEX-1ICLZ-1026-SM-A9SLF.1,HEART,64.5,0.000495334635374,11.132066393892709,6.1,1337.0
GTEX-1ICLZ-2726-SM-A8N8R.1,BRAIN,64.5,0.0015910200459686,13.871100063713378,6.5,1415.0
GTEX-1ICLZ-2826-SM-CL53U.1,BRAIN,64.5,0.0008787389914398,12.018021009842837,6.6,1417.0
GTEX-1IDFM-0126-SM-COH2V.1,SKIN,64.5,0.0027421478071604,27.849026917500872,7.3,775.0
GTEX-1IDFM-0326-SM-ARL7V.1,SKIN,64.5,0.0036593767105259,26.81513764367806,7.6,797.0
GTEX-1IDFM-1526-SM-ARL7U.1,MUSCLE,64.5,0.0042555326243685,11.562204996697426,7.9,821.0
GTEX-1IDFM-2826-SM-ACKWJ.1,BRAIN,64.5,0.00022569885229,6.3196303735055785,6.6,846.0
GTEX-1IDJC-1526-SM-B2LW4.1,SKIN,54.5,0.0022646038863164,30.995726476881185,7.8,455.0
GTEX-1IDJC-1726-SM-CMKG3.1,SKIN,54.5,0.0040108754631454,74.18406600157326,8.3,483.0
GTEX-1IDJC-2026-SM-ADEIK.1,MUSCLE,54.5,0.0014466000791118,6.785014014094831,7.9,475.0
GTEX-1IDJD-0226-SM-CKZOA.1,HEART,34.5,0.0015230454213565,23.50856071791521,9.1,227.0
GTEX-1IDJD-1326-SM-CM2TQ.1,MUSCLE,34.5,0.0028124337459452,8.537927701154254,7.6,454.0
GTEX-1IDJD-2326-SM-ACKWX.1,SKIN,34.5,0.0010492646955723,25.810365190314908,6.8,625.0
GTEX-1IDJE-0326-SM-CM2TD.1,HEART,54.5,0.0018650800965706,16.53534654246513,7.5,429.0
GTEX-1IDJE-1426-SM-ADEIW.1,SKIN,54.5,0.0015670430917771,32.32634974633674,7.8,486.0
GTEX-1IDJE-2426-SM-ACKWF.1,MUSCLE,54.5,0.0018718407244511,6.960491683948732,7.6,743.0
GTEX-1IDJF-0126-SM-CM2RS.1,SKIN,24.5,0.0017575437962991,22.980181173592637,8.3,302.0
GTEX-1IDJF-0326-SM-ADEIG.1,MUSCLE,24.5,0.0013624428931268,5.342323857364388,8.3,313.0
GTEX-1IDJF-0726-SM-CJI1U.1,HEART,24.5,0.0023307405909728,22.88000466248024,8.9,346.0
GTEX-1IDJF-0826-SM-ARU7N.1,HEART,24.5,0.0021462271259365,28.43530152237713,9.4,379.0
GTEX-1IDJF-2026-SM-CL53V.1,SKIN,24.5,0.0017087908868676,34.61688299795298,7.9,404.0
GTEX-1IDJH-0011-R10a-SM-ARZLK.1,BRAIN,74.5,0.0024850744321903,14.39086396386,7.1,760.0
GTEX-1IDJH-0011-R11b-SM-C1YRT.1,BRAIN,74.5,0.0041252795166562,14.704464897265847,6.6,760.0
GTEX-1IDJH-0011-R1b-SM-ARU6U.1,BRAIN,74.5,0.0013247372611848,16.25152488878837,6.1,760.0
GTEX-1IDJH-0011-R3a-SM-CJI42.1,BRAIN,74.5,0.0018850002398959,14.046792467291615,6.7,760.0
GTEX-1IDJH-0011-R5a-SM-CE6SR.1,BRAIN,74.5,0.0013184335556867,14.62262242642166,7.4,760.0
GTEX-1IDJH-0011-R6a-SM-A9SLZ.1,BRAIN,74.5,0.0019400257724588,15.998404734466313,7.3,760.0
GTEX-1IDJH-0011-R7a-SM-A9SM1.1,BRAIN,74.5,0.0019368754035112,14.10222351160082,7.0,760.0
GTEX-1IDJH-0011-R8b-SM-ARZLL.1,BRAIN,74.5,0.0011938678550042,17.16981793632997,5.9,760.0
GTEX-1IDJH-0011-R9a-SM-ADEIN.1,BRAIN,74.5,0.0023826740772466,34.479412291219234,7.7,760.0
GTEX-1IDJH-0126-SM-D3L92.1,SKIN,74.5,0.0020151959955994,32.42812634774206,7.4,774.0
GTEX-1IDJH-0226-SM-CYPSB.1,MUSCLE,74.5,0.002788102653467,7.718432650214686,8.7,783.0
GTEX-1IDJH-0326-SM-A9SLQ.1,SKIN,74.5,0.0019944489451414,21.416132863747,7.3,784.0
GTEX-1IDJH-1026-SM-E9TKH.1,HEART,74.5,6.61785000521294e-05,3.416183771743004,5.5,795.0
GTEX-1IDJH-1126-SM-COH3R.1,HEART,74.5,0.0021923777674011,20.63542687874524,7.4,797.0
GTEX-1IDJH-1526-SM-A8N96.1,LIVER,74.5,0.0002801206544934,8.785642570610142,6.0,809.0
GTEX-1IDJH-3026-SM-CL53B.1,BRAIN,74.5,0.0013966258697256,12.127940660908097,6.6,880.0
GTEX-1IDJH-3126-SM-C1YQS.1,BRAIN,74.5,0.0032298977813913,17.24814364193035,7.3,883.0
GTEX-1IDJI-0126-SM-CMKHS.1,SKIN,54.5,0.0017072003258839,32.99249943310354,5.8,367.0
GTEX-1IDJI-1026-SM-A96TE.1,HEART,54.5,0.0023830469132755,19.116868141681827,8.5,442.0
GTEX-1IDJU-0626-SM-CKZOG.1,HEART,64.5,0.0014156266772725,20.820895331221795,9.0,94.0
GTEX-1IDJU-0726-SM-CNPQ9.1,HEART,64.5,0.001648678420053,22.74682484791208,9.3,97.0
GTEX-1IDJU-1726-SM-CMKHU.1,SKIN,64.5,0.0014771156556418,20.17328002410307,7.2,134.0
GTEX-1IDJU-2426-SM-ARZM9.1,MUSCLE,64.5,0.001740824589335,4.9148580404685465,7.8,363.0
GTEX-1IDJU-2626-SM-CM2RT.1,SKIN,64.5,0.0023485074908999,22.98155068074532,8.3,367.0
GTEX-1IDJV-0126-SM-COH3Y.1,SKIN,64.5,0.0018848271591085,25.80674708308165,7.0,633.0
GTEX-1IDJV-0426-SM-COH3Z.1,MUSCLE,64.5,0.0017974906458839,7.232191291681524,7.7,647.0
GTEX-1IE54-0126-SM-CMKHW.1,SKIN,44.5,0.0019782004158112,34.05673511909228,7.1,387.0
GTEX-1IE54-0326-SM-ARZMD.1,MUSCLE,44.5,0.0021920422028268,11.251312828414871,8.8,393.0
GTEX-1IE54-1126-SM-A9G2Z.1,SKIN,44.5,0.0020086119021519,27.433124438840395,8.1,491.0
GTEX-1IGQW-0011-R11a-SM-C1YRV.1,BRAIN,64.5,0.0021712136511022,14.265798273981815,5.6,1165.0
GTEX-1IGQW-0011-R2b-SM-D4P26.1,BRAIN,64.5,0.0005718106156684,9.863923265124235,6.0,1165.0
GTEX-1IGQW-0011-R5b-SM-CJI44.1,BRAIN,64.5,0.0005181504442644,12.820309549078958,6.3,1165.0
GTEX-1IGQW-0011-R6a-SM-CM2TC.1,BRAIN,64.5,0.0004811767915379,5.713589207246844,5.7,1165.0
GTEX-1IGQW-0011-R9b-SM-D4P25.1,BRAIN,64.5,0.0005406914326143,10.119210928289844,6.7,1165.0
GTEX-1IGQW-0126-SM-COH42.1,SKIN,64.5,0.0028599909827209,29.46375522016276,7.7,1305.0
GTEX-1IGQW-0526-SM-CKZO3.1,MUSCLE,64.5,0.0033143248718645,14.535465431509026,7.1,1311.0
GTEX-1IGQW-2726-SM-A8N9K.1,BRAIN,64.5,0.0014865514956748,14.150743440906162,6.5,1387.0
GTEX-1IKJJ-0011-R2b-SM-ARZLJ.1,BRAIN,64.5,0.000841400610886,19.15081161878628,6.0,1046.0
GTEX-1IKJJ-0011-R3b-SM-C1YRW.1,BRAIN,64.5,0.0017616372974085,14.421795672899204,6.3,1046.0
GTEX-1IKJJ-0011-R5b-SM-CE6SL.1,BRAIN,64.5,0.0011864477111146,15.49048358808835,7.5,1046.0
GTEX-1IKJJ-0011-R7a-SM-ARZLH.1,BRAIN,64.5,0.0012967212996108,16.722570783403437,7.4,1046.0
GTEX-1IKJJ-0011-R9a-SM-ARZLI.1,BRAIN,64.5,0.0011751409793186,23.82915515172915,6.7,1046.0
GTEX-1IKJJ-0126-SM-CNPQB.1,SKIN,64.5,0.0026004696977434,24.233682109574264,8.1,1209.0
GTEX-1IKJJ-0326-SM-CL55L.1,MUSCLE,64.5,0.0029143079354496,10.116864996378771,8.4,1216.0
GTEX-1IKJJ-0626-SM-CY8GF.1,HEART,64.5,0.0026008996539156,43.78110292672994,7.1,1282.0
GTEX-1IKJJ-0826-SM-A96SP.1,HEART,64.5,0.0001010939727153,4.640240469968552,6.2,1286.0
GTEX-1IKJJ-1526-SM-C1YSC.1,LIVER,64.5,0.0009189634754238,19.02043567718489,6.9,1311.0
GTEX-1IKJJ-2226-SM-CJI4C.1,SKIN,64.5,0.002187895272083,24.85308726037425,7.4,1356.0
GTEX-1IKJJ-2926-SM-A9G2N.1,BRAIN,64.5,0.0004739846984756,6.737645661534565,5.7,1431.0
GTEX-1IKK5-0011-R10b-SM-CE6SP.1,BRAIN,64.5,0.0011287450307376,11.3253711827059,5.8,437.0
GTEX-1IKK5-0011-R11a-SM-C1YRX.1,BRAIN,64.5,0.0033414704299749,13.852924863814035,6.9,437.0
GTEX-1IKK5-0011-R1b-SM-CE6SQ.1,BRAIN,64.5,0.000628051656324,10.925062763126144,6.2,437.0
GTEX-1IKK5-0011-R3b-SM-C1YRY.1,BRAIN,64.5,0.0009550224233543,8.071800092201428,5.9,437.0
GTEX-1IKK5-0011-R5b-SM-CL55B.1,BRAIN,64.5,0.0013860691884558,18.65287289577519,7.2,437.0
GTEX-1IKK5-0011-R6b-SM-A9SLY.1,BRAIN,64.5,0.0015006417250352,14.488351174163256,6.8,437.0
GTEX-1IKK5-0011-R7b-SM-A9G39.1,BRAIN,64.5,0.0010309951529058,13.472788147325431,6.8,437.0
GTEX-1IKK5-0011-R8b-SM-CJI45.1,BRAIN,64.5,0.0016211469750543,17.24562940273867,7.4,437.0
GTEX-1IKK5-0326-SM-C1YPY.1,LIVER,64.5,0.00128873711928,30.07939870164219,6.3,650.0
GTEX-1IKK5-0426-SM-CL53X.1,MUSCLE,64.5,0.0029589725290147,10.418191655776116,8.8,654.0
GTEX-1IKK5-0626-SM-ARL8A.1,SKIN,64.5,0.001227626341854,16.7351104075666,7.6,658.0
GTEX-1IKK5-1526-SM-CKZPW.1,HEART,64.5,0.002653704326518,17.750120417555834,7.0,678.0
GTEX-1IKK5-1726-SM-CM2RU.1,HEART,64.5,0.0021089366503559,32.767719938895496,8.3,682.0
GTEX-1IKK5-2926-SM-ARU7Q.1,BRAIN,64.5,0.001480285889611,11.612800885706063,6.9,734.0
GTEX-1IKOE-0626-SM-A9G31.1,HEART,34.5,0.0017498450623665,18.171617862719703,9.0,485.0
GTEX-1IKOE-1026-SM-ARZMF.1,HEART,34.5,0.0025227388984953,15.326120483532112,8.4,498.0
GTEX-1IKOE-1426-SM-CE6T7.1,SKIN,34.5,0.0014307424964873,29.41156142072523,8.3,506.0
GTEX-1IKOH-0011-R11a-SM-AHZ38.1,BRAIN,64.5,0.0009313855116425,7.555242170246955,6.5,1083.0
GTEX-1IKOH-0011-R2a-SM-CMKHO.1,BRAIN,64.5,0.0013430492465593,7.623252222792559,5.7,1083.0
GTEX-1IKOH-0011-R5a-SM-ARU8C.1,BRAIN,64.5,0.0004152891146124,9.950693573195649,6.8,1083.0
GTEX-1IKOH-0011-R6b-SM-A9G1W.1,BRAIN,64.5,0.0002221119890141,5.438096951368868,6.3,1083.0
GTEX-1IKOH-0011-R7b-SM-CKZPH.1,BRAIN,64.5,0.0001406296136189,2.889517317635782,6.0,1083.0
GTEX-1IKOH-0011-R8a-SM-A9SKG.1,BRAIN,64.5,0.0003579124515041,7.082416732686892,6.5,1083.0
GTEX-1IKOH-0126-SM-COH4D.1,MUSCLE,64.5,0.0038741731491994,8.922183741375344,8.3,1287.0
GTEX-1IKOH-0226-SM-COH4E.1,SKIN,64.5,0.0021824183092687,27.76638033904588,7.8,1287.0
GTEX-1IKOH-0926-SM-A9SLU.1,HEART,64.5,0.0007653369137157,29.90107791516166,6.4,1313.0
GTEX-1IKOH-2826-SM-CNNRC.1,BRAIN,64.5,0.0008522678279048,7.252846678013325,6.2,1409.0
GTEX-1IL2U-0011-R11a-SM-CE6SO.1,BRAIN,64.5,0.0013855541767801,14.94089758533936,6.0,397.0
GTEX-1IL2U-0011-R2a-SM-ARU6V.1,BRAIN,64.5,0.0002483582297824,5.810006871535767,5.7,397.0
GTEX-1IL2U-0011-R5a-SM-CE6SN.1,BRAIN,64.5,0.0001988416334824,4.258899261020582,6.4,397.0
GTEX-1IL2U-0011-R6a-SM-ARZLG.1,BRAIN,64.5,0.0003967953911905,8.764827738433254,6.3,397.0
GTEX-1IL2U-0226-SM-CE6T8.1,SKIN,64.5,0.0021377352609449,23.866768765666592,8.0,494.0
GTEX-1IL2U-0726-SM-EAZ2Y.1,MUSCLE,64.5,0.0043514592411829,13.351519619007922,7.5,510.0
GTEX-1IL2U-1226-SM-CL53P.1,HEART,64.5,0.0019113404573878,36.88439708488886,7.5,559.0
GTEX-1IL2U-1326-SM-A9G2O.1,HEART,64.5,0.0007423111447207,8.242053161483057,6.3,560.0
GTEX-1IL2U-2926-SM-A8N8V.1,BRAIN,64.5,0.0011544644818672,15.796079634757586,6.7,599.0
GTEX-1IL2U-3026-SM-C1YSH.1,BRAIN,64.5,0.001057337688982,12.42828732024722,7.3,602.0
GTEX-1IL2V-0011-R10a-SM-CL55A.1,BRAIN,74.5,0.0003973366562711,5.162503771611815,5.8,827.0
GTEX-1IL2V-0011-R11a-SM-ARU6T.1,BRAIN,74.5,0.001840421274331,12.980357002252603,6.8,827.0
GTEX-1IL2V-0011-R5a-SM-ARL78.1,BRAIN,74.5,0.0004397092541608,14.66045953862651,5.9,827.0
GTEX-1IL2V-0126-SM-CM2TX.1,SKIN,74.5,0.0019378136190292,20.68301865590425,5.9,975.0
GTEX-1IL2V-0526-SM-ARL8B.1,MUSCLE,74.5,0.0036734638639052,11.165623526053512,8.0,986.0
GTEX-1IL2V-1126-SM-CMKGH.1,HEART,74.5,0.0003223848783981,25.323005394667398,6.5,1052.0
GTEX-1IL2V-1926-SM-B2LW8.1,SKIN,74.5,0.0018141181535397,26.16170013387587,5.7,1077.0
GTEX-1IL2V-3026-SM-CYPSA.1,BRAIN,74.5,0.0012788345368556,11.968949145972422,6.0,1156.0
GTEX-1IOXB-0011-R10a-SM-D3L8I.1,BRAIN,54.5,0.0017038810074035,12.629472226718551,7.8,611.0
GTEX-1IOXB-0011-R11a-SM-A9G1X.1,BRAIN,54.5,0.0003558419736898,3.75062135287814,6.2,611.0
GTEX-1IOXB-0011-R1a-SM-D4P27.1,BRAIN,54.5,0.00166445142917,12.476577048351215,6.3,611.0
GTEX-1IOXB-0011-R7b-SM-CE6SM.1,BRAIN,54.5,0.0006405668277657,12.63042735686873,5.9,611.0
GTEX-1IOXB-0126-SM-ARL8G.1,SKIN,54.5,0.0015935475387134,20.29250218857796,8.0,766.0
GTEX-1IOXB-0326-SM-CL55M.1,MUSCLE,54.5,0.003142843267084,5.203920039714469,7.6,778.0
GTEX-1IOXB-0726-SM-A9G32.1,HEART,54.5,0.000228057368403,13.491563492292512,6.5,879.0
GTEX-1IOXB-2726-SM-CM2RI.1,SKIN,54.5,0.001983644088242,27.02958955418581,6.9,986.0
GTEX-1IOXB-3126-SM-CKZO1.1,BRAIN,54.5,0.0003453650246866,8.007597736212498,5.6,1097.0
GTEX-1IY9M-0011-R11b-SM-A96TI.1,BRAIN,64.5,0.0030882298613495,15.658012824153104,7.1,1019.0
GTEX-1IY9M-0011-R1a-SM-EXURZ.1,BRAIN,64.5,0.001602450202961,20.87998575597835,6.6,1019.0
GTEX-1IY9M-0011-R2a-SM-D4P29.1,BRAIN,64.5,0.0020814451531866,20.30801879777716,6.9,1019.0
GTEX-1IY9M-0011-R4a-SM-C1YQ2.1,BRAIN,64.5,0.0022886881566134,18.421101445387738,6.3,1019.0
GTEX-1IY9M-0011-R5a-SM-A9SLX.1,BRAIN,64.5,0.0015511666636633,18.338301375884345,7.6,1019.0
GTEX-1IY9M-0011-R6a-SM-D4P28.1,BRAIN,64.5,0.0018339325801423,15.793390232788996,6.8,1019.0
GTEX-1IY9M-0011-R7a-SM-D4P49.1,BRAIN,64.5,0.0015647753259524,13.3179906667953,6.8,1019.0
GTEX-1IY9M-0011-R8a-SM-EYYWW.1,BRAIN,64.5,0.0022090773175954,23.412104296110865,6.1,1019.0
GTEX-1IY9M-0011-R9b-SM-D3L8J.1,BRAIN,64.5,0.0051211717975046,41.72441359579365,7.6,1019.0
GTEX-1IY9M-0126-SM-D3L8S.1,SKIN,64.5,0.0021122708231589,42.64092979467954,8.4,1117.0
GTEX-1IY9M-0326-SM-ARZMN.1,MUSCLE,64.5,0.0027678640275802,8.308597179638685,8.5,1129.0
GTEX-1IY9M-0626-SM-D4P2L.1,HEART,64.5,0.0020955611426369,18.257221095402286,7.0,1166.0
GTEX-1IY9M-2826-SM-ARU8H.1,SKIN,64.5,0.0016136662731562,32.317739413063606,7.9,1297.0
GTEX-1IY9M-3026-SM-A9G37.1,BRAIN,64.5,0.0010237036974691,11.637889003418683,7.4,1341.0
GTEX-1IY9M-3126-SM-AHZ3A.1,BRAIN,64.5,0.002006737249883,13.688070283262224,8.1,1342.0
GTEX-1J1OQ-0011-R10a-SM-A9G1Y.1,BRAIN,44.5,0.0014778882822693,17.52082925711703,6.6,1210.0
GTEX-1J1OQ-0011-R11a-SM-A96S3.1,BRAIN,44.5,0.0021286116164725,15.845736047778905,7.3,1210.0
GTEX-1J1OQ-0011-R1a-SM-A9G1Z.1,BRAIN,44.5,0.0006013951543584,9.995766983893182,5.9,1210.0
GTEX-1J1OQ-0011-R2b-SM-ARU88.1,BRAIN,44.5,0.000349895022149,10.334958453345564,6.2,1210.0
GTEX-1J1OQ-0011-R3b-SM-D4P2B.1,BRAIN,44.5,0.0015356452237932,15.07949774705521,7.0,1210.0
GTEX-1J1OQ-0011-R4a-SM-D4P2A.1,BRAIN,44.5,0.0010479198956637,20.76685178301041,6.9,1210.0
GTEX-1J1OQ-0011-R5a-SM-D3L8K.1,BRAIN,44.5,0.0019627095793585,15.74061462747037,7.9,1210.0
GTEX-1J1OQ-0011-R6a-SM-ARU86.1,BRAIN,44.5,0.0007869736237735,8.588564872501196,7.3,1210.0
GTEX-1J1OQ-0011-R7b-SM-ARU87.1,BRAIN,44.5,0.0012837488471838,17.64607926388658,7.9,1210.0
GTEX-1J1OQ-0011-R8a-SM-ACKVE.1,BRAIN,44.5,0.0008351836966232,11.907710167835008,6.4,1210.0
GTEX-1J1OQ-0011-R9b-SM-ARZMK.1,BRAIN,44.5,0.0010890831907572,36.357119496810185,7.4,1210.0
GTEX-1J1OQ-0126-SM-D4P2N.1,SKIN,44.5,0.0014590579890363,16.30129681013949,5.9,1238.0
GTEX-1J1OQ-0226-SM-CYPSH.1,SKIN,44.5,0.0015464216058885,18.375642075267283,6.4,1239.0
GTEX-1J1OQ-0426-SM-A9SLI.1,MUSCLE,44.5,0.0032907466009124,14.975915690856402,7.9,1240.0
GTEX-1J1OQ-0826-SM-CXZJG.1,LIVER,44.5,0.0009188397996359,25.96725295841993,5.6,1252.0
GTEX-1J1OQ-2226-SM-A96SS.1,HEART,44.5,0.0016197856433342,21.38550211964609,7.2,1304.0
GTEX-1J1OQ-3126-SM-D4P2O.1,BRAIN,44.5,0.0027835473721373,17.50644532165491,7.0,1371.0
GTEX-1J1OQ-3226-SM-A9G2Q.1,BRAIN,44.5,0.0012269341049216,12.217989295584546,6.8,1373.0
GTEX-1J1R8-1726-SM-ARL8M.1,SKIN,44.5,0.0013637299289923,21.580681144443524,7.7,415.0
GTEX-1J1R8-2026-SM-CL53Y.1,SKIN,44.5,0.000958024419579,16.79294747394204,6.1,418.0
GTEX-1J1R8-2326-SM-CKZPS.1,MUSCLE,44.5,0.0015287789079502,4.405706256661169,7.9,428.0
GTEX-1J8EW-0011-R11a-SM-AHZ37.1,BRAIN,64.5,0.0012984752517049,10.018410856177548,7.6,1044.0
GTEX-1J8EW-0011-R3a-SM-ARU8A.1,BRAIN,64.5,0.0002312345508283,5.117166039197086,5.6,1044.0
GTEX-1J8EW-0011-R4b-SM-ARU89.1,BRAIN,64.5,0.000254145990879,7.108669857132514,5.6,1044.0
GTEX-1J8EW-0011-R5b-SM-ARU8B.1,BRAIN,64.5,0.0002033874349878,6.4569918672455975,6.0,1044.0
GTEX-1J8EW-0011-R9b-SM-D4P2F.1,BRAIN,64.5,0.0006869007684308,12.513504611292367,7.2,1044.0
GTEX-1J8EW-0126-SM-CJI4F.1,SKIN,64.5,0.0020271044797259,32.76337210597921,6.9,1081.0
GTEX-1J8EW-0326-SM-CYPSX.1,MUSCLE,64.5,0.0024427841073831,18.170125764866714,7.7,1087.0
GTEX-1J8EW-0626-SM-CM2TY.1,HEART,64.5,0.0018163408366995,18.46483229875401,6.6,1107.0
GTEX-1J8EW-0926-SM-A9G33.1,HEART,64.5,0.0034809272220483,20.392590872232443,7.7,1120.0
GTEX-1J8EW-1626-SM-C1YQ8.1,LIVER,64.5,0.0005054947976215,13.078636856666982,6.1,1136.0
GTEX-1J8EW-2726-SM-CY8HR.1,SKIN,64.5,0.0016132095135377,21.285023719152235,7.0,1189.0
GTEX-1J8EW-2926-SM-A8N9A.1,BRAIN,64.5,0.0008482363833261,10.540134335740383,6.3,1227.0
GTEX-1J8JJ-0011-R5a-SM-D4P2G.1,BRAIN,64.5,0.0001285022792648,2.790501699192256,5.8,1033.0
GTEX-1J8JJ-0011-R9a-SM-ACKVF.1,BRAIN,64.5,0.0015041975369856,21.058574665178966,6.3,1033.0
GTEX-1J8JJ-0126-SM-D3L93.1,MUSCLE,64.5,0.0036735090743602,9.99828486599467,7.9,1236.0
GTEX-1J8JJ-0226-SM-CL53I.1,SKIN,64.5,0.002202969287006,33.80221478090411,8.4,1237.0
GTEX-1J8JJ-0626-SM-ARZMQ.1,SKIN,64.5,0.0030419455493989,47.4305755233617,7.3,1243.0
GTEX-1J8Q2-0011-R10b-SM-D4P2C.1,BRAIN,64.5,0.0022372415666649,11.23672615939033,6.5,911.0
GTEX-1J8Q2-0011-R11a-SM-A9SKI.1,BRAIN,64.5,0.0003776604834279,4.327530590706928,6.1,911.0
GTEX-1J8Q2-0011-R1a-SM-D4P2D.1,BRAIN,64.5,0.0002819417024778,5.081837600155253,6.0,911.0
GTEX-1J8Q2-0011-R2b-SM-EAZ2X.1,BRAIN,64.5,0.0008050161826899,12.802430674389129,6.5,911.0
GTEX-1J8Q2-0011-R3b-SM-ACKVG.1,BRAIN,64.5,0.0008791612434994,9.132173463539722,6.7,911.0
GTEX-1J8Q2-0011-R4a-SM-ADEHA.1,BRAIN,64.5,0.0005335760676569,8.048001280927881,6.0,911.0
GTEX-1J8Q2-0011-R5b-SM-A9SKH.1,BRAIN,64.5,0.000947641019365,12.936166128248692,7.2,911.0
GTEX-1J8Q2-0011-R6a-SM-CKZPG.1,BRAIN,64.5,0.0012761216454315,8.871799481237328,6.0,911.0
GTEX-1J8Q2-0011-R7a-SM-CKZPF.1,BRAIN,64.5,0.0007211011773759,7.330657146926012,6.0,911.0
GTEX-1J8Q2-0011-R8b-SM-D4P2E.1,BRAIN,64.5,0.0010526069543186,10.868589079912129,7.0,911.0
GTEX-1J8Q2-0126-SM-E9J2G.1,MUSCLE,64.5,0.0049478375993188,15.855105484287046,8.8,1087.0
GTEX-1J8Q2-0526-SM-CM2RW.1,SKIN,64.5,0.0024180285661894,24.68165188031448,7.3,1099.0
GTEX-1J8Q2-1026-SM-ARU8I.1,HEART,64.5,0.0019969660273376,20.23147410499896,6.3,1135.0
GTEX-1J8Q2-1226-SM-A9G2W.1,HEART,64.5,0.0004324782280261,5.689911415984538,5.9,1152.0
GTEX-1J8Q2-2626-SM-ACKWQ.1,SKIN,64.5,0.0016523717664284,20.13544820637973,6.4,1237.0
GTEX-1J8Q2-3026-SM-CKZN8.1,BRAIN,64.5,0.0011716544900367,12.504602313260476,6.5,1281.0
GTEX-1J8Q3-0526-SM-ARL8U.1,SKIN,64.5,0.0020670071253096,34.48382100362176,5.7,117.0
GTEX-1J8Q3-1126-SM-ARU8N.1,HEART,64.5,0.0015737560778189,25.250895964768063,8.7,138.0
GTEX-1J8Q3-1226-SM-CKZPT.1,HEART,64.5,0.0019736732860664,21.102626010539684,8.6,138.0
GTEX-1J8Q3-1426-SM-CKZPU.1,MUSCLE,64.5,0.0031725918465739,8.5279846545782,8.5,143.0
GTEX-1J8Q3-1626-SM-CMKGC.1,SKIN,64.5,0.0016633557480891,23.9222367503326,7.1,149.0
GTEX-1J8QM-0326-SM-CL53D.1,HEART,64.5,0.0030285493922316,26.91917665941117,8.9,181.0
GTEX-1J8QM-0426-SM-AHZ3X.1,HEART,64.5,0.003096269908125,33.17908869212757,7.2,194.0
GTEX-1J8QM-2126-SM-CYPSJ.1,SKIN,64.5,0.0036171684220043,23.504228864745677,7.2,299.0
GTEX-1J8QM-2226-SM-CYPSK.1,MUSCLE,64.5,0.0033700226186251,8.229676856304101,8.0,309.0
GTEX-1J8QM-2426-SM-A9SLS.1,SKIN,64.5,0.0025025823479668,26.58481805892289,8.0,316.0
GTEX-1JJ6O-0011-R11b-SM-EXUS2.1,BRAIN,64.5,0.0017425405202839,13.517900683590476,7.1,640.0
GTEX-1JJ6O-0011-R7b-SM-EXUTB.1,BRAIN,64.5,0.0009297186653455,17.793589282281694,7.3,640.0
GTEX-1JJ6O-0011-R9a-SM-EYYXP.1,BRAIN,64.5,0.0013827896358382,31.419563599036323,7.7,640.0
GTEX-1JJ6O-0126-SM-E6CI8.1,SKIN,64.5,0.0018644247170549,18.70318559560793,7.7,946.0
GTEX-1JJ6O-0826-SM-CXZJL.1,LIVER,64.5,0.0009956447588081,20.13916366118761,5.7,963.0
GTEX-1JJ6O-0926-SM-CYPT1.1,MUSCLE,64.5,0.002830758317542,8.85285217323848,8.6,964.0
GTEX-1JJ6O-2126-SM-CNNP6.1,HEART,64.5,0.0007870747322221,8.80478376887349,5.6,995.0
GTEX-1JJ6O-2226-SM-AHZ3I.1,HEART,64.5,0.002347810600991,45.41265409592535,6.6,996.0
GTEX-1JJ6O-2726-SM-CNPOG.1,SKIN,64.5,0.0016273319838197,24.396239016727865,6.8,1014.0
GTEX-1JJ6O-3026-SM-C1YQH.1,BRAIN,64.5,0.0014067728663893,15.66101398079276,7.2,1051.0
GTEX-1JJ6O-3126-SM-CNNP8.1,BRAIN,64.5,0.0012203726280284,15.346852058498245,6.9,1050.0
GTEX-1JJE9-0326-SM-CL53Z.1,SKIN,74.5,0.0022149877752868,24.46598277960059,7.5,1084.0
GTEX-1JJE9-1426-SM-ARL8P.1,HEART,74.5,0.0008268523281049,30.28461773282333,6.4,1113.0
GTEX-1JJE9-2626-SM-ARZMT.1,SKIN,74.5,0.0016337464378139,20.42233720933633,7.2,1153.0
GTEX-1JJE9-2926-SM-CY8HV.1,BRAIN,74.5,0.0002299573396363,6.85736682298545,6.1,1185.0
GTEX-1JJE9-3026-SM-CNNPA.1,BRAIN,74.5,0.0005060733955511,8.902510016667874,5.8,1188.0
GTEX-1JJEA-0011-R11a-SM-EXUTE.1,BRAIN,64.5,0.0015911708405116,12.31849411539956,7.8,937.0
GTEX-1JJEA-0011-R3b-SM-EXUTD.1,BRAIN,64.5,0.0014511703415922,15.2496467345405,6.5,937.0
GTEX-1JJEA-0011-R4a-SM-EXUTC.1,BRAIN,64.5,0.0001630488607597,2.9067179892387207,5.7,937.0
GTEX-1JJEA-0011-R6a-SM-EXUS1.1,BRAIN,64.5,0.000536526916733,8.406941792622266,6.2,937.0
GTEX-1JJEA-0126-SM-D3L8A.1,MUSCLE,64.5,0.0030973368722699,7.231459163324479,7.7,1107.0
GTEX-1JJEA-0326-SM-CNPOT.1,SKIN,64.5,0.0025867759385219,29.823766297327943,8.3,1110.0
GTEX-1JJEA-0826-SM-CL53T.1,HEART,64.5,0.0014095829216872,10.385259242719858,6.8,1122.0
GTEX-1JJEA-0926-SM-CYPSO.1,HEART,64.5,0.0016082945523209,25.27550292129725,6.7,1123.0
GTEX-1JJEA-1526-SM-CNNPK.1,LIVER,64.5,0.0007852473634913,16.038573381709394,6.5,1133.0
GTEX-1JJEA-1826-SM-ARU8P.1,SKIN,64.5,0.001493266939696,21.939116647893638,6.5,1139.0
GTEX-1JJEA-2826-SM-ARU8R.1,BRAIN,64.5,0.0006928177877356,9.603478516842186,5.9,1224.0
GTEX-1JJEA-2926-SM-C1YSK.1,BRAIN,64.5,0.0019744831269545,14.578451547909912,7.5,1225.0
GTEX-1JK1U-0226-SM-ARZMX.1,SKIN,64.5,0.0013438959696752,20.180364733930176,7.8,130.0
GTEX-1JK1U-0526-SM-CYPSQ.1,HEART,64.5,0.0017928143614442,11.770551651757849,8.3,158.0
GTEX-1JK1U-0626-SM-CKZOJ.1,HEART,64.5,0.0012734600080132,14.94484921925549,8.7,168.0
GTEX-1JK1U-2026-SM-CM2RZ.1,SKIN,64.5,0.0024515352693756,27.74617412218105,8.7,281.0
GTEX-1JK1U-2226-SM-CNNPL.1,MUSCLE,64.5,0.0021769226661863,5.840371175932933,8.7,293.0
GTEX-1JKYN-0826-SM-ARU8S.1,SKIN,34.5,0.000976072629665,21.202322800284733,6.3,143.0
GTEX-1JKYN-1326-SM-CGQG9.1,SKIN,34.5,0.0021064519790159,29.80054004598832,8.6,183.0
GTEX-1JKYN-1826-SM-ARZMZ.1,MUSCLE,34.5,0.0013337060737805,3.8888101298058415,6.9,188.0
GTEX-1JKYR-0126-SM-CNPOJ.1,SKIN,24.5,0.0012823924290393,16.692083630873906,6.8,409.0
GTEX-1JKYR-0326-SM-CNPOL.1,MUSCLE,24.5,0.002184626994368,7.216526786639959,8.6,414.0
GTEX-1JKYR-0626-SM-ARL8R.1,SKIN,24.5,0.0027214782965681,30.60531896556201,8.4,421.0
GTEX-1JMLX-0011-R6b-SM-EXUT9.1,BRAIN,54.5,0.0021604047035874,17.892583311981575,8.3,1113.0
GTEX-1JMLX-0011-R9a-SM-EYYXM.1,BRAIN,54.5,0.0012554904117382,26.926469430336024,7.9,1113.0
GTEX-1JMLX-0226-SM-CM2RO.1,SKIN,54.5,0.0014757117468551,14.27459355513578,7.3,1276.0
GTEX-1JMLX-0326-SM-CM2RP.1,MUSCLE,54.5,0.0041137206347179,9.630546727502985,8.3,1277.0
GTEX-1JMLX-0626-SM-ARL8T.1,SKIN,54.5,0.0013957804798994,21.144319376450262,7.3,1281.0
GTEX-1JMLX-1326-SM-CXZJO.1,LIVER,54.5,0.0010440215756002,21.50292280474825,7.0,1330.0
GTEX-1JMLX-1626-SM-ARZMV.1,HEART,54.5,0.0016956315078205,20.93034998798777,7.2,1333.0
GTEX-1JMLX-1826-SM-CNPOX.1,HEART,54.5,0.0016397338704183,23.836114115227936,6.3,1334.0
GTEX-1JMLX-2926-SM-CL54C.1,BRAIN,54.5,0.0009995075922998,11.768905846111968,6.3,1387.0
GTEX-1JMLX-3026-SM-EV79Q.1,BRAIN,54.5,0.0018696055415535,13.444737671921782,7.1,1389.0
GTEX-1JMOU-0011-R11b-SM-EXUTA.1,BRAIN,64.5,0.0010277015155773,10.573675744953992,7.3,1300.0
GTEX-1JMOU-0011-R3a-SM-EYYXN.1,BRAIN,64.5,0.0013062504512522,18.469565495244836,6.8,1300.0
GTEX-1JMOU-0226-SM-CNNPD.1,HEART,64.5,0.0001300492754184,4.703759003151359,5.8,1321.0
GTEX-1JMOU-0326-SM-ARL8X.1,HEART,64.5,0.0004244318485817,16.977403079800464,6.2,1324.0
GTEX-1JMOU-1026-SM-CYPSS.1,SKIN,64.5,0.0019099175014421,45.40135198056641,6.4,1350.0
GTEX-1JMOU-1526-SM-CL54I.1,SKIN,64.5,0.0027310006662394,35.80391959494679,7.9,1370.0
GTEX-1JMOU-2726-SM-CY8IO.1,BRAIN,64.5,0.0010226738096447,14.107616315147416,6.6,1420.0
GTEX-1JMOU-2826-SM-EV79R.1,BRAIN,64.5,0.0012960785677097,12.748336773729289,7.0,1422.0
GTEX-1JMPY-0226-SM-CKZOK.1,SKIN,34.5,0.0007911797934503,13.13935341636884,7.0,159.0
GTEX-1JMPY-1226-SM-CJI3A.1,MUSCLE,34.5,0.0017797575305291,7.317306167920447,8.3,378.0
GTEX-1JMPY-1326-SM-ARL8Y.1,SKIN,34.5,0.0012102435658211,18.72340721265937,7.3,384.0
GTEX-1JMPZ-0011-R3a-SM-EYYWX.1,BRAIN,34.5,0.0033221052688968,18.28852232550767,5.5,475.0
GTEX-1JMPZ-0011-R5b-SM-EYYWY.1,BRAIN,34.5,0.0024758709398114,18.12412839817493,6.0,475.0
GTEX-1JMPZ-0126-SM-CNPOZ.1,MUSCLE,34.5,0.0040720242992299,14.026119166259424,7.9,737.0
GTEX-1JMPZ-0226-SM-CNPP1.1,SKIN,34.5,0.0022372589046464,19.300497914552057,7.5,740.0
GTEX-1JMPZ-0726-SM-CY8HZ.1,SKIN,34.5,0.0029083902329871,25.77812045373092,7.9,748.0
GTEX-1JMPZ-1426-SM-CJI3C.1,HEART,34.5,0.0019116514826352,16.958310008722147,5.7,766.0
GTEX-1JMPZ-2726-SM-ARZNF.1,BRAIN,34.5,0.0019134559388371,15.399002228849652,6.8,830.0
GTEX-1JMPZ-2826-SM-C1YRA.1,BRAIN,34.5,0.0040589541998445,18.70314403147017,8.3,834.0
GTEX-1JMQI-1726-SM-ARL93.1,SKIN,54.5,0.0013737165042183,23.48023096180882,6.8,597.0
GTEX-1JMQI-2126-SM-CM2SC.1,MUSCLE,54.5,0.0028281412902553,9.17042249932428,8.3,698.0
GTEX-1JMQI-2226-SM-CM2SD.1,SKIN,54.5,0.0021771211176071,23.840386068956715,7.9,702.0
GTEX-1JMQJ-0011-R11a-SM-EXOJY.1,BRAIN,54.5,0.0046037056355367,14.747645836722054,8.5,725.0
GTEX-1JMQJ-0011-R4b-SM-EXUT8.1,BRAIN,54.5,0.0031086959999323,12.60950944713956,6.7,725.0
GTEX-1JMQJ-0011-R5a-SM-EYYXO.1,BRAIN,54.5,0.001462534497412,13.458303674493669,7.4,725.0
GTEX-1JMQJ-0126-SM-E6CI2.1,MUSCLE,54.5,0.0043996084755218,16.555585855225225,8.1,851.0
GTEX-1JMQJ-0526-SM-CYPSU.1,SKIN,54.5,0.0025973262800384,26.357199290252503,8.1,862.0
GTEX-1JMQJ-0826-SM-CNPP7.1,SKIN,54.5,0.0017953783066004,20.451305769103183,6.7,917.0
GTEX-1JMQJ-3026-SM-D5OVS.1,BRAIN,54.5,0.0009376065925291,16.01827341440739,6.3,981.0
GTEX-1JMQJ-3126-SM-EV79G.1,BRAIN,54.5,0.0021062850661131,12.413818724895537,6.6,983.0
GTEX-1JMQK-0011-R2a-SM-EYYXQ.1,BRAIN,64.5,0.0023690704286561,40.1168430627045,7.5,683.0
GTEX-1JMQK-0011-R7b-SM-EXUTF.1,BRAIN,64.5,0.0007870027183238,14.723929326070431,7.8,683.0
GTEX-1JMQK-0226-SM-CL543.1,SKIN,64.5,0.0023314590697844,58.30089361907782,8.0,934.0
GTEX-1JMQK-0326-SM-ARZN5.1,MUSCLE,64.5,0.0039942427823008,9.82171318779884,8.2,936.0
GTEX-1JMQK-0626-SM-D4P2R.1,HEART,64.5,0.0026852015706428,21.69405201002055,6.7,940.0
GTEX-1JMQK-0926-SM-ARL96.1,HEART,64.5,0.0013586483976764,33.23040475320829,6.3,946.0
GTEX-1JMQK-1226-SM-D4P2S.1,SKIN,64.5,0.0019054017687934,23.69611206441795,7.1,951.0
GTEX-1JMQK-2926-SM-D4P2T.1,BRAIN,64.5,0.0016254431878433,12.677427390831475,7.0,1024.0
GTEX-1JMQK-3026-SM-ARL95.1,BRAIN,64.5,0.0007778998969146,12.845674418421584,6.3,1025.0
GTEX-1JMQL-0126-SM-CY8HN.1,MUSCLE,54.5,0.0037757135753145,20.25480016654621,7.3,874.0
GTEX-1JMQL-0226-SM-CNPP5.1,SKIN,54.5,0.0020803348443389,17.31240443413463,6.5,876.0
GTEX-1JMQL-1026-SM-CMKGV.1,HEART,54.5,0.0020994832574586,39.422922865565525,6.6,928.0
GTEX-1JMQL-2226-SM-CNPP4.1,SKIN,54.5,0.0023200308223055,60.88439515455958,7.3,951.0
GTEX-1JMQL-2826-SM-ARU91.1,BRAIN,54.5,0.0009548505756014,17.422790461276474,6.0,995.0
GTEX-1JMQL-2926-SM-CXZJI.1,BRAIN,54.5,0.0006804488485618,13.1857805829348,5.6,996.0
GTEX-1JN1M-0011-R9a-SM-EZ6MR.1,BRAIN,64.5,0.0029181580625392,34.18474601910308,5.8,519.0
GTEX-1JN1M-0326-SM-CYPT3.1,SKIN,64.5,0.0018008782092912,26.49769628555088,7.0,581.0
GTEX-1JN1M-0526-SM-CJI3D.1,MUSCLE,64.5,0.003416786471865,11.201004518102344,6.9,584.0
GTEX-1JN1M-1026-SM-CNPOS.1,HEART,64.5,0.0004138004541009,9.467451178873516,5.7,622.0
GTEX-1JN1M-2726-SM-CY8I4.1,SKIN,64.5,0.0036946593270371,31.866260133063196,8.4,711.0
GTEX-1JN1M-3126-SM-AHZ4E.1,BRAIN,64.5,0.0016534394710129,16.430992383408352,7.1,790.0
GTEX-1JN6P-0011-R4a-SM-EZ6MS.1,BRAIN,64.5,0.0002620139411523,6.4026392156402245,5.8,885.0
GTEX-1JN6P-0126-SM-D3L98.1,SKIN,64.5,0.0019335944330962,23.05584222856707,8.1,869.0
GTEX-1JN6P-0526-SM-COH33.1,MUSCLE,64.5,0.0032629844484063,8.649646524868343,8.8,887.0
GTEX-1JN6P-0826-SM-ARL97.1,HEART,64.5,0.0016432384060921,36.14901910678821,6.9,959.0
GTEX-1JN6P-1126-SM-CKZON.1,HEART,64.5,6.516948960107154e-05,1.5788094583373178,5.7,975.0
GTEX-1JN6P-2926-SM-CL54D.1,SKIN,64.5,0.0013686588421542,22.582082103715425,6.9,1054.0
GTEX-1JN76-0126-SM-CNPPE.1,SKIN,24.5,0.0023298299718145,21.851457705492297,8.5,123.0
GTEX-1JN76-0326-SM-ARZNJ.1,MUSCLE,24.5,0.0021710778538894,5.8549644264187926,8.6,128.0
GTEX-1JN76-0626-SM-CKZOQ.1,SKIN,24.5,0.0021426002483217,23.002515900965346,8.8,137.0
GTEX-1K2DA-1026-SM-CGQGF.1,SKIN,54.5,0.0006890074483475,13.6352191241479,5.8,159.0
GTEX-1K2DA-1826-SM-CGQGT.1,SKIN,54.5,0.0020418803433886,18.902189001113943,8.5,199.0
GTEX-1K2DA-2226-SM-CGQGM.1,MUSCLE,54.5,0.0018297956557371,4.434850473916415,8.5,220.0
GTEX-1K2DU-0226-SM-DIPF6.1,HEART,24.5,0.0015698580144344,23.507921373958894,7.5,408.0
GTEX-1K2DU-1226-SM-CYPT4.1,SKIN,24.5,0.0023193274376835,25.814464589481208,7.4,481.0
GTEX-1K2DU-2326-SM-E9TIV.1,SKIN,24.5,0.0031739600213064,20.71883081662428,7.9,560.0
GTEX-1K2DU-2526-SM-D3L8V.1,MUSCLE,24.5,0.0020184711613146,7.543152149924367,8.0,574.0
GTEX-1K9T9-0126-SM-EVYCF.1,SKIN,54.5,0.0020836452530721,29.814294671595576,6.9,440.0
GTEX-1K9T9-0326-SM-EWRNQ.1,MUSCLE,54.5,0.0032329958026205,6.737418133359626,7.0,442.0
GTEX-1K9T9-0726-SM-CXZJZ.1,LIVER,54.5,0.0010402789945356,29.61283162209783,7.6,484.0
GTEX-1K9T9-1126-SM-D3L9E.1,HEART,54.5,0.0013520588623143,27.450713703111496,7.5,492.0
GTEX-1K9T9-1226-SM-EVR4R.1,HEART,54.5,0.0042733147476767,59.51922233405936,7.8,494.0
GTEX-1K9T9-1526-SM-DIPFR.1,SKIN,54.5,0.0015691898735973,23.468274052507034,7.0,500.0
GTEX-1KAFJ-0126-SM-DIPEK.1,SKIN,54.5,0.0015757427624964,19.614230991058616,6.6,475.0
GTEX-1KAFJ-0726-SM-CXZKF.1,LIVER,54.5,0.0010161910302395,22.123089660928684,6.4,545.0
GTEX-1KAFJ-2026-SM-CY8ID.1,SKIN,54.5,0.0019384841347913,23.23981210415082,7.5,614.0
GTEX-1KAFJ-2326-SM-D3L8Z.1,MUSCLE,54.5,0.0022938380978537,6.496190360027061,8.3,625.0
GTEX-1KANA-0726-SM-D3L9I.1,SKIN,24.5,0.0018550507542477,18.36040606262397,7.8,127.0
GTEX-1KANA-0926-SM-D3L9K.1,MUSCLE,24.5,0.0018401038851462,4.688006985357643,8.0,130.0
GTEX-1KANA-1326-SM-DIPFA.1,SKIN,24.5,0.0015519582977766,22.347694108916567,7.9,135.0
GTEX-1KANB-0011-R9b-SM-EZ6MO.1,BRAIN,54.5,0.0011834942957638,19.10458450527157,5.9,541.0
GTEX-1KANB-0126-SM-E6CJT.1,MUSCLE,54.5,0.0036134132869,19.611092578700816,7.4,746.0
GTEX-1KANB-0526-SM-E6CJH.1,SKIN,54.5,0.0022338343463004,22.61589729488973,7.3,755.0
GTEX-1KANB-1126-SM-DHXJT.1,HEART,54.5,0.0025945298868237,16.073734675823143,6.7,764.0
GTEX-1KANB-2226-SM-DHXJW.1,LIVER,54.5,0.0009277047068475,13.650413776049474,6.7,808.0
GTEX-1KANB-2826-SM-CY8I6.1,SKIN,54.5,0.0029869043117714,21.171914189877903,7.8,833.0
GTEX-1KANB-3226-SM-D4P3G.1,BRAIN,54.5,0.0004142164926365,4.868281173438982,6.3,892.0
GTEX-1KANC-0226-SM-E9TIW.1,HEART,54.5,0.0011484869120964,10.868997910388066,8.0,209.0
GTEX-1KANC-0426-SM-CXZK5.1,HEART,54.5,0.0020707822981913,11.260653061351125,8.5,212.0
GTEX-1KANC-1226-SM-CYPT7.1,SKIN,54.5,0.002065433285064,25.71501052366834,7.3,230.0
GTEX-1KANC-1526-SM-D3LAB.1,SKIN,54.5,0.0020976866741768,17.574144357708786,8.2,323.0
GTEX-1KANC-1626-SM-E6CIA.1,MUSCLE,54.5,0.0026712154608268,6.574689062523636,8.4,328.0
GTEX-1KD4Q-0011-R11b-SM-EXOIE.1,BRAIN,44.5,0.0031111922198617,14.233710119383128,7.6,706.0
GTEX-1KD4Q-0011-R3b-SM-EXOID.1,BRAIN,44.5,0.0007350653218136,10.643592294251595,5.8,706.0
GTEX-1KD4Q-0226-SM-E9TJ9.1,SKIN,44.5,0.0031304527306411,26.096444967636724,8.2,818.0
GTEX-1KD4Q-0326-SM-E9TJA.1,MUSCLE,44.5,0.0045973494754804,13.283317513600736,8.2,829.0
GTEX-1KD4Q-0726-SM-DIPGE.1,HEART,44.5,9.451887399295715e-05,2.6467869049955577,6.0,933.0
GTEX-1KD4Q-1526-SM-D4P3L.1,LIVER,44.5,0.0002635243010697,9.692317434825531,5.7,963.0
GTEX-1KD4Q-2926-SM-D3L9N.1,BRAIN,44.5,0.0012285870985048,11.83680448953891,7.3,1149.0
GTEX-1KD4Q-3026-SM-EV7A7.1,BRAIN,44.5,0.0011121911209834,11.827583779043737,6.5,1152.0
GTEX-1KD5A-0126-SM-E9U54.1,SKIN,54.5,0.0027769369675695,29.74443117332774,7.8,531.0
GTEX-1KD5A-0226-SM-D5OV3.1,SKIN,54.5,0.0032989535815169,34.756319988606435,8.3,537.0
GTEX-1KD5A-0726-SM-DIPEO.1,MUSCLE,54.5,0.0035891439481197,6.857014223938399,8.1,550.0
GTEX-1KD5A-0926-SM-D4P3U.1,HEART,54.5,0.0002952442620465,9.83582519900484,6.4,559.0
GTEX-1KD5A-1026-SM-CY8I8.1,HEART,54.5,0.0030817439290878,19.705273680126,7.3,563.0
GTEX-1KD5A-1226-SM-CXZK7.1,LIVER,54.5,0.0020024895064739,21.919757841285087,6.7,571.0
GTEX-1KWVE-0326-SM-EV7AF.1,LIVER,34.5,0.0006347582608888,10.475889084257291,6.4,1342.0
GTEX-1KWVE-0926-SM-CXZKP.1,MUSCLE,34.5,0.0045013023135646,10.794827662210707,8.1,1349.0
GTEX-1KWVE-1026-SM-D3L9O.1,SKIN,34.5,0.0022733175413618,29.484440918503942,7.8,1349.0
GTEX-1KWVE-1426-SM-E9TJO.1,SKIN,34.5,0.0021512239196281,21.25002205383853,7.1,1355.0
GTEX-1KWVE-2226-SM-CXZKN.1,BRAIN,34.5,0.0018551909279925,14.43847941476444,6.8,1373.0
GTEX-1KWVE-2326-SM-D4P3N.1,BRAIN,34.5,0.0012566735025032,9.573253664264168,6.6,1375.0
GTEX-1KXAM-1326-SM-E9TJW.1,HEART,64.5,0.0020024399316027,17.036869009650633,8.8,149.0
GTEX-1KXAM-1426-SM-D3LAC.1,HEART,64.5,0.0015977034464035,16.379866157165495,8.8,152.0
GTEX-1KXAM-1626-SM-D3LAD.1,SKIN,64.5,0.0017780980427158,31.041755327141274,7.3,159.0
GTEX-1KXAM-2226-SM-CYPTC.1,SKIN,64.5,0.0018725800365782,20.099568280441552,7.3,194.0
GTEX-1KXAM-2426-SM-DIPFC.1,MUSCLE,64.5,0.001926017290976,6.159082348487728,9.2,199.0
GTEX-1L5NE-0426-SM-E9TIX.1,HEART,54.5,0.0018468542827024,14.27193257175137,8.7,95.0
GTEX-1L5NE-0526-SM-DIPG5.1,HEART,54.5,0.0017581367254176,23.10635635693591,8.5,98.0
GTEX-1L5NE-1126-SM-D3L9P.1,SKIN,54.5,0.0013167513535365,27.715317315827814,7.5,110.0
GTEX-1L5NE-2226-SM-CXZKS.1,MUSCLE,54.5,0.001934331450951,6.0433642764728,8.5,145.0
GTEX-1L5NE-2526-SM-E6CIE.1,SKIN,54.5,0.0026211529829818,20.41286018363821,7.1,150.0
GTEX-1LB8K-0011-R1b-SM-EZ6MV.1,BRAIN,54.5,0.0012030996817565,19.994508019216592,7.1,651.0
GTEX-1LB8K-0011-R2a-SM-EZ6MQ.1,BRAIN,54.5,0.001004467080145,12.881586247795257,5.9,651.0
GTEX-1LB8K-0011-R6a-SM-EXURT.1,BRAIN,54.5,0.0002737489312078,6.198340710781988,5.6,651.0
GTEX-1LB8K-0011-R9a-SM-EZ6MP.1,BRAIN,54.5,0.0008043468735397,14.414809852255972,6.9,651.0
GTEX-1LB8K-0126-SM-EVYCN.1,MUSCLE,54.5,0.0031353546702911,8.104593353510328,8.0,812.0
GTEX-1LB8K-0226-SM-EWRNW.1,SKIN,54.5,0.0026959457485999,21.331751387041784,7.8,812.0
GTEX-1LB8K-0726-SM-D5OV2.1,SKIN,54.5,0.0023053521832721,23.472063538544816,8.1,819.0
GTEX-1LB8K-0926-SM-D4P42.1,HEART,54.5,0.0044329398917126,48.33127200779623,7.0,824.0
GTEX-1LB8K-1026-SM-DHXJJ.1,HEART,54.5,0.0005230439159666,6.395490900147414,5.8,825.0
GTEX-1LB8K-3126-SM-E9U57.1,BRAIN,54.5,0.0011648601767648,18.047402314639744,5.8,912.0
GTEX-1LBAC-0126-SM-DIPEZ.1,SKIN,24.5,0.002878224737425,23.883366486804334,7.8,324.0
GTEX-1LBAC-0326-SM-DIPF1.1,MUSCLE,24.5,0.0030808992910049,6.1570114885456455,8.3,332.0
GTEX-1LBAC-0826-SM-CY8IJ.1,SKIN,24.5,0.0010333430364221,22.11036807982112,7.0,344.0
GTEX-1LC47-0011-R10b-SM-EYYWE.1,BRAIN,64.5,0.0005976155040996,12.73529543262778,6.3,577.0
GTEX-1LC47-0011-R6b-SM-EZ6MI.1,BRAIN,64.5,0.0004839043430377,8.713378243267531,6.3,577.0
GTEX-1LC47-0326-SM-E9TJP.1,SKIN,64.5,0.0037637690208643,37.10429911248902,8.0,596.0
GTEX-1LC47-0626-SM-DIPFE.1,MUSCLE,64.5,0.0030575451736413,13.040191173805256,8.7,610.0
GTEX-1LC47-1026-SM-D3LAH.1,HEART,64.5,0.002070004452283,33.77154503960355,7.5,624.0
GTEX-1LC47-2926-SM-CXZKC.1,BRAIN,64.5,0.0005878631524699,11.158310157074892,6.0,773.0
GTEX-1LG7Y-0011-R11a-SM-EXOIH.1,BRAIN,54.5,0.0047241586736788,15.544846260483418,8.1,899.0
GTEX-1LG7Y-0011-R1a-SM-EYYWV.1,BRAIN,54.5,0.0007433688794113,9.048411836297344,5.8,899.0
GTEX-1LG7Y-0011-R5a-SM-EZ6MU.1,BRAIN,54.5,0.0016532336628564,15.69928952400972,7.4,899.0
GTEX-1LG7Y-0126-SM-E6CJ8.1,MUSCLE,54.5,0.002703438111775,8.007817270806065,8.3,1078.0
GTEX-1LG7Y-0526-SM-DKPQC.1,SKIN,54.5,0.0022962990992684,27.066691237789467,7.0,1080.0
GTEX-1LG7Y-1226-SM-CXZKD.1,HEART,54.5,0.0002116673102171,8.048231086356523,5.9,1093.0
GTEX-1LG7Y-1426-SM-D4P31.1,HEART,54.5,0.0012702540493549,23.93204134104099,6.8,1095.0
GTEX-1LG7Y-2526-SM-EWRO7.1,SKIN,54.5,0.0017165435195572,25.42930484600133,6.9,1126.0
GTEX-1LG7Y-3026-SM-D5OVI.1,BRAIN,54.5,0.0015309455627524,10.746321596585808,6.8,1176.0
GTEX-1LG7Y-3126-SM-EV7AS.1,BRAIN,54.5,0.0028931268207654,13.812867291375532,7.1,1178.0
GTEX-1LG7Z-1626-SM-CXKYR.1,SKIN,34.5,0.0010083554270098,20.068767359707135,5.7,227.0
GTEX-1LG7Z-1726-SM-D3LA4.1,SKIN,34.5,0.0018288164755609,17.33166702108881,7.4,231.0
GTEX-1LG7Z-2126-SM-CXKYU.1,MUSCLE,34.5,0.00230067982173,12.427143231163775,8.1,243.0
GTEX-1LGOU-0326-SM-D3LAM.1,HEART,24.5,0.0016647545757227,18.17385226892328,9.0,104.0
GTEX-1LGOU-0726-SM-E9TIY.1,HEART,24.5,0.0025317166858822,19.664062908214053,8.9,154.0
GTEX-1LGOU-1326-SM-D3L8M.1,SKIN,24.5,0.0012628404033862,20.35117214632344,8.1,188.0
GTEX-1LGOU-2026-SM-DIPFF.1,SKIN,24.5,0.0025327267763809,19.312340158517426,8.1,225.0
GTEX-1LGOU-2126-SM-DIPFG.1,MUSCLE,24.5,0.0027215702610122,6.474469989432016,8.2,231.0
GTEX-1LGRB-0626-SM-CNNQH.1,LIVER,54.5,0.0018813571719237,28.946838000739973,9.6,158.0
GTEX-1LGRB-0926-SM-COH3K.1,SKIN,54.5,0.0017216844793084,21.93904941896393,7.7,200.0
GTEX-1LGRB-1026-SM-CNPQD.1,HEART,54.5,0.0013991214267546,22.02995637221941,8.7,199.0
GTEX-1LGRB-1126-SM-CNPP2.1,HEART,54.5,0.0017983626548786,17.019885807488464,8.5,206.0
GTEX-1LGRB-2526-SM-CNPPQ.1,SKIN,54.5,0.0019432956208997,19.732468167819142,8.0,381.0
GTEX-1LGRB-2626-SM-CNPPR.1,MUSCLE,54.5,0.0022536067694189,9.880705021227987,8.4,399.0
GTEX-1LH75-0011-R2b-SM-EYYWQ.1,BRAIN,54.5,0.0023455747051687,26.330200344547272,6.9,995.0
GTEX-1LH75-0011-R6a-SM-EXURS.1,BRAIN,54.5,0.002515173525041,24.38396182417777,7.0,995.0
GTEX-1LH75-0011-R7a-SM-EXOIF.1,BRAIN,54.5,0.0019619754913852,18.20205359591057,7.4,995.0
GTEX-1LH75-0426-SM-E9TJF.1,HEART,54.5,0.0046317889702349,25.303345900932303,7.4,1029.0
GTEX-1LH75-0526-SM-DIPG2.1,HEART,54.5,0.0018834492672117,31.05425468633898,7.2,1033.0
GTEX-1LH75-0926-SM-EAZ5C.1,LIVER,54.5,0.002168488927985,20.638219868060503,7.0,1056.0
GTEX-1LH75-2426-SM-E9TJE.1,SKIN,54.5,0.002205423635028,24.878801827843,6.7,1118.0
GTEX-1LH75-2626-SM-E9TKL.1,MUSCLE,54.5,0.003122271393312,9.828420106478324,7.8,1120.0
GTEX-1LKK1-0011-R11a-SM-EXOIG.1,BRAIN,54.5,0.0003141534997619,5.403840408556278,5.6,660.0
GTEX-1LKK1-2626-SM-DKPQE.1,SKIN,54.5,0.0014364315873878,17.612076052188186,6.1,973.0
GTEX-1LKK1-3126-SM-EWRNY.1,BRAIN,54.5,0.0013620314340147,14.546504866586046,5.8,1046.0
GTEX-1LNCM-1126-SM-E9U5E.1,SKIN,54.5,0.0020918403460287,36.78179779832762,6.9,512.0
GTEX-1LNCM-1226-SM-E9U5C.1,MUSCLE,54.5,0.0029523941761083,5.562118187144436,7.0,515.0
GTEX-1LSNL-0011-R2a-SM-EZ6MK.1,BRAIN,54.5,0.0008003005760865,13.527252255076233,6.6,1143.0
GTEX-1LSNL-0011-R7a-SM-EYYWI.1,BRAIN,54.5,0.0008446507229869,12.789639903266082,5.7,1143.0
GTEX-1LSNL-0011-R9b-SM-EYYWK.1,BRAIN,54.5,0.0013671427583961,21.81225594209137,6.7,1143.0
GTEX-1LSNL-0126-SM-EWRNR.1,MUSCLE,54.5,0.0034076459790401,6.6282281467165145,8.1,1278.0
GTEX-1LSNL-0226-SM-EVYCG.1,SKIN,54.5,0.0019201940292607,19.14369930955844,7.5,1278.0
GTEX-1LSNL-0626-SM-DIPFJ.1,HEART,54.5,0.000279366175695,29.303420090282888,6.1,1290.0
GTEX-1LSNL-2726-SM-E9TKJ.1,SKIN,54.5,0.0023023358021585,33.91298720346807,7.8,1398.0
GTEX-1LSNM-0426-SM-E9TIZ.1,HEART,54.5,0.0015787304066981,18.376619515528485,8.6,219.0
GTEX-1LSNM-0526-SM-DIPG6.1,HEART,54.5,0.0018053816320267,13.986028923219108,8.3,222.0
GTEX-1LSNM-0826-SM-DIPG8.1,SKIN,54.5,0.0006622080681238,12.06821048549064,6.0,230.0
GTEX-1LSNM-1926-SM-E6CII.1,SKIN,54.5,0.0014838323333984,18.189807054350094,7.8,371.0
GTEX-1LSNM-2326-SM-EWRO8.1,MUSCLE,54.5,0.0024814337507846,5.996134929164879,8.2,380.0
GTEX-1LSVX-0011-R11b-SM-EXOIA.1,BRAIN,64.5,0.0023999709598717,11.866482150769288,7.7,560.0
GTEX-1LSVX-0011-R4b-SM-EXURP.1,BRAIN,64.5,0.0012113836392379,17.601193479333396,6.4,560.0
GTEX-1LSVX-2526-SM-DIPEU.1,SKIN,64.5,0.0023678078712025,26.82168914372427,7.7,806.0
GTEX-1LSVX-2826-SM-EVR58.1,BRAIN,64.5,0.0025237531348941,12.423332908743886,5.8,870.0
GTEX-1LVA9-0011-R2a-SM-EZ6MJ.1,BRAIN,54.5,0.0010103595179765,11.164504671311375,6.2,1142.0
GTEX-1LVA9-0011-R6a-SM-EYYWH.1,BRAIN,54.5,0.000850921915022,9.655895202163052,5.8,1142.0
GTEX-1LVA9-0011-R7a-SM-EYYWG.1,BRAIN,54.5,0.0002929844800508,7.027139150663763,5.7,1142.0
GTEX-1LVA9-0011-R9a-SM-EYYWF.1,BRAIN,54.5,0.0009560302105764,14.377005409268255,6.5,1142.0
GTEX-1LVA9-0326-SM-DLHBU.1,MUSCLE,54.5,0.004563592477973,7.665477589322662,9.1,1212.0
GTEX-1LVA9-0926-SM-EVR5G.1,HEART,54.5,0.0001790174697215,4.272039190617452,5.7,1278.0
GTEX-1LVA9-2626-SM-EVYD4.1,SKIN,54.5,0.0021281491857556,26.499052019782017,7.1,1394.0
GTEX-1LVA9-3026-SM-E9U5M.1,BRAIN,54.5,0.0006933349291634,9.99287262083265,5.9,1436.0
GTEX-1LVAM-0326-SM-DIPFL.1,MUSCLE,54.5,0.0026988685677388,4.885781104957995,8.6,380.0
GTEX-1LVAM-0726-SM-E6CIL.1,SKIN,54.5,0.001472648276661,22.16148685096389,7.3,387.0
GTEX-1LVAN-0226-SM-COH3S.1,SKIN,54.5,0.001390313758901,20.528547047853703,7.8,329.0
GTEX-1LVAN-0526-SM-CNNQ1.1,MUSCLE,54.5,0.0017544590897022,4.987110913503137,8.2,358.0
GTEX-1LVAN-0626-SM-CNPOQ.1,SKIN,54.5,0.0006058313343028,14.080265408209538,5.6,376.0
GTEX-1LVAN-1526-SM-CNPQN.1,HEART,54.5,0.0013210237234999,17.756526420052346,7.4,448.0
GTEX-1LVAN-1726-SM-CNNR1.1,HEART,54.5,0.0018750980627962,13.658452886688266,7.4,456.0
GTEX-1LVAO-0011-R11b-SM-EXOI8.1,BRAIN,64.5,0.0015488715772836,11.067929825551037,7.7,884.0
GTEX-1LVAO-0011-R2a-SM-EYYX1.1,BRAIN,64.5,0.0009790002072442,27.35345461444909,6.4,884.0
GTEX-1LVAO-0011-R3a-SM-EXOI7.1,BRAIN,64.5,0.001527487489157,18.600413128512866,5.9,884.0
GTEX-1LVAO-0011-R4a-SM-EXURO.1,BRAIN,64.5,0.0012725829104623,14.331312257218666,6.0,884.0
GTEX-1LVAO-0011-R6b-SM-EZ6MX.1,BRAIN,64.5,0.002500691549193,13.976171239070764,7.0,884.0
GTEX-1LVAO-0011-R7a-SM-EYYWZ.1,BRAIN,64.5,0.0014834592906321,14.749875497659442,7.4,884.0
GTEX-1LVAO-0011-R9a-SM-EZ6MY.1,BRAIN,64.5,0.0006960598382341,10.515076387585228,6.6,884.0
GTEX-1LVAO-0526-SM-EWRNS.1,MUSCLE,64.5,0.001120479405526,22.39344392796372,5.9,986.0
GTEX-1LVAO-0626-SM-EWRNT.1,HEART,64.5,0.0015362426798463,29.274060442641236,5.9,1019.0
GTEX-1LVAO-2726-SM-E9TJ8.1,SKIN,64.5,0.0023273646927878,31.596855703052565,6.3,1111.0
GTEX-1M4P7-0011-R11b-SM-EXOIK.1,BRAIN,64.5,0.0011515196518436,8.329253894765918,6.5,922.0
GTEX-1M4P7-0011-R3a-SM-EYYX2.1,BRAIN,64.5,0.0001566833643848,2.521798134765907,5.8,922.0
GTEX-1M4P7-0126-SM-DKPQF.1,MUSCLE,64.5,0.0063170043453191,13.102718542510686,7.3,1058.0
GTEX-1M4P7-0226-SM-DIPEV.1,SKIN,64.5,0.0032884943642304,42.785369799324776,6.9,1059.0
GTEX-1M4P7-0726-SM-E6CJ3.1,SKIN,64.5,0.0021714048790037,29.232852648570343,7.6,1065.0
GTEX-1M4P7-2726-SM-E9TJQ.1,BRAIN,64.5,0.0004857412729522,7.135724910190811,6.0,1180.0
GTEX-1M5QR-1026-SM-DHXK9.1,HEART,44.5,0.0013778869139387,12.954380902634272,6.0,454.0
GTEX-1M5QR-1226-SM-EWROB.1,SKIN,44.5,0.0015057771660757,17.295520124446345,7.0,459.0
GTEX-1M5QR-1326-SM-EWROC.1,MUSCLE,44.5,0.0034630592744623,6.9717758861576895,7.9,462.0
GTEX-1M5QR-1626-SM-E9U5O.1,HEART,44.5,0.000498705140782,28.462466537676303,6.5,472.0
GTEX-1MA7W-1826-SM-DIPFP.1,MUSCLE,24.5,0.0022373373212002,7.221320523723272,7.8,231.0
GTEX-1MA7W-2026-SM-E9TJ6.1,SKIN,24.5,0.0028495562523535,19.91113761563968,8.5,241.0
GTEX-1MA7X-0011-R2b-SM-EZ6MT.1,BRAIN,64.5,0.0010328332351851,11.768370370165616,6.5,844.0
GTEX-1MA7X-0011-R6a-SM-EYYWR.1,BRAIN,64.5,0.0011448131201405,11.63818460886598,7.1,844.0
GTEX-1MA7X-0011-R7b-SM-EYYWS.1,BRAIN,64.5,0.0003006707089271,6.908219959684817,5.9,844.0
GTEX-1MA7X-2226-SM-E6CIY.1,SKIN,64.5,0.0022327586501464,43.10495908707034,7.8,976.0
GTEX-1MCC2-0226-SM-EVYD5.1,HEART,34.5,0.0020896990697027,22.39219966700018,8.1,151.0
GTEX-1MCC2-0326-SM-EV7AK.1,HEART,34.5,0.0019323382133512,15.1143371598106,8.9,161.0
GTEX-1MCC2-1826-SM-DIPEX.1,SKIN,34.5,0.0019535310741318,23.48966030945507,7.1,241.0
GTEX-1MCC2-2726-SM-EWRN3.1,MUSCLE,34.5,0.0037481251765884,7.862087712549222,8.6,386.0
GTEX-1MCQQ-0011-R3a-SM-EXURW.1,BRAIN,64.5,0.0008254833001327,8.824040506142152,6.1,1184.0
GTEX-1MCQQ-0626-SM-E9U5Q.1,MUSCLE,64.5,0.0033068470080298,10.958844604396347,8.4,1275.0
GTEX-1MCQQ-0826-SM-DLHC2.1,SKIN,64.5,0.0023554324988546,22.90073100160257,7.4,1283.0
GTEX-1MCQQ-2526-SM-E9TJZ.1,BRAIN,64.5,0.0008225654087199,14.328297017555442,5.6,1390.0
GTEX-1MCYP-0526-SM-E9U6Q.1,SKIN,24.5,0.0006856670752083,15.02124257103078,7.4,102.0
GTEX-1MCYP-1926-SM-E9J2R.1,SKIN,24.5,0.0008786710950596,18.48253209290873,6.0,212.0
GTEX-1MCYP-2026-SM-DTXE4.1,MUSCLE,24.5,0.0020946428213625,7.793476927083883,7.9,216.0
GTEX-1MGNQ-0126-SM-EVYCJ.1,SKIN,44.5,0.0013460187759354,20.29713583628156,6.7,237.0
GTEX-1MJIX-0326-SM-EVR42.1,HEART,44.5,0.0008406182354703,6.799309525736265,6.8,432.0
GTEX-1MJIX-0426-SM-DTXEN.1,HEART,44.5,0.0014576086799557,11.571740392458574,8.0,433.0
GTEX-1MJIX-0726-SM-DPRYP.1,LIVER,44.5,0.0003278000297784,11.835359394953686,6.6,436.0
GTEX-1MJIX-2126-SM-E9J3A.1,MUSCLE,44.5,0.002521080340894,18.0254643818316,7.6,620.0
GTEX-1MJK2-0011-R2b-SM-EXUS5.1,BRAIN,54.5,0.0013539294379052,16.266573514833688,6.7,1022.0
GTEX-1MJK2-0011-R6a-SM-EXUS3.1,BRAIN,54.5,0.00128134997584,12.58653712881046,7.2,1022.0
GTEX-1MJK2-0011-R7a-SM-EXUS4.1,BRAIN,54.5,0.0007801692564747,13.812165263349002,6.8,1022.0
GTEX-1MJK2-0011-R9b-SM-EZ6MZ.1,BRAIN,54.5,0.0027066116388206,30.320524938259968,7.3,1022.0
GTEX-1MJK2-0426-SM-DTXE5.1,SKIN,54.5,0.0025235968918264,19.234167008752344,7.5,1165.0
GTEX-1MJK2-1626-SM-EVYCQ.1,HEART,54.5,0.0003412319548574,10.391023429258247,6.0,1278.0
GTEX-1MJK2-3026-SM-EV7A5.1,BRAIN,54.5,0.0026973177771462,10.332086141560517,7.1,1342.0
GTEX-1MJK3-0726-SM-E6CJC.1,SKIN,24.5,0.0015842182283834,20.70639536400489,7.4,477.0
GTEX-1MJK3-1426-SM-E9TK1.1,MUSCLE,24.5,0.0022205742467411,5.999359210986508,8.1,654.0
GTEX-1MUQO-0126-SM-EAZ58.1,SKIN,64.5,0.0022200322006838,26.54374831219952,6.7,376.0
GTEX-1MUQO-0226-SM-E9TJL.1,MUSCLE,64.5,0.0031309942518687,5.9865448432089465,8.6,378.0
GTEX-1MUQO-1226-SM-E9TJK.1,HEART,64.5,0.00314403606114,17.05510177060267,8.3,391.0
GTEX-1N2DV-0226-SM-E6CJ6.1,SKIN,44.5,0.0012506931302718,22.76590522358659,7.7,161.0
GTEX-1N2DV-0526-SM-DTX8W.1,MUSCLE,44.5,0.0023594411999067,9.932071879670591,9.2,173.0
GTEX-1N2DV-1526-SM-DTXEP.1,SKIN,44.5,0.0018755486167341,19.49050216320364,8.8,207.0
GTEX-1N2DW-0011-R11b-SM-EXOIL.1,BRAIN,54.5,0.0022783830564927,11.3703608725085,6.7,856.0
GTEX-1N2DW-0011-R4b-SM-EZ6MD.1,BRAIN,54.5,0.0008167130403861,16.421915604851275,6.6,856.0
GTEX-1N2DW-0011-R5a-SM-EYYX3.1,BRAIN,54.5,0.000655533476101,12.743971052699196,6.7,856.0
GTEX-1N2DW-0011-R6a-SM-EZ6MW.1,BRAIN,54.5,0.0008180971995839,10.404403730438505,6.9,856.0
GTEX-1N2DW-0226-SM-E9TK2.1,SKIN,54.5,0.0016114779499242,31.409783517685987,6.9,882.0
GTEX-1N2DW-0426-SM-E9TK4.1,MUSCLE,54.5,0.0046842971251863,4.31673642094,7.7,892.0
GTEX-1N2DW-2826-SM-E9TK5.1,BRAIN,54.5,0.000653424991849,7.464983047140826,5.5,1041.0
GTEX-1N2EE-0011-R11b-SM-EXOIJ.1,BRAIN,64.5,0.0036403703108643,15.166511992376654,8.1,1049.0
GTEX-1N2EE-0011-R3b-SM-EXURY.1,BRAIN,64.5,0.0014592182673999,14.471960678384496,6.2,1049.0
GTEX-1N2EE-0011-R4a-SM-EXOII.1,BRAIN,64.5,0.0005819583611966,8.598810120192828,6.3,1049.0
GTEX-1N2EE-0626-SM-E76PW.1,SKIN,64.5,0.002863771917886,30.782607931081586,6.8,1165.0
GTEX-1N2EF-0226-SM-EYYXB.1,SKIN,64.5,0.0042693156546619,37.68278514296792,8.3,615.0
GTEX-1N2EF-0526-SM-E76OK.1,MUSCLE,64.5,0.0043017509178225,21.22654954601151,7.3,619.0
GTEX-1N2EF-2826-SM-E6CQF.1,HEART,64.5,0.0013336862639849,10.995820277846018,5.7,665.0
GTEX-1N5O9-0926-SM-E9J3C.1,SKIN,64.5,0.0023478960746192,31.96374854150719,7.5,1051.0
GTEX-1N5O9-2926-SM-EXUSN.1,BRAIN,64.5,0.0007256070290473,12.586092337438986,6.4,1108.0
GTEX-1NHNU-0626-SM-E6CP1.1,HEART,54.5,0.001877577585921,14.776472864144123,7.7,221.0
GTEX-1NHNU-1026-SM-E9J2A.1,SKIN,54.5,0.0024472526106363,24.552993018254103,6.5,286.0
GTEX-1NHNU-1226-SM-DTX8I.1,MUSCLE,54.5,0.0037638012945792,8.04513252619144,8.3,288.0
GTEX-1NSGN-0726-SM-DTXEF.1,SKIN,54.5,0.0021296222164068,24.828871667250677,7.7,424.0
GTEX-1NSGN-1226-SM-E76OL.1,HEART,54.5,0.0026233209916779,36.08372388193037,7.1,436.0
GTEX-1NUQO-0726-SM-E9J3K.1,MUSCLE,24.5,0.0023511527416695,5.30116750355911,8.3,495.0
GTEX-1NV5F-0226-SM-E8VNY.1,SKIN,64.5,0.0017498640482509,20.118960046253065,6.9,918.0
GTEX-1NV5F-0626-SM-DTXEG.1,SKIN,64.5,0.0020954056331045,19.427724353831245,7.8,936.0
GTEX-1NV5F-3226-SM-EXUSL.1,BRAIN,64.5,0.000577581538519,9.009431764404995,6.6,1060.0
GTEX-1NV8Z-1526-SM-DTX8X.1,HEART,64.5,0.0001206922863711,4.84097660731164,6.1,1282.0
GTEX-1NV8Z-1626-SM-DPRYT.1,LIVER,64.5,0.0009729170649805,14.843187973746783,6.5,1284.0
GTEX-1NV8Z-3026-SM-DTX8Z.1,BRAIN,64.5,0.0029663181801403,15.606950397535028,7.3,1350.0
GTEX-1NV8Z-3126-SM-E76R3.1,BRAIN,64.5,0.0015194430069874,11.930324716204836,6.8,1351.0
GTEX-1O97I-0326-SM-EYYX7.1,SKIN,64.5,0.0026573141222558,22.257294658293088,8.0,1164.0
GTEX-1O97I-0826-SM-E8VNE.1,HEART,64.5,0.0001274348139285,3.3173004576367195,6.2,1184.0
GTEX-1O9I2-0226-SM-EYYXD.1,SKIN,54.5,0.0022646568895326,32.412554115411645,6.4,1248.0
GTEX-1O9I2-0526-SM-EYYXI.1,MUSCLE,54.5,0.0056916865569701,7.133607228691475,7.2,1272.0
GTEX-1O9I2-1126-SM-DTXEA.1,HEART,54.5,0.0082998092625837,33.89095888945465,5.6,1297.0
GTEX-1O9I2-3026-SM-E76PX.1,BRAIN,54.5,0.0016011315646812,13.022219245675794,5.9,1428.0
GTEX-1OFPY-0926-SM-DTX8Q.1,HEART,64.5,0.0010795166059979,14.738494142656542,8.2,159.0
GTEX-1OFPY-1026-SM-EXUSO.1,HEART,64.5,0.002065988959828,14.5852104500122,8.0,158.0
GTEX-1OFPY-2426-SM-DTXEJ.1,SKIN,64.5,0.0018440503444539,17.44222606110923,7.7,374.0
GTEX-1OFPY-2526-SM-DTXEK.1,MUSCLE,64.5,0.0021462672781339,8.00084601545931,8.1,375.0
GTEX-1OJC3-0126-SM-E76QX.1,SKIN,24.5,0.0018734385379356,16.212897017708542,7.7,172.0
GTEX-1OJC3-1226-SM-DTXER.1,SKIN,24.5,0.0013475105908559,15.244899306307378,8.4,211.0
GTEX-1OJC4-0011-R6a-SM-EXOIM.1,BRAIN,54.5,0.0018555234872349,13.11444206786533,6.8,1219.0
GTEX-1OJC4-0011-R7a-SM-EYYX4.1,BRAIN,54.5,0.0010341527041442,13.490910384383916,5.8,1219.0
GTEX-1OJC4-0011-R9a-SM-EZ6N1.1,BRAIN,54.5,0.000412194029348,8.206744757801411,6.3,1219.0
GTEX-1OJC4-0126-SM-E9J2E.1,SKIN,54.5,0.0020251820417241,42.64953421240411,6.4,1270.0
GTEX-1OJC4-2726-SM-E76PJ.1,SKIN,54.5,0.0028773202318479,18.7586260313395,7.3,1337.0
GTEX-1OJC4-2826-SM-E6CQX.1,BRAIN,54.5,0.0011359816916016,11.677807442516164,6.6,1370.0
GTEX-1OKEX-0726-SM-DPRYE.1,HEART,64.5,0.0022205862520746,15.401387056738274,7.9,263.0
GTEX-1OKEX-2026-SM-E8VNL.1,SKIN,64.5,0.0016559671627727,41.10985386392462,5.6,317.0
GTEX-1P4AB-0326-SM-EXUT3.1,MUSCLE,54.5,0.0023869473757443,9.727608707700972,6.9,698.0
GTEX-1P4AB-0926-SM-E76PV.1,HEART,54.5,0.0018577565143198,26.56336497095401,7.3,784.0
GTEX-1P4AB-3026-SM-EXOJS.1,BRAIN,54.5,0.0022335961952543,15.585289365666092,7.4,999.0
GTEX-1PBJI-0526-SM-E8VNK.1,SKIN,24.5,0.0017408746245717,34.84557370676986,5.5,1259.0
GTEX-1PBJI-1426-SM-EYYXG.1,SKIN,24.5,0.0022682205780825,50.70497977825506,7.4,1278.0
GTEX-1PBJJ-0326-SM-E8VNT.1,MUSCLE,34.5,0.0019588794172695,5.310032658079501,8.1,677.0
GTEX-1PBJJ-0626-SM-DPRYO.1,LIVER,34.5,0.0005361491223994,18.305803424224948,6.1,680.0
GTEX-1PBJJ-1026-SM-E76OS.1,SKIN,34.5,0.0024846792689733,27.145059265312405,7.8,683.0
GTEX-1PDJ9-0326-SM-DTX95.1,SKIN,24.5,0.0034964589051585,22.60206269783282,8.9,835.0
GTEX-1PDJ9-0526-SM-DTXDL.1,MUSCLE,24.5,0.0032268402612908,7.427677127037506,6.5,880.0
GTEX-1PDJ9-1226-SM-EXUSX.1,SKIN,24.5,0.0021572980884728,21.590209078638743,9.4,966.0
GTEX-1PFEY-1526-SM-E76PP.1,SKIN,34.5,0.0012802501930122,15.447291035185003,6.3,557.0
GTEX-1PIEJ-0326-SM-EVYB5.1,MUSCLE,24.5,0.0027684103809382,7.039364463753087,8.1,324.0
GTEX-1PIGE-0126-SM-EVYBJ.1,SKIN,24.5,0.0018931969664233,22.410136585336836,8.1,475.0
GTEX-1PIGE-0226-SM-E76OT.1,MUSCLE,24.5,0.0023580727473461,5.552384174323224,8.2,483.0
GTEX-1PIGE-1826-SM-E8VOU.1,SKIN,24.5,0.0052981328064809,24.03551737237873,6.7,567.0
GTEX-1PIIG-0126-SM-E9J46.1,MUSCLE,34.5,0.0047704970414933,8.783597461622225,8.3,1442.0
GTEX-1PIIG-0226-SM-EWRN6.1,SKIN,34.5,0.0022395918058746,20.46431681198044,7.2,1443.0
GTEX-1PIIG-1326-SM-EXOIR.1,LIVER,34.5,0.0002253111761855,6.703880661605091,6.0,1468.0
GTEX-1PIIG-2326-SM-DTXFR.1,SKIN,34.5,0.0026397061551815,31.379619584714334,7.7,1478.0
GTEX-1PIIG-2726-SM-E76PQ.1,BRAIN,34.5,0.0013908065733172,10.472556302526431,6.7,1481.0
GTEX-1PIIG-2826-SM-DTX7O.1,BRAIN,34.5,0.0024221510385369,16.279555470512555,6.9,1482.0
GTEX-1POEN-0126-SM-EYYXJ.1,SKIN,34.5,0.0032972497145731,36.77885284174652,8.1,1159.0
GTEX-1POEN-0626-SM-EVR4B.1,HEART,34.5,0.0073150551704369,21.017094547743486,5.5,1180.0
GTEX-1POEN-0726-SM-DTXDU.1,HEART,34.5,0.0006397221906507,12.644701486484134,5.7,1182.0
GTEX-1POEN-2326-SM-E9J2L.1,SKIN,34.5,0.0017456657175865,31.17370093523743,6.0,1240.0
GTEX-1POEN-2726-SM-E9U6B.1,BRAIN,34.5,0.0023627185738329,14.771611438013156,6.5,1303.0
GTEX-1PPGY-0426-SM-DTXFE.1,MUSCLE,64.5,0.0052707207010446,10.993875858952698,8.7,832.0
GTEX-1PPGY-0926-SM-DTXFF.1,HEART,64.5,0.0031066961853934,37.15668277907835,7.6,905.0
GTEX-1PPGY-1126-SM-E76OU.1,HEART,64.5,0.0015244668992381,15.495114923538203,7.0,909.0
GTEX-1PPGY-1626-SM-EVYBL.1,SKIN,64.5,0.0026701385128638,26.88277861035297,7.1,918.0
GTEX-1PPGY-3126-SM-EXUSR.1,BRAIN,64.5,0.0012787946235104,10.28561510455075,7.0,973.0
GTEX-1PPH7-1126-SM-DTX9A.1,SKIN,44.5,0.0023679059995457,20.28808607876106,8.1,608.0
GTEX-1PPH7-2026-SM-E9J3N.1,HEART,44.5,0.0049576043157516,66.00321055113835,6.9,663.0
GTEX-1PPH7-2326-SM-EVYB8.1,SKIN,44.5,0.0025699205876749,33.71962683311863,7.7,820.0
GTEX-1PPH7-2526-SM-E76OJ.1,MUSCLE,44.5,0.0044837348796234,6.5393427611139785,7.4,826.0
GTEX-1PPH8-0126-SM-EWRN8.1,SKIN,24.5,0.0015221157145502,32.67469127677095,6.3,446.0
GTEX-1PPH8-0226-SM-E8VND.1,SKIN,24.5,0.001390503862423,32.97767885631203,7.2,453.0
GTEX-1PPH8-0326-SM-E76PR.1,MUSCLE,24.5,0.0020162391826281,6.865028439758339,8.5,455.0
GTEX-1PWST-0226-SM-E76QJ.1,SKIN,74.5,0.0029086401391705,67.8256824288836,7.2,1006.0
GTEX-1PWST-0426-SM-E76QV.1,MUSCLE,74.5,0.0032400208157802,16.96305181450163,7.5,1010.0
GTEX-1PWST-1026-SM-DTXF2.1,HEART,74.5,0.0008613891451914,14.280732621540844,7.0,1022.0
GTEX-1PWST-3026-SM-EAZ3H.1,BRAIN,74.5,0.0028480411846215,20.06570289046983,7.0,1081.0
GTEX-1PWST-3126-SM-EXUSE.1,BRAIN,74.5,0.00127144241304,20.213000139933705,6.6,1083.0
GTEX-1QAET-0326-SM-EVR3U.1,SKIN,54.5,0.0024554197224013,44.21584197205776,7.2,357.0
GTEX-1QAET-0926-SM-E76QM.1,SKIN,54.5,0.0020110144563361,18.34463255962902,7.2,371.0
GTEX-1QAET-2026-SM-E9J3S.1,MUSCLE,54.5,0.002264082780257,12.932471902235228,8.3,410.0
GTEX-1QCLY-0226-SM-EWRNH.1,SKIN,34.5,0.0026512476056867,20.526189133336462,6.9,842.0
GTEX-1QCLY-0326-SM-E8VOG.1,SKIN,34.5,0.0024796170041902,24.04378834573118,6.8,848.0
GTEX-1QCLY-0426-SM-E8VOH.1,MUSCLE,34.5,0.0033525833397897,7.814388314205367,7.9,849.0
GTEX-1QCLZ-0326-SM-DTXG2.1,MUSCLE,64.5,0.0028776905991265,7.423971489282013,7.6,255.0
GTEX-1QCLZ-0926-SM-E6CQZ.1,HEART,64.5,0.0022937572168339,15.990522520467414,7.6,278.0
GTEX-1QCLZ-1126-SM-EWRNB.1,HEART,64.5,0.0018945537127687,15.725395161846077,7.9,282.0
GTEX-1QCLZ-1226-SM-EAZ49.1,LIVER,64.5,0.0022117092496119,33.72212957206313,8.1,288.0
GTEX-1QCLZ-2426-SM-EVYBW.1,SKIN,64.5,0.0022322038536836,32.74258002423152,7.5,333.0
GTEX-1QEPI-0126-SM-EWRMQ.1,SKIN,64.5,0.0038475412236771,40.87951030822205,8.2,660.0
GTEX-1QEPI-0526-SM-E76QF.1,MUSCLE,64.5,0.003468723606279,10.172984906347176,7.9,669.0
GTEX-1QEPI-1126-SM-E8VN7.1,HEART,64.5,0.0072193144757728,71.40639396123426,6.2,719.0
GTEX-1QEPI-2626-SM-DTXF4.1,SKIN,64.5,0.0032123086417171,30.874113273116425,7.9,759.0
GTEX-1QEPI-3026-SM-EXOIW.1,BRAIN,64.5,0.0006709698159582,7.743170858893429,5.6,1038.0
GTEX-1QMI2-0226-SM-EVYBX.1,SKIN,64.5,0.0038815244772739,44.64761285610894,8.6,730.0
GTEX-1QMI2-0526-SM-DTXFU.1,MUSCLE,64.5,0.0041034610180335,5.676053286269274,8.1,735.0
GTEX-1QMI2-1026-SM-DTX7T.1,HEART,64.5,0.0021296996873426,28.72217884793724,6.6,779.0
GTEX-1QMI2-2526-SM-E8VNZ.1,SKIN,64.5,0.0032235363355421,30.34088274938889,7.6,825.0
GTEX-1QMI2-3126-SM-EXUT5.1,BRAIN,64.5,0.0020540633210375,12.047927822555252,6.4,1059.0
GTEX-1QP28-0526-SM-E8VNR.1,MUSCLE,54.5,0.0028103184429533,6.197835073710468,8.0,794.0
GTEX-1QP28-1126-SM-EVYC4.1,SKIN,54.5,0.0018784786267602,25.015610380966,6.4,871.0
GTEX-1QP29-0626-SM-EWRMX.1,SKIN,54.5,0.0024186107124977,25.23020002618537,5.9,539.0
GTEX-1QP29-1426-SM-DTX9Q.1,HEART,54.5,0.0026815869485185,25.41447334067866,7.6,608.0
GTEX-1QP29-1526-SM-EXUSY.1,HEART,54.5,0.0033987485341965,19.417524092162285,7.6,609.0
GTEX-1QP29-1826-SM-DTX9S.1,SKIN,54.5,0.003432459120977,54.28271192936223,8.2,635.0
GTEX-1QP2A-0126-SM-E9J43.1,SKIN,54.5,0.0021587588167974,24.42623910883697,8.0,398.0
GTEX-1QP2A-0526-SM-E8VN5.1,MUSCLE,54.5,0.0034717814741742,9.793142054274565,7.9,410.0
GTEX-1QP2A-1126-SM-EVR3H.1,HEART,54.5,0.0025210107655682,21.03570817927949,8.3,448.0
GTEX-1QP2A-1726-SM-E76QC.1,SKIN,54.5,0.0018468554772256,18.19157074585493,7.3,497.0
GTEX-1QP66-0226-SM-DPRXS.1,LIVER,54.5,0.0010316888237362,24.854078002164744,6.8,49.0
GTEX-1QP66-1226-SM-DTX7U.1,SKIN,54.5,0.002627664584464,30.622640527635838,6.6,832.0
GTEX-1QP66-1626-SM-E76PC.1,MUSCLE,54.5,0.0053546013191777,7.433833118832759,8.2,837.0
GTEX-1QP66-1726-SM-E8VO1.1,SKIN,54.5,0.0011479062518866,19.069329614986493,5.9,834.0
GTEX-1QP67-1626-SM-EAZ3X.1,SKIN,44.5,0.00189056252212,36.48704519839789,5.7,431.0
GTEX-1QP67-1826-SM-DTX8D.1,MUSCLE,44.5,0.0024189010230478,5.480838580520153,8.2,431.0
GTEX-1QP6S-0326-SM-DTXF7.1,SKIN,44.5,0.0031622518823751,62.07967852522957,7.9,1253.0
GTEX-1QP6S-0426-SM-DTXG4.1,MUSCLE,44.5,0.005570088302381,11.726695808692542,8.4,1255.0
GTEX-1QP6S-1026-SM-DTXFW.1,HEART,44.5,0.0006459383329077,21.041600747913048,5.6,1265.0
GTEX-1QP6S-1326-SM-DPRZ8.1,LIVER,44.5,0.001049072941961,20.71335924662453,6.6,1273.0
GTEX-1QP6S-2926-SM-DTXF8.1,BRAIN,44.5,0.0013606207468189,16.31280034313971,6.6,1357.0
GTEX-1QP6S-3026-SM-EAZ4N.1,BRAIN,44.5,0.0028455908767149,16.296497061234874,6.4,1358.0
GTEX-1QP9N-1226-SM-E76QN.1,SKIN,34.5,0.0022156026050138,17.227365159869922,7.5,262.0
GTEX-1QP9N-1426-SM-DTXFL.1,SKIN,34.5,0.0012701365740144,14.782262350546429,7.3,277.0
GTEX-1QP9N-1926-SM-E6CPY.1,MUSCLE,34.5,0.0026909518623756,4.015533649472512,7.9,290.0
GTEX-1QPFJ-0226-SM-E76PB.1,SKIN,34.5,0.0023508839950756,23.329883161892933,6.8,349.0
GTEX-1QPFJ-0326-SM-E8VO2.1,MUSCLE,34.5,0.0026227168533075,11.311495041972528,5.5,358.0
GTEX-1QPFJ-0926-SM-EVR3K.1,HEART,34.5,0.0037143314404248,31.13907095834136,8.9,377.0
GTEX-1QPFJ-1026-SM-E6CR6.1,HEART,34.5,0.0031934633367618,18.834190267555247,8.5,379.0
GTEX-1QPFJ-1126-SM-E9U5V.1,LIVER,34.5,0.0021759349180623,39.25657459198532,7.8,382.0
GTEX-1QPFJ-1926-SM-EVYBD.1,SKIN,34.5,0.0019884430793928,24.678440556468946,7.9,404.0
GTEX-1QW4Y-1126-SM-DTXE3.1,SKIN,34.5,0.0015344386076767,22.56336664068077,7.4,496.0
GTEX-1QW4Y-1526-SM-EAZ3Z.1,SKIN,34.5,0.0017970016297678,34.71455675083492,7.2,735.0
GTEX-1QW4Y-1726-SM-EWRN1.1,MUSCLE,34.5,0.0037592919928688,7.908275508165842,7.9,738.0
GTEX-1R46S-0011-R6a-SM-EZ6N6.1,BRAIN,64.5,0.0004543972060581,9.791240933842564,6.5,761.0
GTEX-1R46S-0011-R7b-SM-EXUTH.1,BRAIN,64.5,0.0002027667832657,5.854435028378388,5.6,761.0
GTEX-1R46S-0011-R9a-SM-EZ6N7.1,BRAIN,64.5,0.0026212422029845,59.83129839629043,6.8,761.0
GTEX-1R46S-0326-SM-EWRNE.1,MUSCLE,64.5,0.0033000711926422,11.391895211805464,7.2,871.0
GTEX-1R46S-0626-SM-E9J41.1,SKIN,64.5,0.0022844126493366,35.512910592754665,7.3,873.0
GTEX-1R46S-2426-SM-E76QA.1,SKIN,64.5,0.0025909967551631,30.45302679761784,7.8,895.0
GTEX-1R46S-3026-SM-DTXFP.1,BRAIN,64.5,0.001547644812996,25.81675164469113,6.2,934.0
GTEX-1R46S-3126-SM-DPRZ9.1,BRAIN,64.5,0.0018887117966398,17.135775036676417,6.6,935.0
GTEX-1R7EU-0226-SM-EVR4G.1,SKIN,64.5,0.0020569881073035,22.879386589600003,7.1,384.0
GTEX-1R7EU-0626-SM-DTX9N.1,MUSCLE,64.5,0.0025115458404314,14.845940627179766,8.7,393.0
GTEX-1R7EU-1626-SM-DTXG3.1,SKIN,64.5,0.0028689638781419,31.094716514781272,7.6,419.0
GTEX-1R7EV-0326-SM-E76PA.1,HEART,44.5,0.0010437382781631,9.288720279989876,6.7,328.0
GTEX-1R7EV-0426-SM-DTX7Z.1,HEART,44.5,0.0011733775026833,20.61799938399016,8.1,352.0
GTEX-1R7EV-2026-SM-DTX83.1,MUSCLE,44.5,0.0031438021959838,7.492057397685004,7.3,493.0
GTEX-1R7EV-2426-SM-EVYBG.1,SKIN,44.5,0.0022284269795119,25.78451090124052,7.6,509.0
GTEX-1R9JW-0426-SM-E76QL.1,HEART,34.5,0.0020442596456712,20.82448613450252,7.9,276.0
GTEX-1R9JW-0526-SM-EWRNK.1,HEART,34.5,0.0019926781767621,13.7115946260476,7.2,279.0
GTEX-1R9JW-0826-SM-DPRZJ.1,LIVER,34.5,0.0014234367390611,22.674790256400406,8.7,298.0
GTEX-1R9JW-2426-SM-DTXFI.1,MUSCLE,34.5,0.0098534420754896,13.29508468287244,8.9,466.0
GTEX-1R9K4-0011-R11a-SM-EZ6N9.1,BRAIN,64.5,0.0018079759379408,10.14593767038646,6.3,1140.0
GTEX-1R9K4-0011-R5b-SM-EZ6N8.1,BRAIN,64.5,0.0017218912968295,15.959383841974947,6.6,1140.0
GTEX-1R9K4-0126-SM-DTX9X.1,SKIN,64.5,0.0052349205867569,283.4629441379006,7.8,1013.0
GTEX-1R9K4-0626-SM-E76OZ.1,MUSCLE,64.5,0.0046328812697316,6.4506294962952335,8.0,1026.0
GTEX-1R9K4-1026-SM-EXUT1.1,HEART,64.5,0.0015815263275657,28.32408063356433,9.6,1046.0
GTEX-1R9K4-1326-SM-DTX8G.1,HEART,64.5,0.0023551094270351,24.41596459068593,6.9,1068.0
GTEX-1R9K4-2826-SM-DTX8F.1,SKIN,64.5,0.0020873711673551,32.61455694355872,7.4,1118.0
GTEX-1R9K4-3126-SM-DTX9Y.1,BRAIN,64.5,0.0011854317200628,11.967878442825029,6.2,1374.0
GTEX-1R9K5-0326-SM-EWRNG.1,MUSCLE,54.5,0.0038271655076633,19.02414715108596,7.2,398.0
GTEX-1R9K5-1326-SM-E6CPR.1,HEART,54.5,0.002240493099061,19.71102758328789,7.9,444.0
GTEX-1R9PM-1926-SM-EVR3O.1,SKIN,24.5,0.0017830501519306,18.85903409478652,7.0,1040.0
GTEX-1R9PM-2026-SM-E76OY.1,SKIN,24.5,0.002277728865185,17.221652966595915,7.3,1048.0
GTEX-1R9PM-2226-SM-E8VOC.1,MUSCLE,24.5,0.0028806586735926,7.461107627940769,7.3,1060.0
GTEX-1R9PN-0426-SM-DTXDT.1,SKIN,44.5,0.0014338121701911,23.54351098232317,5.9,390.0
GTEX-1R9PN-1826-SM-E8VO4.1,MUSCLE,44.5,0.003753471117768,7.167108901172494,8.0,413.0
GTEX-1R9PO-0011-R11b-SM-EZ6NB.1,BRAIN,64.5,0.0033281357585854,14.385168891784986,8.6,1040.0
GTEX-1R9PO-0011-R5a-SM-EZ6NA.1,BRAIN,64.5,0.0028144571796328,22.43202734516091,6.6,1040.0
GTEX-1R9PO-0326-SM-DTXA1.1,HEART,64.5,0.0027372542735008,22.346454498358412,6.9,1073.0
GTEX-1R9PO-2126-SM-E9J4O.1,SKIN,64.5,0.0019885979422483,33.44995587648115,7.1,1130.0
GTEX-1R9PO-2426-SM-EVYBS.1,MUSCLE,64.5,0.0025458393776066,8.614512022834136,8.0,1133.0
GTEX-1R9PO-2826-SM-E6CPV.1,BRAIN,64.5,0.0032608482446644,15.799644099004285,7.3,1169.0
GTEX-1R9PO-2926-SM-EVYBR.1,BRAIN,64.5,0.0020499505660456,19.274784469133785,6.2,1169.0
GTEX-1RAZA-0126-SM-E6CI3.1,SKIN,24.5,0.0012577305528432,20.282573106543488,7.2,319.0
GTEX-1RAZA-0526-SM-E76R2.1,MUSCLE,24.5,0.0020189613988942,7.700043762300396,8.3,334.0
GTEX-1RAZA-2226-SM-E9U4X.1,SKIN,24.5,0.0028893518440219,33.65454638494634,7.4,393.0
GTEX-1RAZQ-0426-SM-DTXFQ.1,MUSCLE,34.5,0.0023250867100342,5.5281402912450455,8.6,466.0
GTEX-1RAZQ-0726-SM-EAZ43.1,SKIN,34.5,0.0014260902130114,29.394609981217517,6.0,480.0
GTEX-1RAZQ-1326-SM-E9TK6.1,SKIN,34.5,0.0015300862501493,14.933867292593812,6.4,698.0
GTEX-1RAZR-0326-SM-EWRNM.1,MUSCLE,44.5,0.0020699707328549,4.113832393229505,8.1,474.0
GTEX-1RAZR-2126-SM-E9U6T.1,SKIN,44.5,0.0022941050350249,33.76570379815215,7.1,604.0
GTEX-1RAZS-0826-SM-E76QP.1,HEART,54.5,0.0001458445696437,4.310107726828102,5.8,1240.0
GTEX-1RAZS-2526-SM-E6CHT.1,SKIN,54.5,0.0020184423121236,20.046847639417017,7.6,1287.0
GTEX-1RB15-0326-SM-E6CQB.1,HEART,64.5,0.0018143744284957,17.311280081653187,8.2,1737.0
GTEX-1RB15-0426-SM-E9U4Y.1,HEART,64.5,0.0018476050750452,29.93942976223281,8.2,1739.0
GTEX-1RB15-1326-SM-E76Q9.1,SKIN,64.5,0.0020745410615044,27.220799138411248,7.6,1777.0
GTEX-1RB15-2126-SM-E9TIM.1,SKIN,64.5,0.0028307126251166,25.77517300530296,7.6,1938.0
GTEX-1RB15-2226-SM-DTXFZ.1,MUSCLE,64.5,0.0024911977074665,4.803386390859591,7.9,2075.0
GTEX-1RDX4-0126-SM-E9J4P.1,SKIN,54.5,0.0023728661730389,26.50151454276948,7.4,741.0
GTEX-1RDX4-2926-SM-E8VOF.1,SKIN,54.5,0.0024429951538977,49.161572114215446,6.0,850.0
GTEX-1RDX4-3226-SM-DPS14.1,BRAIN,54.5,0.0018712158899894,15.10469477596848,6.2,894.0
GTEX-1RLM8-0011-R2a-SM-EZ6N4.1,BRAIN,54.5,0.0003969248559351,8.985382387361057,5.9,727.0
GTEX-1RLM8-0011-R6a-SM-EYYXS.1,BRAIN,54.5,0.0002830862815077,5.450666739909781,5.5,727.0
GTEX-1RLM8-0011-R8a-SM-EYYXR.1,BRAIN,54.5,0.0020965267160854,24.75961798224483,7.7,727.0
GTEX-1RLM8-0226-SM-E6CJY.1,HEART,54.5,0.0010508870870572,20.96418090928881,5.5,803.0
GTEX-1RLM8-2326-SM-EWRN4.1,SKIN,54.5,0.0020902742377728,37.61425856484789,6.7,927.0
GTEX-1RLM8-2926-SM-E8VON.1,SKIN,54.5,0.0031137831761625,30.942207842422587,7.2,940.0
GTEX-1RMOY-0626-SM-E9TIE.1,HEART,54.5,0.0021324833390272,15.426800405247404,8.6,227.0
GTEX-1RMOY-1326-SM-E9TIH.1,SKIN,54.5,0.0010412644257275,15.178519557456278,6.4,254.0
GTEX-1RNSC-0011-R11b-SM-EXUTG.1,BRAIN,64.5,8.79179437413235e-05,1.7895899758993323,5.7,466.0
GTEX-1RNSC-0011-R5a-SM-EZ6N5.1,BRAIN,64.5,0.0002233682443374,5.23901263230966,5.9,466.0
GTEX-1RNSC-3126-SM-EVR4V.1,BRAIN,64.5,0.0003784622311347,5.108027146443776,5.7,728.0
GTEX-1RQEC-0011-R9a-SM-EZ6N3.1,BRAIN,64.5,0.0021896350955247,33.61846362574443,7.5,1038.0
GTEX-1RQEC-0126-SM-E9J2H.1,MUSCLE,64.5,0.0039066839015839,10.301824795612443,8.6,1212.0
GTEX-1RQEC-0426-SM-E6CHU.1,SKIN,64.5,0.0023314599657365,26.78047502316554,7.4,1214.0
GTEX-1RQEC-0926-SM-EWROG.1,HEART,64.5,0.0042495962932835,18.891655167487176,6.8,1243.0
GTEX-1RQEC-1126-SM-EAZ5E.1,LIVER,64.5,0.0002341140148179,8.917564106255544,6.2,1268.0
GTEX-1RQEC-2926-SM-EVR5A.1,BRAIN,64.5,0.0008481277821005,9.008273191724268,5.6,1360.0
GTEX-1RQEC-3026-SM-DPRXM.1,BRAIN,64.5,0.0011571608882622,9.522748033332842,6.1,1362.0
GTEX-1RQED-0126-SM-E9U6M.1,SKIN,64.5,0.00109387923146,34.416545931085054,6.0,1025.0
GTEX-1RQED-0426-SM-E6CJP.1,MUSCLE,64.5,0.0025965490006194,6.140595919116352,7.6,1034.0
GTEX-1S3DN-0726-SM-E9TIO.1,HEART,54.5,0.0020257244473583,17.597973845193227,7.9,219.0
GTEX-1S3DN-2126-SM-E9TIN.1,SKIN,54.5,0.0011883615358472,13.565241354641786,6.0,274.0
GTEX-1S3DN-2226-SM-EVYCD.1,SKIN,54.5,0.0022404203813011,19.971993885897177,7.2,281.0
GTEX-1S5VW-0526-SM-E6CHL.1,MUSCLE,64.5,0.0033945807754259,10.15671403514642,8.4,924.0
GTEX-1S5VW-1326-SM-E9TKA.1,HEART,64.5,7.278046024732891e-05,2.144537086198624,5.7,958.0
GTEX-1S5VW-1826-SM-EAZ53.1,LIVER,64.5,0.0003352664016017,19.018209654483925,5.5,986.0
GTEX-1S5ZA-0126-SM-EVYCV.1,SKIN,24.5,0.0015122931414596,18.26749610925196,6.8,237.0
GTEX-1S5ZA-0526-SM-EWRO1.1,MUSCLE,24.5,0.0027640293763619,6.582157945949587,7.7,252.0
GTEX-1S5ZU-2526-SM-E6CIF.1,SKIN,24.5,0.0030166877124353,23.888238371224222,7.5,625.0
GTEX-1S82P-0326-SM-E9TIR.1,MUSCLE,64.5,0.0024705294588522,5.694813589314124,8.6,284.0
GTEX-1S82P-2126-SM-E6CI5.1,SKIN,64.5,0.0016479015400885,22.5387253788283,7.3,353.0
GTEX-1S82U-1026-SM-E6CJK.1,SKIN,34.5,0.0012870759186443,25.76856657863025,6.2,157.0
GTEX-1S82U-1426-SM-E6CJL.1,MUSCLE,34.5,0.0016416281858859,5.759275935545817,7.8,165.0
GTEX-1S82Y-1026-SM-EV7BJ.1,LIVER,44.5,0.0002656234308274,11.831909803835286,5.5,449.0
GTEX-1S82Y-2026-SM-EVYCM.1,SKIN,44.5,0.001968176594731,26.31293336114872,7.4,515.0
GTEX-1S82Y-2226-SM-EWRNV.1,MUSCLE,44.5,0.0039217371996931,8.63620115707042,6.6,518.0
GTEX-1S82Z-0826-SM-E6CHY.1,SKIN,34.5,0.002289030856788,24.846257979166246,8.1,165.0
GTEX-1S831-1826-SM-EWROF.1,SKIN,24.5,0.0015150352033193,20.18302508491297,6.7,187.0
GTEX-1S83E-0126-SM-EWRO4.1,SKIN,44.5,0.0020592239353727,14.587001877844637,7.9,447.0
GTEX-1S83E-1326-SM-E6CJM.1,SKIN,44.5,0.0029083142309066,27.4083676337287,7.0,496.0
GTEX-1S83E-2126-SM-EWRO6.1,MUSCLE,44.5,0.0028351687801356,7.504915963976011,7.0,572.0
GTEX-N7MS-0008-SM-4E3JI.1,SKIN,64.5,0.006514928753328,99.05368710753652,10.0,
GTEX-N7MS-0011-R10A-SM-2HMJK.1,BRAIN,64.5,0.0014266370341808,8.163144065834448,7.1,1106.0
GTEX-N7MS-0011-R11A-SM-2HMJS.1,BRAIN,64.5,0.0043864474693932,13.74351068497338,6.6,1106.0
GTEX-N7MS-0011-R1a-SM-2HMJG.1,BRAIN,64.5,0.0013721439460703,10.576327047311818,7.3,1106.0
GTEX-N7MS-0011-R2a-SM-2HML6.1,BRAIN,64.5,0.0019483208926828,20.745270481834208,7.0,1106.0
GTEX-N7MS-0011-R3a-SM-2HMKD.1,BRAIN,64.5,0.002797487353218,13.016003977719333,7.6,1106.0
GTEX-N7MS-0011-R3a-SM-33HC6.1,BRAIN,64.5,0.0013766374328074,9.240109809976284,7.6,1106.0
GTEX-N7MS-0011-R3a-SM-5SI8H.1,BRAIN,64.5,0.0021625787337526,10.870098781311604,7.6,1106.0
GTEX-N7MS-0011-R4a-SM-2HMKW.1,BRAIN,64.5,0.0011579998145347,17.40096222526487,6.2,1106.0
GTEX-N7MS-0011-R5a-SM-2HMK8.1,BRAIN,64.5,0.0013711129841994,15.673392841450951,7.8,1106.0
GTEX-N7MS-0011-R6a-SM-2HMJ4.1,BRAIN,64.5,0.0020626888888495,13.703425168391307,7.6,1106.0
GTEX-N7MS-0011-R7a-SM-2HMKN.1,BRAIN,64.5,0.0007294717995977,10.961813610920602,6.4,1106.0
GTEX-N7MS-0011-R8a-SM-2YUMK.1,BRAIN,64.5,0.0014237877083148,24.17403445309863,6.8,1106.0
GTEX-N7MS-0225-SM-4E3HO.1,SKIN,64.5,0.0026520718151735,39.26011947500544,7.7,1180.0
GTEX-N7MS-0426-SM-2YUN6.1,MUSCLE,64.5,0.0030443377715641,8.4753547394749,6.6,1193.0
GTEX-N7MS-0826-SM-2HML4.1,HEART,64.5,0.0022239083074994,24.122439863994465,8.5,1229.0
GTEX-N7MS-2425-SM-26GMD.1,BRAIN,64.5,0.0009646361987382,6.0856387593776695,8.7,1285.0
GTEX-N7MS-2425-SM-26GMU.1,BRAIN,64.5,0.0011566667168081,5.623710174667293,8.7,1285.0
GTEX-N7MS-2526-SM-26GMA.1,BRAIN,64.5,0.0019624140651372,10.113351863200151,9.6,1286.0
GTEX-N7MS-2526-SM-26GMR.1,BRAIN,64.5,0.0018737839155075,5.439102574124273,9.6,1286.0
GTEX-N7MS-2526-SM-2D7W3.1,BRAIN,64.5,0.0025670955209826,14.80289352530624,9.6,1286.0
GTEX-N7MT-0011-R10A-SM-2I3E1.1,BRAIN,64.5,0.0014997814511664,11.509864536537732,6.8,443.0
GTEX-N7MT-0011-R11A-SM-2I3DZ.1,BRAIN,64.5,0.0011102011844534,14.3736691682935,6.4,443.0
GTEX-N7MT-0011-R1a-SM-2TC6G.1,BRAIN,64.5,0.0011221277540484,17.67004967900432,7.0,443.0
GTEX-N7MT-0011-R1a-SM-5SI7S.1,BRAIN,64.5,0.0008407500225402,13.71636661792476,7.0,443.0
GTEX-N7MT-0011-R1a-SM-CNPO1.1,BRAIN,64.5,0.0008943545148989,13.071483164122863,7.0,443.0
GTEX-N7MT-0011-R2a-SM-2I3GI.1,BRAIN,64.5,0.0016393191180793,31.215491355138287,6.6,443.0
GTEX-N7MT-0011-R3a-SM-2I3GC.1,BRAIN,64.5,0.0017398419171959,26.8190057922747,6.4,443.0
GTEX-N7MT-0011-R4a-SM-2I3G9.1,BRAIN,64.5,0.0006408988256293,14.016618781398376,6.5,443.0
GTEX-N7MT-0011-R5a-SM-2I3G6.1,BRAIN,64.5,0.0013870527256501,22.38497036409319,7.4,443.0
GTEX-N7MT-0011-R6a-SM-2I3G3.1,BRAIN,64.5,0.0016417536188557,19.605759813973485,7.5,443.0
GTEX-N7MT-0011-R7a-SM-2I3FZ.1,BRAIN,64.5,0.0011240025736976,12.997829626127132,7.3,443.0
GTEX-N7MT-0011-R8a-SM-2I5GU.1,BRAIN,64.5,0.0009495549242363,13.651752857858696,5.3,443.0
GTEX-N7MT-1126-SM-2YUNQ.1,BRAIN,64.5,0.0012024252510827,15.923456619522232,7.2,536.0
GTEX-N7MT-1126-SM-5SI7V.1,BRAIN,64.5,0.0008232081199122,12.2351197990963,7.2,536.0
GTEX-N7MT-1126-SM-CYPQY.1,BRAIN,64.5,0.0009504524750771,12.993572108829325,7.2,536.0
GTEX-N7MT-1226-SM-26GMC.1,BRAIN,64.5,0.001256191793174,9.373358127968704,9.5,538.0
GTEX-N7MT-1226-SM-26GMT.1,BRAIN,64.5,0.0015846385921512,7.056641570182446,9.5,538.0
GTEX-N7MT-1226-SM-2D7W4.1,BRAIN,64.5,0.0014391863532265,14.506328148173669,9.5,538.0
GTEX-N7MT-1226-SM-2TC6K.1,BRAIN,64.5,0.0015729518884738,14.544615061878757,9.5,538.0
GTEX-N7MT-1226-SM-DKPOK.1,BRAIN,64.5,0.0016748818153505,14.228528280129128,9.5,538.0
GTEX-N7MT-1326-SM-2I3FV.1,HEART,64.5,0.0001111048989289,6.5269236439802345,7.9,465.0
GTEX-NFK9-0008-SM-4E3JE.1,SKIN,44.5,0.0056053355081779,178.4303130730646,10.0,
GTEX-NFK9-0226-SM-2HMKQ.1,SKIN,44.5,0.0018708203612321,19.739169043374204,9.6,294.0
GTEX-NFK9-0626-SM-2HMIV.1,MUSCLE,44.5,0.0035619904400139,6.934813533963604,9.9,330.0
GTEX-NFK9-0926-SM-2HMJU.1,HEART,44.5,0.0009965976980394,8.364628875782861,9.4,351.0
GTEX-NL3G-0008-SM-4E3JX.1,SKIN,64.5,0.0051456598762399,107.21954180508084,10.0,
GTEX-NL3H-0008-SM-4E3HU.1,SKIN,64.5,0.005548927691063,119.47370236336155,10.0,
GTEX-NL3H-0011-R10A-SM-2I3E9.1,BRAIN,64.5,0.0025597053330833,8.954653004141225,7.7,680.0
GTEX-NL3H-0011-R11A-SM-2I3E6.1,BRAIN,64.5,0.0035846132694434,15.877376762905044,7.0,680.0
GTEX-NL3H-0011-R1a-SM-48TDJ.1,BRAIN,64.5,0.0004863002991133,4.257186783214834,6.7,680.0
GTEX-NL3H-0011-R2a-SM-2I3GG.1,BRAIN,64.5,0.0005564647272251,7.56543464959646,6.3,680.0
GTEX-NL3H-0011-R3a-SM-2I3GL.1,BRAIN,64.5,0.0010482241276472,7.824260004539443,7.6,680.0
GTEX-NL3H-0011-R4a-SM-2I3GK.1,BRAIN,64.5,0.0006332252657889,9.388418445172638,7.0,680.0
GTEX-NL3H-0011-R5a-SM-2I3GB.1,BRAIN,64.5,0.0006392019988814,12.679306730647594,7.8,680.0
GTEX-NL3H-0011-R6a-SM-2I3G8.1,BRAIN,64.5,0.0013533670268668,12.660205467050618,8.4,680.0
GTEX-NL3H-0011-R7a-SM-2I3G5.1,BRAIN,64.5,0.0003318378927335,7.809936536102055,7.0,680.0
GTEX-NL3H-0011-R8a-SM-2YUNH.1,BRAIN,64.5,0.0006306365509846,10.20026486052762,7.1,680.0
GTEX-NL3H-0011-R8a-SM-5S2VF.1,BRAIN,64.5,0.000522151697693,7.837019735721746,7.1,680.0
GTEX-NL3H-0011-R8a-SM-DIPDY.1,BRAIN,64.5,0.0007064059879507,8.59871215024232,7.1,680.0
GTEX-NL4W-0008-SM-4E3I2.1,SKIN,54.5,0.0053714638610459,116.06154578359886,10.0,
GTEX-NL4W-0011-R10A-SM-2I3DY.1,BRAIN,54.5,0.0008894658339834,19.63391708764969,6.1,852.0
GTEX-NL4W-0011-R11A-SM-2I3DW.1,BRAIN,54.5,0.0022327830281519,13.291287338505107,5.0,852.0
GTEX-NL4W-0011-R2a-SM-2I5GV.1,BRAIN,54.5,0.0004020003597555,23.739601661541247,5.1,852.0
GTEX-NL4W-0011-R4a-SM-2I5GZ.1,BRAIN,54.5,0.0009825292481154,15.600544443191398,5.9,852.0
GTEX-NL4W-0011-R5a-SM-2I3GD.1,BRAIN,54.5,0.0006868371671129,17.31430323620857,7.5,852.0
GTEX-NL4W-0011-R6a-SM-2I3GA.1,BRAIN,54.5,0.0008326474554923,13.399582426350158,7.2,852.0
GTEX-NL4W-0011-R8a-SM-2I3G4.1,BRAIN,54.5,0.0009303542996874,19.474788292741533,6.5,852.0
GTEX-NL4W-0011-R9a-SM-2I3G1.1,BRAIN,54.5,0.0006590987462421,35.457890687020864,6.0,852.0
GTEX-NPJ7-0008-SM-4E3JS.1,SKIN,64.5,0.005088065449448,162.02159391280816,10.0,
GTEX-NPJ7-0011-R10A-SM-2I3E5.1,BRAIN,64.5,0.0016850587796869,18.328640408020583,7.3,650.0
GTEX-NPJ7-0011-R11A-SM-2I3E8.1,BRAIN,64.5,0.0014146811309434,14.218830480738804,7.2,650.0
GTEX-NPJ7-0011-R1a-SM-3GACT.1,BRAIN,64.5,0.0005211313835244,9.610502178740331,6.7,650.0
GTEX-NPJ7-0011-R2a-SM-2I3GF.1,BRAIN,64.5,0.0015972035053553,31.52443707887871,7.0,650.0
GTEX-NPJ7-0011-R4a-SM-2I3GJ.1,BRAIN,64.5,0.0006000412254083,9.861114145107283,6.0,650.0
GTEX-NPJ7-0011-R5a-SM-2I5GY.1,BRAIN,64.5,0.0004810149338752,10.21675146811962,5.9,650.0
GTEX-NPJ7-0011-R5a-SM-33HBK.1,BRAIN,64.5,0.0004977981132706,9.801389835139672,5.9,650.0
GTEX-NPJ7-0011-R6a-SM-2I3G7.1,BRAIN,64.5,0.0012383543662194,11.900095239664545,7.7,650.0
GTEX-NPJ7-0011-R7a-SM-EV79B.1,BRAIN,64.5,0.0003504403144672,6.421166581426933,5.6,650.0
GTEX-NPJ7-0011-R8a-SM-2I3G2.1,BRAIN,64.5,0.0014253653905356,17.70016726508206,7.1,650.0
GTEX-NPJ7-0011-R9a-SM-2TC5R.1,BRAIN,64.5,0.0009725771359301,26.870629360664648,7.0,650.0
GTEX-NPJ7-2726-SM-2I3FT.1,BRAIN,64.5,0.00071722142077,10.944168827986712,8.9,643.0
GTEX-NPJ7-2826-SM-2I3FU.1,BRAIN,64.5,0.0009253547951612,12.902499315355833,9.4,646.0
GTEX-NPJ8-0011-R10A-SM-2YUMO.1,BRAIN,44.5,0.0029738150187338,22.94706386491128,7.8,379.0
GTEX-NPJ8-0011-R11A-SM-2YUMS.1,BRAIN,44.5,0.0023936363114738,20.494049285836155,7.8,379.0
GTEX-NPJ8-0011-R1a-SM-2HMLC.1,BRAIN,44.5,0.0003782410689882,13.545911242242576,6.6,379.0
GTEX-NPJ8-0011-R1a-SM-33HCB.1,BRAIN,44.5,0.0002338912307542,11.43933879984174,6.6,379.0
GTEX-NPJ8-0011-R1a-SM-5SI8B.1,BRAIN,44.5,0.0003333093503452,12.077649735866627,6.6,379.0
GTEX-NPJ8-0011-R2a-SM-2TC6M.1,BRAIN,44.5,0.0004813855005528,21.159514886249,5.9,379.0
GTEX-NPJ8-0011-R3a-SM-2HMIW.1,BRAIN,44.5,0.0017418481873994,38.38293284737953,7.3,379.0
GTEX-NPJ8-0011-R4a-SM-2HML3.1,BRAIN,44.5,0.0005242387942283,15.041551078011684,6.5,379.0
GTEX-NPJ8-0011-R5a-SM-2HMJY.1,BRAIN,44.5,0.0008997493442038,25.20830034785204,7.3,379.0
GTEX-NPJ8-0011-R6a-SM-2HMKB.1,BRAIN,44.5,0.0017166666852441,24.04453506009884,7.8,379.0
GTEX-NPJ8-0011-R7a-SM-2HMJV.1,BRAIN,44.5,0.0005895834328688,14.629513965307236,6.1,379.0
GTEX-NPJ8-0011-R8a-SM-2HMLG.1,BRAIN,44.5,0.0022702226349771,36.977432225494624,7.9,379.0
GTEX-NPJ8-0011-R9a-SM-2YUN5.1,BRAIN,44.5,0.002037783207139,38.71909322181384,7.5,379.0
GTEX-NPJ8-0126-SM-2YUNR.1,SKIN,44.5,0.0030400970202867,21.88832960188294,7.5,311.0
GTEX-NPJ8-0426-SM-2HMK6.1,HEART,44.5,0.0019442221532198,19.349524879766637,8.8,325.0
GTEX-NPJ8-1526-SM-26GMH.1,BRAIN,44.5,0.0018057240558077,15.342826396752312,9.4,379.0
GTEX-NPJ8-1526-SM-26GMY.1,BRAIN,44.5,0.0013899202456521,14.983596874190557,9.4,379.0
GTEX-NPJ8-1526-SM-2D7VU.1,BRAIN,44.5,0.0022054407521267,23.388219649166643,9.4,379.0
GTEX-NPJ8-1626-SM-2HMIY.1,MUSCLE,44.5,0.004396530025482,9.215084177917433,9.8,308.0
GTEX-NPJ8-2626-SM-26GMI.1,BRAIN,44.5,0.0014087504635212,12.25013641330497,8.8,380.0
GTEX-NPJ8-2626-SM-26GMZ.1,BRAIN,44.5,0.0019007738516027,6.000931834656738,8.8,380.0
GTEX-NPJ8-2626-SM-2D7W2.1,BRAIN,44.5,0.0015707024985235,18.407868042642903,8.8,380.0
GTEX-O5YT-0008-SM-4E3IQ.1,SKIN,24.5,0.004731102834972,141.5677982054582,10.0,239.0
GTEX-O5YT-0126-SM-48TBW.1,SKIN,24.5,0.0032427750906695,57.114866758564034,5.9,242.0
GTEX-O5YT-0326-SM-32PKA.1,HEART,24.5,0.0016201560275062,14.39771331605361,8.0,139.0
GTEX-O5YT-0826-SM-3TW8N.1,LIVER,24.5,0.0072241743070582,40.673328305882656,7.4,168.0
GTEX-O5YT-1626-SM-32PK6.1,MUSCLE,24.5,0.0015914160105309,8.273835388907784,7.7,248.0
GTEX-O5YU-0008-SM-4E3I7.1,SKIN,64.5,0.0053837058926965,109.5299949166713,10.0,
GTEX-O5YV-0008-SM-4E3HP.1,SKIN,64.5,0.0056563320355796,109.68403329628666,10.0,
GTEX-O5YV-0326-SM-2I5H2.1,HEART,64.5,0.0019309822295287,19.8868233211103,6.9,248.0
GTEX-O5YV-0726-SM-EV798.1,LIVER,64.5,0.0016380200365874,29.9031635907416,5.7,260.0
GTEX-O5YV-2026-SM-26GMK.1,MUSCLE,64.5,0.0021986857958266,5.549329996559974,7.1,293.0
GTEX-O5YV-2026-SM-26GN2.1,MUSCLE,64.5,0.0015160398228897,3.8180478609709234,7.1,293.0
GTEX-O5YV-2026-SM-2D7VS.1,MUSCLE,64.5,0.0019974534043663,7.752719921695076,7.1,293.0
GTEX-O5YW-0008-SM-4E3IE.1,SKIN,54.5,0.0046218054288071,222.6801086308937,10.0,
GTEX-O5YW-0126-SM-3LK6D.1,SKIN,54.5,0.0017060870798172,19.41147401653365,5.4,194.0
GTEX-O5YW-0326-SM-2I5EI.1,HEART,54.5,0.0016839198473053,10.516808155164863,8.0,138.0
GTEX-OHPJ-0008-SM-4E3JG.1,SKIN,64.5,0.0052293748405706,100.94178408980332,10.0,
GTEX-OHPJ-0926-SM-2HMJ1.1,HEART,64.5,0.0016266748810421,17.0775373731608,8.2,437.0
GTEX-OHPJ-1626-SM-2HMKO.1,MUSCLE,64.5,0.0018027914176037,6.737937650818499,7.5,456.0
GTEX-OHPK-0008-SM-4E3JL.1,SKIN,54.5,0.0066470581561247,112.88250449484065,10.0,264.0
GTEX-OHPK-0326-SM-2HMJO.1,HEART,54.5,0.0012836159049641,10.495385734034198,7.3,313.0
GTEX-OHPK-1626-SM-2YUN3.1,MUSCLE,54.5,0.0024188464926435,8.158714143890592,6.9,441.0
GTEX-OHPL-0008-SM-4E3I9.1,SKIN,64.5,0.0050260908491452,129.57385866582274,10.0,
GTEX-OHPL-0126-SM-2HMJ7.1,SKIN,64.5,0.0014662180577867,17.79576665799926,7.1,189.0
GTEX-OHPL-0326-SM-2HMKS.1,HEART,64.5,0.0020764084503217,15.801167707603168,8.5,84.0
GTEX-OHPL-0326-SM-33HC8.1,HEART,64.5,0.0008383599884145,9.790459955613162,8.5,84.0
GTEX-OHPL-1626-SM-2HMIR.1,MUSCLE,64.5,0.0023880254949465,10.688227955666228,8.0,193.0
GTEX-OHPM-0008-SM-4E3IP.1,SKIN,54.5,0.0056028139521552,171.00119664574518,10.0,
GTEX-OHPM-0126-SM-2YUN9.1,SKIN,54.5,0.0008981235792165,17.05712832427618,6.1,149.0
GTEX-OHPM-0326-SM-2HMKT.1,HEART,54.5,0.0021265609847133,10.90994381740706,7.3,72.0
GTEX-OHPM-0326-SM-33HCA.1,HEART,54.5,0.00108018994884,9.499410883301756,7.3,72.0
GTEX-OHPM-1626-SM-2HMK4.1,MUSCLE,54.5,0.0031248187200348,8.914773249033923,8.5,155.0
GTEX-OHPN-0008-SM-4E3HW.1,SKIN,64.5,0.0050176030703496,201.06250429350916,10.0,
GTEX-OHPN-0011-R10A-SM-2I5FL.1,BRAIN,64.5,0.0003799679844018,9.679905928495948,5.7,350.0
GTEX-OHPN-0011-R10A-SM-33HBU.1,BRAIN,64.5,0.000344514922647,9.560395224343806,5.7,350.0
GTEX-OHPN-0011-R10A-SM-5S2U3.1,BRAIN,64.5,0.0004527689866979,10.663671198545964,5.7,350.0
GTEX-OHPN-0011-R11A-SM-2I5FM.1,BRAIN,64.5,0.0003599471426908,5.0623183235721925,5.9,350.0
GTEX-OHPN-0011-R1A-SM-2I5GB.1,BRAIN,64.5,0.0003903724871434,5.712737920451764,6.0,350.0
GTEX-OHPN-0011-R2A-SM-2I5FB.1,BRAIN,64.5,0.0003123950318752,10.073905781098254,6.0,350.0
GTEX-OHPN-0011-R3A-SM-2I5FC.1,BRAIN,64.5,0.0004533572529491,13.780287972475772,5.5,350.0
GTEX-OHPN-0011-R4A-SM-2I5FD.1,BRAIN,64.5,0.0003274260675528,7.412437239502659,5.0,350.0
GTEX-OHPN-0011-R5A-SM-2I5FF.1,BRAIN,64.5,0.0008228520402969,16.73792683536613,7.4,350.0
GTEX-OHPN-0011-R6A-SM-2I5FH.1,BRAIN,64.5,0.00054144089694,18.138769046499725,6.4,350.0
GTEX-OHPN-0011-R7A-SM-2I5FI.1,BRAIN,64.5,0.0004577034524604,9.18617214969814,6.4,350.0
GTEX-OHPN-0011-R8A-SM-2I5FJ.1,BRAIN,64.5,0.0002459383535034,10.115163390637022,5.4,350.0
GTEX-OHPN-0011-R8A-SM-33HBT.1,BRAIN,64.5,0.0001888838907221,10.089041459859825,5.4,350.0
GTEX-OHPN-0011-R9A-SM-2YUMN.1,BRAIN,64.5,0.0009606128695456,41.23449823352575,7.0,350.0
GTEX-OHPN-0011-R9A-SM-4DXUH.1,BRAIN,64.5,0.0010417573343769,42.4904822130018,7.0,350.0
GTEX-OHPN-0011-R9A-SM-5TDEJ.1,BRAIN,64.5,0.0008491381221153,39.38745779815068,7.0,350.0
GTEX-OHPN-2526-SM-2I5H3.1,BRAIN,64.5,0.0010820314372646,17.177629202389824,6.8,506.0
GTEX-OHPN-2626-SM-2I5H1.1,BRAIN,64.5,0.0004424270279387,7.678430435575651,6.3,507.0
GTEX-OHPN-2726-SM-2I5H4.1,MUSCLE,64.5,0.0019578496535696,11.906634014049075,7.0,510.0
GTEX-OIZF-0126-SM-7SB8I.1,SKIN,64.5,0.0021203054981303,30.48509177509425,7.3,215.0
GTEX-OIZF-0326-SM-3MJGY.1,HEART,64.5,0.0019274464547044,13.28812527295874,8.2,121.0
GTEX-OIZF-0826-SM-3MJGO.1,LIVER,64.5,0.0020430145923297,31.36659169286331,8.3,101.0
GTEX-OIZF-1626-SM-2YUNE.1,MUSCLE,64.5,0.0026014923145303,6.329113458562492,7.9,222.0
GTEX-OIZG-0008-SM-4E3J2.1,SKIN,54.5,0.0054241063580068,99.658251429499,10.0,
GTEX-OIZG-0726-SM-2I5GS.1,SKIN,54.5,0.0032040062480438,21.16017120505966,5.9,730.0
GTEX-OIZG-0726-SM-33HBL.1,SKIN,54.5,0.0030734018019426,23.950038248082,5.9,730.0
GTEX-OIZG-1126-SM-2HMIU.1,HEART,54.5,0.0009741503704827,9.030545793429097,6.7,741.0
GTEX-OIZG-1326-SM-2HMIQ.1,MUSCLE,54.5,0.002238244796458,5.254880687506466,7.8,748.0
GTEX-OIZH-0126-SM-2HMIS.1,SKIN,54.5,0.0034388843858855,20.778775645391796,6.6,219.0
GTEX-OIZH-0326-SM-2HMKC.1,HEART,54.5,0.0023043317860477,16.236827506721056,7.6,126.0
GTEX-OIZH-1626-SM-2HMKI.1,MUSCLE,54.5,0.0019594071438284,5.982968869846953,7.9,234.0
GTEX-OIZI-0008-SM-2XCFD.1,SKIN,44.5,0.0027623878109765,134.75723542637868,10.0,
GTEX-OIZI-0626-SM-2XCEH.1,MUSCLE,44.5,0.0010224741045177,6.171807937538055,8.4,418.0
GTEX-OIZI-0926-SM-E6CHF.1,HEART,44.5,0.002398941623965,32.607084834246244,5.6,455.0
GTEX-OOBJ-0008-SM-3NB26.1,SKIN,64.5,0.0039752096884364,71.7290301771617,10.0,
GTEX-OOBJ-0126-SM-E6CJW.1,SKIN,64.5,0.0011950918334662,17.88696732067398,5.8,211.0
GTEX-OOBJ-0326-SM-2I3F8.1,HEART,64.5,0.0026456656234834,14.204312311213032,7.5,119.0
GTEX-OOBJ-0326-SM-33HBO.1,HEART,64.5,0.0019964347923405,13.213498895755857,7.5,119.0
GTEX-OOBJ-0326-SM-5SI84.1,HEART,64.5,0.0032002514646613,15.610748987865534,7.5,119.0
GTEX-OOBJ-0826-SM-3NB2K.1,LIVER,64.5,0.0018840611306196,24.45670856471304,7.2,139.0
GTEX-OOBJ-1626-SM-2I3F7.1,MUSCLE,64.5,0.0021873818557114,5.789436620417956,8.0,217.0
GTEX-OOBK-0008-SM-3NB27.1,SKIN,44.5,0.0042170884570446,108.74404642196924,10.0,
GTEX-OOBK-0126-SM-2YUND.1,SKIN,44.5,0.002169721133219,30.657852026149992,7.2,261.0
GTEX-OOBK-1626-SM-2HMKG.1,MUSCLE,44.5,0.0031519808712407,9.429257111278243,7.9,285.0
GTEX-OOBK-3025-SM-48TBP.1,HEART,44.5,0.0050068418687714,91.40379086779632,8.2,220.0
GTEX-OXRK-0008-SM-3NB28.1,SKIN,54.5,0.0068285671849096,115.24790901801772,9.8,
GTEX-OXRK-0226-SM-2YUN1.1,SKIN,54.5,0.0015027179668749,27.02376958695961,6.7,280.0
GTEX-OXRK-0226-SM-3NB2G.1,SKIN,54.5,0.0016297805124996,28.05717041538741,6.7,280.0
GTEX-OXRK-0826-SM-2HMK7.1,HEART,54.5,0.0025940326836904,16.926711502638554,8.6,303.0
GTEX-OXRK-1826-SM-2HMJE.1,MUSCLE,54.5,0.0029765309733629,6.127157654140173,7.6,322.0
GTEX-OXRL-0008-SM-3NB29.1,SKIN,54.5,0.0042933216954599,87.78936223814154,10.0,310.0
GTEX-OXRL-0126-SM-2YUMP.1,SKIN,54.5,0.0008045719907806,20.198811208330085,6.0,312.0
GTEX-OXRL-0326-SM-2I3F2.1,HEART,54.5,0.002132653095069,13.018897083379692,7.8,250.0
GTEX-OXRL-0326-SM-447BG.1,HEART,54.5,0.0024104521360802,13.768085050246748,7.8,250.0
GTEX-OXRL-0326-SM-4MVNY.1,HEART,54.5,0.0023901014873806,14.102300585515978,7.8,250.0
GTEX-OXRL-1626-SM-2YUMU.1,MUSCLE,54.5,0.0025791159891339,6.064000586624572,7.9,323.0
GTEX-OXRN-0011-R10A-SM-2I5GC.1,BRAIN,54.5,0.0007927847271064,10.217358665566705,7.4,514.0
GTEX-OXRN-0011-R5A-SM-2I5EF.1,BRAIN,54.5,0.0003713107796557,8.781935566592102,6.9,514.0
GTEX-OXRN-0011-R8A-SM-E9TI1.1,BRAIN,54.5,0.0001727535685812,3.2337347398662484,5.7,514.0
GTEX-OXRN-0126-SM-48TDM.1,SKIN,54.5,0.0020658367951704,24.934400182322403,8.6,572.0
GTEX-OXRN-1326-SM-3LK5V.1,MUSCLE,54.5,0.0029984076162486,7.837119167631722,7.3,733.0
GTEX-OXRN-2426-SM-2I5EQ.1,BRAIN,54.5,0.0007283216040831,10.393496913660876,7.2,786.0
GTEX-OXRO-0011-R10A-SM-2I5EH.1,BRAIN,64.5,0.0005717329055868,8.05068291452546,6.1,825.0
GTEX-OXRO-0011-R2A-SM-3NB1W.1,BRAIN,64.5,0.0004998437971487,8.177105845250193,6.3,825.0
GTEX-OXRO-0011-R5A-SM-2I5EG.1,BRAIN,64.5,0.0001641435736586,3.9897268837068007,5.3,825.0
GTEX-OXRO-0011-R9A-SM-3NB1X.1,BRAIN,64.5,0.0004938607608011,15.16171677638691,6.1,825.0
GTEX-OXRO-0011-R9A-SM-5S2RR.1,BRAIN,64.5,0.000444851388705,14.78297531520367,6.1,825.0
GTEX-OXRO-0011-R9A-SM-5S2W3.1,BRAIN,64.5,0.0003908771311864,13.41631737141305,6.1,825.0
GTEX-OXRO-0126-SM-2YUN4.1,SKIN,64.5,0.0025793060652713,34.146417412512655,7.0,835.0
GTEX-OXRO-1726-SM-3LK6C.1,MUSCLE,64.5,0.0025860250451676,28.789731071344168,6.4,832.0
GTEX-OXRO-2026-SM-2YUMZ.1,HEART,64.5,0.0004238932217855,5.878242459664506,5.1,848.0
GTEX-OXRP-0126-SM-3NB32.1,SKIN,64.5,0.0029124941939283,46.823781232171214,8.4,1063.0
GTEX-OXRP-0126-SM-48TDI.1,SKIN,64.5,0.0031606691948516,45.69474146199399,8.4,1063.0
GTEX-OXRP-2326-SM-2S1NL.1,MUSCLE,64.5,0.003201694516477,9.63776012989391,8.0,1113.0
GTEX-P44G-0011-R10A-SM-2I3FF.1,BRAIN,34.5,0.0016669602688964,14.834299198677042,8.0,574.0
GTEX-P44G-0011-R11A-SM-2I3FD.1,BRAIN,34.5,0.0021484045377463,15.261954234405264,8.4,574.0
GTEX-P44G-0011-R1A-SM-2I3FE.1,BRAIN,34.5,0.0010237340401616,14.96851173418976,7.3,574.0
GTEX-P44G-0011-R2A-SM-2XCD2.1,BRAIN,34.5,0.0010463542973729,18.70176171155104,6.5,574.0
GTEX-P44G-0011-R3A-SM-2I3FC.1,BRAIN,34.5,0.0017175609416951,12.554167322920229,7.9,574.0
GTEX-P44G-0011-R4A-SM-2I3FB.1,BRAIN,34.5,0.0005558103615245,12.030064386805408,6.6,574.0
GTEX-P44G-0011-R5A-SM-2I3FA.1,BRAIN,34.5,0.000759672608997,15.017023606608676,8.0,574.0
GTEX-P44G-0011-R6A-SM-2XCD3.1,BRAIN,34.5,0.001180794850364,22.951319189882504,7.4,574.0
GTEX-P44G-0011-R7A-SM-2I3F9.1,BRAIN,34.5,0.0005714562712393,11.021186124722965,7.5,574.0
GTEX-P44G-0226-SM-2I3F3.1,SKIN,34.5,0.0012587525433226,26.71215546829773,6.3,667.0
GTEX-P44G-0526-SM-2XCD1.1,MUSCLE,34.5,0.0017031369975974,12.766426639547474,7.6,698.0
GTEX-P44G-0826-SM-2I5ES.1,HEART,34.5,0.0002973507312796,7.715226300981268,5.9,713.0
GTEX-P44G-1126-SM-3NM9D.1,LIVER,34.5,0.0003259963124364,21.871693967562724,6.0,722.0
GTEX-P44G-2426-SM-2I5ER.1,BRAIN,34.5,0.0010460268493701,14.50613401398773,7.5,782.0
GTEX-P44G-2526-SM-2I5EK.1,BRAIN,34.5,0.0009823332487582,10.520838012715265,7.0,784.0
GTEX-P44H-0008-SM-48TDW.1,SKIN,44.5,0.0060379724261195,113.16589564123088,9.9,
GTEX-P44H-0011-R10A-SM-2XCEK.1,BRAIN,44.5,0.0012620021470124,15.22779366303888,6.4,280.0
GTEX-P44H-0011-R11A-SM-2XCER.1,BRAIN,44.5,0.0036611938411861,16.097917249838993,6.9,280.0
GTEX-P44H-0011-R1A-SM-3NM8J.1,BRAIN,44.5,0.0016698890212225,23.120045218818657,6.5,280.0
GTEX-P44H-0011-R3A-SM-2XCEQ.1,BRAIN,44.5,0.0011595929348767,18.763005662250205,6.1,280.0
GTEX-P44H-0011-R3A-SM-5SI8A.1,BRAIN,44.5,0.0013509186222651,16.410238679257933,6.1,280.0
GTEX-P44H-0011-R3A-SM-D3L8E.1,BRAIN,44.5,0.0017273966257462,17.360110477922326,6.1,280.0
GTEX-P44H-0011-R4A-SM-2XCEW.1,BRAIN,44.5,0.0007820937651527,12.874236032762528,6.5,280.0
GTEX-P44H-0011-R5A-SM-2XCEX.1,BRAIN,44.5,0.0013749130727553,17.766546308260157,7.7,280.0
GTEX-P44H-0011-R6A-SM-2XCF3.1,BRAIN,44.5,0.0012456437718649,26.206596123472057,6.5,280.0
GTEX-P44H-0011-R8A-SM-2XCEL.1,BRAIN,44.5,0.0014126596642075,18.42144886834678,6.9,280.0
GTEX-P44H-0226-SM-2XCEU.1,SKIN,44.5,0.001293730522498,25.118643333173047,7.0,458.0
GTEX-P44H-0426-SM-2XCEZ.1,MUSCLE,44.5,0.0016691734092674,7.350929119647519,7.9,487.0
GTEX-P44H-0726-SM-48TBT.1,HEART,44.5,0.0017481972536524,21.52606218505281,5.9,504.0
GTEX-P44H-2426-SM-2XCEJ.1,BRAIN,44.5,0.0024535336271401,19.85018494584511,7.1,597.0
GTEX-P4PP-0008-SM-48TDV.1,SKIN,34.5,0.0066584556748161,87.23817931460053,10.0,198.0
GTEX-P4PP-0126-SM-3LK69.1,SKIN,34.5,0.0038133283894278,21.642014987843805,6.1,196.0
GTEX-P4PP-0326-SM-2HML9.1,HEART,34.5,0.0016451283935278,12.093730996523984,8.6,78.0
GTEX-P4PP-0326-SM-33HC4.1,HEART,34.5,0.0007329403304106,7.353101313271858,8.6,78.0
GTEX-P4PP-0326-SM-5S2TQ.1,HEART,34.5,0.0010781657785907,9.49099318792923,8.6,78.0
GTEX-P4PP-1626-SM-2HMJF.1,MUSCLE,34.5,0.0013481590495527,9.589774215845896,8.5,200.0
GTEX-P4PQ-0008-SM-48TDX.1,SKIN,64.5,0.0070618416369231,140.9592300628205,10.0,235.0
GTEX-P4PQ-0126-SM-2S1NM.1,SKIN,64.5,0.0020698020230486,23.85564009634272,6.0,235.0
GTEX-P4PQ-0326-SM-2HMJ8.1,HEART,64.5,0.0018693848597998,14.453113242400963,8.2,164.0
GTEX-P4PQ-1626-SM-2HMKK.1,MUSCLE,64.5,0.0020529510116125,9.46316267850384,8.4,241.0
GTEX-P4QR-0008-SM-48TE2.1,SKIN,64.5,0.005792033331982,163.76110697691158,10.0,412.0
GTEX-P4QR-0326-SM-2S1NU.1,SKIN,64.5,0.0017493707503412,44.93929701949632,6.2,411.0
GTEX-P4QR-0326-SM-5SI8P.1,SKIN,64.5,0.0015376697794488,48.17258620969704,6.2,411.0
GTEX-P4QR-0726-SM-2I5GO.1,MUSCLE,64.5,0.0021760138948412,8.09853074768791,7.7,445.0
GTEX-P4QS-0008-SM-48TDY.1,SKIN,64.5,0.0066543851510379,157.61999804823554,10.0,204.0
GTEX-P4QS-0326-SM-2I3EU.1,HEART,64.5,0.0022772287438001,42.97412115271713,8.8,83.0
GTEX-P4QS-1626-SM-2S1NH.1,MUSCLE,64.5,0.0015068384259448,7.752974565960387,7.4,213.0
GTEX-P4QT-0008-SM-48TDZ.1,SKIN,54.5,0.0056142577201652,157.65202540303636,10.0,214.0
GTEX-P4QT-0126-SM-2I3FL.1,SKIN,54.5,0.0022837380370346,16.406048001416586,6.3,212.0
GTEX-P4QT-1626-SM-2S1NP.1,MUSCLE,54.5,0.0014489530795045,6.933135177994931,8.3,215.0
GTEX-P4QT-1626-SM-5S2UR.1,MUSCLE,54.5,0.0013112259051945,5.856923397328991,8.3,215.0
GTEX-P4QT-1626-SM-DHXIR.1,MUSCLE,54.5,0.001686343695816,5.993079085827469,8.3,215.0
GTEX-P78B-0008-SM-48TE1.1,SKIN,44.5,0.0029853918416632,74.6318350718713,9.4,479.0
GTEX-P78B-0426-SM-2I5F5.1,HEART,44.5,0.0025766838521773,18.174312715914525,7.9,532.0
GTEX-P78B-1326-SM-3P611.1,LIVER,44.5,0.0014676364505561,28.61332032492805,7.8,573.0
GTEX-P78B-1326-SM-3P611.2,LIVER,44.5,0.0014676364505561,28.61332032492805,7.8,573.0
GTEX-P78B-1326-SM-3P611.3,LIVER,44.5,0.0014676364505561,28.61332032492805,7.8,573.0
GTEX-P78B-1626-SM-2S1O1.1,MUSCLE,44.5,0.0016995559281648,5.247777460276188,8.1,587.0
GTEX-P78B-1626-SM-5SI85.1,MUSCLE,44.5,0.002025539828236,4.553207879206506,8.1,587.0
GTEX-PLZ4-0008-SM-48TE6.1,SKIN,54.5,0.0052055293029732,122.08904329523574,10.0,653.0
GTEX-PLZ4-0126-SM-2S1OG.1,SKIN,54.5,0.0016645165303258,32.714363487126064,6.1,652.0
GTEX-PLZ4-0126-SM-5SI8O.1,SKIN,54.5,0.0014053614378169,31.389189099081744,6.1,652.0
GTEX-PLZ4-0926-SM-2S1OI.1,MUSCLE,54.5,0.0011690379418659,5.86385918606698,7.2,680.0
GTEX-PLZ5-0626-SM-2I5F8.1,HEART,54.5,0.0011486437355254,11.35217493285736,8.1,120.0
GTEX-PLZ5-1726-SM-2I5F6.1,MUSCLE,54.5,0.001533993137714,4.626664657381149,8.0,208.0
GTEX-PLZ5-2026-SM-2S1O4.1,SKIN,54.5,0.0009457769888018,18.834675062014973,6.7,210.0
GTEX-PLZ6-0008-SM-48TD5.1,SKIN,34.5,0.0039618794752358,83.97659734905865,9.6,219.0
GTEX-PLZ6-1426-SM-2S1OQ.1,SKIN,34.5,0.0011279736229535,16.552302647103698,7.0,231.0
GTEX-PLZ6-1426-SM-5S2TR.1,SKIN,34.5,0.0011608110308085,16.667206090074597,7.0,231.0
GTEX-PLZ6-1426-SM-DKPOT.1,SKIN,34.5,0.0014634637357443,16.887450858864106,7.0,231.0
GTEX-PLZ6-1526-SM-2S1OC.1,MUSCLE,34.5,0.0015610096847056,8.24713243212833,7.9,242.0
GTEX-POMQ-0008-SM-48TE7.1,SKIN,24.5,0.0032805852280536,49.17183105218293,8.8,355.0
GTEX-POMQ-0326-SM-2I5FO.1,HEART,24.5,0.0018547268462177,14.600322499160557,8.1,214.0
GTEX-POMQ-1926-SM-3NB1Y.1,MUSCLE,24.5,0.0026199927676497,9.937192890037904,8.2,313.0
GTEX-POMQ-2226-SM-2I5FK.1,SKIN,24.5,0.0054607460100689,242.3814653293332,7.1,362.0
GTEX-POYW-0008-SM-48TE4.1,SKIN,64.5,0.0078674325909548,109.47350539239804,10.0,669.0
GTEX-POYW-0526-SM-2XCEY.1,MUSCLE,64.5,0.0065203411452557,12.762106448084516,7.7,666.0
GTEX-POYW-0526-SM-5KM2H.1,MUSCLE,64.5,0.0077374666854168,11.99165601322218,7.7,666.0
GTEX-PSDG-0008-SM-48TE5.1,SKIN,54.5,0.0069285722013503,84.9525700354938,10.0,412.0
GTEX-PSDG-0226-SM-2I5FR.1,SKIN,54.5,0.0022416651842919,19.75208060237224,7.4,411.0
GTEX-PSDG-0226-SM-33HC1.1,SKIN,54.5,0.0016549034219486,19.47439290950679,7.4,411.0
GTEX-PSDG-0226-SM-DKPOZ.1,SKIN,54.5,0.0025101041790336,18.855281559622263,7.4,411.0
GTEX-PSDG-0426-SM-2S1OF.1,MUSCLE,54.5,0.0015956681321177,8.548893500611136,7.6,464.0
GTEX-PSDG-0426-SM-5SI86.1,MUSCLE,54.5,0.0016846228332029,7.936573062483446,7.6,464.0
GTEX-PSDG-0926-SM-2I5FP.1,HEART,54.5,0.0014201883878022,11.125310756218743,7.1,495.0
GTEX-PVOW-0008-SM-48TE8.1,SKIN,44.5,0.0028167294126359,89.85082007981846,9.1,635.0
GTEX-PVOW-0011-R10A-SM-EXOHB.1,BRAIN,44.5,0.002875204674882,9.193819984637257,5.5,517.0
GTEX-PVOW-0011-R1A-SM-32PL6.1,BRAIN,44.5,0.0011932879160984,15.570091989368446,6.7,517.0
GTEX-PVOW-0011-R3A-SM-32PKX.1,BRAIN,44.5,0.0015709520817066,14.316157809353946,7.4,517.0
GTEX-PVOW-0011-R5A-SM-32PL7.1,BRAIN,44.5,0.0009955032823342,17.63454546076764,7.9,517.0
GTEX-PVOW-0126-SM-2XCFA.1,SKIN,44.5,0.0014814191082025,28.772458385058325,7.6,634.0
GTEX-PVOW-0426-SM-2XCF8.1,HEART,44.5,0.000698216766469,12.40355532333822,6.9,651.0
GTEX-PVOW-0426-SM-5MR5R.1,HEART,44.5,0.0007531826554384,10.63166926085592,6.9,651.0
GTEX-PVOW-0426-SM-5N9DW.1,HEART,44.5,0.0010002712098515,12.94580798958946,6.9,651.0
GTEX-PVOW-2526-SM-2XCF7.1,BRAIN,44.5,0.0012045773571851,9.13578400532122,7.1,755.0
GTEX-PVOW-2626-SM-32PL8.1,BRAIN,44.5,0.0023666000049747,17.283786926659143,7.1,758.0
GTEX-PW2O-0008-SM-48TEB.1,SKIN,24.5,0.0053397283354611,106.85275614775072,10.0,274.0
GTEX-PW2O-1526-SM-2I5FT.1,SKIN,24.5,0.0027985877736574,10.413025441728193,5.5,278.0
GTEX-PW2O-1526-SM-7RHHB.1,SKIN,24.5,0.0009920978942144,18.17061514529181,5.7,278.0
GTEX-PW2O-1726-SM-2S1OO.1,MUSCLE,24.5,0.0010025666114226,5.6714374276669295,6.7,283.0
GTEX-PWCY-0008-SM-48TE9.1,SKIN,24.5,0.0034211027816485,103.21691590754897,9.8,276.0
GTEX-PWCY-0526-SM-2I3ER.1,HEART,24.5,0.0019660194396516,23.88563355245456,8.8,203.0
GTEX-PWCY-0526-SM-5P9HG.1,HEART,24.5,0.001768864374523,23.58035214505014,8.8,203.0
GTEX-PWCY-0526-SM-5PNU8.1,HEART,24.5,0.0018597446183634,24.882034657435536,8.8,203.0
GTEX-PWCY-1826-SM-2S1OK.1,SKIN,24.5,0.0017289274861537,20.43976633621845,6.2,281.0
GTEX-PWCY-1826-SM-5SI7U.1,SKIN,24.5,0.001795611763216,20.82070556125504,6.2,281.0
GTEX-PWCY-1826-SM-DHXIZ.1,SKIN,24.5,0.0023718479795345,20.938155121262525,6.2,281.0
GTEX-PWCY-2026-SM-2S1NF.1,MUSCLE,24.5,0.0012419160107118,5.531520614818142,8.1,290.0
GTEX-PWCY-2026-SM-5Q5BF.1,MUSCLE,24.5,0.0017971220165507,5.459681629772023,8.1,290.0
GTEX-PWCY-2026-SM-5QGQ9.1,MUSCLE,24.5,0.0017448794173942,5.423993669674961,8.1,290.0
GTEX-PWCY-2026-SM-5SI8R.1,MUSCLE,24.5,0.0016807437028232,5.578978460610473,8.1,290.0
GTEX-PWN1-0008-SM-48TEA.1,SKIN,44.5,0.0054333209441889,129.25682636783594,10.0,210.0
GTEX-PWN1-0126-SM-2I3FK.1,SKIN,44.5,0.0014978961978832,20.159384073788235,7.3,212.0
GTEX-PWN1-1626-SM-2S1OL.1,MUSCLE,44.5,0.001505750715606,6.4949971089378105,8.1,220.0
GTEX-PWO3-0011-R1A-SM-2I5EW.1,BRAIN,64.5,0.0006408226182092,15.3977732389873,6.8,1279.0
GTEX-PWO3-0011-R2A-SM-2S1OX.1,BRAIN,64.5,0.0006538975080314,15.74956847781649,6.7,1279.0
GTEX-PWO3-0011-R3A-SM-2I5EX.1,BRAIN,64.5,0.0007770296914801,16.13820200623636,6.5,1279.0
GTEX-PWO3-0011-R5A-SM-2I5EZ.1,BRAIN,64.5,0.0006059976160674,15.828981780925655,6.7,1279.0
GTEX-PWO3-0011-R6A-SM-2I5F3.1,BRAIN,64.5,0.00088507088633,27.912346046080643,7.5,1279.0
GTEX-PWO3-0011-R8A-SM-2I5GD.1,BRAIN,64.5,0.0011531718291659,23.29933504889824,7.8,1279.0
GTEX-PWO3-0011-R9A-SM-EVR2V.1,BRAIN,64.5,0.0022242866231425,54.62744903601835,5.5,1279.0
GTEX-PWO3-0926-SM-2I5EY.1,BRAIN,64.5,0.0004927981215351,11.149664458078725,5.4,1374.0
GTEX-PWO3-1026-SM-2I5F2.1,BRAIN,64.5,0.0009995930360015,12.35633501888772,6.0,1376.0
GTEX-PWO3-1526-SM-48TCM.1,SKIN,64.5,0.0018833219402359,22.3514146761914,5.9,1290.0
GTEX-PWOO-0008-SM-48TDU.1,SKIN,44.5,0.0026869154636018,70.88923829696171,9.2,235.0
GTEX-PWOO-0526-SM-2S1Q3.1,HEART,44.5,0.0013351277920259,14.393245326265106,8.3,123.0
GTEX-PWOO-0826-SM-48TCL.1,LIVER,44.5,0.0018506175675214,76.41394306406139,7.8,178.0
GTEX-PWOO-2326-SM-2S1PQ.1,MUSCLE,44.5,0.001876899485801,9.67321827091066,7.8,251.0
GTEX-PX3G-0008-SM-48U2L.1,SKIN,24.5,0.0074327413988758,66.03145023554983,10.0,246.0
GTEX-PX3G-0126-SM-2I3EN.1,SKIN,24.5,0.0016563987667416,17.03552733991303,7.5,247.0
GTEX-PX3G-0326-SM-2I3EO.1,HEART,24.5,0.0016156591111898,14.469292671299868,8.7,119.0
GTEX-PX3G-0826-SM-48TZS.1,LIVER,24.5,0.0015117621896924,20.62851906193126,7.5,222.0
GTEX-PX3G-1626-SM-2S1PT.1,MUSCLE,24.5,0.0023187429314302,7.0595119979861245,8.7,255.0
GTEX-Q2AG-0008-SM-48U2K.1,SKIN,44.5,0.0032447417476682,71.07011046021195,9.8,696.0
GTEX-Q2AG-0011-R10A-SM-2HMLA.1,BRAIN,44.5,0.0019013441692155,13.23689188727876,8.5,615.0
GTEX-Q2AG-0011-R11A-SM-2HMKZ.1,BRAIN,44.5,0.0034646389284008,17.062710152281607,9.5,615.0
GTEX-Q2AG-0011-R1A-SM-2HMJI.1,BRAIN,44.5,0.0018787941884304,15.622841518054436,8.3,615.0
GTEX-Q2AG-0011-R2A-SM-2HMIT.1,BRAIN,44.5,0.0018348528012517,25.03698987288204,8.1,615.0
GTEX-Q2AG-0011-R3A-SM-2HMJ9.1,BRAIN,44.5,0.0019158111727656,11.66174513386916,7.6,615.0
GTEX-Q2AG-0011-R4A-SM-2HMKA.1,BRAIN,44.5,0.0018102691661688,18.439488595421427,7.7,615.0
GTEX-Q2AG-0011-R5A-SM-2HMJH.1,BRAIN,44.5,0.0015201878368197,15.442826296786606,8.5,615.0
GTEX-Q2AG-0011-R6A-SM-2HML7.1,BRAIN,44.5,0.0013429236202232,14.416694492338252,8.3,615.0
GTEX-Q2AG-0011-R7A-SM-2HMJP.1,BRAIN,44.5,0.0006974299958317,11.3269952727819,8.8,615.0
GTEX-Q2AG-0011-R8A-SM-2HMK5.1,BRAIN,44.5,0.0007881522712131,10.6732516433971,6.5,615.0
GTEX-Q2AG-0011-R9A-SM-2HMJ6.1,BRAIN,44.5,0.0003179268139877,9.137431439222862,7.0,615.0
GTEX-Q2AG-0126-SM-2HMLB.1,SKIN,44.5,0.0023686362730236,36.36974985353994,7.4,696.0
GTEX-Q2AG-0126-SM-33HBV.1,SKIN,44.5,0.0018934473447551,37.6079927474204,7.4,696.0
GTEX-Q2AG-0426-SM-2S1PU.1,MUSCLE,44.5,0.0025178701490369,8.036874841367512,8.1,718.0
GTEX-Q2AG-1126-SM-48U1P.1,LIVER,44.5,0.0003784797416656,13.280363193907242,6.2,807.0
GTEX-Q2AG-2826-SM-2HMJQ.1,BRAIN,44.5,0.0020062323792417,14.129894467509862,6.3,854.0
GTEX-Q2AG-2926-SM-2HMJ3.1,BRAIN,44.5,0.000998301026775,9.66342676754699,6.0,851.0
GTEX-Q2AH-0008-SM-48U2J.1,SKIN,44.5,0.0046970633373176,106.7229415799039,10.0,180.0
GTEX-Q2AH-0526-SM-2I3ED.1,HEART,44.5,0.001772092761381,12.880799913703004,8.2,108.0
GTEX-Q2AH-1626-SM-3GAF8.1,SKIN,44.5,0.0011517516601811,20.580295439403013,6.9,186.0
GTEX-Q2AH-1826-SM-2S1Q2.1,MUSCLE,44.5,0.0019545822814298,11.806489479646409,8.2,190.0
GTEX-Q2AI-0008-SM-48U2H.1,SKIN,44.5,0.0028460905875672,55.07113861748352,9.1,186.0
GTEX-Q2AI-1326-SM-2S1PL.1,SKIN,44.5,0.0011270544113396,30.15142645186293,7.3,185.0
GTEX-Q2AI-1526-SM-3GIJ3.1,MUSCLE,44.5,0.0015477240659305,12.164900154599628,8.4,186.0
GTEX-Q734-0008-SM-48U2I.1,SKIN,44.5,0.0027539359621089,86.18012280731685,9.5,130.0
GTEX-Q734-0326-SM-48U15.1,LIVER,44.5,0.0016560438915886,26.065278323815985,8.7,45.0
GTEX-Q734-1926-SM-2I5EV.1,SKIN,44.5,0.0011052118465311,39.4220560508681,5.4,130.0
GTEX-Q734-2026-SM-3GADA.1,MUSCLE,44.5,0.0021866753581707,7.992325658227035,8.5,135.0
GTEX-QCQG-0008-SM-48U2G.1,SKIN,54.5,0.003874959733003,93.96940708702893,9.8,301.0
GTEX-QCQG-1726-SM-3GIJ9.1,SKIN,54.5,0.0014069953605805,27.58245075448151,6.7,298.0
GTEX-QCQG-2126-SM-2S1P8.1,MUSCLE,54.5,0.0015784943184719,5.610174637075853,7.9,315.0
GTEX-QCQG-2126-SM-DTXFV.1,MUSCLE,54.5,0.0022348384323775,5.400876417091339,8.2,315.0
GTEX-QDT8-0008-SM-48U2F.1,SKIN,34.5,0.0046642197685789,154.13385081949332,9.8,448.0
GTEX-QDT8-0011-R10A-SM-32PKG.1,BRAIN,34.5,0.0022693764480198,21.70578336560153,9.0,370.0
GTEX-QDT8-0011-R11A-SM-32PKD.1,BRAIN,34.5,0.002504203826501,21.21290841770137,8.6,370.0
GTEX-QDT8-0011-R1A-SM-32PKS.1,BRAIN,34.5,0.0008834475549993,17.50291326491003,6.2,370.0
GTEX-QDT8-0011-R2A-SM-32PKQ.1,BRAIN,34.5,0.0011602061049544,21.061807605526973,7.1,370.0
GTEX-QDT8-0011-R3A-SM-32PKR.1,BRAIN,34.5,0.0008241985665204,17.32467250646483,6.6,370.0
GTEX-QDT8-0011-R4A-SM-32PKM.1,BRAIN,34.5,0.0008781080807001,17.643024265308465,7.3,370.0
GTEX-QDT8-0011-R5A-SM-32PKN.1,BRAIN,34.5,0.0004989383672132,17.10201367257825,7.0,370.0
GTEX-QDT8-0011-R6A-SM-32PKI.1,BRAIN,34.5,0.0005557713808783,13.853590945578809,7.0,370.0
GTEX-QDT8-0011-R7A-SM-32PKF.1,BRAIN,34.5,0.0013096577374092,15.456315421316653,8.9,370.0
GTEX-QDT8-0011-R8A-SM-32PKE.1,BRAIN,34.5,0.0005959567256968,19.98993251454724,7.2,370.0
GTEX-QDT8-0011-R9A-SM-32PKH.1,BRAIN,34.5,0.0013300046154315,35.47646756143774,7.4,370.0
GTEX-QDT8-0011-R9A-SM-5SI8J.1,BRAIN,34.5,0.0015425376270881,34.29751347312382,7.4,370.0
GTEX-QDT8-0011-R9A-SM-CYPRD.1,BRAIN,34.5,0.0019112207136972,35.150307005998286,7.4,370.0
GTEX-QDT8-0126-SM-48TZ1.1,SKIN,34.5,0.0016450862811046,30.792493394650258,5.9,446.0
GTEX-QDT8-0526-SM-32PL5.1,MUSCLE,34.5,0.0014950389440563,7.985198774578556,7.4,507.0
GTEX-QDT8-0526-SM-3NMD8.1,MUSCLE,34.5,0.002515728462641,8.4421649131958,7.4,507.0
GTEX-QDT8-0526-SM-4LMJR.1,MUSCLE,34.5,0.0020383512862116,7.499324625440677,7.4,507.0
GTEX-QDT8-2926-SM-32PKC.1,BRAIN,34.5,0.0010006907150735,12.34456472157275,6.5,694.0
GTEX-QDT8-3026-SM-32PKB.1,BRAIN,34.5,0.0021933293880589,17.051274593440414,7.3,696.0
GTEX-QDVJ-0008-SM-48U2E.1,SKIN,54.5,0.0021823718664492,62.06770295268621,8.8,536.0
GTEX-QDVJ-0426-SM-2I5FW.1,HEART,54.5,0.0020260822031611,15.799960069314745,8.2,479.0
GTEX-QDVJ-1726-SM-2I5FX.1,SKIN,54.5,0.0012076851155839,23.926481502475717,6.5,535.0
GTEX-QDVJ-1926-SM-2S1PJ.1,MUSCLE,54.5,0.0013830909382839,6.044957674126823,7.8,540.0
GTEX-QDVN-0008-SM-48U2D.1,SKIN,54.5,0.0022817729889455,97.53237228765754,9.3,260.0
GTEX-QDVN-0326-SM-2I3FS.1,HEART,54.5,0.001692022085045,18.34436603089499,8.7,125.0
GTEX-QDVN-0826-SM-48TZ2.1,LIVER,54.5,0.0026896776796184,73.6654966555548,8.8,152.0
GTEX-QDVN-2026-SM-3GAEP.1,SKIN,54.5,0.0028701444848352,35.593879941683475,6.0,260.0
GTEX-QDVN-2426-SM-2S1Q4.1,MUSCLE,54.5,0.0023474762223566,12.49888188460761,7.7,281.0
GTEX-QEG4-0008-SM-48TYZ.1,SKIN,34.5,0.002225820380014,62.63028075042684,8.9,893.0
GTEX-QEG4-0226-SM-2S1PY.1,SKIN,34.5,0.001346255029489,21.04973681099928,7.3,893.0
GTEX-QEG4-0426-SM-2I5GK.1,HEART,34.5,0.0020979559892934,14.461666409556518,7.2,899.0
GTEX-QEG4-0426-SM-33HC3.1,HEART,34.5,0.001813895252933,15.749359204407677,7.2,899.0
GTEX-QEG4-0426-SM-5S2VQ.1,HEART,34.5,0.0025569660327835,16.669061453777594,7.2,899.0
GTEX-QEG4-0626-SM-2S1OY.1,MUSCLE,34.5,0.0030425986673945,7.983582814006882,8.5,907.0
GTEX-QEG4-1826-SM-447AK.1,LIVER,34.5,0.0024366884112938,29.928480775267104,7.4,970.0
GTEX-QEG4-1826-SM-4R1JN.1,LIVER,34.5,0.0007993051082914,15.426042917606658,7.4,970.0
GTEX-QEG4-1826-SM-CKZN9.1,LIVER,34.5,0.0008805616058091,15.364368021802798,7.4,970.0
GTEX-QEG5-0008-SM-4R1KL.1,SKIN,24.5,0.0039578079629147,232.26074724082665,9.6,591.0
GTEX-QEG5-0008-SM-CE6QS.1,SKIN,24.5,0.0041848081797242,237.667360440423,9.6,591.0
GTEX-QEG5-0226-SM-2I5GI.1,SKIN,24.5,0.0023465127566714,34.31387692549216,7.3,590.0
GTEX-QEG5-0426-SM-2I5GJ.1,MUSCLE,24.5,0.0023891212622766,9.518803772565228,7.8,612.0
GTEX-QEG5-0926-SM-2TC64.1,HEART,24.5,0.0041775459300128,20.119182440227224,7.0,685.0
GTEX-QEL4-0008-SM-447AZ.1,SKIN,54.5,0.0024930542830336,139.2015477696854,9.6,477.0
GTEX-QEL4-0626-SM-3GIJM.1,MUSCLE,54.5,0.0016460120080981,5.539320894309554,7.7,504.0
GTEX-QEL4-0926-SM-3GAD1.1,HEART,54.5,0.0020597245286338,16.42374598701417,6.7,523.0
GTEX-QEL4-1226-SM-447A4.1,LIVER,54.5,0.0022500451382926,36.41682400712566,7.9,532.0
GTEX-QESD-0008-SM-447B2.1,SKIN,24.5,0.0025354556280933,82.76018684067779,9.7,327.0
GTEX-QESD-0526-SM-2I5G5.1,HEART,24.5,0.0016975677904485,13.057606010197665,8.0,242.0
GTEX-QESD-1426-SM-2S1R9.1,SKIN,24.5,0.0019245813637038,18.94081608039857,6.8,326.0
GTEX-QESD-1626-SM-2S1RB.1,MUSCLE,24.5,0.0029709650151133,10.38362667339686,7.8,338.0
GTEX-QESD-2026-SM-447BI.1,LIVER,24.5,0.001972091556887,22.83881313297159,7.4,367.0
GTEX-QLQ7-0008-SM-447AW.1,SKIN,64.5,0.0044380361827192,163.85424317923213,10.0,173.0
GTEX-QLQ7-0526-SM-2I5G3.1,HEART,64.5,0.0016792785110533,13.82002888222269,7.9,91.0
GTEX-QLQ7-1626-SM-2S1R8.1,SKIN,64.5,0.0014101261344492,22.22369864377875,6.6,178.0
GTEX-QLQ7-1726-SM-2S1QQ.1,MUSCLE,64.5,0.0025368155297099,12.712356166354972,8.2,182.0
GTEX-QLQW-1126-SM-2S1Q8.1,SKIN,34.5,0.001699460307017,29.839211643477988,7.3,159.0
GTEX-QLQW-1326-SM-2S1QS.1,MUSCLE,34.5,0.0022299830126709,8.638232957734,8.1,168.0
GTEX-QMR6-0008-SM-447AV.1,SKIN,54.5,0.0037316326804244,166.60147630645565,9.8,791.0
GTEX-QMR6-0011-R10A-SM-32PKO.1,BRAIN,54.5,0.0014703190105047,17.95569276884279,7.8,783.0
GTEX-QMR6-0011-R11A-SM-32PKK.1,BRAIN,54.5,0.0017245491587438,14.671799346023962,8.1,783.0
GTEX-QMR6-0011-R1A-SM-32PKW.1,BRAIN,54.5,0.0014322594585,18.380021041096366,6.1,783.0
GTEX-QMR6-0011-R2A-SM-32PKV.1,BRAIN,54.5,0.0011008582604739,22.94004048143845,7.3,783.0
GTEX-QMR6-0011-R4A-SM-32PKU.1,BRAIN,54.5,0.0006793203499553,13.929200263884736,6.6,783.0
GTEX-QMR6-0011-R5A-SM-32PKT.1,BRAIN,54.5,0.0006086757683304,13.803854575930336,6.8,783.0
GTEX-QMR6-0011-R6A-SM-32PKP.1,BRAIN,54.5,0.0013283266012153,13.962821348190882,8.1,783.0
GTEX-QMR6-0011-R7A-SM-32PKL.1,BRAIN,54.5,0.0004416183998393,11.835306344190682,6.4,783.0
GTEX-QMR6-0011-R8A-SM-32PKJ.1,BRAIN,54.5,0.0020083218021412,24.30634585181153,8.4,783.0
GTEX-QMR6-1326-SM-32PLB.1,BRAIN,54.5,0.0012696468830444,16.130823757302718,6.9,881.0
GTEX-QMR6-1426-SM-32PLA.1,BRAIN,54.5,0.0011325845457753,16.03047769307172,6.9,883.0
GTEX-QMRM-0008-SM-447B1.1,SKIN,54.5,0.0044258984848096,152.6314006844222,10.0,206.0
GTEX-QMRM-0526-SM-2I5GA.1,HEART,54.5,0.00135288094856,11.907303963737842,8.4,104.0
GTEX-QV31-0008-SM-447AT.1,SKIN,34.5,0.0038248981944531,90.99559029722144,9.7,221.0
GTEX-QV31-1426-SM-2S1QD.1,MUSCLE,34.5,0.0021980390012352,7.1959369557971815,8.0,226.0
GTEX-QV44-0008-SM-447AX.1,SKIN,54.5,0.0030194571805687,107.68224167011448,9.7,196.0
GTEX-QV44-0326-SM-4R1KD.1,LIVER,54.5,0.0014529096018866,25.838320295414587,8.5,83.0
GTEX-QV44-0326-SM-C1YQX.1,LIVER,54.5,0.0018077579732751,27.43061504592892,8.5,83.0
GTEX-QV44-0526-SM-2S1RE.1,HEART,54.5,0.0023182437170926,14.099376604717474,8.1,104.0
GTEX-QV44-1926-SM-2S1RF.1,SKIN,54.5,0.0020842957466978,18.83770889826626,6.4,196.0
GTEX-QV44-2026-SM-2S1RD.1,MUSCLE,54.5,0.0019523096174394,7.844941633062842,8.9,199.0
GTEX-QVJO-0008-SM-447AU.1,SKIN,64.5,0.0037646954939677,95.65067896128048,9.6,1222.0
GTEX-QVJO-0011-R10A-SM-2S1QJ.1,BRAIN,64.5,0.00243065043677,16.04343100462558,7.9,1201.0
GTEX-QVJO-0011-R1A-SM-2S1QI.1,BRAIN,64.5,0.0013949171757973,21.093915759888088,7.6,1201.0
GTEX-QVJO-0011-R2A-SM-2S1QK.1,BRAIN,64.5,0.0015433919873323,16.371823194463772,7.1,1201.0
GTEX-QVJO-0011-R4A-SM-2S1QL.1,BRAIN,64.5,0.0019338069984862,25.032010850151,7.7,1201.0
GTEX-QVJO-0011-R5A-SM-2S1QM.1,BRAIN,64.5,0.0019096358847485,20.90468912062217,7.4,1201.0
GTEX-QVJO-0011-R6A-SM-2S1QN.1,BRAIN,64.5,0.0026943554369908,22.864230870591545,7.3,1201.0
GTEX-QVJO-0011-R7A-SM-2S1QO.1,BRAIN,64.5,0.0022167325612034,20.901586770916964,7.6,1201.0
GTEX-QVJO-0011-R8A-SM-447C7.1,BRAIN,64.5,0.0017272284618966,16.32118545723816,5.9,1201.0
GTEX-QVJO-0011-R9A-SM-2S1QH.1,BRAIN,64.5,0.0017890568894232,22.058513151043957,7.9,1201.0
GTEX-QVJO-0126-SM-3GIK4.1,MUSCLE,64.5,0.0020270244333689,7.62412387861453,8.7,1220.0
GTEX-QVJO-1325-SM-2S1QX.1,BRAIN,64.5,0.0022870359946669,15.626496530613714,7.3,1276.0
GTEX-QVJO-1426-SM-2S1QY.1,BRAIN,64.5,0.0015053389761614,13.190939971718183,6.9,1279.0
GTEX-QVJO-1626-SM-2S1QW.1,SKIN,64.5,0.0013199204191463,19.23292639164377,6.5,1222.0
GTEX-QVJO-1926-SM-2S1QZ.1,HEART,64.5,0.0003615399477918,6.611734843706028,6.6,1249.0
GTEX-QVUS-0008-SM-447AY.1,SKIN,64.5,0.0039064735020551,123.28072949941924,9.6,924.0
GTEX-QVUS-0011-R10A-SM-3GIK3.1,BRAIN,64.5,0.001253161046932,19.01225955958107,7.8,923.0
GTEX-QVUS-0011-R1A-SM-3GAD2.1,BRAIN,64.5,0.0016578058760386,42.7530953019967,7.6,923.0
GTEX-QVUS-0011-R3A-SM-3GAFD.1,BRAIN,64.5,0.0021949272301363,19.45730954178868,7.9,923.0
GTEX-QVUS-0011-R4A-SM-3GAE7.1,BRAIN,64.5,0.0011946044212288,21.384679244494677,6.8,923.0
GTEX-QVUS-0011-R6A-SM-3GACX.1,BRAIN,64.5,0.0013906134850118,22.40972238745824,6.4,923.0
GTEX-QVUS-0011-R8A-SM-3GAD7.1,BRAIN,64.5,0.0024550597765742,19.881854157141905,7.6,923.0
GTEX-QVUS-0011-R9A-SM-3GIJA.1,BRAIN,64.5,0.0017242675685788,32.47288722276002,6.0,923.0
GTEX-QVUS-0226-SM-3GIJY.1,MUSCLE,64.5,0.0013970063932556,6.3290227843851605,6.9,930.0
GTEX-QVUS-2826-SM-3GADB.1,BRAIN,64.5,0.0013601538572354,16.623812813115837,6.1,997.0
GTEX-QVUS-2926-SM-3GIJB.1,BRAIN,64.5,0.0018551966449201,15.454844045101773,7.2,1002.0
GTEX-QXCU-0008-SM-48FCH.1,SKIN,54.5,0.0059027390435169,125.63272341274627,10.0,1104.0
GTEX-QXCU-0826-SM-2TC6F.1,HEART,54.5,0.0019521191290118,12.689315127385864,7.8,1062.0
GTEX-QXCU-1726-SM-2TC6L.1,MUSCLE,54.5,0.0020662906358548,7.118040397732041,7.3,1086.0
GTEX-R3RS-0008-SM-48FF1.1,SKIN,44.5,0.00600104283597,95.22305529783988,10.0,1152.0
GTEX-R3RS-0126-SM-3GIJL.1,SKIN,44.5,0.0014634794252734,23.20945136877219,6.6,1151.0
GTEX-R3RS-0526-SM-3GADG.1,MUSCLE,44.5,0.0031017673238453,10.296070041785992,7.6,1175.0
GTEX-R45C-0008-SM-48FF2.1,SKIN,64.5,0.0047158151242261,155.5324622287648,10.0,1036.0
GTEX-R45C-0126-SM-EAZ2R.1,SKIN,64.5,0.0011468440461815,26.860507624439396,5.5,1035.0
GTEX-R45C-0926-SM-3GAD4.1,HEART,64.5,0.0007060539335371,12.271297389589158,6.0,1113.0
GTEX-R53T-0008-SM-48FEW.1,SKIN,54.5,0.0052555879451229,149.05349359954403,10.0,185.0
GTEX-R53T-0326-SM-48FEC.1,LIVER,54.5,0.0256288871690166,38.62296982626595,9.4,69.0
GTEX-R53T-0926-SM-3GADH.1,HEART,54.5,0.002083977721082,16.988816015302966,7.4,100.0
GTEX-R53T-1826-SM-3GIJX.1,MUSCLE,54.5,0.0014166027047766,4.136924495736103,7.2,190.0
GTEX-R55C-0008-SM-48FCF.1,SKIN,44.5,0.0047603399587429,146.61546021604735,10.0,241.0
GTEX-R55C-0326-SM-3GAF1.1,HEART,44.5,0.0009634679250988,10.25667389152722,8.1,146.0
GTEX-R55C-1726-SM-3GADJ.1,MUSCLE,44.5,0.001302107862594,3.574702341762724,7.0,250.0
GTEX-R55D-0008-SM-48FEV.1,SKIN,54.5,0.0055400903716769,147.9499047517367,10.0,360.0
GTEX-R55D-0626-SM-3GAD5.1,MUSCLE,54.5,0.0033363518790418,7.712969133898559,8.1,380.0
GTEX-R55E-0008-SM-48FCG.1,SKIN,24.5,0.0064172693022286,108.71614416994454,10.0,925.0
GTEX-R55E-0011-R11A-SM-2TC6I.1,BRAIN,24.5,0.0029541511923383,17.853975102791093,8.1,720.0
GTEX-R55E-0011-R1A-SM-2TC6N.1,BRAIN,24.5,0.0010180129066043,12.09895655933451,6.2,720.0
GTEX-R55E-0011-R2A-SM-EYYV9.1,BRAIN,24.5,0.0011113523418267,15.429801035329652,5.6,720.0
GTEX-R55E-0011-R4A-SM-2TC5H.1,BRAIN,24.5,0.0016614610177429,18.185339528425995,6.9,720.0
GTEX-R55E-0011-R5A-SM-2TC5N.1,BRAIN,24.5,0.0012554245683,15.192800411269864,7.6,720.0
GTEX-R55E-0011-R6A-SM-2TC5T.1,BRAIN,24.5,0.0013634230448565,16.29856664106183,7.7,720.0
GTEX-R55E-0011-R7A-SM-2TC5Z.1,BRAIN,24.5,0.0010998087322676,14.354223314094392,7.3,720.0
GTEX-R55E-0011-R8A-SM-2TC66.1,BRAIN,24.5,0.001097864864418,17.056287398332035,6.6,720.0
GTEX-R55E-0011-R9A-SM-2TC6C.1,BRAIN,24.5,0.0018437164478014,27.277302321351108,7.4,720.0
GTEX-R55E-0126-SM-2TC5Y.1,SKIN,24.5,0.0022731088590832,36.19519060442797,7.6,924.0
GTEX-R55E-0526-SM-2TC6B.1,MUSCLE,24.5,0.0027410259186131,5.040209670191924,8.0,944.0
GTEX-R55E-1026-SM-2TC5S.1,HEART,24.5,0.0030168778651373,16.10994961332014,7.2,967.0
GTEX-R55E-2526-SM-2TC6H.1,BRAIN,24.5,0.0017185185798531,21.470851381256907,6.7,1002.0
GTEX-R55F-0008-SM-48FE6.1,SKIN,54.5,0.0055905799994024,103.81510186555472,9.7,1284.0
GTEX-R55F-0011-R5A-SM-2TF5L.1,BRAIN,54.5,0.0005832591063129,15.65625779115692,6.7,1275.0
GTEX-R55F-0011-R6A-SM-2TF4L.1,BRAIN,54.5,0.0010892426318304,19.73920302079324,7.5,1275.0
GTEX-R55F-0011-R8A-SM-2TF4F.1,BRAIN,54.5,0.001418142309256,19.709769442302647,7.5,1275.0
GTEX-R55F-0126-SM-48FCK.1,SKIN,54.5,0.0048145593255672,30.557377256737443,5.8,1287.0
GTEX-R55F-1226-SM-2TF59.1,BRAIN,54.5,0.000876890326183,10.311908888802009,6.1,1363.0
GTEX-R55F-1326-SM-2TF5F.1,BRAIN,54.5,0.0010019861931181,14.731556526485518,6.2,1366.0
GTEX-R55F-1326-SM-5S2V4.1,BRAIN,54.5,0.0010099267424925,13.230639192427054,6.2,1366.0
GTEX-R55F-1526-SM-2TF4X.1,MUSCLE,54.5,0.0050254748352969,10.76626562805567,6.5,1288.0
GTEX-R55G-0008-SM-48FEX.1,SKIN,44.5,0.0052745986182835,165.9831933635193,10.0,189.0
GTEX-R55G-0526-SM-2TC5O.1,HEART,44.5,0.0024941168268571,31.1237448406913,9.1,85.0
GTEX-R55G-2326-SM-2TC61.1,MUSCLE,44.5,0.0025373104990496,7.267174497034778,8.4,187.0
GTEX-R55G-2526-SM-2TC6D.1,SKIN,44.5,0.0019833878653964,25.74554178259385,7.0,189.0
GTEX-REY6-0826-SM-2TF4S.1,MUSCLE,64.5,0.0017944463115188,9.482795785203905,8.0,293.0
GTEX-REY6-1026-SM-2TF4Y.1,HEART,64.5,0.0009880177601919,10.80000945244494,6.3,298.0
GTEX-REY6-1226-SM-48FDR.1,LIVER,64.5,0.0018433411836841,28.17696712720251,6.2,304.0
GTEX-RM2N-0008-SM-48FF3.1,SKIN,54.5,0.0073735028577043,96.9660616821484,10.0,227.0
GTEX-RM2N-1426-SM-2TF4H.1,SKIN,54.5,0.0017277086595819,23.43479943644234,6.5,227.0
GTEX-RM2N-1626-SM-2TF5N.1,MUSCLE,54.5,0.0016441533502222,8.21734131646585,8.1,221.0
GTEX-RM2N-1926-SM-48FCU.1,LIVER,54.5,0.0018974976734601,65.05765553921248,8.9,505.0
GTEX-RN64-0008-SM-48FEZ.1,SKIN,54.5,0.0046053034919133,88.04463486745279,10.0,677.0
GTEX-RN64-0126-SM-2TC68.1,SKIN,54.5,0.0019489546780917,34.4051034118906,7.2,676.0
GTEX-RN64-0326-SM-2TC5J.1,MUSCLE,54.5,0.0025500776037454,5.39024854808042,8.2,695.0
GTEX-RN64-0826-SM-2TC62.1,HEART,54.5,0.0002979463912904,5.714196413724372,6.5,764.0
GTEX-RN64-1826-SM-48FDV.1,LIVER,54.5,0.0005601885241599,12.431638231957994,6.4,784.0
GTEX-RNOR-0008-SM-48FEY.1,SKIN,54.5,0.0042555311248466,148.50174127819653,10.0,825.0
GTEX-RNOR-0011-R1A-SM-2TF5D.1,BRAIN,54.5,0.0011862791217671,10.607417901832669,6.3,680.0
GTEX-RNOR-0011-R1A-SM-5SI8F.1,BRAIN,54.5,0.0011406197032464,9.31524232501766,6.3,680.0
GTEX-RNOR-0011-R1A-SM-CNNP5.1,BRAIN,54.5,0.0011189700667929,8.311518491385602,6.3,680.0
GTEX-RNOR-0011-R3A-SM-2TF5J.1,BRAIN,54.5,0.0021098407739211,10.660603738997551,7.0,680.0
GTEX-RNOR-0011-R3A-SM-5SI8E.1,BRAIN,54.5,0.0015568158923277,8.644203925298282,7.0,680.0
GTEX-RNOR-0011-R4A-SM-3GAD3.1,BRAIN,54.5,0.0015911942919625,19.95274620114567,6.2,680.0
GTEX-RNOR-0011-R5A-SM-2TF4J.1,BRAIN,54.5,0.0019600288752859,12.333086656713098,7.9,680.0
GTEX-RNOR-0011-R7A-SM-2TF4V.1,BRAIN,54.5,0.0011481227589962,11.69123417659246,7.7,680.0
GTEX-RNOR-0011-R8A-SM-EZ6MN.1,BRAIN,54.5,0.0015451177794298,13.622157981809202,5.7,680.0
GTEX-RNOR-0011-R9A-SM-2TF52.1,BRAIN,54.5,0.0020775317362673,39.437285292254224,7.1,680.0
GTEX-RNOR-0126-SM-2TF57.1,SKIN,54.5,0.0011634907661758,21.941620688107538,7.4,827.0
GTEX-RNOR-0126-SM-E9J4R.1,SKIN,54.5,0.0014573615678307,26.13478178018401,6.8,827.0
GTEX-RNOR-0526-SM-2TF4O.1,MUSCLE,54.5,0.0031591838643524,6.607734816231512,8.3,870.0
GTEX-RNOR-0826-SM-2TF5C.1,HEART,54.5,0.002193994105084,14.873333043241631,6.6,925.0
GTEX-RNOR-1426-SM-48FDJ.1,LIVER,54.5,0.00050185065824,11.624264314896736,6.2,940.0
GTEX-RNOR-2226-SM-2TF5O.1,BRAIN,54.5,0.0021789851055744,15.906920112117517,6.7,964.0
GTEX-RNOR-2326-SM-2TF4I.1,BRAIN,54.5,0.0011782896521889,10.2051022724863,6.2,966.0
GTEX-RTLS-0008-SM-48FET.1,SKIN,64.5,0.0029165288214663,80.29081432944707,9.3,633.0
GTEX-RTLS-0126-SM-447CA.1,SKIN,64.5,0.0022679629820589,24.77937106595797,5.9,632.0
GTEX-RTLS-0526-SM-2TF64.1,MUSCLE,64.5,0.0016162113821122,8.389991977561543,7.7,641.0
GTEX-RTLS-0826-SM-2TF5Q.1,HEART,64.5,0.0006989186601622,12.836283213403105,6.4,658.0
GTEX-RTLS-1326-SM-46MUN.1,LIVER,64.5,0.0011766986892137,27.1008253401764,6.6,668.0
GTEX-RU1J-0008-SM-46MV9.1,SKIN,24.5,0.0050301747066399,119.06066821959148,10.0,281.0
GTEX-RU1J-1726-SM-2TF5S.1,MUSCLE,24.5,0.0029398068337042,8.136963717382908,6.9,289.0
GTEX-RU72-0008-SM-46MV8.1,SKIN,54.5,0.0051001201355097,118.24971695706472,10.0,458.0
GTEX-RU72-0011-R10A-SM-2TF6D.1,BRAIN,54.5,0.0004918751313721,8.506660369933567,6.4,323.0
GTEX-RU72-0011-R11A-SM-2TF6J.1,BRAIN,54.5,0.0018300179472489,12.938842758028628,7.8,323.0
GTEX-RU72-0011-R11A-SM-5SI8G.1,BRAIN,54.5,0.0013788302745533,11.684326947487264,7.8,323.0
GTEX-RU72-0011-R11A-SM-CM2U1.1,BRAIN,54.5,0.0018883497866393,12.5965861682775,7.8,323.0
GTEX-RU72-0011-R2A-SM-2TF6O.1,BRAIN,54.5,0.000586086440233,8.976182215495218,6.1,323.0
GTEX-RU72-0011-R5A-SM-2TF6U.1,BRAIN,54.5,0.0009700365514355,15.758437363745283,7.3,323.0
GTEX-RU72-0011-R6A-SM-2TF71.1,BRAIN,54.5,0.0008680871433902,14.627546024827645,7.4,323.0
GTEX-RU72-0011-R7A-SM-2TF5U.1,BRAIN,54.5,0.0004362605772195,8.17536522567538,6.4,323.0
GTEX-RU72-0011-R8A-SM-2TF61.1,BRAIN,54.5,0.0014444596731825,16.612359357301962,7.4,323.0
GTEX-RU72-0011-R9A-SM-2TF67.1,BRAIN,54.5,0.0003509008932947,9.05452665303359,6.8,323.0
GTEX-RU72-0326-SM-2TF5T.1,HEART,54.5,0.0028755790980992,21.28491255932236,7.8,439.0
GTEX-RU72-0926-SM-2TF6B.1,SKIN,54.5,0.001893946450555,29.552925587428994,6.8,457.0
GTEX-RU72-1326-SM-2TF6T.1,MUSCLE,54.5,0.0031139072621036,7.553455373605661,8.6,481.0
GTEX-RU72-1426-SM-46MUF.1,LIVER,54.5,0.0008592840939523,15.253373345852047,6.2,502.0
GTEX-RU72-2926-SM-2TF66.1,BRAIN,54.5,0.0019435829216732,20.797492353564643,7.4,542.0
GTEX-RU72-3026-SM-2TF6C.1,BRAIN,54.5,0.0011726982694489,17.553358802154406,6.7,544.0
GTEX-RU72-3026-SM-5SI7Y.1,BRAIN,54.5,0.0008716643509256,13.852867641593608,6.7,544.0
GTEX-RU72-3026-SM-CYPRV.1,BRAIN,54.5,0.0010289388314507,14.806119494029636,6.7,544.0
GTEX-RUSQ-0526-SM-2TF72.1,HEART,54.5,0.0012431680529096,10.848903709063784,7.8,197.0
GTEX-RUSQ-1526-SM-2TF62.1,SKIN,54.5,0.0013442939041674,60.413171156728176,6.2,288.0
GTEX-RUSQ-1726-SM-2TF68.1,MUSCLE,54.5,0.0011429394377814,8.976576671908854,8.1,297.0
GTEX-RVPU-0008-SM-3NM8B.1,SKIN,54.5,0.0055290942517703,187.5351330057285,10.0,1431.0
GTEX-RVPU-0011-R10A-SM-2XCAH.1,BRAIN,54.5,0.0008900247562051,10.167011458170215,7.0,1254.0
GTEX-RVPU-0011-R11A-SM-2XCAF.1,BRAIN,54.5,0.0001610146954187,3.2052355272984863,7.5,1254.0
GTEX-RVPU-0011-R1A-SM-2XCAI.1,BRAIN,54.5,0.0002038600293579,5.340573814345942,6.5,1254.0
GTEX-RVPU-0011-R2A-SM-2XCAG.1,BRAIN,54.5,0.0001664353956071,4.284194180332464,6.8,1254.0
GTEX-RVPU-0011-R3A-SM-2XCAE.1,BRAIN,54.5,0.0003662368734143,6.446044316199272,7.1,1254.0
GTEX-RVPU-0011-R4A-SM-2TF6X.1,BRAIN,54.5,9.828656728192358e-05,2.54436307759994,6.2,1254.0
GTEX-RVPU-0011-R4A-SM-5SI8K.1,BRAIN,54.5,9.302402614565862e-05,2.5124998812845063,6.2,1254.0
GTEX-RVPU-0011-R5A-SM-2XCAD.1,BRAIN,54.5,0.0005164605940214,11.21052583174444,7.4,1254.0
GTEX-RVPU-0011-R6A-SM-2XCAC.1,BRAIN,54.5,9.276399413344996e-05,2.633208148116182,7.2,1254.0
GTEX-RVPU-0011-R7A-SM-2XCAB.1,BRAIN,54.5,0.0003075228082991,7.26450031528131,7.3,1254.0
GTEX-RVPU-0011-R8A-SM-2TF74.1,BRAIN,54.5,0.0003344052004937,7.966113839254353,6.3,1254.0
GTEX-RVPU-0011-R8A-SM-5SI8I.1,BRAIN,54.5,0.0003651372326873,7.99262254271956,6.3,1254.0
GTEX-RVPU-0011-R9A-SM-3NM8E.1,BRAIN,54.5,0.0009303538729244,20.62441444489061,7.6,1254.0
GTEX-RVPU-2226-SM-2XCAQ.1,SKIN,54.5,0.002349801368658,25.1611073084867,7.2,1431.0
GTEX-RVPU-2426-SM-2XCAR.1,MUSCLE,54.5,0.0021544197908437,6.531928051816341,8.1,1435.0
GTEX-RVPV-0008-SM-47JYW.1,SKIN,64.5,0.0068680868727743,100.25678571190514,10.0,1410.0
GTEX-RVPV-0011-R11A-SM-2TF6F.1,BRAIN,64.5,0.0016338984744352,9.739317140299493,6.0,1407.0
GTEX-RVPV-0011-R3A-SM-2TF63.1,BRAIN,64.5,0.0009995731206281,12.76459222267282,6.3,1407.0
GTEX-RVPV-0011-R5A-SM-2TF69.1,BRAIN,64.5,0.0006293362916792,13.922185255689408,6.9,1407.0
GTEX-RVPV-0126-SM-EAZAW.1,SKIN,64.5,0.0031086365287854,24.031252547641063,5.5,1410.0
GTEX-RVPV-0926-SM-47JXU.1,MUSCLE,64.5,0.0010179811927509,5.4063733408414185,5.9,1461.0
GTEX-RWS6-0008-SM-47JYV.1,SKIN,64.5,0.0046284383197026,83.42364572678613,10.0,234.0
GTEX-RWS6-0326-SM-2XCAP.1,HEART,64.5,0.0011243298051053,10.23690192670751,8.0,143.0
GTEX-RWS6-2026-SM-2XCB5.1,SKIN,64.5,0.0013234959372972,23.778160077192474,6.6,235.0
GTEX-RWS6-2126-SM-2XCAV.1,MUSCLE,64.5,0.0021603473158425,8.225978020850686,8.0,239.0
GTEX-RWSA-0008-SM-47JYX.1,SKIN,44.5,0.0073137709949379,90.63906645184072,10.0,1285.0
GTEX-RWSA-0126-SM-2XCBB.1,SKIN,44.5,0.0021954127440996,29.90851170900177,8.0,1284.0
GTEX-RWSA-0626-SM-2XCBD.1,HEART,44.5,0.0014762924795592,13.519959645790053,7.3,1335.0
GTEX-RWSA-0726-SM-2XCBE.1,MUSCLE,44.5,0.0026634711764497,7.620110930117209,8.4,1349.0
GTEX-RWSA-1426-SM-47JXA.1,LIVER,44.5,0.000647681764512,18.4955959867922,6.4,1361.0
GTEX-S32W-0626-SM-2XCBG.1,HEART,54.5,0.001668217658514,14.17083210376248,8.6,264.0
GTEX-S32W-0626-SM-5S2TC.1,HEART,54.5,0.0022939346109126,16.365528536166657,8.6,264.0
GTEX-S32W-1926-SM-4AD63.1,LIVER,54.5,0.0038858062868604,30.559801484592995,7.3,363.0
GTEX-S32W-2126-SM-2XCB1.1,SKIN,54.5,0.0034563119533925,25.46289037553865,7.9,393.0
GTEX-S32W-2326-SM-2XCAW.1,MUSCLE,54.5,0.0022036194382246,8.51690907150039,8.1,399.0
GTEX-S32W-2326-SM-5S2S6.1,MUSCLE,54.5,0.0028046866997298,9.33832260581156,8.1,399.0
GTEX-S33H-0008-SM-4AD6C.1,SKIN,34.5,0.0050241557072049,83.57159703631523,10.0,235.0
GTEX-S33H-0526-SM-2XCBK.1,HEART,34.5,0.0004653760829503,6.378995250956264,6.4,218.0
GTEX-S33H-0526-SM-5SI83.1,HEART,34.5,0.0004754437330245,5.568568072797448,6.4,218.0
GTEX-S33H-0526-SM-COH1W.1,HEART,34.5,0.0005242483408419,5.951146347236789,6.4,218.0
GTEX-S33H-1026-SM-EZ6L6.1,SKIN,34.5,0.002975401870718,27.82642281934337,5.7,234.0
GTEX-S33H-1626-SM-4AD68.1,LIVER,34.5,0.0010649577336335,18.934958229252413,6.6,248.0
GTEX-S33H-2226-SM-2XCB7.1,MUSCLE,34.5,0.001415267534189,7.474763979994948,7.8,261.0
GTEX-S33H-2226-SM-5S2UF.1,MUSCLE,34.5,0.0014091410545218,6.375131497468432,7.8,261.0
GTEX-S33H-2226-SM-DKPOP.1,MUSCLE,34.5,0.0018454921994568,7.226556127969662,7.8,261.0
GTEX-S341-0008-SM-4AD6D.1,SKIN,44.5,0.0037052362709727,119.37992358768476,9.6,225.0
GTEX-S341-1726-SM-3K2AK.1,SKIN,44.5,0.0023113911015889,19.465387819220314,6.1,224.0
GTEX-S341-1826-SM-3K2AB.1,MUSCLE,44.5,0.0024961724569942,6.805501066383467,7.8,225.0
GTEX-S3LF-0526-SM-EZ6LK.1,MUSCLE,74.5,0.002484323805625,7.2940182328946515,5.7,688.0
GTEX-S3XE-0008-SM-3NM8O.1,SKIN,54.5,0.0030536389196032,118.4320203426327,9.1,207.0
GTEX-S3XE-0426-SM-3K2AC.1,HEART,54.5,0.0013318459901362,10.537544419789937,8.8,90.0
GTEX-S3XE-1726-SM-3K2AM.1,SKIN,54.5,0.0011995355723319,17.117432160269406,7.8,207.0
GTEX-S3XE-2026-SM-3K2B5.1,MUSCLE,54.5,0.0020575349994087,8.53232585779462,8.5,221.0
GTEX-S4P3-0008-SM-3NM8R.1,SKIN,54.5,0.0020182577480665,71.18278652231253,9.1,230.0
GTEX-S4P3-1626-SM-3K2AZ.1,MUSCLE,54.5,0.0021743025244704,7.626595792313221,8.1,237.0
GTEX-S4Q7-0008-SM-3NM8A.1,SKIN,24.5,0.0025438437919864,93.59171232989878,9.4,212.0
GTEX-S4Q7-1526-SM-3K2AG.1,MUSCLE,24.5,0.0023572933204107,12.424643257093168,8.4,206.0
GTEX-S4UY-0008-SM-3NM8H.1,SKIN,44.5,0.00336380563158,59.54260728894334,8.5,324.0
GTEX-S4UY-0126-SM-3K2BB.1,SKIN,44.5,0.0020170010827289,21.40425212887912,7.4,323.0
GTEX-S4UY-0526-SM-3K2AN.1,MUSCLE,44.5,0.0019866615906888,7.290500061002733,9.0,362.0
GTEX-S4Z8-0008-SM-33HAZ.1,SKIN,64.5,0.0031688174970615,203.3187407040689,9.8,182.0
GTEX-S4Z8-0526-SM-4AD4T.1,LIVER,64.5,0.0017225188547624,27.008913061556346,8.7,127.0
GTEX-S4Z8-1026-SM-3K2AI.1,HEART,64.5,0.0008720397623698,8.254436720962362,7.4,151.0
GTEX-S4Z8-1026-SM-72D6N.1,HEART,64.5,0.0015253951243956,9.371487375093698,6.4,151.0
GTEX-S4Z8-1026-SM-CM2RE.1,HEART,64.5,0.0017282971043222,9.050256784333037,6.4,151.0
GTEX-S4Z8-1826-SM-3K2BH.1,MUSCLE,64.5,0.0025489480552765,11.540650836681152,8.5,189.0
GTEX-S7PM-0008-SM-3NM9Q.1,SKIN,64.5,0.0035034978877592,85.48907469102521,8.9,1267.0
GTEX-S7PM-0011-R5A-SM-3NM8G.1,BRAIN,64.5,0.0002101060827938,6.841259870263677,6.3,1167.0
GTEX-S7PM-0011-R6A-SM-3NM8F.1,BRAIN,64.5,0.0002038582231878,6.218761172357826,6.0,1167.0
GTEX-S7PM-0126-SM-4AD6S.1,SKIN,64.5,0.0028847570171395,35.695925070078935,7.2,1266.0
GTEX-S7PM-0526-SM-3NM92.1,MUSCLE,64.5,0.003514315548969,12.663822228564197,7.1,1278.0
GTEX-S7SE-0008-SM-33HB1.1,SKIN,54.5,0.0019983753834381,92.48483506341064,9.5,937.0
GTEX-S7SE-0011-R10A-SM-2XCDF.1,BRAIN,54.5,0.0020884972898257,14.148446704373749,7.5,822.0
GTEX-S7SE-0011-R11A-SM-2XCDD.1,BRAIN,54.5,0.0031288990557559,16.02807860655824,8.0,822.0
GTEX-S7SE-0011-R1A-SM-2XCDE.1,BRAIN,54.5,0.0004916146164219,8.97379519901419,6.7,822.0
GTEX-S7SE-0011-R2A-SM-2XCDC.1,BRAIN,54.5,0.001326537945083,21.92401186120409,6.2,822.0
GTEX-S7SE-0011-R4A-SM-2XCDB.1,BRAIN,54.5,0.0009821994273067,15.830856534206568,7.7,822.0
GTEX-S7SE-0011-R5A-SM-2XCDA.1,BRAIN,54.5,0.0010804023817184,17.519185804856928,8.2,822.0
GTEX-S7SE-0011-R6A-SM-2XCD9.1,BRAIN,54.5,0.0014161047701007,16.215880624480384,7.6,822.0
GTEX-S7SE-0011-R7A-SM-2XCDI.1,BRAIN,54.5,0.0016756393922924,13.456007295256168,6.1,822.0
GTEX-S7SE-0011-R8A-SM-2XCDG.1,BRAIN,54.5,0.0009218485974482,13.380967837873742,7.5,822.0
GTEX-S7SE-0126-SM-2XCD5.1,SKIN,54.5,0.0031693318670791,22.63336163536324,6.8,936.0
GTEX-S7SE-2526-SM-2XCDL.1,BRAIN,54.5,0.0027363714707558,16.540549516902985,6.9,1098.0
GTEX-S7SF-0008-SM-3NM8T.1,SKIN,24.5,0.0038602724880131,68.79909041011459,9.5,345.0
GTEX-S7SF-0526-SM-3K2BC.1,HEART,24.5,0.0018323005117997,23.76562312400368,8.7,287.0
GTEX-S7SF-1626-SM-3K2AY.1,SKIN,24.5,0.0023077708819567,18.56414064505704,6.8,339.0
GTEX-S7SF-2026-SM-3K2AS.1,MUSCLE,24.5,0.0020913055850164,8.219280675010612,8.2,355.0
GTEX-S95S-0008-SM-4AT5M.1,SKIN,64.5,0.0030886684144385,90.7744200419436,9.2,277.0
GTEX-S95S-1226-SM-4GICG.1,SKIN,64.5,0.0012816528556374,17.830037213084378,5.8,275.0
GTEX-S95S-1426-SM-2XCDM.1,MUSCLE,64.5,0.0016078511421136,4.990085707580198,7.0,279.0
GTEX-SE5C-0008-SM-4B64J.1,SKIN,44.5,0.003742752998159,99.90156973287507,10.0,230.0
GTEX-SE5C-0626-SM-2XCDV.1,HEART,44.5,0.0020042306906688,15.546830104769008,8.6,167.0
GTEX-SE5C-0626-SM-3P5ZJ.1,HEART,44.5,0.0023031379587591,16.173103601828476,8.6,167.0
GTEX-SE5C-0626-SM-4IHLJ.1,HEART,44.5,0.0022523526778462,15.696707372284484,8.6,167.0
GTEX-SE5C-1626-SM-2XCE3.1,SKIN,44.5,0.0024346733878655,7.695591180003362,7.5,215.0
GTEX-SE5C-1826-SM-2XCE4.1,MUSCLE,44.5,0.0022715797857638,8.097711202652645,7.7,223.0
GTEX-SIU7-0426-SM-2XCDX.1,HEART,54.5,0.0013016475868643,12.073802506126786,7.3,83.0
GTEX-SIU7-1726-SM-2XCDZ.1,SKIN,54.5,0.0018490567917181,53.14998317613478,7.1,168.0
GTEX-SIU7-1826-SM-2XCE2.1,MUSCLE,54.5,0.0027343131737924,16.732791184093415,8.0,169.0
GTEX-SIU8-0008-SM-4BRUC.1,SKIN,54.5,0.0026462046609846,117.49663800777331,9.7,1232.0
GTEX-SIU8-0126-SM-2XCDT.1,SKIN,54.5,0.0017072965785093,23.99989485360166,6.2,1231.0
GTEX-SIU8-0526-SM-2XCDP.1,MUSCLE,54.5,0.0024460338340433,8.498564166483142,8.4,1263.0
GTEX-SIU8-0826-SM-2XCDQ.1,HEART,54.5,0.0010443448345126,19.60771590166418,6.6,1310.0
GTEX-SJXC-0008-SM-4DM7G.1,SKIN,64.5,0.0052203407396931,123.74383100662152,10.0,974.0
GTEX-SJXC-0126-SM-2XCFF.1,SKIN,64.5,0.0021181740110208,30.47800928524241,7.4,973.0
GTEX-SJXC-0526-SM-2XCFG.1,MUSCLE,64.5,0.0023488365804985,12.622160729778974,8.2,1023.0
GTEX-SJXC-1226-SM-4DM78.1,LIVER,64.5,0.0004884490414479,13.636326288269482,6.0,1060.0
GTEX-SN8G-0008-SM-4DM4X.1,SKIN,54.5,0.0030396283444823,67.75513381799257,9.5,1035.0
GTEX-SN8G-0126-SM-32PLI.1,SKIN,54.5,0.0076558245935807,29.457436307868868,7.2,1034.0
GTEX-SN8G-0326-SM-32PLG.1,MUSCLE,54.5,0.0021416711017788,10.18255809954936,8.0,1040.0
GTEX-SNMC-0008-SM-4DM5A.1,SKIN,24.5,0.0032022512754977,58.35546440376115,9.3,277.0
GTEX-SNMC-0126-SM-2XCFO.1,HEART,24.5,0.0015816543014874,15.45181607013639,8.9,185.0
GTEX-SNMC-1226-SM-2XCFP.1,SKIN,24.5,0.0010863526749559,19.51170972903408,7.7,269.0
GTEX-SNMC-1426-SM-2XCFM.1,MUSCLE,24.5,0.0024744869519405,7.440058564245551,7.9,274.0
GTEX-SNOS-0008-SM-4DM6I.1,SKIN,44.5,0.00371977735815,101.96883600149803,9.1,191.0
GTEX-SNOS-1526-SM-32PLW.1,MUSCLE,44.5,0.0022927413206296,6.619450118733714,8.4,201.0
GTEX-SSA3-0008-SM-47JWJ.1,SKIN,64.5,0.0035357115537937,123.38446402960128,9.5,35.0
GTEX-SSA3-0126-SM-32QPU.1,SKIN,64.5,0.0016050079067724,31.963040729278298,7.1,40.0
GTEX-SSA3-0326-SM-32QPS.1,MUSCLE,64.5,0.0030104231371153,15.946188934714929,8.2,55.0
GTEX-SSA3-0326-SM-47JWY.1,MUSCLE,64.5,0.0034313531309403,16.10149309729052,8.2,55.0
GTEX-SUCS-0008-SM-4DM53.1,SKIN,74.5,0.0062800225245106,108.61554607343037,10.0,208.0
GTEX-SUCS-0326-SM-32PLL.1,HEART,74.5,0.0027414349177874,27.17759093532973,8.9,146.0
GTEX-SUCS-1626-SM-32PLS.1,MUSCLE,74.5,0.0024112605662884,8.373111726668819,7.8,200.0
GTEX-SUCS-1926-SM-32PM3.1,SKIN,74.5,0.0020607286599801,18.361276074342317,6.9,209.0
GTEX-T2IS-0008-SM-4DM75.1,SKIN,24.5,0.0045524764587223,89.17280403238217,10.0,1077.0
GTEX-T2IS-0011-R11A-SM-32QPC.1,BRAIN,24.5,0.0034958523105714,12.2829190159104,8.5,1099.0
GTEX-T2IS-0011-R2A-SM-32QPF.1,BRAIN,24.5,0.0014087909667059,17.857520376936627,6.0,1099.0
GTEX-T2IS-0011-R3A-SM-32QPB.1,BRAIN,24.5,0.001947586032725,10.05830966165797,6.7,1099.0
GTEX-T2IS-0011-R5A-SM-32QP4.1,BRAIN,24.5,0.0014935113204414,18.74761496664627,7.0,1099.0
GTEX-T2IS-0011-R6A-SM-32QP2.1,BRAIN,24.5,0.0013714447171624,16.70864340191247,7.4,1099.0
GTEX-T2IS-0126-SM-4DM6O.1,SKIN,24.5,0.0023120390870012,24.279719245033235,7.8,1076.0
GTEX-T2IS-0426-SM-32QPE.1,HEART,24.5,0.0002748623229074,4.722807321488888,6.2,1119.0
GTEX-T2IS-2626-SM-32QPP.1,MUSCLE,24.5,0.0026451757569329,6.756727499441165,7.8,1224.0
GTEX-T2IS-2926-SM-32QPO.1,BRAIN,24.5,0.0021955102752255,12.705892360877456,7.2,1232.0
GTEX-T2IS-3026-SM-32QPM.1,BRAIN,24.5,0.0009951094492035,8.028297618472761,7.2,1235.0
GTEX-T2YK-0008-SM-4DM6M.1,SKIN,54.5,0.0075652283022689,138.14721275756054,10.0,860.0
GTEX-T2YK-0226-SM-4DM5O.1,MUSCLE,54.5,0.0005637023626113,6.623495446712904,5.7,844.0
GTEX-T2YK-0526-SM-32QPJ.1,SKIN,54.5,0.0024362318164088,25.10165839863802,7.0,859.0
GTEX-T5JC-0008-SM-4DM6A.1,SKIN,24.5,0.005154827605778,94.26912162054164,9.8,664.0
GTEX-T5JC-0011-R10A-SM-32PM2.1,BRAIN,24.5,0.0022411408567081,17.223925656167633,9.4,483.0
GTEX-T5JC-0011-R10A-SM-5S2TK.1,BRAIN,24.5,0.0021886975831264,20.08212539926776,9.4,483.0
GTEX-T5JC-0011-R11A-SM-32PMB.1,BRAIN,24.5,0.0037709258884159,16.587234795430945,9.8,483.0
GTEX-T5JC-0011-R11A-SM-5S2RX.1,BRAIN,24.5,0.0037728348062679,16.264625012366846,9.8,483.0
GTEX-T5JC-0011-R1A-SM-32PM6.1,BRAIN,24.5,0.0010849349328146,14.57029402144086,8.3,483.0
GTEX-T5JC-0011-R2A-SM-32PLZ.1,BRAIN,24.5,0.0014383456130385,32.78519441928013,8.0,483.0
GTEX-T5JC-0011-R4A-SM-32PLT.1,BRAIN,24.5,0.0018424277711755,28.31305796285064,8.6,483.0
GTEX-T5JC-0011-R5A-SM-32PLK.1,BRAIN,24.5,0.0010334221258729,14.568340150367574,8.9,483.0
GTEX-T5JC-0011-R6A-SM-32PMI.1,BRAIN,24.5,0.0011017184629214,21.19513612896856,9.0,483.0
GTEX-T5JC-0011-R6A-SM-5SI89.1,BRAIN,24.5,0.0010542811894023,19.67978704599117,9.0,483.0
GTEX-T5JC-0011-R6A-SM-D3L87.1,BRAIN,24.5,0.0014126813976886,22.088604073859845,9.0,483.0
GTEX-T5JC-0011-R7A-SM-32PME.1,BRAIN,24.5,0.00130651227819,15.740591982853063,9.1,483.0
GTEX-T5JC-0011-R8A-SM-32PLM.1,BRAIN,24.5,0.0024122423698712,15.574751708140228,9.3,483.0
GTEX-T5JC-0011-R9A-SM-32PLV.1,BRAIN,24.5,0.0029481439844573,70.93869904074876,8.9,483.0
GTEX-T5JC-0426-SM-32PLO.1,SKIN,24.5,0.0019664715358989,22.352077102909828,8.2,663.0
GTEX-T5JC-0426-SM-5S2SL.1,SKIN,24.5,0.0020270931439839,23.391420122840632,8.2,663.0
GTEX-T5JC-0626-SM-3NMA6.1,MUSCLE,24.5,0.0048974140615114,8.786602506757507,8.0,669.0
GTEX-T5JC-0626-SM-5S2RW.1,MUSCLE,24.5,0.0031682359998333,8.846658311859144,8.0,669.0
GTEX-T5JC-2326-SM-32PMR.1,BRAIN,24.5,0.0028601458551288,14.84979470573695,7.8,740.0
GTEX-T5JC-2426-SM-3NMDB.1,BRAIN,24.5,0.001792142818557,11.657637593882583,7.0,743.0
GTEX-T5JW-0008-SM-4DM5X.1,SKIN,24.5,0.0040863897178048,78.33294991962602,9.6,235.0
GTEX-T5JW-1626-SM-3GADZ.1,SKIN,24.5,0.0019980720231249,19.079252246858665,6.8,235.0
GTEX-T5JW-1826-SM-3GAE1.1,MUSCLE,24.5,0.0029285582590149,7.102223786141476,7.2,243.0
GTEX-T6MN-0008-SM-4DM7H.1,SKIN,54.5,0.0034620057362449,98.36572749289743,9.7,690.0
GTEX-T6MN-0011-R10A-SM-32QP7.1,BRAIN,54.5,0.0030811045754066,11.104248981197172,8.0,570.0
GTEX-T6MN-0011-R10A-SM-5S2SB.1,BRAIN,54.5,0.0032650045250573,11.803057527110672,8.0,570.0
GTEX-T6MN-0011-R11A-SM-32QOX.1,BRAIN,54.5,0.0052062945753763,17.94438666449952,8.9,570.0
GTEX-T6MN-0011-R11A-SM-5S2TH.1,BRAIN,54.5,0.0045559271314378,17.52188901516969,8.9,570.0
GTEX-T6MN-0011-R1A-SM-32QOY.1,BRAIN,54.5,0.0023538441015325,17.806935445211355,6.4,570.0
GTEX-T6MN-0011-R2A-SM-32QOW.1,BRAIN,54.5,0.0015943607485493,19.95814607703453,6.1,570.0
GTEX-T6MN-0011-R4A-SM-32QPG.1,BRAIN,54.5,0.0009333557265785,18.679065574703348,7.4,570.0
GTEX-T6MN-0011-R5A-SM-32QPD.1,BRAIN,54.5,0.0023213862267643,17.95917249828056,7.7,570.0
GTEX-T6MN-0011-R6A-SM-32QP8.1,BRAIN,54.5,0.0022016179695495,22.476671600889865,8.0,570.0
GTEX-T6MN-0011-R7A-SM-32QP5.1,BRAIN,54.5,0.0022319437966591,20.09784147678525,8.0,570.0
GTEX-T6MN-0011-R8A-SM-32QP3.1,BRAIN,54.5,0.0019847351804122,19.64806372444955,6.7,570.0
GTEX-T6MN-0011-R9A-SM-32QOZ.1,BRAIN,54.5,0.000771793986341,21.10790171009248,7.1,570.0
GTEX-T6MN-0126-SM-32PLP.1,SKIN,54.5,0.0024915366757042,22.815864891737306,7.8,689.0
GTEX-T6MN-0126-SM-5S2TD.1,SKIN,54.5,0.0025121753261767,25.693743554427197,7.8,689.0
GTEX-T6MN-0526-SM-32PMS.1,MUSCLE,54.5,0.0032836731692193,6.990727077300472,8.5,743.0
GTEX-T6MN-0926-SM-32PLX.1,HEART,54.5,0.0034369319278025,24.62950324089029,7.6,820.0
GTEX-T6MN-0926-SM-5S2S3.1,HEART,54.5,0.0028992904095579,25.912269713201315,7.6,820.0
GTEX-T6MN-1226-SM-3NMA5.1,LIVER,54.5,0.0006464319883099,14.950014311211554,6.7,832.0
GTEX-T6MN-2526-SM-32PMN.1,BRAIN,54.5,0.0032121974856547,17.493608278470425,7.3,880.0
GTEX-T6MN-2626-SM-32PMQ.1,BRAIN,54.5,0.0013758031194179,10.06281485487829,7.0,882.0
GTEX-T6MO-0008-SM-4DM6T.1,SKIN,44.5,0.0035469527324428,77.70801030319396,9.8,181.0
GTEX-T6MO-1626-SM-32QOM.1,SKIN,44.5,0.0016035672046414,25.45640877644762,7.0,182.0
GTEX-T8EM-1026-SM-3DB7M.1,SKIN,44.5,0.0014377080999373,22.576137601737774,7.3,378.0
GTEX-T8EM-1326-SM-3DB7G.1,MUSCLE,44.5,0.0017043106568647,7.378152663117165,6.3,389.0
GTEX-TKQ1-0008-SM-4DXSO.1,SKIN,34.5,0.0031528501995495,87.42158671544767,9.5,185.0
GTEX-TKQ1-1026-SM-4GICL.1,SKIN,34.5,0.0021088351270626,22.187713956300467,7.8,186.0
GTEX-TKQ1-1426-SM-4GICK.1,MUSCLE,34.5,0.0026353322667316,9.250294165905514,8.5,200.0
GTEX-TKQ2-0008-SM-4DM5L.1,SKIN,54.5,0.0031383753319363,98.26461502864068,9.6,197.0
GTEX-TKQ2-0826-SM-33HB6.1,MUSCLE,54.5,0.0008102192140748,3.3463391200428267,8.1,213.0
GTEX-TKQ2-1726-SM-4DXUP.1,LIVER,54.5,0.0016319275454845,23.04404636702169,8.4,235.0
GTEX-TMKS-0126-SM-3DB7S.1,SKIN,54.5,0.0014877542244513,34.9162224549686,7.2,37.0
GTEX-TMKS-0326-SM-3DB8A.1,MUSCLE,54.5,0.0009872497764378,14.64204126433568,7.6,47.0
GTEX-TML8-0008-SM-4DXUI.1,SKIN,44.5,0.0028933848378117,84.3920720388305,9.6,254.0
GTEX-TML8-1826-SM-32QOR.1,MUSCLE,44.5,0.0029999515770573,7.438742586402752,8.6,254.0
GTEX-TML8-1926-SM-32QOS.1,SKIN,44.5,0.0024481726560709,21.422199681621425,7.2,256.0
GTEX-TMMY-0008-SM-4DXU3.1,SKIN,44.5,0.0034928573144471,104.67392855585597,9.5,360.0
GTEX-TMMY-0226-SM-33HBA.1,SKIN,44.5,0.0017526203219554,24.94683283866397,6.8,359.0
GTEX-TMMY-0426-SM-33HBB.1,MUSCLE,44.5,0.001387218823855,7.015884592771232,6.9,368.0
GTEX-TMZS-0008-SM-47JWM.1,SKIN,64.5,0.003023119582309,103.42950512726712,9.8,46.0
GTEX-TMZS-0126-SM-3DB9Q.1,SKIN,64.5,0.0010048283688709,16.004870630350805,6.4,49.0
GTEX-TMZS-0326-SM-3DB9P.1,MUSCLE,64.5,0.00247769854149,11.272592982392473,8.1,56.0
GTEX-TSE9-0008-SM-4DXT8.1,SKIN,64.5,0.0041042837171011,105.18537561374752,9.6,1024.0
GTEX-TSE9-0011-R10A-SM-3DB7O.1,BRAIN,64.5,0.0010095100335367,11.49094980295836,7.0,900.0
GTEX-TSE9-0011-R11A-SM-3DB7N.1,BRAIN,64.5,0.00159432531108,11.193091069358973,8.1,900.0
GTEX-TSE9-0011-R1A-SM-3DB7E.1,BRAIN,64.5,0.0008161628016945,9.16661922808527,6.4,900.0
GTEX-TSE9-0011-R4A-SM-3DB7H.1,BRAIN,64.5,0.0009537398229104,12.929928884984427,6.9,900.0
GTEX-TSE9-0011-R5A-SM-3DB7J.1,BRAIN,64.5,0.000875740379422,12.913480490333718,7.6,900.0
GTEX-TSE9-0011-R6A-SM-3DB7L.1,BRAIN,64.5,0.0010031043095324,11.662816891610143,7.5,900.0
GTEX-TSE9-0011-R7A-SM-3DB7P.1,BRAIN,64.5,0.0005895614480753,9.430524461544817,7.3,900.0
GTEX-TSE9-0011-R8A-SM-3DB7R.1,BRAIN,64.5,0.0013103284055616,14.198234106690142,6.8,900.0
GTEX-TSE9-0011-R9A-SM-3DB7Q.1,BRAIN,64.5,0.0005781538734188,12.135338678793095,7.0,900.0
GTEX-TSE9-0126-SM-3DB83.1,SKIN,64.5,0.0017135594120609,21.928868487796574,8.0,1023.0
GTEX-TSE9-0526-SM-3DB7Z.1,MUSCLE,64.5,0.0020505584085243,9.06245503042098,8.1,1071.0
GTEX-TSE9-2926-SM-3DB77.1,BRAIN,64.5,0.0017235296274443,13.674708585567648,7.6,1218.0
GTEX-TSE9-3026-SM-3DB76.1,BRAIN,64.5,0.0009445053892125,10.678009417963905,7.2,1220.0
GTEX-U3ZG-0008-SM-47JWL.1,SKIN,54.5,0.0036813265705052,204.8874797640385,10.0,37.0
GTEX-U3ZG-0326-SM-47JXN.1,MUSCLE,54.5,0.0017489853410161,6.477715241161034,6.8,46.0
GTEX-U3ZH-0008-SM-4DXT2.1,SKIN,34.5,0.0033558044182979,109.27958090941678,9.1,249.0
GTEX-U3ZH-0326-SM-3DB7A.1,HEART,34.5,0.0013164371006113,12.592813311063509,8.0,190.0
GTEX-U3ZH-0326-SM-4WWDX.1,HEART,34.5,0.0021955293226043,15.75651939278774,8.0,190.0
GTEX-U3ZH-0326-SM-51MS7.1,HEART,34.5,0.0018178004510864,13.596586632866329,8.0,190.0
GTEX-U3ZH-1926-SM-4DXTR.1,MUSCLE,34.5,0.0039351240775145,15.295555416893054,7.6,246.0
GTEX-U3ZH-2026-SM-3DB78.1,SKIN,34.5,0.0013083115556269,26.44381902240225,8.0,248.0
GTEX-U3ZM-0008-SM-4DXTQ.1,SKIN,44.5,0.0036508603823548,83.34430493201333,9.3,241.0
GTEX-U3ZM-1226-SM-3DB9G.1,MUSCLE,44.5,0.0031521717022238,9.144873902207523,8.4,239.0
GTEX-U3ZM-1526-SM-3DB9D.1,SKIN,44.5,0.0011760560555155,19.82760585246428,6.3,249.0
GTEX-U3ZN-0008-SM-4DXTL.1,SKIN,34.5,0.0033419695656469,87.42755389897454,9.7,175.0
GTEX-U3ZN-0226-SM-3DB8D.1,LIVER,34.5,0.0012351028600179,26.62338940863895,9.1,114.0
GTEX-U3ZN-1426-SM-3DB87.1,HEART,34.5,0.0024998138373149,23.987136372411527,9.0,138.0
GTEX-U3ZN-2226-SM-3DB88.1,MUSCLE,34.5,0.0015861685607682,6.249303749813606,8.5,175.0
GTEX-U3ZN-2326-SM-3DB7W.1,SKIN,34.5,0.001098479364016,24.210411648659772,6.7,176.0
GTEX-U412-0008-SM-4DXTE.1,SKIN,64.5,0.0039339821733484,114.20595947016136,9.1,1360.0
GTEX-U412-0326-SM-3DB9L.1,MUSCLE,64.5,0.0025935269450779,7.9211154936555905,7.8,1349.0
GTEX-U412-0326-SM-5BC7E.1,MUSCLE,64.5,0.0023715646926829,8.246379322501275,7.8,1349.0
GTEX-U412-0326-SM-5DUVP.1,MUSCLE,64.5,0.0026966518872851,8.028397932465204,7.8,1349.0
GTEX-U412-0426-SM-3DB9O.1,SKIN,64.5,0.0019511743083961,20.55446924595579,6.8,1359.0
GTEX-U4B1-0008-SM-4DXUW.1,SKIN,44.5,0.004501754319641,106.62818959736995,10.0,246.0
GTEX-U4B1-0326-SM-3DB8K.1,HEART,44.5,0.0018328914177422,18.127547591013165,8.7,118.0
GTEX-U4B1-1626-SM-3DB8N.1,MUSCLE,44.5,0.0020913372840527,8.9462734284157,7.9,240.0
GTEX-U4B1-1826-SM-4DXSU.1,SKIN,44.5,0.0016770432101906,34.25385394978737,6.9,245.0
GTEX-U8T8-0008-SM-4DXSP.1,SKIN,64.5,0.0034297862360289,94.6139144270098,9.8,976.0
GTEX-U8T8-0126-SM-3DB94.1,SKIN,64.5,0.0022379160545116,24.047814119637795,6.5,975.0
GTEX-U8T8-1426-SM-3DB9H.1,MUSCLE,64.5,0.0029357701224399,7.835726615473033,7.2,1125.0
GTEX-U8XE-0008-SM-4E3K4.1,SKIN,34.5,0.0053247942113039,145.34877416806813,10.0,358.0
GTEX-U8XE-0226-SM-4E3J3.1,SKIN,34.5,0.0032177656627913,49.9018037649842,7.5,356.0
GTEX-U8XE-0326-SM-3DB8P.1,SKIN,34.5,0.0028010874531369,36.88748564268634,7.1,358.0
GTEX-U8XE-0726-SM-3DB8O.1,MUSCLE,34.5,0.0023914139434616,8.537190109618969,8.2,384.0
GTEX-U8XE-0926-SM-3DB8V.1,HEART,34.5,0.0018262054295947,24.540269290411604,7.9,402.0
GTEX-U8XE-1126-SM-3DB8W.1,HEART,34.5,0.0022523333708742,18.61972439510448,8.1,406.0
GTEX-U8XE-1526-SM-4E3HT.1,LIVER,34.5,0.0020183295975534,36.5470918078259,7.8,418.0
GTEX-UJHI-0008-SM-4IHL1.1,SKIN,54.5,0.0047701344373188,109.93383627109776,10.0,310.0
GTEX-UJHI-0426-SM-3DB8Y.1,HEART,54.5,0.0022019807885892,13.814468008742487,8.7,169.0
GTEX-UJHI-1526-SM-3DB99.1,SKIN,54.5,0.0031025192806292,20.67928809195513,6.6,287.0
GTEX-UJHI-1726-SM-3DB9B.1,MUSCLE,54.5,0.0023858503763579,6.008256086315844,8.2,297.0
GTEX-UJMC-0008-SM-4IHKK.1,SKIN,54.5,0.0066883377255138,109.31468318115236,10.0,237.0
GTEX-UJMC-0526-SM-3GAE3.1,HEART,54.5,0.0025074371965911,20.08212589764841,8.4,156.0
GTEX-UJMC-1826-SM-3GADT.1,MUSCLE,54.5,0.0029742426736441,9.13965710172554,7.9,257.0
GTEX-UPIC-0926-SM-4IHLV.1,LIVER,24.5,0.001604169265987,19.633093054710656,6.7,226.0
GTEX-UPIC-1626-SM-4IHKT.1,SKIN,24.5,0.0028006711842674,29.488029403037537,5.8,247.0
GTEX-UPJH-0226-SM-3GADV.1,SKIN,54.5,0.0020274331976455,28.423969110216607,7.7,795.0
GTEX-UPJH-0326-SM-3GADU.1,SKIN,54.5,0.0020068227076908,26.11117463620276,7.5,799.0
GTEX-UPJH-0526-SM-4IHK8.1,MUSCLE,54.5,0.0025109671065083,6.040609679858512,8.5,828.0
GTEX-UPK5-0008-SM-4IHJD.1,SKIN,44.5,0.0024049823497123,121.72275098258471,9.8,984.0
GTEX-UPK5-0226-SM-3GAEV.1,HEART,44.5,0.0015807923249703,29.729891434749284,7.2,974.0
GTEX-UPK5-0326-SM-3GAF3.1,HEART,44.5,0.0017957762858456,16.94111746390578,7.0,976.0
GTEX-UPK5-0326-SM-5SI81.1,HEART,44.5,0.0022845273333111,17.117699238809898,7.0,976.0
GTEX-UPK5-0326-SM-CYPR4.1,HEART,44.5,0.0027614456268334,17.827044225347365,7.0,976.0
GTEX-UPK5-0426-SM-3GAEK.1,SKIN,44.5,0.0020853541408584,25.170202506698683,6.4,978.0
GTEX-UPK5-0726-SM-4IHL7.1,SKIN,44.5,0.0025951525544377,11.0942076976682,5.8,983.0
GTEX-UPK5-1426-SM-4JBHH.1,LIVER,44.5,0.0018040737363175,30.811119004258483,7.3,1001.0
GTEX-UTHO-0008-SM-4JBID.1,SKIN,64.5,0.0056527713891011,146.48650372474194,10.0,431.0
GTEX-UTHO-0011-R10A-SM-3GIJQ.1,BRAIN,64.5,0.0027412425010546,13.599558989874062,6.3,325.0
GTEX-UTHO-0011-R11A-SM-3GIJE.1,BRAIN,64.5,0.0013107769412259,12.007846224937468,6.2,325.0
GTEX-UTHO-0011-R1A-SM-3GIJO.1,BRAIN,64.5,0.0005868594863507,19.171883805071094,7.1,325.0
GTEX-UTHO-0011-R2A-SM-3GIKC.1,BRAIN,64.5,0.000989853204829,23.570551291286037,7.2,325.0
GTEX-UTHO-0011-R3A-SM-3GIK8.1,BRAIN,64.5,0.0009348914562319,12.315977312603886,6.4,325.0
GTEX-UTHO-0011-R4A-SM-3GIJP.1,BRAIN,64.5,0.000544148732528,10.64378160325973,6.8,325.0
GTEX-UTHO-0011-R5A-SM-3GIJD.1,BRAIN,64.5,0.0010203237426947,12.749958986015624,7.5,325.0
GTEX-UTHO-0011-R6A-SM-3GIJW.1,BRAIN,64.5,0.0012661118204354,15.465801902289613,7.4,325.0
GTEX-UTHO-0726-SM-3GAEN.1,MUSCLE,64.5,0.0018712216737958,7.6795445899712735,8.1,446.0
GTEX-UTHO-1226-SM-3GAEE.1,HEART,64.5,0.0009054173341793,44.92036952421228,6.7,461.0
GTEX-UTHO-2426-SM-4JBHD.1,LIVER,64.5,0.0020069105125485,27.321632576503863,9.3,489.0
GTEX-UTHO-2926-SM-3P5Z9.1,BRAIN,64.5,0.0025890593731053,16.15480343373754,8.9,499.0
GTEX-UTHO-2926-SM-3P5Z9.2,BRAIN,64.5,0.0025890593731053,16.15480343373754,8.9,499.0
GTEX-UTHO-2926-SM-3P5Z9.3,BRAIN,64.5,0.0025890593731053,16.15480343373754,8.9,499.0
GTEX-UTHO-3026-SM-3GAFB.1,BRAIN,64.5,0.0012500711906974,11.92876632248117,8.7,502.0
GTEX-V1D1-0008-SM-4JBIJ.1,SKIN,54.5,0.0055651266702853,98.60856924963342,10.0,475.0
GTEX-V1D1-0526-SM-4JBGW.1,HEART,54.5,0.001440904185256,11.267528298478986,6.1,334.0
GTEX-V1D1-0626-SM-4JBHN.1,HEART,54.5,0.0010793926057963,15.49740482204977,5.8,338.0
GTEX-V1D1-2026-SM-3GAF4.1,SKIN,54.5,0.0010738669496126,23.806531848107767,6.2,427.0
GTEX-V1D1-2226-SM-3NMAX.1,SKIN,54.5,0.0023125253419181,30.867163810752476,7.1,472.0
GTEX-V1D1-2426-SM-3GAER.1,MUSCLE,54.5,0.0012714741646095,9.20134743697288,8.0,480.0
GTEX-V955-0726-SM-3GAFG.1,HEART,64.5,0.001169880494272,12.570546718436006,8.4,135.0
GTEX-V955-0826-SM-3GAF9.1,HEART,64.5,0.0022484529765197,25.40270904075669,8.8,139.0
GTEX-V955-0826-SM-5SI82.1,HEART,64.5,0.0017463639765091,20.86605494070354,8.8,139.0
GTEX-V955-0826-SM-CYPR5.1,HEART,64.5,0.0020053946379434,22.238664842069998,8.8,139.0
GTEX-V955-2426-SM-3GAEF.1,MUSCLE,64.5,0.0018183553969564,11.265110572045735,7.6,254.0
GTEX-VJWN-0126-SM-3GIK7.1,SKIN,54.5,0.0019191143970952,28.22346279413424,7.5,1045.0
GTEX-VJWN-0426-SM-3GIJI.1,MUSCLE,54.5,0.0020511894319345,7.596243316897385,6.8,1084.0
GTEX-VJWN-1026-SM-4M1ZN.1,HEART,54.5,0.0022881662902461,45.09686360052152,5.8,1104.0
GTEX-VJYA-1126-SM-3GIJU.1,SKIN,64.5,0.0014195250485143,30.83760785125661,7.2,257.0
GTEX-VJYA-1526-SM-3GIJV.1,SKIN,64.5,0.001358840363341,44.60079856513593,7.6,265.0
GTEX-VJYA-1926-SM-3GIJJ.1,MUSCLE,64.5,0.0014792553165678,9.016228370002173,8.0,275.0
GTEX-VUSG-0008-SM-4KL24.1,SKIN,54.5,0.0020576670705457,75.28378946133849,9.3,288.0
GTEX-VUSG-0126-SM-4KL1X.1,LIVER,54.5,0.0013355067227692,26.543943199494105,8.2,128.0
GTEX-VUSG-0726-SM-3GIK1.1,HEART,54.5,0.0015193225516661,28.544548147835197,7.2,163.0
GTEX-VUSG-2326-SM-4KL1U.1,SKIN,54.5,0.0020556729744987,28.412584761894585,6.2,273.0
GTEX-VUSG-2526-SM-4KL1V.1,SKIN,54.5,0.0020002312790074,29.11163324566613,7.2,289.0
GTEX-VUSG-2526-SM-5S2S9.1,SKIN,54.5,0.002081208239232,32.35463430304597,7.2,289.0
GTEX-VUSG-2626-SM-4KKZI.1,MUSCLE,54.5,0.0031687359242707,21.91395061019348,8.3,293.0
GTEX-VUSG-2626-SM-5S2TM.1,MUSCLE,54.5,0.0029657395835906,22.660472209073543,8.3,293.0
GTEX-VUSH-0008-SM-47JWK.1,SKIN,34.5,0.0047964191584116,152.88603021159597,10.0,55.0
GTEX-VUSH-0326-SM-3NB2I.1,MUSCLE,34.5,0.0016831917458957,14.683919488556038,7.0,81.0
GTEX-W5WG-0008-SM-4KL25.1,SKIN,54.5,0.0021263175293865,68.65422326931005,9.2,297.0
GTEX-W5WG-1826-SM-4KL2Y.1,SKIN,54.5,0.0018335894791334,26.86118950496009,6.6,266.0
GTEX-W5WG-1926-SM-4KKZK.1,MUSCLE,54.5,0.0020388133060316,4.061397001908722,8.0,272.0
GTEX-W5X1-0008-SM-4LMKA.1,SKIN,44.5,0.0048542292070345,133.44202424597216,10.0,365.0
GTEX-W5X1-0826-SM-3GILN.1,HEART,44.5,0.0015987336601268,12.46282657981584,6.5,231.0
GTEX-W5X1-2526-SM-3GILC.1,SKIN,44.5,0.0014287751034478,34.91842212841236,7.1,344.0
GTEX-W5X1-3026-SM-EAZAX.1,SKIN,44.5,0.0022045926649433,77.71938888855108,5.5,365.0
GTEX-WCDI-0008-SM-47JYE.1,SKIN,54.5,0.0056982872146949,95.10174376964716,9.9,95.0
GTEX-WEY5-0008-SM-4LMKC.1,SKIN,44.5,0.003779914746514,158.15867472164413,9.9,279.0
GTEX-WEY5-0226-SM-3GIKN.1,HEART,44.5,0.0012843904070292,15.436946291188294,8.2,199.0
GTEX-WEY5-0426-SM-3GIKT.1,HEART,44.5,0.0014633246293779,12.651506293486031,8.7,206.0
GTEX-WEY5-2026-SM-3GILE.1,MUSCLE,44.5,0.0009947853774669,3.4471042062980226,6.3,290.0
GTEX-WEY5-2026-SM-5SI8D.1,MUSCLE,44.5,0.0011900942820849,3.300127410757649,6.3,290.0
GTEX-WEY5-2026-SM-CYPRC.1,MUSCLE,44.5,0.0012429687439647,3.3098302593429487,6.3,290.0
GTEX-WEY5-2326-SM-3GIKK.1,SKIN,44.5,0.0010641254992762,25.678434785707427,6.8,299.0
GTEX-WFG7-0008-SM-4LMKB.1,SKIN,24.5,0.0036744304994897,125.8254874709148,10.0,249.0
GTEX-WFG7-0726-SM-3GIKO.1,HEART,24.5,0.0016472067165082,15.10879315137929,8.1,126.0
GTEX-WFG7-0826-SM-3GIKU.1,HEART,24.5,0.0010923457374287,14.060304098105826,8.2,129.0
GTEX-WFG7-2026-SM-3GIL7.1,SKIN,24.5,0.0008622676673679,13.452127835974848,6.3,215.0
GTEX-WFG7-2026-SM-5SI7P.1,SKIN,24.5,0.0011177962786144,15.157881179745688,6.3,215.0
GTEX-WFG7-2226-SM-3GIKP.1,MUSCLE,24.5,0.0018421266390517,7.218812806423303,8.2,238.0
GTEX-WFG8-0008-SM-4LVN6.1,SKIN,24.5,0.0031169142315401,115.91020263576732,9.7,333.0
GTEX-WFG8-0626-SM-3GILJ.1,HEART,24.5,0.0017561555746759,14.989763560405455,8.3,207.0
GTEX-WFG8-0726-SM-3GILP.1,HEART,24.5,0.0010112103122856,27.07205838824405,8.4,211.0
GTEX-WFG8-2126-SM-3GIKQ.1,SKIN,24.5,0.0011283384183457,57.69433130115936,7.0,309.0
GTEX-WFG8-2226-SM-3GIL9.1,SKIN,24.5,0.001104650178395,37.60042796074535,6.2,333.0
GTEX-WFG8-2426-SM-3GILL.1,MUSCLE,24.5,0.0017603617742929,8.554657847360389,8.0,320.0
GTEX-WFJO-0008-SM-4LVN7.1,SKIN,34.5,0.0029527898420896,92.81612290201436,9.9,286.0
GTEX-WFON-0226-SM-3GIKR.1,HEART,44.5,0.0008789162188967,14.626046617693646,8.4,135.0
GTEX-WFON-0326-SM-3GIKX.1,HEART,44.5,0.0011674717698502,13.167852315237017,8.2,148.0
GTEX-WFON-0326-SM-5S2TP.1,HEART,44.5,0.0014509754591057,13.194499257102724,8.2,148.0
GTEX-WFON-1726-SM-4LVMQ.1,LIVER,44.5,0.0013150562416025,25.605919741686694,8.0,238.0
GTEX-WFON-1926-SM-3LK7L.1,SKIN,44.5,0.0029489307996757,38.43392607009282,7.7,234.0
GTEX-WFON-2126-SM-3LK7O.1,SKIN,44.5,0.0027087248547153,20.657752119175825,7.7,219.0
GTEX-WFON-2126-SM-5S2T9.1,SKIN,44.5,0.0023267358749001,22.190414443178945,7.7,219.0
GTEX-WFON-2326-SM-3LK7M.1,MUSCLE,44.5,0.0029950786454677,8.253454232199152,6.3,220.0
GTEX-WFON-2326-SM-5S2SF.1,MUSCLE,44.5,0.002481986214129,8.712681753702858,6.3,220.0
GTEX-WH7G-0008-SM-4LVNM.1,SKIN,44.5,0.0046765242553557,216.79913632964315,9.7,371.0
GTEX-WH7G-0326-SM-3NMBH.1,HEART,44.5,0.001705488681646,18.36884741018132,8.3,265.0
GTEX-WH7G-0426-SM-3NMBJ.1,HEART,44.5,0.001633218955308,19.81193419959662,8.4,268.0
GTEX-WH7G-2026-SM-3NMBL.1,SKIN,44.5,0.0030126213786019,23.551440772927315,7.0,329.0
GTEX-WH7G-2326-SM-3NMBC.1,SKIN,44.5,0.0016422981940917,25.308965231327004,6.2,376.0
GTEX-WHPG-0008-SM-4M1ZQ.1,SKIN,54.5,0.0038392763699836,215.4101873533898,10.0,310.0
GTEX-WHPG-0826-SM-3NMBF.1,HEART,54.5,0.0017770486363771,14.544706688135784,8.9,252.0
GTEX-WHPG-1026-SM-3NMBA.1,HEART,54.5,0.0015032372856059,30.066944665387595,7.8,257.0
GTEX-WHPG-2226-SM-3NMBO.1,MUSCLE,54.5,0.0021131948580855,7.791301316337897,8.1,305.0
GTEX-WHPG-2626-SM-3NMBR.1,SKIN,54.5,0.0013457859265075,24.27144405138677,6.3,314.0
GTEX-WHSB-0008-SM-4M1ZP.1,SKIN,54.5,0.0028300674256728,119.31576621088716,9.9,290.0
GTEX-WHSB-1326-SM-3LK6W.1,SKIN,54.5,0.001618654619657,18.018809993448023,6.5,285.0
GTEX-WHSB-1826-SM-3TW8M.1,MUSCLE,54.5,0.0015563545493853,6.51132933243988,8.1,299.0
GTEX-WHSE-0008-SM-4M1ZO.1,SKIN,24.5,0.0027920748054,81.43370172263,9.7,470.0
GTEX-WHSE-0011-R10A-SM-EYYVG.1,BRAIN,24.5,0.0011763246177726,17.802572893663292,5.6,452.0
GTEX-WHSE-0011-R11A-SM-3P5YY.1,BRAIN,24.5,0.0015051933979073,15.713561069552409,7.2,452.0
GTEX-WHSE-0011-R11A-SM-3P5YY.2,BRAIN,24.5,0.0015051933979073,15.713561069552409,7.2,452.0
GTEX-WHSE-0011-R11A-SM-3P5YY.3,BRAIN,24.5,0.0015051933979073,15.713561069552409,7.2,452.0
GTEX-WHSE-0011-R1A-SM-3P5ZK.1,BRAIN,24.5,0.0017153319699483,16.443648109292074,6.9,452.0
GTEX-WHSE-0011-R1A-SM-3P5ZK.2,BRAIN,24.5,0.0017153319699483,16.443648109292074,6.9,452.0
GTEX-WHSE-0011-R1A-SM-3P5ZK.3,BRAIN,24.5,0.0017153319699483,16.443648109292074,6.9,452.0
GTEX-WHSE-0011-R2A-SM-3P5ZL.1,BRAIN,24.5,0.0018350907181001,33.80044270261027,7.4,452.0
GTEX-WHSE-0011-R3A-SM-3P5ZM.1,BRAIN,24.5,0.0010305688691945,16.796774444730875,6.4,452.0
GTEX-WHSE-0011-R3A-SM-3P5ZM.2,BRAIN,24.5,0.0010305688691945,16.796774444730875,6.4,452.0
GTEX-WHSE-0011-R3A-SM-3P5ZM.3,BRAIN,24.5,0.0010305688691945,16.796774444730875,6.4,452.0
GTEX-WHSE-0011-R4A-SM-3P5ZN.1,BRAIN,24.5,0.0018375672510149,33.538538819555406,7.1,452.0
GTEX-WHSE-0011-R4A-SM-3P5ZN.2,BRAIN,24.5,0.0018375672510149,33.538538819555406,7.1,452.0
GTEX-WHSE-0011-R4A-SM-3P5ZN.3,BRAIN,24.5,0.0018375672510149,33.538538819555406,7.1,452.0
GTEX-WHSE-0011-R5A-SM-3P5ZO.1,BRAIN,24.5,0.0012039117332291,24.683787226556795,8.8,452.0
GTEX-WHSE-0011-R5A-SM-3P5ZO.2,BRAIN,24.5,0.0012039117332291,24.683787226556795,8.8,452.0
GTEX-WHSE-0011-R5A-SM-3P5ZO.3,BRAIN,24.5,0.0012039117332291,24.683787226556795,8.8,452.0
GTEX-WHSE-0011-R6A-SM-3P5ZP.1,BRAIN,24.5,0.0012624938609124,21.089524094739577,7.4,452.0
GTEX-WHSE-0011-R6A-SM-3P5ZP.2,BRAIN,24.5,0.0012624938609124,21.089524094739577,7.4,452.0
GTEX-WHSE-0011-R6A-SM-3P5ZP.3,BRAIN,24.5,0.0012624938609124,21.089524094739577,7.4,452.0
GTEX-WHSE-0011-R7A-SM-3P5YZ.1,BRAIN,24.5,0.0008564325698534,14.533932170204524,7.9,452.0
GTEX-WHSE-0011-R7A-SM-3P5YZ.2,BRAIN,24.5,0.0008564325698534,14.533932170204524,7.9,452.0
GTEX-WHSE-0011-R7A-SM-3P5YZ.3,BRAIN,24.5,0.0008564325698534,14.533932170204524,7.9,452.0
GTEX-WHSE-0011-R8A-SM-3P5Z1.1,BRAIN,24.5,0.0023501331657148,25.806816644568123,6.8,452.0
GTEX-WHSE-0011-R8A-SM-3P5Z1.2,BRAIN,24.5,0.0023501331657148,25.806816644568123,6.8,452.0
GTEX-WHSE-0011-R8A-SM-3P5Z1.3,BRAIN,24.5,0.0023501331657148,25.806816644568123,6.8,452.0
GTEX-WHSE-0126-SM-3NMBT.1,SKIN,24.5,0.0022144568818168,39.88191251072927,8.1,468.0
GTEX-WHSE-0526-SM-4SOJ6.1,MUSCLE,24.5,0.0042109724723039,19.184125032989204,8.3,489.0
GTEX-WHSE-0526-SM-5GZZD.1,MUSCLE,24.5,0.0040881562814403,19.034542030464785,8.3,489.0
GTEX-WHSE-0526-SM-5HL79.1,MUSCLE,24.5,0.0033464162825846,17.575987738651257,8.3,489.0
GTEX-WHSE-0826-SM-4SOJU.1,HEART,24.5,0.0011872494349416,24.13615907286449,8.1,524.0
GTEX-WHSE-0926-SM-3NMBS.1,HEART,24.5,0.0027224033638608,19.757569745073937,7.3,554.0
GTEX-WHSE-2926-SM-3NMBG.1,BRAIN,24.5,0.0030732122115317,20.975110087328613,6.7,644.0
GTEX-WHSE-3026-SM-3P5ZH.1,BRAIN,24.5,0.0017806761739621,17.787494888904988,6.7,647.0
GTEX-WHSE-3026-SM-3P5ZH.2,BRAIN,24.5,0.0017806761739621,17.787494888904988,6.7,647.0
GTEX-WHSE-3026-SM-3P5ZH.3,BRAIN,24.5,0.0017806761739621,17.787494888904988,6.7,647.0
GTEX-WHWD-0008-SM-4OOSU.1,SKIN,54.5,0.0036637773119721,253.37340343364747,9.9,327.0
GTEX-WHWD-0326-SM-3LK6L.1,HEART,54.5,0.0025379343645758,31.41551112980217,8.0,233.0
GTEX-WHWD-0426-SM-3LK83.1,HEART,54.5,0.0027529261709198,17.317249741746835,8.4,239.0
GTEX-WHWD-1826-SM-3LK6I.1,SKIN,54.5,0.0020308615190803,24.921461082693813,7.5,319.0
GTEX-WI4N-0008-SM-4OOSV.1,SKIN,44.5,0.0033559275264436,125.09464721312936,9.9,689.0
GTEX-WI4N-0626-SM-3TW8Z.1,HEART,44.5,0.0010380538618356,23.420791021441,6.6,617.0
GTEX-WI4N-0726-SM-3TW93.1,HEART,44.5,0.0035032782445098,57.62266489340301,7.7,624.0
GTEX-WI4N-1026-SM-3LK7N.1,SKIN,44.5,0.002332955065898,36.89847053214687,7.0,688.0
GTEX-WI4N-2726-SM-3LK7Y.1,SKIN,44.5,0.0018136586437128,39.744598719752055,6.5,790.0
GTEX-WK11-0008-SM-4OOSX.1,SKIN,54.5,0.0030130409270107,133.73291835691944,9.5,828.0
GTEX-WK11-0626-SM-3NMAV.1,HEART,54.5,0.0031016311226897,34.85228422929604,7.7,915.0
GTEX-WK11-0826-SM-EZ6LH.1,HEART,54.5,0.0001366167456979,3.0859926425259525,5.7,924.0
GTEX-WK11-1326-SM-4OOSI.1,LIVER,54.5,0.0001286844776012,5.114950584207801,6.4,943.0
GTEX-WK11-2526-SM-3NM9Y.1,MUSCLE,54.5,0.0034569564239895,7.921491965122276,6.8,982.0
GTEX-WK11-2726-SM-3NMAQ.1,SKIN,54.5,0.0031593182680192,43.41235055527345,7.6,1010.0
GTEX-WL46-0008-SM-4OOSW.1,SKIN,54.5,0.0030618115958848,188.83250651143643,10.0,943.0
GTEX-WL46-0011-R10A-SM-3MJFQ.1,BRAIN,54.5,0.0019650794262704,9.259041669791255,7.6,865.0
GTEX-WL46-0011-R11A-SM-3MJFT.1,BRAIN,54.5,0.0039279075359847,13.266683528952155,7.2,865.0
GTEX-WL46-0011-R1A-SM-3LK6M.1,BRAIN,54.5,0.0018108735485467,12.881136358877065,6.6,865.0
GTEX-WL46-0011-R2A-SM-3LK6O.1,BRAIN,54.5,0.001513824842628,14.705445907719852,7.6,865.0
GTEX-WL46-0011-R3A-SM-3TW8E.1,BRAIN,54.5,0.0020997489741847,8.99426752454637,7.3,865.0
GTEX-WL46-0011-R5A-SM-3LK6V.1,BRAIN,54.5,0.0011326720321339,15.365093114113597,7.6,865.0
GTEX-WL46-0011-R6A-SM-3LK6X.1,BRAIN,54.5,0.0016820423278734,18.200143615505077,6.5,865.0
GTEX-WL46-0011-R7A-SM-3LK7X.1,BRAIN,54.5,0.0008162525261143,8.799318868312358,7.5,865.0
GTEX-WL46-0011-R9A-SM-3MJFP.1,BRAIN,54.5,0.0017783531278155,38.2056813670652,7.4,865.0
GTEX-WL46-0626-SM-3LK7R.1,MUSCLE,54.5,0.0043567863270589,8.055836413953946,8.0,961.0
GTEX-WL46-0726-SM-3LK5Z.1,HEART,54.5,0.0020820736506721,36.69636938241798,7.4,970.0
GTEX-WL46-0926-SM-3LK7T.1,HEART,54.5,0.0017183343156908,15.876707794226114,6.8,977.0
GTEX-WL46-2826-SM-3LK81.1,BRAIN,54.5,0.0031055046542566,13.41870269813824,7.7,1050.0
GTEX-WL46-2926-SM-3LK82.1,BRAIN,54.5,0.0016471523951514,9.417522628122835,7.0,1053.0
GTEX-WOFL-0008-SM-4OOSZ.1,SKIN,64.5,0.0045999084664692,174.97015647201638,10.0,577.0
GTEX-WOFL-0126-SM-3MJG2.1,SKIN,64.5,0.0022609327497503,31.390478245978247,7.4,576.0
GTEX-WOFL-0626-SM-3MJG3.1,MUSCLE,64.5,0.001153273755052,16.23809738300088,6.5,614.0
GTEX-WOFL-1226-SM-4OOST.1,HEART,64.5,0.0007502164437363,22.89133372896079,5.7,636.0
GTEX-WOFM-0008-SM-4OOSY.1,SKIN,24.5,0.0034294351809391,239.43371133199707,10.0,218.0
GTEX-WOFM-1326-SM-3MJFR.1,MUSCLE,24.5,0.0020000985350054,7.124108160906825,7.0,224.0
GTEX-WQUQ-0008-SM-4OOT1.1,SKIN,64.5,0.0026339999011171,193.32827739923457,10.0,405.0
GTEX-WQUQ-0426-SM-3MJFU.1,SKIN,64.5,0.002524000803209,23.553596536798,7.1,404.0
GTEX-WQUQ-1326-SM-3MJFF.1,HEART,64.5,0.0015728299166752,24.52484282209973,7.0,484.0
GTEX-WQUQ-1426-SM-3MJFD.1,HEART,64.5,0.0013914149452738,11.518054261075475,6.9,486.0
GTEX-WQUQ-1926-SM-4OOSA.1,LIVER,64.5,0.0011302720202943,21.45237823514684,6.7,494.0
GTEX-WRHK-0008-SM-4MVPA.1,SKIN,24.5,0.0047799202944165,146.0663372335749,9.7,299.0
GTEX-WRHK-1426-SM-3MJF9.1,SKIN,24.5,0.0019783152392755,24.825531910491573,7.0,299.0
GTEX-WRHK-1626-SM-3MJFH.1,MUSCLE,24.5,0.0021868475995093,8.50095300877952,7.3,303.0
GTEX-WRHU-0008-SM-4MVPB.1,SKIN,54.5,0.0047318540713023,119.46555282584386,9.8,556.0
GTEX-WRHU-0826-SM-3MJFN.1,MUSCLE,54.5,0.0026460491200686,9.29670310060478,8.0,505.0
GTEX-WRHU-1026-SM-4E3ID.1,HEART,54.5,0.0011086338707579,22.6681246208717,7.4,518.0
GTEX-WRHU-1226-SM-4E3IJ.1,HEART,54.5,0.0002116590950554,3.75274337884632,6.7,521.0
GTEX-WRHU-2826-SM-3MJG8.1,SKIN,54.5,0.0029267496210226,34.69219069055156,6.8,571.0
GTEX-WVJS-0008-SM-4MVPC.1,SKIN,54.5,0.00482740590749,158.66377277505012,9.9,726.0
GTEX-WVJS-0126-SM-4MVOT.1,SKIN,54.5,0.0020783472195338,24.449186805720952,6.2,726.0
GTEX-WVLH-0008-SM-4MVPD.1,SKIN,54.5,0.0037059053136085,81.38068983342731,10.0,765.0
GTEX-WVLH-0011-R10A-SM-3MJFM.1,BRAIN,54.5,0.0034470074966301,14.159747107117964,8.1,694.0
GTEX-WVLH-0011-R11A-SM-3MJFO.1,BRAIN,54.5,0.0049679521316661,14.663441198822806,8.6,694.0
GTEX-WVLH-0011-R1A-SM-4MVOK.1,BRAIN,54.5,0.0006194361176326,9.38833724320762,5.9,694.0
GTEX-WVLH-0011-R2A-SM-3MJFJ.1,BRAIN,54.5,0.0019865848452735,14.867432124671131,6.8,694.0
GTEX-WVLH-0011-R4A-SM-3MJFS.1,BRAIN,54.5,0.0018594529242473,19.16787704143579,7.3,694.0
GTEX-WVLH-0011-R5A-SM-3MJFW.1,BRAIN,54.5,0.0013467209615578,18.14394390143724,8.1,694.0
GTEX-WVLH-0011-R6A-SM-3MJFZ.1,BRAIN,54.5,0.0015392414928375,18.904537590269715,7.7,694.0
GTEX-WVLH-0011-R7A-SM-3MJFB.1,BRAIN,54.5,0.0004160004301711,10.540190268616149,7.0,694.0
GTEX-WVLH-0011-R8A-SM-3MJFC.1,BRAIN,54.5,0.0004901452201567,7.967141915277311,6.0,694.0
GTEX-WVLH-2126-SM-EYYWD.1,LIVER,54.5,0.0005100252234179,10.419834587938707,5.6,965.0
GTEX-WVLH-2926-SM-3MJG5.1,BRAIN,54.5,0.0022315371947859,14.326759158970653,6.3,1015.0
GTEX-WVLH-3026-SM-3MJG9.1,BRAIN,54.5,0.0015939315364237,9.434610751105463,6.8,1017.0
GTEX-WWTW-0008-SM-4MVPE.1,SKIN,54.5,0.0058067774412589,197.4730877646187,9.7,621.0
GTEX-WWTW-0626-SM-4MVNS.1,MUSCLE,54.5,0.0033512797852893,16.1880291979813,6.3,704.0
GTEX-WWYW-0008-SM-4MVPF.1,SKIN,54.5,0.0041301707668525,134.38762660233004,10.0,747.0
GTEX-WWYW-0011-R10A-SM-3NB35.1,BRAIN,54.5,0.0041842816058401,25.343898088599826,8.1,725.0
GTEX-WWYW-0011-R11A-SM-3NB38.1,BRAIN,54.5,0.0046760985583536,20.1723070783698,7.1,725.0
GTEX-WWYW-0011-R1A-SM-3TW8G.1,BRAIN,54.5,0.001922362666842,23.320672094509277,7.8,725.0
GTEX-WWYW-0011-R5A-SM-3NB3E.1,BRAIN,54.5,0.0020022789515552,31.82733211084881,8.5,725.0
GTEX-WWYW-0011-R6A-SM-3NB3G.1,BRAIN,54.5,0.0021314538763253,27.52511391622518,8.3,725.0
GTEX-WWYW-0011-R7A-SM-3NB3H.1,BRAIN,54.5,0.0018649872626741,35.833918830963526,7.3,725.0
GTEX-WWYW-0011-R8A-SM-3NB3S.1,BRAIN,54.5,0.0010896655262466,23.46583573154573,6.1,725.0
GTEX-WWYW-0526-SM-3NB2W.1,MUSCLE,54.5,0.0067389043928233,15.09892300277828,8.7,753.0
GTEX-WWYW-1126-SM-3NB2Q.1,HEART,54.5,0.0034851921150531,46.894029734223736,6.8,817.0
GTEX-WWYW-1326-SM-3NB2S.1,HEART,54.5,0.0007033553576897,15.128128000400505,6.6,823.0
GTEX-WWYW-3026-SM-3NB36.1,BRAIN,54.5,0.0032875161625743,20.90555785850099,6.3,872.0
GTEX-WWYW-3126-SM-3NB39.1,BRAIN,54.5,0.0016948720285181,17.120266858258073,6.8,874.0
GTEX-WXYG-0008-SM-4ONDU.1,SKIN,54.5,0.0044047680154132,181.0316220488536,9.6,212.0
GTEX-WXYG-2026-SM-4E3IY.1,SKIN,54.5,0.0018756840483658,23.711458408465766,7.9,203.0
GTEX-WXYG-2326-SM-4E3I6.1,SKIN,54.5,0.0019251341382146,25.88921945293995,7.8,213.0
GTEX-WXYG-2526-SM-3NB3F.1,MUSCLE,54.5,0.0055649166675608,7.167478541035525,8.6,223.0
GTEX-WY7C-0008-SM-4ONDW.1,SKIN,54.5,0.0046196834030105,164.61157283508456,10.0,234.0
GTEX-WY7C-0526-SM-3NB3D.1,HEART,54.5,0.0019008842964915,19.48448239603299,8.4,176.0
GTEX-WY7C-0726-SM-4ONCB.1,LIVER,54.5,0.0018424146735,34.046680080108665,9.5,180.0
GTEX-WY7C-1126-SM-3NB3A.1,HEART,54.5,0.0018463579882192,28.37384059057759,9.1,190.0
GTEX-WY7C-2126-SM-3NB2R.1,SKIN,54.5,0.0016322443435114,20.95435002112704,7.7,221.0
GTEX-WY7C-2326-SM-3NB2U.1,SKIN,54.5,0.0019145200905301,26.36759341146574,7.1,235.0
GTEX-WY7C-2526-SM-3NB2N.1,MUSCLE,54.5,0.0032989724007793,7.121318299291227,8.6,237.0
GTEX-WYBS-0008-SM-4ONDX.1,SKIN,64.5,0.0054090782471165,159.66680181082413,10.0,854.0
GTEX-WYBS-0626-SM-3NMAS.1,SKIN,64.5,0.0029483756640592,48.16614713077421,8.1,867.0
GTEX-WYBS-1226-SM-3NM9N.1,HEART,64.5,0.0008951826032452,18.683301383881115,6.1,896.0
GTEX-WYJK-0008-SM-4ONDV.1,SKIN,54.5,0.0048690406486003,177.85059095128508,9.9,705.0
GTEX-WYJK-0126-SM-3NMAB.1,SKIN,54.5,0.0022059089426313,21.53346254175851,6.9,704.0
GTEX-WYJK-0526-SM-3NM8Z.1,SKIN,54.5,0.0021164251460491,28.27664214500448,8.6,748.0
GTEX-WYJK-1026-SM-3NM8W.1,HEART,54.5,0.0026306538299736,14.001251390072744,7.7,774.0
GTEX-WYJK-1126-SM-3NM9Z.1,HEART,54.5,0.0010677434512649,19.38731692123021,7.5,777.0
GTEX-WYJK-1726-SM-3NM9U.1,MUSCLE,54.5,0.0027628681749196,5.143936355127816,7.8,792.0
GTEX-WYVS-0008-SM-4ONDY.1,SKIN,44.5,0.0022647601442302,68.54917268349803,9.9,311.0
GTEX-WYVS-1626-SM-3NM9R.1,SKIN,44.5,0.0022697549553342,43.82559483914815,8.0,282.0
GTEX-WYVS-1926-SM-4PQZ2.1,LIVER,44.5,0.001186192772844,24.158334989364683,8.2,297.0
GTEX-WYVS-1926-SM-4SOIC.1,LIVER,44.5,0.0011370481742538,24.58518318337905,8.2,297.0
GTEX-WYVS-2126-SM-3NMA3.1,SKIN,44.5,0.0026769639593416,31.658103454296043,7.7,311.0
GTEX-WYVS-2326-SM-3NMAI.1,MUSCLE,44.5,0.0013868102137061,4.370582067506876,8.6,315.0
GTEX-WZTO-0008-SM-4PQZZ.1,SKIN,44.5,0.0036102291466875,181.51330069274744,10.0,479.0
GTEX-WZTO-0011-R10B-SM-4E3KB.1,BRAIN,44.5,0.0016181652271577,10.42842860270609,8.1,430.0
GTEX-WZTO-0011-R11A-SM-4E3K9.1,BRAIN,44.5,0.0031479518790841,14.941204805109566,8.6,430.0
GTEX-WZTO-0011-R1B-SM-3NMAR.1,BRAIN,44.5,0.001807580659914,21.402392630368613,7.2,430.0
GTEX-WZTO-0011-R3B-SM-3NMC6.1,BRAIN,44.5,0.0024388949134797,15.555354535534947,7.7,430.0
GTEX-WZTO-0011-R4A-SM-3NMC7.1,BRAIN,44.5,0.0017223996039898,14.488917926781518,7.0,430.0
GTEX-WZTO-0011-R5B-SM-3NMC5.1,BRAIN,44.5,0.0011388600419219,17.768679392895116,8.0,430.0
GTEX-WZTO-0011-R6B-SM-4E3J6.1,BRAIN,44.5,0.0013560425591214,16.13517740864092,7.5,430.0
GTEX-WZTO-0011-R7B-SM-4E3IS.1,BRAIN,44.5,0.0008480381250087,13.854272393202724,7.9,430.0
GTEX-WZTO-0011-R8A-SM-4E3II.1,BRAIN,44.5,0.0016598897880293,17.53559453491063,7.4,430.0
GTEX-WZTO-0126-SM-3NM95.1,SKIN,44.5,0.0014085765821711,19.040020857160066,7.7,478.0
GTEX-WZTO-0626-SM-4PQYY.1,LIVER,44.5,0.0003786015849881,9.738739037059515,7.4,499.0
GTEX-WZTO-0826-SM-3NM8Q.1,MUSCLE,44.5,0.0028188452521917,5.427435356065304,8.3,508.0
GTEX-WZTO-1226-SM-3NMAZ.1,HEART,44.5,0.0016268912576489,21.980205583777096,7.5,515.0
GTEX-WZTO-1326-SM-3NM8X.1,HEART,44.5,0.0031403947375849,17.018347296522514,7.5,518.0
GTEX-WZTO-2826-SM-3NM8P.1,BRAIN,44.5,0.0022089447729574,14.382275683087768,7.9,583.0
GTEX-WZTO-2926-SM-3NM9I.1,BRAIN,44.5,0.0017708847814881,16.566749359866265,7.9,586.0
GTEX-X15G-0008-SM-4PR2D.1,SKIN,54.5,0.0049255029702263,244.06855669576183,9.8,355.0
GTEX-X15G-0426-SM-4PQZ6.1,HEART,54.5,0.0027565326924722,14.701617419851246,5.9,217.0
GTEX-X261-0008-SM-4PR11.1,SKIN,54.5,0.0039592262021598,213.87571831616765,10.0,743.0
GTEX-X261-0011-R10B-SM-4E3JT.1,BRAIN,54.5,0.0006711525699262,11.851097957477377,7.1,727.0
GTEX-X261-0011-R11A-SM-4E3JY.1,BRAIN,54.5,0.0021241519503302,14.82591988188401,8.0,727.0
GTEX-X261-0011-R5A-SM-3NMB4.1,BRAIN,54.5,0.000501296391818,14.599558538648049,6.6,727.0
GTEX-X261-0011-R6B-SM-4E3J8.1,BRAIN,54.5,0.0003125094629458,7.587110002044205,5.9,727.0
GTEX-X261-0011-R7A-SM-4E3JJ.1,BRAIN,54.5,0.0002736292208538,7.508332926493491,6.3,727.0
GTEX-X261-0011-R8A-SM-4E3I5.1,BRAIN,54.5,0.0023166813382919,28.920195442035634,7.4,727.0
GTEX-X261-0126-SM-3NMD6.1,SKIN,54.5,0.0023095487312062,21.413544347377144,8.0,741.0
GTEX-X261-0326-SM-3NMD4.1,MUSCLE,54.5,0.002582384159795,9.020751852413534,8.4,754.0
GTEX-X261-0926-SM-3NMCY.1,HEART,54.5,0.0011768318923011,31.753369956674614,6.7,836.0
GTEX-X261-1426-SM-4PQZ1.1,HEART,54.5,6.262013991705949e-05,3.1364720661474714,5.9,850.0
GTEX-X261-1726-SM-4PQYT.1,LIVER,54.5,0.0004742893241702,18.10047749249534,5.8,858.0
GTEX-X261-3126-SM-4PQZC.1,BRAIN,54.5,0.0017913982645566,14.192972485481356,5.8,990.0
GTEX-X3Y1-0008-SM-4PR12.1,SKIN,44.5,0.0047828925308147,179.18554813579544,10.0,175.0
GTEX-X3Y1-0226-SM-3P5Z5.1,HEART,44.5,0.0022644721747501,23.05673307202466,7.1,182.0
GTEX-X3Y1-0226-SM-3P5Z5.2,HEART,44.5,0.0022643148740744,23.056397475248755,7.1,182.0
GTEX-X3Y1-0226-SM-3P5Z5.3,HEART,44.5,0.0022643148740744,23.056397475248755,7.1,182.0
GTEX-X3Y1-0426-SM-3P5Z4.1,HEART,44.5,0.0020077225697718,14.643144971655785,8.1,189.0
GTEX-X3Y1-0426-SM-3P5Z4.2,HEART,44.5,0.0020077225697718,14.643144971655785,8.1,189.0
GTEX-X3Y1-0426-SM-3P5Z4.3,HEART,44.5,0.0020077225697718,14.643144971655785,8.1,189.0
GTEX-X3Y1-2026-SM-3P5YM.1,SKIN,44.5,0.0017746276910311,36.36043065411125,7.6,176.0
GTEX-X3Y1-2026-SM-3P5YM.2,SKIN,44.5,0.0017746276910311,36.36043065411125,7.6,176.0
GTEX-X3Y1-2026-SM-3P5YM.3,SKIN,44.5,0.0017746276910311,36.36043065411125,7.6,176.0
GTEX-X3Y1-2726-SM-4PQZH.1,LIVER,44.5,0.0014449683461782,29.172829297296133,8.1,214.0
GTEX-X4EO-0008-SM-4QASS.1,SKIN,64.5,0.0031774743643053,91.01652927906896,10.0,780.0
GTEX-X4EO-0326-SM-3P5YO.1,SKIN,64.5,0.0024627964824358,37.32126198990621,7.8,779.0
GTEX-X4EO-0326-SM-3P5YO.2,SKIN,64.5,0.0024627964824358,37.32126198990621,7.8,779.0
GTEX-X4EO-0326-SM-3P5YO.3,SKIN,64.5,0.0024627964824358,37.32126198990621,7.8,779.0
GTEX-X4EO-0526-SM-3P5Z3.1,MUSCLE,64.5,0.003360501096574,6.6385376305964,7.7,784.0
GTEX-X4EO-0526-SM-3P5Z3.2,MUSCLE,64.5,0.003360501096574,6.6385376305964,7.7,784.0
GTEX-X4EO-0526-SM-3P5Z3.3,MUSCLE,64.5,0.003360501096574,6.6385376305964,7.7,784.0
GTEX-X4EO-1126-SM-4QARQ.1,LIVER,64.5,0.0005471042821252,17.59234652269278,7.1,804.0
GTEX-X4EO-2926-SM-4E3JH.1,SKIN,64.5,0.0024060319570175,33.789674875007535,7.5,851.0
GTEX-X4EP-0008-SM-4PQYO.1,SKIN,64.5,0.0036485440562927,263.4046361729483,10.0,1104.0
GTEX-X4EP-0011-R10B-SM-4QASJ.1,BRAIN,64.5,0.0046576430754679,49.21860286272182,7.2,1055.0
GTEX-X4EP-0011-R11B-SM-4QASK.1,BRAIN,64.5,0.0068169883715115,23.68085241353986,7.8,1055.0
GTEX-X4EP-0011-R1A-SM-3P624.1,BRAIN,64.5,0.0038874726095249,77.02177066599316,7.2,1055.0
GTEX-X4EP-0011-R1A-SM-3P624.2,BRAIN,64.5,0.0038874726095249,77.02177066599316,7.2,1055.0
GTEX-X4EP-0011-R1A-SM-3P624.3,BRAIN,64.5,0.0038874726095249,77.02177066599316,7.2,1055.0
GTEX-X4EP-0011-R2B-SM-3P625.1,BRAIN,64.5,0.0077502046580569,96.74296315090749,7.4,1055.0
GTEX-X4EP-0011-R2B-SM-3P625.2,BRAIN,64.5,0.0077502046580569,96.74296315090749,7.4,1055.0
GTEX-X4EP-0011-R2B-SM-3P625.3,BRAIN,64.5,0.0077502046580569,96.74296315090749,7.4,1055.0
GTEX-X4EP-0011-R3A-SM-3P626.1,BRAIN,64.5,0.0056423054998619,48.004276659290674,7.1,1055.0
GTEX-X4EP-0011-R4B-SM-3P627.1,BRAIN,64.5,0.0099307107391673,53.13806888618024,7.1,1055.0
GTEX-X4EP-0011-R5A-SM-3P628.1,BRAIN,64.5,0.0223322705642352,102.1389911549074,8.3,1055.0
GTEX-X4EP-0011-R5A-SM-3P628.2,BRAIN,64.5,0.0223323104698902,102.13901713670936,8.3,1055.0
GTEX-X4EP-0011-R5A-SM-3P628.3,BRAIN,64.5,0.0223323104698902,102.13901713670936,8.3,1055.0
GTEX-X4EP-0011-R6A-SM-3P629.1,BRAIN,64.5,0.0105759092775246,131.70808428510057,7.7,1055.0
GTEX-X4EP-0011-R6A-SM-3P629.2,BRAIN,64.5,0.0105759092775246,131.70808428510057,7.7,1055.0
GTEX-X4EP-0011-R6A-SM-3P629.3,BRAIN,64.5,0.0105759092775246,131.70808428510057,7.7,1055.0
GTEX-X4EP-0011-R7B-SM-4PQZW.1,BRAIN,64.5,0.0127589375312661,57.71691833912976,8.0,1055.0
GTEX-X4EP-0011-R8B-SM-4QASL.1,BRAIN,64.5,0.0089760771762591,57.576667050757706,7.7,1055.0
GTEX-X4EP-0011-R9B-SM-4QASI.1,BRAIN,64.5,0.0048039446010756,100.9498241839364,7.5,1055.0
GTEX-X4EP-0126-SM-3P5YV.1,SKIN,64.5,0.0024912798034239,25.53105118025425,6.0,1104.0
GTEX-X4EP-0126-SM-3P5YV.2,SKIN,64.5,0.0024912798034239,25.531053307080988,6.0,1104.0
GTEX-X4EP-0126-SM-3P5YV.3,SKIN,64.5,0.0024912798034239,25.53105118025425,6.0,1104.0
GTEX-X4EP-0326-SM-3P5Z6.1,HEART,64.5,0.0022591035856348,28.007187282366235,7.9,1119.0
GTEX-X4EP-0626-SM-3P621.1,SKIN,64.5,0.0022629506398426,25.835051404246386,7.0,1129.0
GTEX-X4EP-1026-SM-4QAS5.1,LIVER,64.5,0.0009364632767311,37.60432562562932,6.7,1137.0
GTEX-X4EP-3026-SM-3P5YP.1,BRAIN,64.5,0.0049177718573614,27.657032138117803,7.1,1189.0
GTEX-X4EP-3026-SM-3P5YP.2,BRAIN,64.5,0.0049177718573614,27.657032138117803,7.1,1189.0
GTEX-X4EP-3026-SM-3P5YP.3,BRAIN,64.5,0.0049177718573614,27.657032138117803,7.1,1189.0
GTEX-X4LF-0008-SM-4QAST.1,SKIN,54.5,0.0035304866643588,86.33033563012731,10.0,180.0
GTEX-X4XX-0008-SM-46MVK.1,SKIN,64.5,0.0038217144189521,114.15642725440271,10.0,288.0
GTEX-X4XX-0011-R10B-SM-46MWO.1,BRAIN,64.5,0.0022765130905949,13.969535942153444,7.9,223.0
GTEX-X4XX-0011-R11A-SM-46MWQ.1,BRAIN,64.5,0.0028370198993265,19.57642475756709,8.0,223.0
GTEX-X4XX-0011-R1B-SM-3P622.1,BRAIN,64.5,0.0007852555077868,15.533385384536874,7.8,223.0
GTEX-X4XX-0011-R1B-SM-3P622.2,BRAIN,64.5,0.0007852555077868,15.533385384536874,7.8,223.0
GTEX-X4XX-0011-R1B-SM-3P622.3,BRAIN,64.5,0.0007852555077868,15.533385384536874,7.8,223.0
GTEX-X4XX-0011-R2A-SM-3P623.1,BRAIN,64.5,0.0036808336682575,44.61421579850028,7.6,223.0
GTEX-X4XX-0011-R2A-SM-3P623.2,BRAIN,64.5,0.0036808336682575,44.61421579850028,7.6,223.0
GTEX-X4XX-0011-R2A-SM-3P623.3,BRAIN,64.5,0.0036808336682575,44.61421579850028,7.6,223.0
GTEX-X4XX-0011-R3B-SM-46MWK.1,BRAIN,64.5,0.0013818251948217,15.377381850211648,7.4,223.0
GTEX-X4XX-0011-R4B-SM-46MWL.1,BRAIN,64.5,0.0005336169791419,10.237481404151326,5.9,223.0
GTEX-X4XX-0011-R5A-SM-46MWN.1,BRAIN,64.5,0.0010984359389891,24.14531819392054,7.1,223.0
GTEX-X4XX-0011-R6B-SM-46MWP.1,BRAIN,64.5,0.0012449052872854,16.773183418937933,7.6,223.0
GTEX-X4XX-0011-R7A-SM-46MWR.1,BRAIN,64.5,0.000556640310142,19.33740239828748,6.2,223.0
GTEX-X4XX-0011-R8B-SM-46MWM.1,BRAIN,64.5,0.0012527256081431,16.067201000274228,6.9,223.0
GTEX-X4XX-0126-SM-3NMC2.1,SKIN,64.5,0.0017962801550816,19.85599908514462,6.5,287.0
GTEX-X4XX-0626-SM-3NMC1.1,MUSCLE,64.5,0.0037010070148636,14.617685181747536,8.3,302.0
GTEX-X4XX-1126-SM-3NMBY.1,HEART,64.5,0.0018160360260571,42.4987453762939,6.8,323.0
GTEX-X4XX-2926-SM-3NMB1.1,BRAIN,64.5,0.002334160720276,18.33210518449367,7.2,380.0
GTEX-X4XX-3026-SM-3NMB2.1,BRAIN,64.5,0.0017255455659942,13.792543963193486,7.0,383.0
GTEX-X4XY-0008-SM-46MVL.1,SKIN,64.5,0.0045590974037725,187.15060686102947,10.0,610.0
GTEX-X4XY-0011-R10B-SM-46MWS.1,BRAIN,64.5,0.0002543778696231,4.45699510261689,6.5,424.0
GTEX-X4XY-0011-R3B-SM-EXOHI.1,BRAIN,64.5,0.0005455393936825,3.780639069920451,5.5,424.0
GTEX-X4XY-0011-R6B-SM-46MVB.1,BRAIN,64.5,0.0001279868831063,2.091083352964123,6.2,424.0
GTEX-X4XY-0011-R8A-SM-46MVC.1,BRAIN,64.5,0.0002271035577138,5.138436483747648,6.1,424.0
GTEX-X4XY-0226-SM-4E3IZ.1,SKIN,64.5,0.0020798072745879,47.64527892387332,8.5,609.0
GTEX-X4XY-0626-SM-4E3IN.1,MUSCLE,64.5,0.0027658931055018,10.368473341954402,8.6,618.0
GTEX-X4XY-1626-SM-46MVN.1,LIVER,64.5,0.0008516453353443,48.64307084445709,6.7,653.0
GTEX-X4XY-3026-SM-EWRM9.1,BRAIN,64.5,0.0008472987465441,5.719626616845193,5.5,691.0
GTEX-X585-0008-SM-46MU4.1,SKIN,54.5,0.0051269731040236,147.25478855209127,9.4,780.0
GTEX-X585-0011-R10A-SM-46MUY.1,BRAIN,54.5,0.0075504610010718,50.04368359435176,7.1,720.0
GTEX-X585-0011-R11B-SM-46MUZ.1,BRAIN,54.5,0.0100708316003854,55.9766384684355,7.9,720.0
GTEX-X585-0011-R1B-SM-46MVE.1,BRAIN,54.5,0.0028978017847736,21.587327884850417,8.0,720.0
GTEX-X585-0011-R2B-SM-46MVF.1,BRAIN,54.5,0.0034240937915915,55.085261183759215,7.6,720.0
GTEX-X585-0011-R3B-SM-46MVG.1,BRAIN,54.5,0.0030883246392076,19.766428763331188,8.1,720.0
GTEX-X585-0011-R4B-SM-46MVH.1,BRAIN,54.5,0.0025999170547561,43.61549871470846,7.7,720.0
GTEX-X585-0011-R5A-SM-46MVI.1,BRAIN,54.5,0.0027186558868523,28.250984890642915,7.7,720.0
GTEX-X585-0011-R6A-SM-46MVJ.1,BRAIN,54.5,0.002841054368212,19.051240379629103,7.4,720.0
GTEX-X585-0011-R8A-SM-46MUX.1,BRAIN,54.5,0.0055136289593783,27.233373646120484,6.9,720.0
GTEX-X585-0226-SM-4QAS2.1,SKIN,54.5,0.0023600099320772,23.96325260852911,5.7,780.0
GTEX-X585-2426-SM-46MW2.1,SKIN,54.5,0.0033215559758136,24.99322876219687,6.8,847.0
GTEX-X585-3026-SM-46MWF.1,BRAIN,54.5,0.0078774236316664,59.711346189987744,6.5,864.0
GTEX-X5EB-0008-SM-46MU3.1,SKIN,44.5,0.0033717433122148,182.8913150882443,9.9,276.0
GTEX-X5EB-0626-SM-46MVQ.1,HEART,44.5,0.0014898058100589,20.26636058778295,8.6,206.0
GTEX-X5EB-0826-SM-46MVS.1,HEART,44.5,0.0009727179764154,107.07292933830998,6.8,217.0
GTEX-X5EB-1926-SM-4E3IW.1,SKIN,44.5,0.001664571401278,29.868405290208443,8.4,257.0
GTEX-X5EB-2226-SM-46MW4.1,SKIN,44.5,0.002595188816402,27.130723320824625,7.4,274.0
GTEX-X5EB-2326-SM-46MW5.1,MUSCLE,44.5,0.0016117696852646,6.8785194867015225,8.2,279.0
GTEX-X62O-0008-SM-46MU5.1,SKIN,54.5,0.0025381012660514,52.37699278635916,7.8,852.0
GTEX-X62O-0126-SM-4E3JN.1,SKIN,54.5,0.0016224872401,26.973676085269982,6.4,851.0
GTEX-X62O-0826-SM-46MW8.1,HEART,54.5,0.006271664891792,54.77679033532449,8.5,893.0
GTEX-X638-0008-SM-47JZ7.1,SKIN,74.5,0.0029372946395121,92.9094634482889,10.0,39.0
GTEX-X638-0126-SM-47JZ8.1,SKIN,74.5,0.001741144972727,36.183175253814746,7.4,42.0
GTEX-X638-0326-SM-47JY1.1,MUSCLE,74.5,0.0026029616470739,11.731172789879034,8.2,53.0
GTEX-X88G-0008-SM-47JWN.1,SKIN,34.5,0.0048510241442889,268.0179166610668,9.3,126.0
GTEX-X88G-0126-SM-47JZ3.1,SKIN,34.5,0.002252971033336,28.290863468990345,6.6,130.0
GTEX-X88G-0326-SM-47JZ4.1,MUSCLE,34.5,0.0031328537317045,11.764697463828083,7.4,138.0
GTEX-X8HC-0008-SM-46MU6.1,SKIN,54.5,0.0025765351937653,38.93199249120727,7.9,749.0
GTEX-X8HC-0126-SM-4E3JW.1,SKIN,54.5,0.0018860863929698,28.516801560303247,6.6,749.0
GTEX-X8HC-0526-SM-4E3JA.1,MUSCLE,54.5,0.0023484333439098,12.01158748637216,8.6,764.0
GTEX-X8HC-0626-SM-4E3HQ.1,SKIN,54.5,0.0015824065861885,35.54627855233091,7.7,769.0
GTEX-X8HC-1026-SM-46MWH.1,HEART,54.5,0.0018834631746449,33.86910602268261,7.6,785.0
GTEX-X8HC-1626-SM-46MWE.1,HEART,54.5,0.0009730689626004,13.758698761468176,7.0,801.0
GTEX-XAJ8-0008-SM-46MU7.1,SKIN,44.5,0.0292368548951146,35.0937450461732,9.5,173.0
GTEX-XAJ8-0826-SM-47JY6.1,SKIN,44.5,0.0023029027644726,23.217235214755156,8.0,168.0
GTEX-XAJ8-1026-SM-47JY9.1,MUSCLE,44.5,0.0023452352742816,6.799915782779901,5.8,182.0
GTEX-XAJ8-1426-SM-47JYM.1,SKIN,44.5,0.0014439270142354,20.33461978614985,7.1,213.0
GTEX-XBEC-0008-SM-4AT3X.1,SKIN,54.5,0.0047934152484944,210.45185618787636,10.0,424.0
GTEX-XBEC-0626-SM-4QARY.1,MUSCLE,54.5,0.0019342623849426,6.180595825678415,7.2,477.0
GTEX-XBEC-0726-SM-4QARZ.1,SKIN,54.5,0.0015003225442901,25.084137534995715,5.8,497.0
GTEX-XBEC-1226-SM-4AT65.1,HEART,54.5,0.0055291722138683,37.07720843001555,7.7,531.0
GTEX-XBEC-1326-SM-4AT69.1,HEART,54.5,0.0002500176613971,3.7325694870430346,6.3,532.0
GTEX-XBEC-1526-SM-4AT68.1,LIVER,54.5,0.0003823124172615,9.487788408806228,6.3,536.0
GTEX-XBED-0008-SM-47JWO.1,SKIN,64.5,0.0027094262080822,94.24875606708568,9.4,173.0
GTEX-XBED-0526-SM-47JY3.1,HEART,64.5,0.0017879652279948,14.619936668207052,7.8,104.0
GTEX-XBED-1926-SM-47JYP.1,SKIN,64.5,0.0020478558307626,33.19739729443137,8.0,164.0
GTEX-XBED-2226-SM-47JYQ.1,SKIN,64.5,0.0018980299082111,27.43676316637898,8.5,211.0
GTEX-XBED-2626-SM-4E3J5.1,MUSCLE,64.5,0.0019855507194959,8.787382613879053,8.7,222.0
GTEX-XBEW-0008-SM-4AT3Y.1,SKIN,44.5,0.003282995383524,148.40608698102767,9.8,440.0
GTEX-XBEW-0626-SM-4QASP.1,SKIN,44.5,0.002311189073347,20.16224872440408,8.9,439.0
GTEX-XBEW-1026-SM-4QARV.1,MUSCLE,44.5,0.002655035817169,4.679167972281731,8.3,447.0
GTEX-XBEW-1126-SM-4QARW.1,SKIN,44.5,0.0010221135156005,16.26271357183355,7.2,449.0
GTEX-XGQ4-0008-SM-4AT3Z.1,SKIN,54.5,0.0040963782036493,52.27562562876369,8.1,215.0
GTEX-XGQ4-0326-SM-4GIEE.1,HEART,54.5,0.0015685881381033,14.171448709730235,7.7,143.0
GTEX-XGQ4-0526-SM-4AT6C.1,HEART,54.5,0.0015100589576582,13.25414184708665,7.6,145.0
GTEX-XGQ4-2326-SM-4AT53.1,MUSCLE,54.5,0.0022083372321723,8.09150044446696,7.4,199.0
GTEX-XK95-0008-SM-4AT5G.1,SKIN,44.5,0.0027483840355819,86.17337553335263,8.9,693.0
GTEX-XK95-0226-SM-4AT58.1,SKIN,44.5,0.0024470331588468,29.53329381192387,6.4,691.0
GTEX-XLM4-0008-SM-4AT4W.1,SKIN,64.5,0.0042931841946122,187.59922202014155,10.0,655.0
GTEX-XLM4-0011-R10A-SM-4AT5P.1,BRAIN,64.5,0.0020888975969555,19.367113404601767,8.0,569.0
GTEX-XLM4-0011-R10A-SM-5S2TN.1,BRAIN,64.5,0.0021897021700323,23.187849102203,8.0,569.0
GTEX-XLM4-0011-R11A-SM-4AT46.1,BRAIN,64.5,0.0023780616473531,27.571300672347714,7.7,569.0
GTEX-XLM4-0011-R11A-SM-5S2SY.1,BRAIN,64.5,0.0024299853094835,32.4763375845715,7.7,569.0
GTEX-XLM4-0011-R2B-SM-4AT5Z.1,BRAIN,64.5,0.0011285582457911,17.390638622201934,6.5,569.0
GTEX-XLM4-0011-R3B-SM-4AT6E.1,BRAIN,64.5,0.0022442115404195,18.602492242356952,7.9,569.0
GTEX-XLM4-0011-R4B-SM-4AT5C.1,BRAIN,64.5,0.0017517796338147,19.22684351439354,7.3,569.0
GTEX-XLM4-0011-R6A-SM-4AT4B.1,BRAIN,64.5,0.0022112476717113,18.372985109988367,8.6,569.0
GTEX-XLM4-0011-R7A-SM-4AT5L.1,BRAIN,64.5,0.0016338671246645,17.830530803962322,7.7,569.0
GTEX-XLM4-0011-R8A-SM-4AT44.1,BRAIN,64.5,0.0023698258231705,39.4894999115642,8.4,569.0
GTEX-XLM4-0011-R9A-SM-4AT45.1,BRAIN,64.5,0.0004868926509956,13.71506579773917,7.0,569.0
GTEX-XLM4-2026-SM-4AT4X.1,HEART,64.5,0.0024067209516247,30.721082289635422,6.9,749.0
GTEX-XLM4-2926-SM-4AT59.1,BRAIN,64.5,0.0023695818620115,17.12386227938417,6.3,786.0
GTEX-XLM4-3026-SM-4AT6L.1,BRAIN,64.5,0.0014871102144495,14.17514665661485,6.1,789.0
GTEX-XMD1-0008-SM-4AT41.1,SKIN,64.5,0.0061866434154051,114.42119911453992,9.7,918.0
GTEX-XMD1-0011-R10A-SM-4AT4A.1,BRAIN,64.5,0.0016591394940566,23.71291533070318,6.9,820.0
GTEX-XMD1-0011-R11A-SM-4AT5J.1,BRAIN,64.5,0.0014763023015193,15.26716763556367,6.8,820.0
GTEX-XMD1-0011-R1A-SM-4AT4C.1,BRAIN,64.5,0.0007148737782537,15.159828674171944,6.7,820.0
GTEX-XMD1-0011-R2B-SM-4AT5N.1,BRAIN,64.5,0.0004860816796461,11.25823058211771,6.0,820.0
GTEX-XMD1-0011-R3B-SM-4AT5R.1,BRAIN,64.5,0.000982377152587,15.664788702160507,6.7,820.0
GTEX-XMD1-0011-R5A-SM-4AT47.1,BRAIN,64.5,0.001208077679265,30.768196138294066,7.8,820.0
GTEX-XMD1-0011-R6A-SM-4AT5K.1,BRAIN,64.5,0.0011915311699347,17.960634430460335,7.4,820.0
GTEX-XMD1-0011-R8A-SM-4AT48.1,BRAIN,64.5,0.0023690534491368,39.483959791947456,7.5,820.0
GTEX-XMD1-0011-R9A-SM-4AT49.1,BRAIN,64.5,0.0035810033614411,46.19244185257646,7.2,820.0
GTEX-XMD1-0626-SM-EZ6MC.1,MUSCLE,64.5,0.0038484984911958,10.077066536536067,5.8,926.0
GTEX-XMD1-2826-SM-4AT5F.1,BRAIN,64.5,0.0017082006052702,18.77413488890826,6.4,987.0
GTEX-XMD1-2926-SM-4AT42.1,BRAIN,64.5,0.0010386073869751,29.43221265850381,6.1,990.0
GTEX-XMD2-0008-SM-4WWE7.1,SKIN,64.5,0.0045091685091925,116.48945581837113,10.0,1340.0
GTEX-XMD2-0126-SM-4YCDU.1,SKIN,64.5,0.0022327287860238,26.152843175955017,7.7,1339.0
GTEX-XMD2-0526-SM-4YCDI.1,MUSCLE,64.5,0.0096781383703322,13.192836295711396,8.7,1368.0
GTEX-XMD2-2126-SM-4YCF8.1,SKIN,64.5,0.0022575126237862,26.850884904329625,7.5,1420.0
GTEX-XMD3-0008-SM-4AT4V.1,SKIN,54.5,0.0035087905067964,120.29020395275336,10.0,1339.0
GTEX-XMK1-0008-SM-4GICF.1,SKIN,44.5,0.003507740093076,251.925190965443,10.0,246.0
GTEX-XOT4-0008-SM-4B664.1,SKIN,64.5,0.0049295387485274,214.9549466584758,10.0,640.0
GTEX-XOT4-0526-SM-4B66O.1,MUSCLE,64.5,0.0027586794933066,8.019188162753084,7.6,665.0
GTEX-XOT4-0626-SM-4B66L.1,SKIN,64.5,0.001616770609132,24.464226014722243,7.3,667.0
GTEX-XOT4-1126-SM-4B66E.1,HEART,64.5,0.005425718200862,30.939988003493163,8.0,686.0
GTEX-XOTO-0008-SM-4GICE.1,SKIN,54.5,0.0042024628447041,218.3948448275327,10.0,593.0
GTEX-XOTO-0011-R10B-SM-EZ6LM.1,BRAIN,54.5,0.0011773987884274,8.353764901073893,5.7,503.0
GTEX-XOTO-0011-R11B-SM-4B64O.1,BRAIN,54.5,0.0016956182299851,9.8507544432453,6.8,503.0
GTEX-XOTO-0011-R1B-SM-4B65C.1,BRAIN,54.5,0.0013950540871537,15.849764450067028,7.1,503.0
GTEX-XOTO-0011-R3A-SM-4B64W.1,BRAIN,54.5,0.0016216640192323,11.497908177490622,6.9,503.0
GTEX-XOTO-0011-R4B-SM-EZ6LL.1,BRAIN,54.5,0.0006348433975754,8.52698830606557,5.8,503.0
GTEX-XOTO-0011-R5A-SM-4B657.1,BRAIN,54.5,0.0006117984615106,11.156453394364677,6.9,503.0
GTEX-XOTO-0011-R6B-SM-4B65X.1,BRAIN,54.5,0.0006436320819161,10.475751580140626,6.7,503.0
GTEX-XOTO-0011-R7B-SM-4B64R.1,BRAIN,54.5,0.0006779702268405,14.232344558424304,7.7,503.0
GTEX-XOTO-0011-R8A-SM-4B65J.1,BRAIN,54.5,0.0007972760435272,11.41126702564292,6.4,503.0
GTEX-XOTO-0011-R9A-SM-4GICI.1,BRAIN,54.5,0.0003550418778606,10.89384340821491,6.5,503.0
GTEX-XOTO-0126-SM-4B66N.1,SKIN,54.5,0.0018053399770874,23.61456011065424,8.1,592.0
GTEX-XOTO-0526-SM-4B662.1,MUSCLE,54.5,0.0038049626894442,8.806945412695454,8.6,616.0
GTEX-XOTO-0726-SM-4B659.1,SKIN,54.5,0.0014705513206168,20.541569637933414,7.5,646.0
GTEX-XOTO-0826-SM-4B65O.1,LIVER,54.5,0.0010280407743488,23.903702229763947,7.3,658.0
GTEX-XOTO-2926-SM-4B65G.1,BRAIN,54.5,0.0011458302149735,10.339198839322332,6.9,718.0
GTEX-XOTO-3026-SM-4B65M.1,BRAIN,54.5,0.0011771781192561,11.37998747075196,7.1,721.0
GTEX-XPT6-0008-SM-4B64Q.1,SKIN,24.5,0.0051516488036998,196.5784381768748,10.0,250.0
GTEX-XPT6-0126-SM-4B65S.1,HEART,24.5,0.0015769101271538,15.148947945985258,7.9,184.0
GTEX-XPT6-0226-SM-4B65L.1,HEART,24.5,0.0015742684644829,25.40117444120446,8.4,186.0
GTEX-XPT6-2026-SM-4B64V.1,MUSCLE,24.5,0.0022749726913014,6.682590448379209,8.9,254.0
GTEX-XPVG-0008-SM-4GICH.1,SKIN,54.5,0.0041169733389943,278.514455006475,10.0,223.0
GTEX-XPVG-0726-SM-4B658.1,HEART,54.5,0.0012824508095584,15.02059065921554,8.0,93.0
GTEX-XPVG-0826-SM-4B654.1,HEART,54.5,0.0013014109846307,11.719503067581073,8.3,98.0
GTEX-XPVG-2126-SM-4B667.1,SKIN,54.5,0.0012514110803594,19.76253537881383,6.8,194.0
GTEX-XPVG-2526-SM-4B66D.1,MUSCLE,54.5,0.0014327397150168,5.771602061851308,7.9,217.0
GTEX-XPVG-2626-SM-4B669.1,SKIN,54.5,0.0014623788527533,16.729727637470745,7.4,221.0
GTEX-XQ3S-0008-SM-4GIDZ.1,SKIN,24.5,0.0024960652517352,146.80966304704634,9.9,895.0
GTEX-XQ3S-0426-SM-4BOOA.1,MUSCLE,24.5,0.0034230857385181,6.4716083859417175,8.4,852.0
GTEX-XQ3S-0526-SM-4BOQA.1,HEART,24.5,0.0027400884627217,32.28301092375393,7.5,854.0
GTEX-XQ3S-0626-SM-4BOOB.1,HEART,24.5,0.0030743314290742,15.142206917457226,7.7,857.0
GTEX-XQ3S-1426-SM-4BOPR.1,SKIN,24.5,0.0015991909495699,24.508775529969945,7.7,882.0
GTEX-XQ3S-1526-SM-4BOOC.1,SKIN,24.5,0.0018953842908068,20.692012536788997,7.1,894.0
GTEX-XQ8I-0008-SM-4WAWM.1,SKIN,54.5,0.0041906474849606,100.3791640057273,9.5,413.0
GTEX-XQ8I-0126-SM-4BOPL.1,HEART,54.5,0.0013632544738281,9.55959338637208,7.5,370.0
GTEX-XQ8I-0226-SM-4BOPM.1,HEART,54.5,0.0020011393747052,20.919971849097752,7.5,373.0
GTEX-XQ8I-0426-SM-4BOPO.1,SKIN,54.5,0.0020362762628472,19.753148898027398,7.7,412.0
GTEX-XQ8I-0626-SM-4BOPT.1,MUSCLE,54.5,0.0028353969847045,9.430321566655673,8.3,439.0
GTEX-XQ8I-0926-SM-4BOOF.1,SKIN,54.5,0.0021708801256755,26.646011610453098,7.8,464.0
GTEX-XUJ4-0008-SM-4BOQI.1,SKIN,64.5,0.0038611941218335,136.8893272028707,9.7,196.0
GTEX-XUJ4-0526-SM-4BOON.1,HEART,64.5,0.0022967562380243,15.147037657208855,8.7,99.0
GTEX-XUJ4-0626-SM-4BOOO.1,HEART,64.5,0.0018765107824139,19.180343225180877,8.7,102.0
GTEX-XUJ4-1826-SM-4BOOU.1,SKIN,64.5,0.0013476560384334,23.66485998430484,7.1,150.0
GTEX-XUJ4-2426-SM-4BOO3.1,SKIN,64.5,0.0022039063130319,20.491131533016183,6.2,197.0
GTEX-XUJ4-2626-SM-4BOQ3.1,MUSCLE,64.5,0.0026100330602946,4.692031822481734,7.9,201.0
GTEX-XUW1-0008-SM-4BOQH.1,SKIN,54.5,0.0030644913956318,123.0944474378646,9.9,338.0
GTEX-XUW1-0426-SM-4BOOT.1,SKIN,54.5,0.0025038482167177,28.391070179870717,7.6,337.0
GTEX-XUW1-0826-SM-4BOP6.1,MUSCLE,54.5,0.0023932003492035,7.224457468548085,8.9,372.0
GTEX-XUW1-0926-SM-4BONX.1,SKIN,54.5,0.0011731953063163,20.070099451160925,6.1,379.0
GTEX-XUYS-0008-SM-47JYZ.1,SKIN,54.5,0.0039311226482489,189.45577651659647,10.0,27.0
GTEX-XUYS-0126-SM-47JWZ.1,SKIN,54.5,0.0016425462656682,28.64904678419223,8.8,27.0
GTEX-XUYS-0326-SM-47JX2.1,MUSCLE,54.5,0.0028300933811398,8.045206361266011,8.0,41.0
GTEX-XUZC-0008-SM-4BOQG.1,SKIN,34.5,0.0045712797936951,166.9011478206808,10.0,161.0
GTEX-XUZC-1726-SM-4BRWS.1,SKIN,34.5,0.0009006311624595,11.200021732449212,6.3,163.0
GTEX-XUZC-2126-SM-4BRW8.1,MUSCLE,34.5,0.0031585187918038,5.986727009640714,7.9,170.0
GTEX-XV7Q-0008-SM-4BRWL.1,SKIN,44.5,0.004747975357579,221.2986845317932,10.0,145.0
GTEX-XV7Q-0726-SM-4BRV6.1,HEART,44.5,0.0016556815857069,23.21528933578813,8.4,73.0
GTEX-XV7Q-0826-SM-4BRV7.1,HEART,44.5,0.0026635551964706,22.47734963748764,8.2,74.0
GTEX-XV7Q-1826-SM-4BRUV.1,SKIN,44.5,0.0018610774716447,24.6320897067994,6.9,108.0
GTEX-XV7Q-2526-SM-4BRV9.1,SKIN,44.5,0.0018128130516134,34.631826050636334,6.7,146.0
GTEX-XV7Q-2926-SM-4BRUL.1,MUSCLE,44.5,0.0061238851775764,12.751754190167558,7.3,155.0
GTEX-XXEK-0008-SM-4BRW7.1,SKIN,54.5,0.0053488670152791,196.48235187336408,9.4,215.0
GTEX-XXEK-0926-SM-4BRWH.1,HEART,54.5,0.0012835889644229,9.916307967204911,8.3,157.0
GTEX-XXEK-0926-SM-5S2T8.1,HEART,54.5,0.0015533944475621,12.48983561494756,8.3,157.0
GTEX-XXEK-1126-SM-4BRUX.1,LIVER,54.5,0.0021165722071695,41.13256890018959,8.7,169.0
GTEX-XXEK-1626-SM-4BRUZ.1,SKIN,54.5,0.001604586374644,24.06903379031757,8.0,187.0
GTEX-XXEK-2026-SM-4BRVE.1,HEART,54.5,0.0011968489432314,23.93583550849797,9.0,206.0
GTEX-XXEK-2226-SM-4BRUM.1,SKIN,54.5,0.0014862360228442,26.044535378350943,6.2,215.0
GTEX-XXEK-2226-SM-5S2SA.1,SKIN,54.5,0.0013931921237285,26.60514439353561,6.2,215.0
GTEX-XYKS-0008-SM-4BRW6.1,SKIN,64.5,0.0040287394927948,214.28418186357737,9.7,222.0
GTEX-XYKS-0226-SM-4BRW3.1,HEART,64.5,0.0022970086050908,26.463557149079747,8.8,163.0
GTEX-XYKS-1426-SM-4BRUO.1,SKIN,64.5,0.0029984402617945,26.098480229801293,7.0,204.0
GTEX-XYKS-2126-SM-4E3IB.1,SKIN,64.5,0.0030236986703592,22.77898479384316,8.4,218.0
GTEX-XYKS-2426-SM-4AT43.1,MUSCLE,64.5,0.004088182936816,10.51696608108282,8.0,222.0
GTEX-Y111-0008-SM-4SOJ3.1,SKIN,54.5,0.0037588889439169,248.69319510499056,10.0,1398.0
GTEX-Y111-0126-SM-4SOIV.1,SKIN,54.5,0.0012575024837958,26.509326569829025,7.3,1399.0
GTEX-Y111-0326-SM-4SOIX.1,MUSCLE,54.5,0.0022338986732333,6.612036156747762,8.1,1407.0
GTEX-Y111-0626-SM-4SOIT.1,SKIN,54.5,0.001010667858185,15.73957710333268,6.6,1472.0
GTEX-Y111-0726-SM-EYYVM.1,LIVER,54.5,0.0004380719849029,10.069122787979415,5.6,1476.0
GTEX-Y111-2726-SM-4TT3N.1,BRAIN,54.5,0.0009636251884185,8.8683888616564,5.9,1668.0
GTEX-Y111-2826-SM-4TT3O.1,BRAIN,54.5,0.0022088778427899,12.124310313159784,6.1,1669.0
GTEX-Y114-0008-SM-4TT8X.1,SKIN,54.5,0.0037215762215121,151.66007537473365,9.6,227.0
GTEX-Y114-0126-SM-4TT8K.1,HEART,54.5,0.0014727197769155,16.70879311186227,8.4,91.0
GTEX-Y114-0226-SM-4TT8W.1,HEART,54.5,0.0021987688165709,10.906502461868104,8.4,93.0
GTEX-Y114-2126-SM-4TT8B.1,SKIN,54.5,0.0010191595333394,14.772010216445883,8.0,202.0
GTEX-Y114-2426-SM-4TT8A.1,SKIN,54.5,0.0013877917634285,19.536060621987986,7.6,228.0
GTEX-Y114-2526-SM-4TT8M.1,MUSCLE,54.5,0.0026632387074502,7.68374148754199,8.1,235.0
GTEX-Y3I4-0008-SM-4TT21.1,SKIN,54.5,0.003612225762047,169.23443640243016,9.6,178.0
GTEX-Y3I4-0526-SM-4TT6X.1,HEART,54.5,0.0010177154517247,12.95350964031294,8.1,117.0
GTEX-Y3I4-0626-SM-4TT7A.1,HEART,54.5,0.0013823005550236,12.600268459373378,8.2,118.0
GTEX-Y3I4-1726-SM-4TT89.1,SKIN,54.5,0.000892607023267,14.717834956881594,7.6,162.0
GTEX-Y3I4-2126-SM-4TT7C.1,SKIN,54.5,0.0012712973963773,27.79740974264609,7.7,179.0
GTEX-Y3I4-2326-SM-4TT81.1,MUSCLE,54.5,0.0011571323757541,4.872454448456018,8.0,183.0
GTEX-Y3IK-0008-SM-4WWDZ.1,SKIN,54.5,0.0044820342848203,228.4138340809021,9.5,172.0
GTEX-Y3IK-0826-SM-51MT8.1,HEART,54.5,0.0028100718895176,18.33304406106709,8.9,92.0
GTEX-Y3IK-1026-SM-51MR7.1,HEART,54.5,0.001653424686896,16.571561646369478,8.6,95.0
GTEX-Y3IK-1626-SM-4YCF5.1,SKIN,54.5,0.0016485777559301,25.895486918140165,7.1,122.0
GTEX-Y3IK-2426-SM-4WWDU.1,SKIN,54.5,0.0023494783377108,18.95514484308408,8.3,174.0
GTEX-Y3IK-2626-SM-4WWDK.1,MUSCLE,54.5,0.0020999053037171,6.050373720088015,7.9,183.0
GTEX-Y5LM-0426-SM-4VBRO.1,LIVER,44.5,0.0031652116352447,57.8980738164555,9.8,83.0
GTEX-Y5LM-0926-SM-6LLJG.1,SKIN,44.5,0.0022294494816765,51.27222698896811,7.1,102.0
GTEX-Y5LM-1926-SM-5RQJH.1,SKIN,44.5,0.0016462012520273,22.14720038744988,7.0,187.0
GTEX-Y5LM-2126-SM-4VDSY.1,MUSCLE,44.5,0.0020839648543954,8.042376016646708,8.2,191.0
GTEX-Y5V5-0126-SM-5S2NW.1,SKIN,64.5,0.0021082446955838,32.32265989275156,7.4,138.0
GTEX-Y5V5-0626-SM-4VBPX.1,HEART,64.5,0.0011050369462091,12.607833383452617,7.1,170.0
GTEX-Y5V5-0726-SM-4VBPY.1,HEART,64.5,0.0011831245566833,25.430418364517347,7.2,175.0
GTEX-Y5V5-0926-SM-4VBPZ.1,LIVER,64.5,0.0009162603158649,16.919801307692403,7.0,188.0
GTEX-Y5V5-2326-SM-4V6GA.1,SKIN,64.5,0.0024738298900511,27.488357595859004,8.4,266.0
GTEX-Y5V5-2526-SM-4VBQ4.1,MUSCLE,64.5,0.0034578289394394,17.06823545721612,8.8,272.0
GTEX-Y5V6-0008-SM-4V6FV.1,SKIN,64.5,0.0053688409172998,158.93226611876287,9.7,210.0
GTEX-Y5V6-0826-SM-4VBRU.1,HEART,64.5,0.0016346999176597,12.220203529506728,8.1,136.0
GTEX-Y5V6-2326-SM-4VDSA.1,SKIN,64.5,0.0015403653096207,16.536956141533945,7.4,207.0
GTEX-Y5V6-2426-SM-4VDSB.1,SKIN,64.5,0.0017857819030958,55.61193093144899,7.6,212.0
GTEX-Y5V6-2626-SM-5IFIX.1,MUSCLE,64.5,0.0017019263919097,3.9779702381537785,7.8,218.0
GTEX-Y8DK-0008-SM-4RGM2.1,SKIN,64.5,0.0044405883051437,151.5709734125506,9.6,1096.0
GTEX-Y8DK-0011-R10A-SM-4SOK1.1,BRAIN,64.5,0.0015518280605809,9.42983944499227,8.9,890.0
GTEX-Y8DK-0011-R11A-SM-4SOK2.1,BRAIN,64.5,0.0028204850348322,14.87450284053101,9.1,890.0
GTEX-Y8DK-0011-R1A-SM-4RGLO.1,BRAIN,64.5,0.0003197578072233,3.82125881542079,7.1,890.0
GTEX-Y8DK-0011-R3A-SM-4RTW5.1,BRAIN,64.5,0.0013230985348618,11.682469243519266,6.9,890.0
GTEX-Y8DK-0011-R4A-SM-EXUR1.1,BRAIN,64.5,0.0003821794768723,5.797140651627982,5.5,890.0
GTEX-Y8DK-0011-R5B-SM-4RTW6.1,BRAIN,64.5,0.0009230320144693,16.786102232512015,8.5,890.0
GTEX-Y8DK-0011-R6A-SM-4V6EG.1,BRAIN,64.5,0.0012880206083651,16.09311089246917,7.8,890.0
GTEX-Y8DK-0011-R7A-SM-4SOJZ.1,BRAIN,64.5,0.0004478501940888,11.13229062776968,8.2,890.0
GTEX-Y8DK-0011-R8B-SM-EYYVQ.1,BRAIN,64.5,0.0005767679385598,8.445579542275485,5.6,890.0
GTEX-Y8DK-0126-SM-4TT3L.1,SKIN,64.5,0.0019652316809438,24.017299706061,8.2,1100.0
GTEX-Y8DK-0326-SM-4TT3P.1,MUSCLE,64.5,0.0033154988329078,8.068841466963757,8.6,1105.0
GTEX-Y8DK-0726-SM-4TT3S.1,BRAIN,64.5,0.0020395969001806,15.483615156033103,6.6,1277.0
GTEX-Y8DK-0826-SM-4TT3T.1,BRAIN,64.5,0.0011444494210374,10.068714958570126,7.1,1285.0
GTEX-Y8E4-0008-SM-4V6FW.1,SKIN,44.5,0.0047719844902294,117.96288807187736,9.8,377.0
GTEX-Y8E4-0326-SM-4VBRR.1,HEART,44.5,0.0012189922063065,8.379793550013803,7.6,369.0
GTEX-Y8E4-0426-SM-4V6GB.1,HEART,44.5,0.0014057307250925,23.545764467955724,8.5,371.0
GTEX-Y8E4-0626-SM-4WWDL.1,SKIN,44.5,0.0023849988058431,22.313257883646795,8.0,376.0
GTEX-Y8E4-1026-SM-4VBQ5.1,MUSCLE,44.5,0.0020842698930258,5.442564769083725,8.3,384.0
GTEX-Y8E4-2026-SM-5IFJB.1,SKIN,44.5,0.0013110286534625,24.467398367113155,8.0,424.0
GTEX-Y8E5-0008-SM-57WBA.1,SKIN,64.5,0.0048187028498388,187.41700576257983,9.3,53.0
GTEX-Y8E5-0326-SM-57WBM.1,MUSCLE,64.5,0.004701281949624,12.974586079688809,7.4,90.0
GTEX-Y8LW-0008-SM-4V6G5.1,SKIN,54.5,0.0026681278448076,92.71926427313072,9.0,342.0
GTEX-Y8LW-1526-SM-5IFHL.1,SKIN,54.5,0.0009962124792622,28.93507024341989,6.9,275.0
GTEX-Y8LW-1826-SM-5S2MV.1,SKIN,54.5,0.001677217928423,34.8019885393247,6.3,341.0
GTEX-Y8LW-2026-SM-4V6G8.1,MUSCLE,54.5,0.0019414129205631,6.814864295323442,8.1,346.0
GTEX-Y9LG-0008-SM-4VBRJ.1,SKIN,34.5,0.0050883076538488,132.14746013387563,10.0,159.0
GTEX-Y9LG-1126-SM-4VBQ7.1,SKIN,34.5,0.0008218626254268,13.060188288699798,6.1,94.0
GTEX-Y9LG-1926-SM-5IFHY.1,MUSCLE,34.5,0.0009598503153001,4.694124042673189,7.3,153.0
GTEX-YB5E-0008-SM-4VDT7.1,SKIN,44.5,0.0042424811373011,121.28691188632956,9.4,265.0
GTEX-YB5E-0326-SM-5IFHU.1,LIVER,44.5,0.0032979589359574,45.26995822429468,8.3,163.0
GTEX-YB5E-2026-SM-5IFIS.1,SKIN,44.5,0.001515692296463,20.20439328049028,7.5,261.0
GTEX-YB5E-2226-SM-5IFJ5.1,MUSCLE,44.5,0.0018323310672102,7.443313386561213,8.2,268.0
GTEX-YB5K-0008-SM-4VDT8.1,SKIN,44.5,0.0054644833526943,168.53273202636635,9.8,284.0
GTEX-YB5K-0126-SM-5IFJ2.1,HEART,44.5,0.0014409448927256,15.832461367547127,8.2,160.0
GTEX-YB5K-0226-SM-5IFJE.1,HEART,44.5,0.0016777817765327,17.6543747675867,8.3,162.0
GTEX-YB5K-2026-SM-4VDT3.1,SKIN,44.5,0.0017323370995985,28.384261686030303,7.4,269.0
GTEX-YB5K-2126-SM-4WWDJ.1,SKIN,44.5,0.0013504215640151,20.63168459910722,7.2,284.0
GTEX-YB5K-2326-SM-5IFHD.1,MUSCLE,44.5,0.0020079162781185,5.246342633564159,8.5,291.0
GTEX-YBZK-0008-SM-59HL6.1,SKIN,54.5,0.0049207931406799,145.431034775045,9.8,31.0
GTEX-YBZK-0326-SM-59HLN.1,MUSCLE,54.5,0.0030332932466369,17.67639208949717,8.6,50.0
GTEX-YEC3-0008-SM-4W1YF.1,SKIN,54.5,0.0051795455703372,93.7957737986334,9.9,281.0
GTEX-YEC3-0426-SM-4YCEP.1,HEART,54.5,0.0012352707742963,13.05872207426414,8.6,239.0
GTEX-YEC3-0426-SM-5IFK1.1,HEART,54.5,0.0011665943789435,17.650250505162493,8.3,239.0
GTEX-YEC3-0426-SM-CYPS8.1,HEART,54.5,0.0013793241799056,20.641670751186663,8.3,239.0
GTEX-YEC3-0726-SM-4YCD1.1,HEART,54.5,0.0015003029693798,10.70913068638156,7.0,244.0
GTEX-YEC3-0726-SM-5IFIW.1,HEART,54.5,0.0013777419143792,9.731617971412792,8.0,244.0
GTEX-YEC3-0726-SM-CMKFH.1,HEART,54.5,0.0014961748626594,10.50115128262364,8.0,244.0
GTEX-YEC3-1326-SM-4WWEL.1,SKIN,54.5,0.0017054536774014,20.69001800648024,6.5,258.0
GTEX-YEC3-1326-SM-5PNXV.1,SKIN,54.5,0.0006997888306714,13.895878492070336,6.0,258.0
GTEX-YEC3-1326-SM-DO92X.1,SKIN,54.5,0.0019317991380445,22.37138456628515,6.5,258.0
GTEX-YEC3-1826-101807-SM-EYYVR.1,SKIN,54.5,0.0007750111668325,14.950433601527918,5.9,282.0
GTEX-YEC3-2126-SM-4YCDB.1,MUSCLE,54.5,0.0013902308825006,5.381519233647411,8.6,294.0
GTEX-YEC3-2126-SM-5CVLR.1,MUSCLE,54.5,0.0011189955251455,2.98187976611763,6.7,294.0
GTEX-YEC4-0008-SM-4W1YR.1,SKIN,44.5,0.0057530804121847,85.43669213100469,10.0,255.0
GTEX-YEC4-0226-SM-4W1YG.1,HEART,44.5,0.0014188589191594,12.906713773901403,8.7,172.0
GTEX-YEC4-0326-SM-4W216.1,HEART,44.5,0.0020174095506226,15.73270584382163,8.6,175.0
GTEX-YEC4-0826-SM-5P9FV.1,LIVER,44.5,0.0009063263026691,28.99386595452771,7.4,198.0
GTEX-YEC4-1826-SM-4W1YP.1,SKIN,44.5,0.0022546786625523,28.474790627392263,8.2,245.0
GTEX-YEC4-2126-101817-SM-EYYVS.1,SKIN,44.5,0.0015788514612319,24.45767975305421,5.9,253.0
GTEX-YEC4-2126-SM-5IFJH.1,SKIN,44.5,0.001562158837816,28.939385672862475,6.6,253.0
GTEX-YEC4-2226-SM-5IFJT.1,MUSCLE,44.5,0.0021312239695459,8.021864436359794,7.2,260.0
GTEX-YECK-0008-SM-4W1ZG.1,SKIN,64.5,0.0065904433092825,68.98677453176654,10.0,553.0
GTEX-YECK-0326-SM-4W1YS.1,SKIN,64.5,0.0027886368036915,41.12724532076335,8.0,557.0
GTEX-YECK-0626-SM-4W1ZE.1,MUSCLE,64.5,0.0033794061725492,7.095134949437604,8.0,568.0
GTEX-YECK-1226-SM-4W21G.1,HEART,64.5,0.0006737822820936,13.758967536215694,6.2,597.0
GTEX-YECK-1926-SM-4W21H.1,LIVER,64.5,0.0006279892430504,14.594407752033067,6.4,608.0
GTEX-YF7O-0008-SM-4W1ZS.1,SKIN,54.5,0.0057308473456022,66.80031927573393,10.0,222.0
GTEX-YF7O-0426-SM-5P9FS.1,HEART,54.5,0.0020290389190964,28.039252520330503,8.8,101.0
GTEX-YF7O-0526-SM-5P9IO.1,HEART,54.5,0.0014931501737578,21.246411737681235,8.6,103.0
GTEX-YF7O-1526-SM-5IFI6.1,SKIN,54.5,0.0020342368285269,36.04168593483234,8.1,156.0
GTEX-YF7O-2326-101833-SM-5CVN9.1,SKIN,54.5,0.0016856480331466,23.09433391508633,6.0,222.0
GTEX-YF7O-2526-SM-5IFJX.1,MUSCLE,54.5,0.0019425712348431,6.947883715242841,8.5,226.0
GTEX-YFC4-0008-SM-4RGM3.1,SKIN,44.5,0.0030003767432279,120.5022423521858,9.5,689.0
GTEX-YFC4-0011-R10a-SM-4SOK5.1,BRAIN,44.5,0.0026873469840453,15.123578277541688,8.4,595.0
GTEX-YFC4-0011-R11a-SM-4SOK6.1,BRAIN,44.5,0.0035812585340445,16.89240296727673,9.0,595.0
GTEX-YFC4-0011-R1a-SM-4V6EH.1,BRAIN,44.5,0.0008889990440753,10.073657630096235,8.6,595.0
GTEX-YFC4-0011-R2a-SM-4V6DZ.1,BRAIN,44.5,0.0011346749521327,23.146520153149,7.2,595.0
GTEX-YFC4-0011-R3a-SM-4RGLP.1,BRAIN,44.5,0.0028550243512546,12.181615461363144,8.8,595.0
GTEX-YFC4-0011-R4a-SM-4RGLQ.1,BRAIN,44.5,0.0010168015350033,14.513374418764444,6.9,595.0
GTEX-YFC4-0011-R5a-SM-4RGLR.1,BRAIN,44.5,0.0005840658198205,11.887482530273088,8.3,595.0
GTEX-YFC4-0011-R6b-SM-4V6E1.1,BRAIN,44.5,0.0010338128752519,17.565006266116182,7.7,595.0
GTEX-YFC4-0011-R7b-SM-4V6E2.1,BRAIN,44.5,0.0005083836061646,10.968069260857044,7.9,595.0
GTEX-YFC4-0011-R8a-SM-4SOK3.1,BRAIN,44.5,0.0012208102982466,16.49500709722014,7.4,595.0
GTEX-YFC4-0011-R9a-SM-4SOK4.1,BRAIN,44.5,0.0013985894037576,30.16246284666297,9.5,595.0
GTEX-YFC4-0126-101855-SM-5CVLZ.1,SKIN,44.5,0.002146433762159,29.88740992099289,7.4,688.0
GTEX-YFC4-0126-SM-5CVLY.1,SKIN,44.5,0.0018477352857452,26.802429982293575,6.8,688.0
GTEX-YFC4-0426-SM-4TT3J.1,HEART,44.5,0.0055383901287218,46.39984646065901,7.4,736.0
GTEX-YFC4-0526-SM-5ZZVI.1,HEART,44.5,0.0024900376408634,18.21053413374824,5.9,739.0
GTEX-YFC4-1026-SM-5RQJM.1,MUSCLE,44.5,0.004935153707521,6.363162834425135,8.2,760.0
GTEX-YFC4-1526-SM-5IFJS.1,LIVER,44.5,0.0007817694763252,15.316035729445684,6.0,772.0
GTEX-YFC4-3026-SM-5IFJK.1,BRAIN,44.5,0.0015727063689065,16.44070085949517,7.0,857.0
GTEX-YFC4-3126-SM-5PNV6.1,BRAIN,44.5,0.0014034542704372,11.945542991137645,6.3,858.0
GTEX-YFCO-0008-SM-4W1Z4.1,SKIN,44.5,0.0032266064036123,82.39347173845839,9.7,208.0
GTEX-YFCO-1226-SM-5LUAT.1,SKIN,44.5,0.001359565724072,21.916527082693104,6.5,140.0
GTEX-YFCO-1926-SM-4W212.1,MUSCLE,44.5,0.0020802313290046,6.162601708816528,8.4,204.0
GTEX-YJ89-0008-SM-4RGM4.1,SKIN,64.5,0.0049615118904793,212.2092062142317,10.0,1136.0
GTEX-YJ89-0011-R10a-SM-4SOK9.1,BRAIN,64.5,0.0017703258769397,11.723063220144612,8.2,1040.0
GTEX-YJ89-0011-R11a-SM-4SOKA.1,BRAIN,64.5,0.0028316080187512,12.759163138354396,7.9,1040.0
GTEX-YJ89-0011-R1a-SM-4RGLS.1,BRAIN,64.5,0.0001837580349846,4.40688633570563,8.0,1040.0
GTEX-YJ89-0011-R2b-SM-4RGLT.1,BRAIN,64.5,0.0002463046410271,4.7486035434121945,6.2,1040.0
GTEX-YJ89-0011-R3b-SM-4V6EF.1,BRAIN,64.5,0.0010652374374499,10.193414917216012,8.5,1040.0
GTEX-YJ89-0011-R5a-SM-4V6GM.1,BRAIN,64.5,0.0003420557792524,6.929254575527528,8.0,1040.0
GTEX-YJ89-0011-R6a-SM-4V6GN.1,BRAIN,64.5,0.0007243546300217,10.469363631878716,7.0,1040.0
GTEX-YJ89-0011-R7a-SM-4V6GO.1,BRAIN,64.5,0.0003363206787073,5.7753524811717245,7.3,1040.0
GTEX-YJ89-0011-R8b-SM-4SOK8.1,BRAIN,64.5,0.0005769315144435,10.749528233346403,7.1,1040.0
GTEX-YJ89-0011-R9a-SM-4SOK7.1,BRAIN,64.5,0.0017450694908104,23.45450375273006,6.8,1040.0
GTEX-YJ89-0126-SM-4TT3X.1,SKIN,64.5,0.0020140217176493,20.85232240765777,7.9,1135.0
GTEX-YJ89-2926-SM-5P9IT.1,BRAIN,64.5,0.0018059221335752,14.352407046720236,7.0,1223.0
GTEX-YJ89-3026-SM-5IFJI.1,BRAIN,64.5,0.0009961059606479,9.32489092139928,6.3,1225.0
GTEX-YJ8A-0426-SM-5IFID.1,SKIN,24.5,0.0022842969967034,42.56676873118074,7.8,211.0
GTEX-YJ8O-0826-SM-5CVM3.1,HEART,44.5,0.0007927901394325,15.133701348666516,6.1,727.0
GTEX-YJ8O-0926-SM-EAZ2Z.1,HEART,44.5,0.0002335723754963,4.703374680326391,5.5,729.0
GTEX-YJ8O-2526-SM-5HL85.1,SKIN,44.5,0.0021639909362785,40.237071727355975,7.3,820.0
GTEX-YJ8O-2826-SM-5CVM4.1,MUSCLE,44.5,0.0021255519780905,6.331897284900928,7.0,835.0
GTEX-Z93S-0008-SM-4RGM5.1,SKIN,54.5,0.0024681375273546,115.84193788451589,9.8,1039.0
GTEX-Z93S-0011-R10a-SM-4RGNM.1,BRAIN,54.5,0.0014957525987701,8.715511207914952,8.2,1015.0
GTEX-Z93S-0011-R11a-SM-4RGNN.1,BRAIN,54.5,0.002895730478978,12.015774702185311,8.3,1015.0
GTEX-Z93S-0011-R2a-SM-4RGNG.1,BRAIN,54.5,0.0020983858537707,10.036934749922366,8.2,1015.0
GTEX-Z93S-0011-R3b-SM-4RGNH.1,BRAIN,54.5,0.0014435985836994,8.536876375044065,7.7,1015.0
GTEX-Z93S-0011-R5b-SM-4RGNI.1,BRAIN,54.5,0.000750410658638,8.882809825585337,8.1,1015.0
GTEX-Z93S-0011-R6b-SM-4RGNJ.1,BRAIN,54.5,0.0015714966972517,13.392146135919022,8.4,1015.0
GTEX-Z93S-0011-R7b-SM-4RGNK.1,BRAIN,54.5,0.000749144387228,6.336700809962768,7.7,1015.0
GTEX-Z93S-0011-R8a-SM-4RGNL.1,BRAIN,54.5,0.0013314043434563,14.143489340441228,7.2,1015.0
GTEX-Z93S-0126-SM-5HL7M.1,SKIN,54.5,0.0018565203392014,20.121372749264214,7.1,1038.0
GTEX-Z93S-0326-SM-5HL84.1,HEART,54.5,0.0014410777644539,28.01375632910169,7.0,1046.0
GTEX-Z93S-1326-SM-5CVMR.1,MUSCLE,54.5,0.0030952530395902,6.597971931654422,7.6,1070.0
GTEX-Z93S-1626-SM-5CVMB.1,SKIN,54.5,0.0019594816354426,21.7730984606027,6.6,1088.0
GTEX-Z93S-2826-SM-57WBL.1,BRAIN,54.5,0.0020481277825224,11.691396750432933,6.5,1139.0
GTEX-Z93S-2926-SM-57WB9.1,BRAIN,54.5,0.0010539673740213,6.580064034618717,6.6,1141.0
GTEX-Z93T-0126-SM-5HL5N.1,SKIN,54.5,0.0015289715810691,19.290031401633684,6.9,17.0
GTEX-Z9EW-0426-SM-5CVM9.1,LIVER,44.5,0.0014696985231387,36.29137245895046,7.2,202.0
GTEX-Z9EW-1626-SM-5CVMN.1,SKIN,44.5,0.0022468082877417,28.20464874424548,7.8,239.0
GTEX-Z9EW-1726-SM-5CVMO.1,MUSCLE,44.5,0.0016955462498861,5.1295929820959945,7.9,244.0
GTEX-ZA64-1026-SM-5HL8R.1,SKIN,24.5,0.0009813623321664,25.02802458030654,7.5,125.0
GTEX-ZA64-2026-SM-5PNXT.1,MUSCLE,24.5,0.0015623917067977,6.332588917420382,8.2,198.0
GTEX-ZAB4-0008-SM-4RGM6.1,SKIN,44.5,0.0035626190735527,125.71838116028128,10.0,467.0
GTEX-ZAB4-0011-R10a-SM-4SOKH.1,BRAIN,44.5,0.0017985132121446,16.27928535098517,7.1,337.0
GTEX-ZAB4-0011-R11a-SM-4SOKI.1,BRAIN,44.5,0.0027373778657426,15.946290428327018,8.9,337.0
GTEX-ZAB4-0011-R1a-SM-4RGNO.1,BRAIN,44.5,0.0013325167374829,18.47877134291312,7.7,337.0
GTEX-ZAB4-0011-R2a-SM-4RGNP.1,BRAIN,44.5,0.0021917239891849,32.591334330773144,8.2,337.0
GTEX-ZAB4-0011-R3a-SM-4RGNQ.1,BRAIN,44.5,0.0018537822655514,16.767395812802793,8.9,337.0
GTEX-ZAB4-0011-R4a-SM-4SOKB.1,BRAIN,44.5,0.0012741653483888,11.337162741862224,6.2,337.0
GTEX-ZAB4-0011-R5a-SM-4SOKC.1,BRAIN,44.5,0.0016804304735195,18.796393232342016,8.2,337.0
GTEX-ZAB4-0011-R6a-SM-4SOKD.1,BRAIN,44.5,0.0007975395831023,14.149751153994645,6.8,337.0
GTEX-ZAB4-0011-R7a-SM-4SOKE.1,BRAIN,44.5,0.0019853738088485,17.732290585985055,8.2,337.0
GTEX-ZAB4-0011-R8b-SM-4SOKF.1,BRAIN,44.5,0.0011236035390542,17.95017219659367,7.5,337.0
GTEX-ZAB4-0011-R9a-SM-4SOKG.1,BRAIN,44.5,0.0017036505562835,39.42999262850406,7.7,337.0
GTEX-ZAB4-0226-SM-5N9F5.1,SKIN,44.5,0.0017179669321155,24.14574281994004,5.7,465.0
GTEX-ZAB4-0426-SM-5HL7N.1,MUSCLE,44.5,0.0024658849056234,7.287165159226772,8.1,489.0
GTEX-ZAB4-0826-SM-5LU9D.1,LIVER,44.5,0.0006555106773837,21.002256456271144,5.7,503.0
GTEX-ZAB4-0926-SM-5CVN4.1,HEART,44.5,0.0017298334721179,31.888687311008532,7.5,504.0
GTEX-ZAB4-1026-SM-5HL7T.1,HEART,44.5,0.0012634369109643,17.495232073070312,6.9,506.0
GTEX-ZAB4-2126-SM-5HL8U.1,SKIN,44.5,0.0016200990248394,21.53612553021674,6.5,533.0
GTEX-ZAB4-2926-SM-57WCV.1,BRAIN,44.5,0.0016475491584368,15.370924128224432,7.7,587.0
GTEX-ZAB5-0126-SM-5CVMT.1,HEART,54.5,0.0015030845165304,23.292452470231243,8.4,168.0
GTEX-ZAB5-0226-SM-5CVMH.1,HEART,54.5,0.0020897511488258,14.682584070670169,7.5,166.0
GTEX-ZAB5-0426-SM-5CVMI.1,LIVER,54.5,0.0014277087577219,28.092048875894108,7.8,177.0
GTEX-ZAB5-1826-SM-5HL7C.1,SKIN,54.5,0.0017726325254004,22.921676141910616,6.6,223.0
GTEX-ZAB5-2126-SM-5K7UN.1,MUSCLE,54.5,0.0018801569956972,7.940023305596555,8.0,236.0
GTEX-ZAB5-2626-SM-5KM3Y.1,SKIN,54.5,0.00254049277191,46.29746585552353,6.9,262.0
GTEX-ZAJG-0126-SM-5HL94.1,SKIN,54.5,0.0013457943775175,23.08140423217007,6.5,724.0
GTEX-ZAJG-0526-SM-5S2MT.1,MUSCLE,54.5,0.0031978636260907,8.203896412362077,8.4,731.0
GTEX-ZAJG-0826-SM-5PNVA.1,HEART,54.5,0.0021750633405855,25.892755750894874,6.4,788.0
GTEX-ZAJG-0926-SM-5Q5AB.1,HEART,54.5,0.0017090247024263,29.89519121632736,5.9,790.0
GTEX-ZAJG-1526-SM-5CVML.1,SKIN,54.5,0.0029098577565756,30.07958021230135,6.1,811.0
GTEX-ZAJG-3026-SM-5HL92.1,BRAIN,54.5,0.0027279031778209,16.31850653311314,7.0,891.0
GTEX-ZAJG-3126-SM-5HL9J.1,BRAIN,54.5,0.0013678793004273,10.065911510683456,6.3,893.0
GTEX-ZAK1-0011-R4a-SM-6AJBK.1,BRAIN,54.5,0.0010566197724041,18.948948214445004,7.4,631.0
GTEX-ZAK1-0126-SM-5IJD3.1,SKIN,54.5,0.0023536071439036,26.886531206217526,7.3,710.0
GTEX-ZAK1-0526-SM-5K7X4.1,MUSCLE,54.5,0.0030369504887591,6.009220570420421,7.3,735.0
GTEX-ZAK1-0626-SM-5HL8E.1,SKIN,54.5,0.0014548439078946,27.90103309498489,6.7,740.0
GTEX-ZAK1-1126-SM-5PNXU.1,HEART,54.5,0.0073930847869914,36.005811756780766,7.0,791.0
GTEX-ZAK1-2926-SM-5HL9S.1,BRAIN,54.5,0.0016612470339349,11.480814097455331,6.1,855.0
GTEX-ZAK1-3026-SM-5S2MJ.1,BRAIN,54.5,0.0012819776561871,12.979264899377103,7.1,856.0
GTEX-ZAKK-0326-SM-5EGHA.1,MUSCLE,74.5,0.0026558120247038,14.675001697715237,8.0,35.0
GTEX-ZC5H-0008-SM-4WAX8.1,SKIN,44.5,0.0050677718534373,150.93440398441965,9.9,212.0
GTEX-ZC5H-0226-SM-4WAY9.1,SKIN,44.5,0.0023279158802231,32.92105142681473,6.6,212.0
GTEX-ZC5H-0326-SM-5HL9F.1,MUSCLE,44.5,0.0028637879598743,8.645735712124665,8.2,213.0
GTEX-ZC5H-1526-SM-5HL9Y.1,SKIN,44.5,0.0019072364450544,24.832508287617117,7.4,281.0
GTEX-ZDTS-0008-SM-4E3I8.1,SKIN,64.5,0.0042923058275882,179.57671591237943,10.0,630.0
GTEX-ZDTS-0126-SM-4WAY5.1,SKIN,64.5,0.0019416299318761,23.938957584550412,7.5,628.0
GTEX-ZDTS-0526-SM-4WKH9.1,MUSCLE,64.5,0.0030255435080166,10.592998508694263,8.0,638.0
GTEX-ZDTS-0526-SM-62LFA.1,MUSCLE,64.5,0.0029956508044119,10.858940202664389,8.0,638.0
GTEX-ZDTS-0526-SM-6AJB8.1,MUSCLE,64.5,0.003397598654388,11.385061079656191,8.0,638.0
GTEX-ZDTS-0526-SM-6EU38.1,MUSCLE,64.5,0.0035582469724117,12.94020711266618,8.0,638.0
GTEX-ZDTS-0826-SM-4WKHL.1,SKIN,64.5,0.0016681763032924,27.55781383607449,7.3,645.0
GTEX-ZDTS-1226-SM-4WKGL.1,HEART,64.5,0.0048026035355517,31.20459981185564,6.7,664.0
GTEX-ZDTS-1326-SM-4WKGX.1,HEART,64.5,0.001920036505492,13.172603059517458,6.8,667.0
GTEX-ZDTS-1326-SM-6LLHE.1,HEART,64.5,0.0019576595046632,13.722360080381552,6.8,667.0
GTEX-ZDTS-1326-SM-6M462.1,HEART,64.5,0.0018984205315387,13.413452641921124,6.8,667.0
GTEX-ZDTT-0008-SM-4E3K5.1,SKIN,64.5,0.0037840459733954,208.94622570167235,9.8,183.0
GTEX-ZDTT-0326-SM-4WKF9.1,HEART,64.5,0.0016878743093533,23.152114559895047,8.3,96.0
GTEX-ZDTT-0426-SM-4WKFL.1,SKIN,64.5,0.0009706633026545,16.506458894896422,6.8,97.0
GTEX-ZDTT-0726-SM-4WKFK.1,HEART,64.5,0.0021319810930629,16.683559707550927,8.6,103.0
GTEX-ZDTT-2726-SM-4WKF8.1,SKIN,64.5,0.0019395357971195,25.77082021818729,6.7,183.0
GTEX-ZDXO-0008-SM-4E3HR.1,SKIN,64.5,0.0047335658079163,128.0801520847604,10.0,1082.0
GTEX-ZDXO-0011-R10a-SM-4WWD8.1,BRAIN,64.5,0.0017383710795803,16.447028025727523,7.7,993.0
GTEX-ZDXO-0011-R11a-SM-4WWD9.1,BRAIN,64.5,0.0025561993927003,12.193339287723743,9.0,993.0
GTEX-ZDXO-0011-R1a-SM-4WKF4.1,BRAIN,64.5,0.0008458243203246,14.67488614024012,8.1,993.0
GTEX-ZDXO-0011-R2b-SM-4WKFG.1,BRAIN,64.5,0.0002916581225464,6.427742856278464,5.7,993.0
GTEX-ZDXO-0011-R3a-SM-4WKFS.1,BRAIN,64.5,0.0012515228567218,13.919545988442126,7.1,993.0
GTEX-ZDXO-0011-R5a-SM-4WKG5.1,BRAIN,64.5,0.000538400607114,15.906985773681306,7.4,993.0
GTEX-ZDXO-0011-R6a-SM-4WWCT.1,BRAIN,64.5,0.0010436789708518,11.982788369629445,6.9,993.0
GTEX-ZDXO-0011-R7a-SM-4WWCU.1,BRAIN,64.5,0.0004087644830807,8.295115192681676,6.5,993.0
GTEX-ZDXO-0011-R8a-SM-4WWD7.1,BRAIN,64.5,0.0006490432167108,16.9076783691805,7.8,993.0
GTEX-ZDXO-0326-SM-4WKHJ.1,MUSCLE,64.5,0.0032812870727457,17.240425389967225,8.3,1078.0
GTEX-ZDXO-0426-SM-4WKF6.1,HEART,64.5,0.0039505917504435,36.60935997057533,6.0,1117.0
GTEX-ZDXO-0726-SM-57WBT.1,HEART,64.5,0.0022744005738998,14.924652292293032,7.1,1126.0
GTEX-ZDXO-2126-SM-4WKFI.1,BRAIN,64.5,0.0008457005121294,11.721909622557089,6.0,1261.0
GTEX-ZDXO-2926-SM-4WKFM.1,BRAIN,64.5,0.0016655845257376,13.308044959040265,6.8,1268.0
GTEX-ZDXO-3026-SM-5J1N5.1,SKIN,64.5,0.0013233015662605,39.65135683258846,6.1,1073.0
GTEX-ZDXO-3126-SM-5IJDF.1,SKIN,64.5,0.0016672872080859,37.87885331060671,6.0,1218.0
GTEX-ZDYS-0008-SM-4E3IX.1,SKIN,54.5,0.0028177730660128,97.52305069112796,10.0,206.0
GTEX-ZDYS-0226-SM-5HL4K.1,HEART,54.5,0.001386236892992,13.778223660844825,8.1,148.0
GTEX-ZDYS-0326-SM-5HL4W.1,HEART,54.5,0.0011567889174333,14.3466971802811,7.0,150.0
GTEX-ZDYS-1726-SM-5HL4Y.1,MUSCLE,54.5,0.0019921128320481,7.761016434584247,7.9,197.0
GTEX-ZDYS-2026-SM-5HL5L.1,SKIN,54.5,0.0010568160050523,29.67417792098361,7.6,205.0
GTEX-ZDYS-2426-SM-4WKGI.1,SKIN,54.5,0.0011365112209679,23.744743393119226,8.1,216.0
GTEX-ZE7O-0008-SM-4E3JQ.1,SKIN,54.5,0.0039970265537566,153.82077384129568,10.0,1066.0
GTEX-ZE7O-0011-R10a-SM-57WAZ.1,BRAIN,54.5,0.0014766139614953,15.541547911796767,6.2,1039.0
GTEX-ZE7O-0011-R11a-SM-57WBC.1,BRAIN,54.5,0.0013825404616951,10.058203181628564,8.2,1039.0
GTEX-ZE7O-0011-R1a-SM-57WDM.1,BRAIN,54.5,0.0001277930172825,2.4485514174931478,5.7,1039.0
GTEX-ZE7O-0011-R5a-SM-57WBO.1,BRAIN,54.5,0.0006624875300409,12.109262349899572,8.0,1039.0
GTEX-ZE7O-0011-R6a-SM-57WCI.1,BRAIN,54.5,0.0003542234022811,6.304433154207119,6.9,1039.0
GTEX-ZE7O-0011-R7a-SM-57WCU.1,BRAIN,54.5,0.0003437779252163,5.61463292338104,6.0,1039.0
GTEX-ZE7O-0126-SM-57WC1.1,SKIN,54.5,0.0018227539547611,28.11799362683244,7.2,1065.0
GTEX-ZE7O-0326-SM-51MTH.1,MUSCLE,54.5,0.0044199746489372,14.240612504916069,6.9,1074.0
GTEX-ZE7O-0626-SM-57WCD.1,HEART,54.5,0.0028592972622665,28.83814032340384,6.5,1164.0
GTEX-ZE7O-2726-SM-51MT5.1,SKIN,54.5,0.0031936201960983,33.050123126626346,7.5,1229.0
GTEX-ZE7O-3126-SM-5HL5X.1,BRAIN,54.5,0.0011630686161118,12.407481147298837,5.8,1284.0
GTEX-ZE9C-0008-SM-4E3K6.1,SKIN,64.5,0.0040522223888995,166.03819987578566,9.7,683.0
GTEX-ZE9C-0011-R11a-SM-4WKGG.1,BRAIN,64.5,0.0007985969381542,7.575325633143865,6.3,597.0
GTEX-ZE9C-0011-R2a-SM-4WKGH.1,BRAIN,64.5,0.0008894665738779,12.384173092772004,6.0,597.0
GTEX-ZE9C-0011-R3a-SM-4WKGT.1,BRAIN,64.5,0.0008612172871766,10.439835034348198,6.2,597.0
GTEX-ZE9C-0011-R4a-SM-4WKH6.1,BRAIN,64.5,0.0002470105055035,4.220463835648166,5.1,597.0
GTEX-ZE9C-0011-R5a-SM-5EGLO.1,BRAIN,64.5,0.0007637458464323,13.236919207459714,8.0,597.0
GTEX-ZE9C-0011-R6a-SM-4WWCW.1,BRAIN,64.5,0.0010206840291043,13.017067649242458,7.6,597.0
GTEX-ZE9C-0011-R7a-SM-4WWCX.1,BRAIN,64.5,0.0009374633475085,12.416262245666251,6.7,597.0
GTEX-ZE9C-0011-R9a-SM-4WWCY.1,BRAIN,64.5,0.0024439140166441,33.343194880154954,6.2,597.0
GTEX-ZE9C-2326-SM-5J1NT.1,MUSCLE,64.5,0.004715843815577,9.314509643540037,6.6,675.0
GTEX-ZE9C-2526-SM-5IJDR.1,SKIN,64.5,0.0023655049561607,21.79185567093869,6.4,678.0
GTEX-ZE9C-2726-SM-57WB5.1,SKIN,64.5,0.0025072610253442,23.55648533498504,7.3,682.0
GTEX-ZE9C-3026-SM-4WKHB.1,BRAIN,64.5,0.0012991087684014,12.82083185811387,8.1,689.0
GTEX-ZEX8-0008-SM-4E3JU.1,SKIN,54.5,0.0047794294079018,148.1523756560451,10.0,195.0
GTEX-ZEX8-0326-SM-4WKGS.1,HEART,54.5,0.0015574381755163,22.944276080051807,6.5,73.0
GTEX-ZEX8-0326-SM-DO92C.1,HEART,54.5,0.0018876494816858,26.0935063459401,6.5,73.0
GTEX-ZEX8-0426-SM-4WWEN.1,HEART,54.5,0.0020571527890977,13.982537847109954,7.0,74.0
GTEX-ZEX8-0426-SM-DO92Y.1,HEART,54.5,0.002058961994336,14.384034939689167,7.0,74.0
GTEX-ZEX8-0826-SM-4WKHK.1,LIVER,54.5,0.0014378016173214,27.49992146557243,7.8,85.0
GTEX-ZEX8-2426-SM-4WKG4.1,SKIN,54.5,0.0014504462188502,30.51813162511043,5.7,195.0
GTEX-ZEX8-2526-SM-DO92M.1,MUSCLE,54.5,0.0016422946882413,6.227277440351551,7.1,198.0
GTEX-ZF28-0008-SM-4E3K3.1,SKIN,64.5,0.0079159502604891,70.18335687131237,10.0,464.0
GTEX-ZF28-0011-R10a-SM-4WWEH.1,BRAIN,64.5,0.0014549871532042,12.817864643012673,8.1,375.0
GTEX-ZF28-0011-R11a-SM-4WWEI.1,BRAIN,64.5,0.0003042607836867,4.6007571732785255,6.3,375.0
GTEX-ZF28-0011-R1a-SM-4WWD1.1,BRAIN,64.5,0.0002629144623541,4.093676469661333,6.1,375.0
GTEX-ZF28-0011-R3a-SM-4WWDA.1,BRAIN,64.5,0.0004366762368595,9.543734017428688,7.3,375.0
GTEX-ZF28-0011-R5a-SM-4WWCZ.1,BRAIN,64.5,0.0005725658663097,13.896737829166977,7.5,375.0
GTEX-ZF28-0011-R6a-SM-4WKHI.1,BRAIN,64.5,0.0004336100453056,11.480894318576114,6.7,375.0
GTEX-ZF28-0011-R7a-SM-4WKF5.1,BRAIN,64.5,0.0002711460447488,7.624403337680292,6.3,375.0
GTEX-ZF28-0011-R8a-SM-4WWFW.1,BRAIN,64.5,0.0003477968275904,6.605183566138283,6.2,375.0
GTEX-ZF28-0011-R9a-SM-4WWDY.1,BRAIN,64.5,0.000869318084256,22.061687772455564,7.3,375.0
GTEX-ZF28-0126-SM-4WKGK.1,SKIN,64.5,0.001460470601763,31.851289836928377,5.8,463.0
GTEX-ZF28-0526-SM-4WKGW.1,MUSCLE,64.5,0.0026280251555811,13.079144942318624,8.3,486.0
GTEX-ZF28-2926-SM-4WKG1.1,BRAIN,64.5,0.0006076555532306,11.647984286566748,6.1,595.0
GTEX-ZF28-3026-SM-4WKHP.1,BRAIN,64.5,0.0008730008979081,10.399076667720395,6.1,596.0
GTEX-ZF29-0226-SM-4WKHO.1,HEART,64.5,0.0014839028260304,12.97641132209254,7.7,92.0
GTEX-ZF29-0426-SM-4WKFN.1,HEART,64.5,0.0013237677225419,16.14338630005432,7.9,94.0
GTEX-ZF29-0926-SM-4WKFZ.1,SKIN,64.5,0.001884646140551,20.5229783298755,6.9,107.0
GTEX-ZF29-2026-SM-4WWB7.1,LIVER,64.5,0.0016894661983774,33.4150211979136,9.1,164.0
GTEX-ZF29-2026-SM-DNZYW.1,LIVER,64.5,0.0018327227194447,32.45014841422016,9.1,164.0
GTEX-ZF29-2326-SM-DO92K.1,SKIN,64.5,0.0023904771873801,27.826927096808703,7.4,179.0
GTEX-ZF29-2426-SM-DO92G.1,MUSCLE,64.5,0.0030412631821514,8.684762058713257,8.1,181.0
GTEX-ZF2S-0008-SM-4E3IK.1,SKIN,54.5,0.0048537857856757,94.70880395465171,9.9,184.0
GTEX-ZF2S-0826-SM-4WWBI.1,HEART,54.5,0.0015493481946185,20.25263701532925,8.0,123.0
GTEX-ZF2S-1026-SM-4WWB1.1,HEART,54.5,0.0022980989177895,19.3198904863246,9.2,128.0
GTEX-ZF2S-1026-SM-7KFSP.1,HEART,54.5,0.0027699837371213,21.481207629655856,9.2,128.0
GTEX-ZF2S-1026-SM-9QEGK.1,HEART,54.5,0.002090496639651,19.354034722705407,9.2,128.0
GTEX-ZF2S-1626-SM-57WES.1,SKIN,54.5,0.0014008909586259,24.983917784534103,7.2,145.0
GTEX-ZF2S-2126-SM-4WWAY.1,MUSCLE,54.5,0.002282706384992,7.94886820087137,9.0,178.0
GTEX-ZF2S-2326-SM-4WWCE.1,SKIN,54.5,0.0028388925148668,25.77601050742955,8.5,184.0
GTEX-ZF2S-3026-SM-4WWCH.1,LIVER,54.5,0.0015880651146438,29.050442484226377,9.5,89.0
GTEX-ZF3C-0008-SM-4E3IL.1,SKIN,54.5,0.0037268751031924,95.67940909028252,9.9,453.0
GTEX-ZF3C-0126-SM-DO92D.1,SKIN,54.5,0.0020067804092357,33.36967566022359,7.8,452.0
GTEX-ZF3C-0326-SM-4WWBF.1,MUSCLE,54.5,0.0028338654425017,6.537847524390918,8.4,477.0
GTEX-ZF3C-0626-SM-DO92O.1,SKIN,54.5,0.0042756413745367,23.479884722808062,7.0,535.0
GTEX-ZF3C-1126-SM-57WEG.1,HEART,54.5,0.0015243372660256,16.988084762685546,6.0,559.0
GTEX-ZF3C-1226-SM-4WWCB.1,HEART,54.5,0.000245212600034,4.37345553375759,7.6,561.0
GTEX-ZG7Y-0926-SM-5EQ6O.1,HEART,54.5,0.0014456092159858,12.147606614636755,7.6,211.0
GTEX-ZG7Y-1426-SM-4WWBM.1,HEART,54.5,0.001719525200517,27.46993055396869,8.5,231.0
GTEX-ZGAY-0226-SM-4WWAL.1,HEART,44.5,0.00178739496081,22.32424746025272,7.8,147.0
GTEX-ZGAY-0326-SM-57WF5.1,HEART,44.5,0.0016790447494327,13.593672674646962,8.6,149.0
GTEX-ZGAY-0526-SM-4WWBB.1,SKIN,44.5,0.0016727963177074,20.36937192327312,8.0,229.0
GTEX-ZGAY-0726-SM-DO91O.1,MUSCLE,44.5,0.0017572744891706,4.664445040289071,8.4,234.0
GTEX-ZGAY-1826-SM-DO91Q.1,SKIN,44.5,0.0017512009118749,34.33017666953744,7.3,271.0
GTEX-ZLFU-0226-SM-4WWFH.1,HEART,44.5,0.0016809605519458,12.838069387471576,5.9,91.0
GTEX-ZLFU-0326-SM-4WWBK.1,HEART,44.5,0.0007539852047049,8.616688478229962,7.3,92.0
GTEX-ZLFU-1826-SM-4WWBV.1,SKIN,44.5,0.0016137878608675,27.268767443870384,6.1,164.0
GTEX-ZLFU-2526-SM-DO91K.1,MUSCLE,44.5,0.0026895989525027,7.774032083208363,8.6,213.0
GTEX-ZLV1-1526-SM-4WWBC.1,SKIN,64.5,0.0015222661247053,22.374418698216203,7.0,1605.0
GTEX-ZLV1-1526-SM-DO91J.1,SKIN,64.5,0.0014273886060818,21.486247419908235,7.0,1605.0
GTEX-ZLV1-2126-SM-4WWD2.1,MUSCLE,64.5,0.002801681391733,5.932060144769895,8.2,1641.0
GTEX-ZLWG-0008-SM-4E3J4.1,SKIN,54.5,0.0055070765979172,140.77893636289463,10.0,176.0
GTEX-ZLWG-0826-SM-59888.1,SKIN,54.5,0.0017096252522907,31.326856778704336,7.0,99.0
GTEX-ZLWG-2126-SM-DO91M.1,MUSCLE,54.5,0.0028904205586041,6.3325616553028725,8.6,172.0
GTEX-ZP4G-0008-SM-4E3I4.1,SKIN,24.5,0.0050028958976807,121.04980395781148,10.0,270.0
GTEX-ZP4G-1426-SM-4WWCL.1,SKIN,24.5,0.001304908687033,17.29871991403994,7.1,218.0
GTEX-ZP4G-2026-SM-57WEH.1,MUSCLE,24.5,0.0024780700131337,25.8185605953572,8.0,258.0
GTEX-ZP4G-2426-SM-57WEY.1,SKIN,24.5,0.0035747971242718,83.5290034547059,7.2,270.0
GTEX-ZPCL-0008-SM-4WWAU.1,SKIN,64.5,0.0055091765451355,128.52971416611322,10.0,152.0
GTEX-ZPCL-0426-SM-DNZZ4.1,HEART,64.5,0.0023973764440392,19.793494694451123,8.9,81.0
GTEX-ZPCL-0526-SM-DO91R.1,HEART,64.5,0.0015247143474779,22.169985415008387,8.7,84.0
GTEX-ZPCL-1126-SM-4WWFE.1,SKIN,64.5,0.0016407507338663,14.231145607743205,6.3,104.0
GTEX-ZPCL-2026-SM-57WFD.1,MUSCLE,64.5,0.0021254429881786,6.987878407408994,8.8,149.0
GTEX-ZPIC-0008-SM-4E3JF.1,SKIN,44.5,0.0048806092279458,142.7426251952101,10.0,163.0
GTEX-ZPIC-0426-SM-DO91V.1,HEART,44.5,0.0016063684809651,21.89463953985909,8.3,130.0
GTEX-ZPIC-0526-SM-DO91W.1,SKIN,44.5,0.0018925931362833,26.311170339213053,7.3,132.0
GTEX-ZPIC-0826-SM-4WWFJ.1,HEART,44.5,0.0018951307617547,22.253105564924116,8.7,139.0
GTEX-ZPIC-1726-SM-57WF2.1,SKIN,44.5,0.0030544709727052,23.920648294173287,7.5,162.0
GTEX-ZPIC-1726-SM-DHXIU.1,SKIN,44.5,0.0035129031542134,23.73199259451008,7.5,162.0
GTEX-ZPIC-2526-SM-57WDP.1,MUSCLE,44.5,0.0027081150852674,8.831424691928808,8.4,185.0
GTEX-ZPU1-0008-SM-4E3IR.1,SKIN,44.5,0.0040588850702796,229.68238518048776,10.0,175.0
GTEX-ZPU1-0626-SM-4YCDM.1,HEART,44.5,0.0014704561717419,10.40608893284262,7.3,96.0
GTEX-ZPU1-0726-SM-5HL6O.1,HEART,44.5,0.0012767758755669,18.823702004618088,7.3,111.0
GTEX-ZPU1-0826-SM-57WG2.1,LIVER,44.5,0.0020744892282426,34.9609761074319,9.6,103.0
GTEX-ZPU1-0826-SM-73KXI.1,LIVER,44.5,0.0022356174628337,40.93774344655819,9.6,103.0
GTEX-ZPU1-0826-SM-7DHMN.1,LIVER,44.5,0.0018479331757068,33.1376937541893,9.6,103.0
GTEX-ZPU1-1126-SM-4YCF3.1,SKIN,44.5,0.0014167095552562,23.83738549152389,6.6,109.0
GTEX-ZQG8-0008-SM-4E3J9.1,SKIN,64.5,0.004181278667329,193.49614899228527,10.0,171.0
GTEX-ZQG8-0008-SM-4YCE7.1,SKIN,64.5,0.0044893695898916,202.84330569319283,10.0,171.0
GTEX-ZQG8-0008-SM-C1YPW.1,SKIN,64.5,0.0053544884214255,205.53712724002543,10.0,171.0
GTEX-ZQG8-1226-SM-51MRX.1,MUSCLE,64.5,0.0015721586393402,3.360558781100752,7.9,166.0
GTEX-ZQG8-1626-SM-5HL6H.1,SKIN,64.5,0.0019729641594526,28.720094616879702,7.7,180.0
GTEX-ZQG8-1626-SM-DHXIT.1,SKIN,64.5,0.0026609114774321,29.601468476734272,7.7,180.0
GTEX-ZQG8-1926-SM-4YCEO.1,SKIN,64.5,0.0041611530485258,37.28748134941423,7.3,183.0
GTEX-ZQUD-0008-SM-4YCCU.1,SKIN,34.5,0.006875675673869,136.3176916856525,10.0,219.0
GTEX-ZQUD-1426-SM-57WER.1,SKIN,34.5,0.0016366312061361,23.16073195619694,6.5,221.0
GTEX-ZQUD-1526-SM-51MRE.1,HEART,34.5,0.0009687025594651,4.552381066171004,6.7,223.0
GTEX-ZQUD-1526-SM-7EWD9.1,HEART,34.5,0.0011293046208947,5.885112515559716,6.7,223.0
GTEX-ZQUD-1526-SM-7IGO2.1,HEART,34.5,0.0010851240290976,5.996109125753624,6.7,223.0
GTEX-ZQUD-1726-SM-51MRQ.1,MUSCLE,34.5,0.0018618211945045,5.513913014597979,7.8,227.0
GTEX-ZQUD-1726-SM-7P8ON.1,MUSCLE,34.5,0.0110091551667984,8.883985100277235,7.8,227.0
GTEX-ZT9W-0008-SM-4YCDJ.1,SKIN,54.5,0.0058565856351392,208.9622802709352,10.0,181.0
GTEX-ZT9W-0526-SM-57WFG.1,HEART,54.5,0.000885183805542,14.73128141961828,8.1,94.0
GTEX-ZT9W-1126-SM-57WDR.1,SKIN,54.5,0.0009083697890311,26.757163635988856,6.8,112.0
GTEX-ZT9W-2426-SM-57WFJ.1,SKIN,54.5,0.0018094704286126,53.96312755957298,7.3,180.0
GTEX-ZT9X-0008-SM-4YCD7.1,SKIN,44.5,0.0046758553562256,176.91333745857435,10.0,247.0
GTEX-ZT9X-1526-SM-5DUXD.1,SKIN,44.5,0.0017417520863976,19.72973472562175,7.5,190.0
GTEX-ZT9X-1826-SM-57WDU.1,MUSCLE,44.5,0.002014233164165,7.573560733996676,8.8,250.0
GTEX-ZTPG-0008-SM-4YCEK.1,SKIN,24.5,0.0052592915148497,188.7112347671014,10.0,208.0
GTEX-ZTPG-0126-SM-5O9AL.1,MUSCLE,24.5,0.0041306227357404,11.821199111395906,8.0,204.0
GTEX-ZTPG-0326-SM-5O9AX.1,SKIN,24.5,0.0021678846680458,31.038224689177746,7.3,208.0
GTEX-ZTPG-1226-SM-4YCDO.1,HEART,24.5,0.0019126574373888,18.542729120532325,7.9,250.0
GTEX-ZTPG-1326-SM-51MSQ.1,HEART,24.5,0.0016643425150124,21.9867661877074,8.1,253.0
GTEX-ZTPG-1426-SM-51MT3.1,LIVER,24.5,0.0028098629136437,49.90188496124771,6.8,254.0
GTEX-ZTSS-0008-SM-4YCE8.1,SKIN,44.5,0.0086841009667533,224.50446714085692,10.0,243.0
GTEX-ZTSS-1426-SM-5985P.1,SKIN,44.5,0.0009778286478815,19.265696238527333,5.9,218.0
GTEX-ZTSS-1826-SM-57WEK.1,MUSCLE,44.5,0.0038149049237093,62.14334084013938,7.0,240.0
GTEX-ZTSS-1926-SM-57WEW.1,SKIN,44.5,0.0020018361526396,23.665308442400267,7.0,244.0
GTEX-ZTTD-0008-SM-51MQV.1,SKIN,54.5,0.004874514390749,190.73478709987407,10.0,241.0
GTEX-ZTTD-0326-SM-57WFW.1,MUSCLE,54.5,0.0019937035791766,69.78724548869894,6.8,273.0
GTEX-ZTTD-0526-SM-57WDV.1,HEART,54.5,0.007119571618221,76.80258954620409,7.1,277.0
GTEX-ZTTD-0626-SM-4YCCY.1,HEART,54.5,0.0045000840925847,48.5402462805218,6.8,280.0
GTEX-ZTTD-2826-SM-4YCFA.1,SKIN,54.5,0.0032840797055432,31.243884060850604,7.3,384.0
GTEX-ZTX8-0008-SM-4YCDV.1,SKIN,24.5,0.0048425052987479,250.51667742387352,10.0,184.0
GTEX-ZTX8-1326-SM-4YCEL.1,SKIN,24.5,0.0007945237110153,12.445526625975656,7.6,174.0
GTEX-ZTX8-1426-SM-5DUVO.1,SKIN,24.5,0.0022004061709987,19.268498976379167,7.5,184.0
GTEX-ZTX8-1626-SM-51MRY.1,MUSCLE,24.5,0.0029631991477161,9.315164567661537,8.3,187.0
GTEX-ZU9S-0226-SM-5E441.1,SKIN,34.5,0.0022815347706574,29.41077952537647,7.4,493.0
GTEX-ZU9S-1826-SM-5NQ9E.1,SKIN,34.5,0.0010262397924783,23.49118077873002,6.4,619.0
GTEX-ZUA1-0008-SM-4YCEW.1,SKIN,44.5,0.0043861685632721,181.13621409605528,10.0,866.0
GTEX-ZUA1-0011-R10a-SM-51MT6.1,BRAIN,44.5,0.0009682729046834,10.111361073042607,8.1,829.0
GTEX-ZUA1-0011-R11b-SM-51MTI.1,BRAIN,44.5,0.0024217287869913,13.073132036686111,9.0,829.0
GTEX-ZUA1-0011-R1a-SM-4YCE2.1,BRAIN,44.5,0.000866071721073,14.731720802977875,7.9,829.0
GTEX-ZUA1-0011-R3a-SM-4YCEE.1,BRAIN,44.5,0.0011827315285894,13.188031453980088,6.6,829.0
GTEX-ZUA1-0011-R5b-SM-51MTG.1,BRAIN,44.5,0.0016032870190832,14.491751281489064,8.4,829.0
GTEX-ZUA1-0011-R6b-SM-4YCDD.1,BRAIN,44.5,0.001206299976413,17.927880682472342,7.3,829.0
GTEX-ZUA1-0011-R7b-SM-4YCDP.1,BRAIN,44.5,0.0010975758114464,13.27942178654456,8.9,829.0
GTEX-ZUA1-0011-R8b-SM-51MST.1,BRAIN,44.5,0.0012216405057707,10.002206386478042,7.8,829.0
GTEX-ZUA1-0126-SM-5GU76.1,SKIN,44.5,0.0031231848495355,46.80775199154324,6.1,865.0
GTEX-ZUA1-0326-SM-5NQA3.1,MUSCLE,44.5,0.0026564363687428,6.76061060403917,7.7,874.0
GTEX-ZUA1-0726-SM-4YCD9.1,HEART,44.5,0.0005455102874006,19.54011527024528,7.5,889.0
GTEX-ZUA1-0826-SM-4YCDL.1,HEART,44.5,8.048313435256901e-05,4.297939302231336,8.5,891.0
GTEX-ZUA1-2626-SM-5NQ92.1,SKIN,44.5,0.0010323974157612,34.43279835778652,6.6,964.0
GTEX-ZUA1-2926-SM-59HL3.1,BRAIN,44.5,0.0023561521513822,13.558801731491204,7.4,990.0
GTEX-ZUA1-3026-SM-59HJC.1,BRAIN,44.5,0.0010667270386437,10.64230955939601,7.5,992.0
GTEX-ZV68-0008-SM-4YCCV.1,SKIN,54.5,0.0044131929366637,96.38053864136958,10.0,1262.0
GTEX-ZV68-0011-R10a-SM-51MT7.1,BRAIN,54.5,0.0004232913684578,10.07767613337802,6.7,1176.0
GTEX-ZV68-0011-R2a-SM-4YCDK.1,BRAIN,54.5,0.0005897069194435,9.13920778804972,6.1,1176.0
GTEX-ZV68-0011-R5a-SM-4YCDW.1,BRAIN,54.5,0.0003756805884765,9.895980947599265,7.0,1176.0
GTEX-ZV68-0011-R6a-SM-51MSR.1,BRAIN,54.5,0.0003409935064302,7.324606330484879,5.9,1176.0
GTEX-ZV68-0011-R7a-SM-51MT4.1,BRAIN,54.5,0.0003153492693453,7.325625944961576,6.3,1176.0
GTEX-ZV68-0126-SM-59HKS.1,SKIN,54.5,0.0017585616890878,22.559547174836872,8.0,1237.0
GTEX-ZV68-0526-SM-59HKI.1,MUSCLE,54.5,0.0022875690996478,5.274710617829828,5.9,1256.0
GTEX-ZV6S-0008-SM-4YCF9.1,SKIN,44.5,0.0046037871290613,157.42175430345637,10.0,433.0
GTEX-ZV6S-2126-SM-4YCEM.1,MUSCLE,44.5,0.002629888346425,8.82270259147251,7.5,429.0
GTEX-ZV6S-2326-SM-4YCEY.1,SKIN,44.5,0.0020571311487185,25.108822607895085,7.1,433.0
GTEX-ZV7C-0008-SM-57WCL.1,SKIN,54.5,0.0053487593282879,153.72410066794086,10.0,165.0
GTEX-ZV7C-0326-SM-57WB1.1,HEART,54.5,0.001706757900454,15.668809929550653,8.3,103.0
GTEX-ZV7C-0526-SM-51MRB.1,HEART,54.5,0.0014446809336302,23.155264726139627,8.0,105.0
GTEX-ZV7C-0526-SM-9WPNK.1,HEART,54.5,0.0017204056101887,30.26250324073133,8.0,105.0
GTEX-ZV7C-0926-SM-59HL1.1,SKIN,54.5,0.0013595893009161,93.6013950182649,7.8,116.0
GTEX-ZV7C-2426-SM-5NQ7Q.1,MUSCLE,54.5,0.003344830584799,12.734921998756894,7.6,172.0
GTEX-ZVE1-0008-SM-51MS9.1,SKIN,54.5,0.0040378922076672,235.33263118065196,9.9,1068.0
GTEX-ZVE1-0526-SM-5NQ71.1,MUSCLE,54.5,0.003898900931369,12.224020134391012,6.0,1075.0
GTEX-ZVE1-0726-SM-51MRN.1,SKIN,54.5,0.001992337238334,23.75644744681776,5.9,1079.0
GTEX-ZVE2-0008-SM-51MRU.1,SKIN,54.5,0.0041683598129683,236.81166904468893,10.0,522.0
GTEX-ZVE2-0226-SM-59HJB.1,SKIN,54.5,0.0022473427426197,30.465603222275583,7.7,521.0
GTEX-ZVE2-0626-SM-5GU7I.1,MUSCLE,54.5,0.0032495682642612,12.65234050180941,6.3,584.0
GTEX-ZVE2-2826-SM-5GU51.1,SKIN,54.5,0.0026604840494479,33.1797682661039,6.7,691.0
GTEX-ZVP2-0008-SM-51MSL.1,SKIN,54.5,0.0045780869184819,156.286905660799,10.0,172.0
GTEX-ZVP2-0326-SM-57WBP.1,SKIN,54.5,0.0008262205897059,16.322673388520528,5.8,134.0
GTEX-ZVP2-0626-SM-51MSO.1,LIVER,54.5,0.001203848524419,20.1211515852074,7.7,137.0
GTEX-ZVP2-2126-SM-5GU6E.1,MUSCLE,54.5,0.0029385281148091,8.43870289930892,7.7,177.0
GTEX-ZVT2-0008-SM-57WC9.1,SKIN,54.5,0.0052026577519597,98.98957001508472,10.0,149.0
GTEX-ZVT2-0126-SM-5GIDQ.1,SKIN,54.5,0.0011473519279737,18.70839022583842,6.9,85.0
GTEX-ZVT2-0926-SM-5GICE.1,HEART,54.5,0.0013282861947195,17.909781306034812,8.7,99.0
GTEX-ZVT2-1026-SM-5GU55.1,HEART,54.5,0.0015056066461922,14.564114335965224,7.9,102.0
GTEX-ZVT2-2426-SM-57WCQ.1,MUSCLE,54.5,0.0015005558249977,5.31498814505327,8.2,147.0
GTEX-ZVT2-2526-SM-51MT1.1,SKIN,54.5,0.0013124619230143,20.595028467203957,7.8,149.0
GTEX-ZVT3-0008-SM-51MRI.1,SKIN,64.5,0.0040664015772696,142.50032557677596,9.9,573.0
GTEX-ZVT3-0011-R10b-SM-57WB6.1,BRAIN,64.5,0.001107161585229,9.465569456773604,6.6,524.0
GTEX-ZVT3-0011-R11b-SM-57WBI.1,BRAIN,64.5,0.0010691176394168,7.960903634962309,7.2,524.0
GTEX-ZVT3-0011-R3b-SM-51MTJ.1,BRAIN,64.5,0.000339464622843,6.671177033916384,6.4,524.0
GTEX-ZVT3-0011-R5a-SM-51MSI.1,BRAIN,64.5,0.0003141910820831,8.966265571560525,7.8,524.0
GTEX-ZVT3-0011-R6a-SM-51MSU.1,BRAIN,64.5,0.0002945830312377,7.067405592546714,7.5,524.0
GTEX-ZVT3-0011-R7a-SM-57WCO.1,BRAIN,64.5,0.0001591722767805,4.42092529652228,6.9,524.0
GTEX-ZVT3-0011-R8b-SM-57WDJ.1,BRAIN,64.5,0.0007059776434409,13.38819005397775,6.6,524.0
GTEX-ZVT3-0126-SM-5GU6I.1,SKIN,64.5,0.0024593197965604,42.89506262009914,7.0,572.0
GTEX-ZVT3-0526-SM-5GIE9.1,MUSCLE,64.5,0.0028973149589537,6.584629838171948,8.6,583.0
GTEX-ZVT3-0826-SM-5GIC8.1,HEART,64.5,0.0046790975131618,30.768461509467745,7.2,609.0
GTEX-ZVT3-1626-SM-5GU66.1,LIVER,64.5,0.0008148224664776,18.670309124967112,6.0,623.0
GTEX-ZVT3-2926-SM-5GU6M.1,BRAIN,64.5,0.0010400441477967,11.971325601919135,6.1,661.0
GTEX-ZVT3-3026-SM-5E43N.1,BRAIN,64.5,0.0013081016500795,12.610864235990343,6.9,663.0
GTEX-ZVT4-0008-SM-57WCA.1,SKIN,54.5,0.0039120799542056,210.26736684306383,10.0,603.0
GTEX-ZVT4-0126-SM-51MS1.1,SKIN,54.5,0.0023038612590691,32.928720139716,7.5,602.0
GTEX-ZVT4-0126-SM-DTXFN.1,SKIN,54.5,0.0032365083113191,30.07379603545428,8.0,602.0
GTEX-ZVT4-0326-SM-51MS5.1,MUSCLE,54.5,0.0030875152058799,8.096251997853928,7.9,607.0
GTEX-ZVT4-0626-SM-5E45T.1,LIVER,54.5,0.0005739019707603,15.627179451657478,5.9,615.0
GTEX-ZVT4-1326-SM-5NQ8E.1,HEART,54.5,0.0015024401198126,44.30318783884741,5.7,642.0
GTEX-ZVT4-2426-SM-5GIEI.1,SKIN,54.5,0.0021945041699308,26.35133939796953,7.5,669.0
GTEX-ZVTK-0008-SM-57WDA.1,SKIN,24.5,0.0039636933167134,76.7869186807033,10.0,946.0
GTEX-ZVTK-0226-SM-51MRG.1,SKIN,24.5,0.0027140954019787,30.765700753241436,6.6,899.0
GTEX-ZVTK-0426-SM-51MRS.1,SKIN,24.5,0.0014428428247545,18.1946282488059,7.2,945.0
GTEX-ZVTK-0626-SM-5GU6Y.1,MUSCLE,24.5,0.0025624281208437,5.090433708218667,8.2,956.0
GTEX-ZVZO-0126-SM-5A5L9.1,SKIN,44.5,0.0015659745776939,38.464064287750816,6.9,143.0
GTEX-ZVZO-0326-SM-5HL4N.1,MUSCLE,44.5,0.003457961954183,9.195856742412811,7.8,147.0
GTEX-ZVZP-0008-SM-51MSX.1,SKIN,54.5,0.0049714866313373,94.2989281617422,10.0,158.0
GTEX-ZVZP-0226-SM-5NQ73.1,HEART,54.5,0.0015064087366904,11.543646149334489,9.1,64.0
GTEX-ZVZP-1226-SM-5GID7.1,SKIN,54.5,0.001455404549297,16.176228866002482,5.9,101.0
GTEX-ZVZP-2426-SM-59HKJ.1,SKIN,54.5,0.0019101545612187,17.86605603103098,7.2,158.0
GTEX-ZVZP-2526-SM-57WBR.1,MUSCLE,54.5,0.0014386847265943,5.564247315341915,7.5,162.0
GTEX-ZVZQ-0008-SM-51MSK.1,SKIN,64.5,0.0059331229556185,176.758785647439,8.2,1111.0
GTEX-ZVZQ-0011-R10b-SM-51MRT.1,BRAIN,64.5,0.0014823467899918,11.777494099761345,8.6,1005.0
GTEX-ZVZQ-0011-R11a-SM-51MS6.1,BRAIN,64.5,0.0018376760373857,10.075506983122098,8.8,1005.0
GTEX-ZVZQ-0011-R1a-SM-57WBU.1,BRAIN,64.5,0.000226981912807,4.106149710990887,6.2,1005.0
GTEX-ZVZQ-0011-R3a-SM-57WC7.1,BRAIN,64.5,0.0010359393055266,11.321431949859262,5.8,1005.0
GTEX-ZVZQ-0011-R4b-SM-57WCZ.1,BRAIN,64.5,0.0008758480527987,14.13677758741325,7.9,1005.0
GTEX-ZVZQ-0011-R5b-SM-57WDC.1,BRAIN,64.5,0.0004614430154944,11.790430164339242,7.9,1005.0
GTEX-ZVZQ-0011-R6b-SM-57WAY.1,BRAIN,64.5,0.0007777952973886,14.37104127176283,7.6,1005.0
GTEX-ZVZQ-0011-R7b-SM-57WBB.1,BRAIN,64.5,0.0009845723304565,15.141160045426728,7.1,1005.0
GTEX-ZVZQ-0011-R8a-SM-51MR5.1,BRAIN,64.5,0.0005122995535886,7.63754572609148,7.5,1005.0
GTEX-ZVZQ-0011-R9a-SM-51MRH.1,BRAIN,64.5,0.0012995777388007,23.07474853411361,8.1,1005.0
GTEX-ZVZQ-0326-SM-59HLL.1,SKIN,64.5,0.0021115216050947,12.968994455765912,7.7,1110.0
GTEX-ZVZQ-0726-SM-51MR3.1,HEART,64.5,0.0019431861681194,33.83097973484264,6.3,1129.0
GTEX-ZWKS-0126-SM-5SIAA.1,SKIN,34.5,0.0016577974889417,19.04021131099493,7.1,954.0
GTEX-ZWKS-0326-SM-5NQ7G.1,MUSCLE,34.5,0.0015871685772416,6.4243644296117335,6.2,958.0
GTEX-ZWKS-0626-SM-5GIDV.1,SKIN,34.5,0.002316399561731,20.972148047131263,6.2,964.0
GTEX-ZXES-0008-SM-57WCX.1,SKIN,34.5,0.0040656651872142,155.7692229922445,10.0,154.0
GTEX-ZXES-1826-SM-5E43S.1,SKIN,34.5,0.0010731557371822,13.239883559506207,6.1,150.0
GTEX-ZXG5-0008-SM-57WDB.1,SKIN,64.5,0.0058279167463718,176.95537800508123,10.0,1060.0
GTEX-ZXG5-0011-R10a-SM-57WDD.1,BRAIN,64.5,0.0005449886263843,7.16496751096887,6.3,965.0
GTEX-ZXG5-0011-R5b-SM-57WBN.1,BRAIN,64.5,0.0005007810339482,11.195744315710549,7.6,965.0
GTEX-ZXG5-0011-R6a-SM-57WBZ.1,BRAIN,64.5,0.0007444934553773,11.053660965946843,7.9,965.0
GTEX-ZXG5-0011-R7b-SM-57WCC.1,BRAIN,64.5,0.0003157002051672,7.28788775386673,6.7,965.0
GTEX-ZXG5-0011-R8a-SM-57WD1.1,BRAIN,64.5,0.0003006299588662,5.040852893397009,7.6,965.0
GTEX-ZXG5-0126-SM-5GIEU.1,SKIN,64.5,0.0018888450256919,29.78498319904909,6.9,1058.0
GTEX-ZXG5-0326-SM-5GICH.1,MUSCLE,64.5,0.003019402057653,8.906202816374547,6.2,1075.0
GTEX-ZXG5-0626-SM-5NQ85.1,HEART,64.5,0.0003113925967997,17.408690833590807,6.4,1173.0
GTEX-ZXG5-2126-SM-59HKD.1,SKIN,64.5,0.0018138492883223,23.926896883015484,7.3,1266.0
GTEX-ZY6K-1426-SM-5GZX2.1,SKIN,54.5,0.0014488077683752,105.40214280816778,8.2,199.0
GTEX-ZY6K-1826-SM-5GZXK.1,SKIN,54.5,0.0011350052143225,24.423139269279705,7.0,268.0
GTEX-ZY6K-2026-SM-5GZXQ.1,MUSCLE,54.5,0.0036213529656258,11.62666238900406,8.3,262.0
GTEX-ZYFC-0226-SM-5NQ75.1,SKIN,54.5,0.0019238942865817,26.817726477341104,7.6,1321.0
GTEX-ZYFC-0426-SM-5GICQ.1,SKIN,54.5,0.0019808401469266,29.384807938798787,7.7,1325.0
GTEX-ZYFC-0526-SM-5GIDF.1,MUSCLE,54.5,0.0026084703555946,5.241821141584932,8.1,1358.0
GTEX-ZYFC-1026-SM-5GZX9.1,HEART,54.5,0.003971713928843,25.26923400934652,7.5,1399.0
GTEX-ZYFC-1126-SM-5E44W.1,HEART,54.5,0.0013974591924744,8.117092401646527,6.5,1401.0
GTEX-ZYFD-0126-SM-5GIDL.1,SKIN,54.5,0.0019208546152462,37.36862782836013,8.2,525.0
GTEX-ZYFD-0326-SM-5NQ8I.1,MUSCLE,54.5,0.0024727300992897,7.916582023690264,8.0,532.0
GTEX-ZYFD-0626-SM-5E44E.1,SKIN,54.5,0.0019853905075975,58.67023910624626,6.9,579.0
GTEX-ZYFD-2026-SM-5E459.1,HEART,54.5,0.0026397007686731,30.001033998299786,8.1,639.0
GTEX-ZYFD-2926-SM-5GID9.1,BRAIN,54.5,0.0012858103081652,13.284404076419465,6.5,683.0
GTEX-ZYFD-3026-SM-5E44C.1,BRAIN,54.5,0.0013431173357636,12.15824160348629,6.7,684.0
GTEX-ZYFG-0426-SM-5E43M.1,HEART,64.5,0.0014846555330275,12.788864894409732,8.7,55.0
GTEX-ZYFG-0526-SM-5GZXX.1,HEART,64.5,0.0010352693330128,13.208627258531786,8.6,57.0
GTEX-ZYFG-1526-SM-5GZYM.1,SKIN,64.5,0.0012035673391848,24.64203491370343,6.2,100.0
GTEX-ZYFG-2326-SM-5E44B.1,SKIN,64.5,0.0007069750756551,11.626540236402828,5.9,147.0
GTEX-ZYFG-2426-SM-5GIE8.1,MUSCLE,64.5,0.0017464949884999,5.668144056918277,8.6,149.0
GTEX-ZYT6-0226-SM-5NQ6T.1,SKIN,34.5,0.0024684371001934,22.28542988498248,8.3,1402.0
GTEX-ZYT6-0626-SM-5E45V.1,LIVER,34.5,0.0009400319584779,15.47402831681924,6.6,1412.0
GTEX-ZYT6-0926-SM-5GIEM.1,HEART,34.5,0.0027918555615111,23.602094965664588,7.2,1414.0
GTEX-ZYT6-1626-SM-5E45R.1,MUSCLE,34.5,0.002092486941704,6.460895340071415,7.9,1424.0
GTEX-ZYT6-1726-SM-5E44P.1,HEART,34.5,0.0001111199185728,3.4789309719783854,7.5,1424.0
GTEX-ZYT6-2326-SM-5GZY3.1,SKIN,34.5,0.0028842297862132,23.57826850954589,7.2,1430.0
GTEX-ZYVF-0626-SM-5E43Q.1,MUSCLE,54.5,0.003337324119532,17.284200224333965,6.9,631.0
GTEX-ZYVF-0926-SM-5E44J.1,SKIN,54.5,0.0022254388679081,54.43433540563504,7.1,637.0
GTEX-ZYVF-1826-SM-5E44F.1,HEART,54.5,0.0018328031860363,20.183570951349463,6.3,676.0
GTEX-ZYW4-0126-SM-5E44A.1,SKIN,64.5,0.0023662590085768,48.634427082020736,7.4,745.0
GTEX-ZYW4-0526-SM-5GZZ5.1,MUSCLE,64.5,0.0027495656147195,12.330399506936727,8.5,759.0
GTEX-ZYW4-0626-SM-59HJR.1,SKIN,64.5,0.0036358062483811,29.664352143265116,7.2,763.0
GTEX-ZYW4-0926-SM-59HJS.1,HEART,64.5,0.0008217117194913,9.9661030944663,5.9,780.0
GTEX-ZYW4-1026-SM-5SI8W.1,HEART,64.5,0.0009555571238217,34.747054548197426,6.8,782.0
GTEX-ZYWO-0526-SM-5E45I.1,HEART,44.5,0.0015743002906918,21.276873661959623,8.3,81.0
GTEX-ZYWO-0626-SM-5E45K.1,HEART,44.5,0.002140727268874,20.09428930959809,8.6,83.0
GTEX-ZYWO-2226-SM-5GZXR.1,SKIN,44.5,0.0019767262657823,87.93957711254942,8.0,163.0
GTEX-ZYWO-2626-SM-5E43V.1,MUSCLE,44.5,0.0020887294780055,7.496839121719871,7.9,189.0
GTEX-ZYY3-0126-SM-5GZY5.1,SKIN,64.5,0.0025773371077611,23.11798934086659,6.6,484.0
GTEX-ZYY3-0526-SM-5E45G.1,MUSCLE,64.5,0.0023329121241473,8.389334440872407,8.4,491.0
GTEX-ZYY3-0626-SM-5NQ6W.1,LIVER,64.5,0.0014461565549633,29.99664659575637,5.7,497.0
GTEX-ZYY3-2926-SM-5GIEB.1,SKIN,64.5,0.0016802156708847,24.951391283847183,6.0,541.0
GTEX-ZYY3-3026-SM-5GIEJ.1,BRAIN,64.5,0.0014337811275434,14.217887040830073,5.9,545.0
GTEX-ZYY3-3126-SM-5SI9L.1,BRAIN,64.5,0.0011118671870575,20.598871332629027,6.8,547.0
GTEX-ZZ64-1026-SM-5GZXG.1,SKIN,24.5,0.0021675433749897,32.80909457465711,8.3,195.0
GTEX-ZZ64-1526-SM-5E43K.1,MUSCLE,24.5,0.0027674819885572,9.400131176662091,7.2,230.0
GTEX-ZZ64-1726-SM-5GZYB.1,SKIN,24.5,0.0018731591258139,21.91549363319926,8.0,236.0
GTEX-ZZPT-0226-SM-5E43X.1,SKIN,54.5,0.0015692484748769,26.636462671705903,7.2,1094.0
GTEX-ZZPT-0626-SM-5GZXT.1,MUSCLE,54.5,0.0028937512631267,12.78248579120112,7.0,1125.0
GTEX-ZZPT-0926-SM-5GICZ.1,HEART,54.5,0.001784058352888,19.593420266063017,5.8,1145.0
GTEX-ZZPT-2926-SM-5EQ5S.1,BRAIN,54.5,0.0011365231421005,15.983899494918566,6.8,1198.0
GTEX-ZZPT-3026-SM-5GZXH.1,BRAIN,54.5,0.0008297115982001,15.220034931165936,6.2,1200.0
GTEX-ZZPU-0426-SM-5GZYH.1,LIVER,54.5,0.0015110266654361,33.97769250823589,7.8,192.0
GTEX-ZZPU-0826-SM-5GZX5.1,SKIN,54.5,0.0014979568286507,22.914993168038727,7.2,202.0
GTEX-ZZPU-0926-SM-5GZYT.1,HEART,54.5,0.0021476629210386,17.12834050534353,8.7,204.0
GTEX-ZZPU-1126-SM-5N9CW.1,HEART,54.5,0.0019972171607903,35.45626124633308,8.6,208.0
GTEX-ZZPU-2626-SM-5E45Y.1,MUSCLE,54.5,0.0019840707408229,9.147705152937649,8.5,248.0
