sample_id,tissue,age_mid,rin,ischemic_time,mitonuclear_score_v2,regen_score_v3
GTEX-1117F-0426-SM-5EGHI.1,MUSCLE,64.5,7.1,1220.0,-0.3935195494421336,-0.06671911445258326
GTEX-1117F-0726-SM-5GIEN.1,HEART,64.5,6.3,1244.0,0.3230911462518873,-0.08886631407602152
GTEX-1117F-2926-SM-5GZYI.1,SKIN,64.5,7.7,1341.0,1.085536558692182,-0.07229717100696545
GTEX-1117F-3226-SM-5N9CT.1,BRAIN,64.5,6.2,1418.0,-0.3271977497282016,0.05407470991005726
GTEX-111CU-1126-SM-5EGIM.1,SKIN,54.5,6.5,86.0,-2.7231022111872534,0.03369552161260652
GTEX-111CU-1926-SM-5GZYZ.1,SKIN,54.5,5.9,141.0,-2.217967023215881,-0.20803958931199246
GTEX-111CU-2026-SM-5GZZC.1,MUSCLE,54.5,8.1,144.0,-0.4620135940988263,-0.10031607358932983
GTEX-111FC-0126-SM-5N9DL.1,SKIN,64.5,7.2,1036.0,-0.8740942582495417,-0.05816301958197203
GTEX-111FC-0326-SM-5GZZ1.1,MUSCLE,64.5,8.2,1045.0,-0.3004967787414081,-0.0412151619099911
GTEX-111FC-0626-SM-5N9CU.1,HEART,64.5,7.3,1054.0,1.773686653350472,0.007825665718731162
GTEX-111FC-0826-SM-5GZWO.1,HEART,64.5,7.0,1060.0,-0.0400502723136786,-0.07186970244280426
GTEX-111FC-2526-SM-5GZXU.1,SKIN,64.5,7.0,1135.0,-0.9816197176278496,-0.24477019474703235
GTEX-111FC-3126-SM-5GZZ2.1,BRAIN,64.5,6.1,1221.0,0.3117017217243353,-0.01912941847394807
GTEX-111FC-3326-SM-5GZYV.1,BRAIN,64.5,7.1,1221.0,1.253137438678377,-0.13419986569979472
GTEX-111VG-0008-SM-5Q5BG.1,SKIN,64.5,9.2,1084.0,1.9906341255194224,0.282827181076259
GTEX-111VG-0326-SM-5GZX7.1,HEART,64.5,6.4,1006.0,-0.8024426712685119,-0.043530354370478454
GTEX-111VG-1626-SM-5EGIO.1,SKIN,64.5,6.8,1046.0,-1.403767758994774,-0.08087970363214032
GTEX-111VG-2426-SM-5GZXD.1,SKIN,64.5,7.4,1084.0,-0.6956195485323696,-0.13989188212849268
GTEX-111VG-2626-SM-5GZY2.1,MUSCLE,64.5,8.1,1088.0,1.4150481774971824,-0.12414442161109773
GTEX-111YS-0008-SM-5Q5BH.1,SKIN,64.5,10.0,299.0,2.315786906524224,0.3398380487178386
GTEX-111YS-0326-SM-5GZZ3.1,HEART,64.5,8.5,120.0,-0.139920873539871,-0.024031876771689168
GTEX-111YS-0426-SM-5987O.1,HEART,64.5,8.0,124.0,-0.367527182712094,-0.0016998655992513097
GTEX-111YS-1526-SM-5GZYW.1,SKIN,64.5,7.5,163.0,-0.8621091263764061,-0.1762985520230253
GTEX-111YS-2326-SM-5987L.1,MUSCLE,64.5,7.1,294.0,-0.0320553280851961,-0.019263949701204004
GTEX-1122O-0008-SM-5QGR2.1,SKIN,64.5,10.0,128.0,2.056034151413147,0.06119711933580014
GTEX-1122O-0626-SM-5N9B9.1,HEART,64.5,8.6,60.0,0.7045208476994607,0.0001277093504049107
GTEX-1122O-0826-SM-5GICV.1,HEART,64.5,8.0,62.0,-0.0201221815268959,-0.05816430833938557
GTEX-1122O-1026-SM-9WYSF.1,SKIN,64.5,7.5,94.0,-1.340257637032613,0.06863933728450858
GTEX-1122O-2126-SM-5EGIR.1,SKIN,64.5,7.1,128.0,1.6677109169023543,0.03668865424856017
GTEX-1122O-2426-SM-5GIDN.1,MUSCLE,64.5,7.0,131.0,-0.4007385257425402,-0.04173253505772574
GTEX-1128S-0008-SM-5Q5DP.1,SKIN,64.5,8.9,886.0,1.1463682660001109,0.3009626513815293
GTEX-1128S-2326-SM-5GZZY.1,SKIN,64.5,7.0,886.0,-1.879031908476149,-0.16645365323341266
GTEX-1128S-2426-SM-5H11B.1,MUSCLE,64.5,7.6,889.0,-1.1183359045636228,0.026601655532463138
GTEX-1128S-2726-SM-5H12C.1,BRAIN,64.5,6.3,1034.0,-0.3056609103394961,-0.0781984195290848
GTEX-1128S-2826-SM-5N9DI.1,BRAIN,64.5,6.3,1036.0,0.3625601313688398,-0.17084047686752105
GTEX-113IC-0008-SM-5QGRF.1,SKIN,64.5,10.0,94.0,1.7575928397589775,0.4025930017608707
GTEX-113IC-0126-SM-5HL6T.1,SKIN,64.5,7.2,94.0,-1.0823979228736564,0.14067092663874203
GTEX-113JC-0008-SM-5QGR6.1,SKIN,54.5,10.0,681.0,1.044112215476825,0.14138242856792477
GTEX-113JC-2326-SM-5EQ4E.1,SKIN,54.5,7.5,681.0,-0.079399489146009,-0.07225475504287915
GTEX-113JC-2726-SM-5EGIS.1,MUSCLE,54.5,7.7,686.0,0.0628727236780807,0.06866142907288267
GTEX-117XS-0008-SM-5Q5DQ.1,SKIN,64.5,10.0,917.0,1.7185490253871571,0.36953203313930416
GTEX-117XS-0726-SM-5H131.1,HEART,64.5,6.9,862.0,-0.3210414653657029,0.0753910407224875
GTEX-117XS-2526-SM-5H11G.1,MUSCLE,64.5,8.3,914.0,-0.3396095136912267,-0.0038371394702682027
GTEX-117XS-2726-SM-5N9BL.1,SKIN,64.5,6.9,916.0,-1.4157997747182378,-0.0668913200982404
GTEX-117XS-3026-SM-5N9CA.1,BRAIN,64.5,6.4,1017.0,0.3644460141099446,-0.09451366252333086
GTEX-117XS-3126-SM-5GIDP.1,BRAIN,64.5,7.2,1018.0,1.4860613785865555,-0.1891478664456226
GTEX-117YW-0008-SM-5QGRD.1,SKIN,54.5,9.9,980.0,1.8179158679661311,0.2730106000995001
GTEX-117YW-0326-SM-5N9CY.1,HEART,54.5,5.7,816.0,-2.3388890506458937,-0.08552923777272652
GTEX-117YW-0426-SM-5GZZZ.1,HEART,54.5,5.8,817.0,-3.5272710945444845,-0.008288544531554198
GTEX-117YW-2426-SM-5Q5AE.1,MUSCLE,54.5,6.1,978.0,-0.3247097356754695,-0.041993393187990585
GTEX-117YW-2626-SM-5GZZH.1,SKIN,54.5,6.8,982.0,-0.3010473825406493,-0.1869754479503991
GTEX-117YW-2926-SM-5GIEQ.1,BRAIN,54.5,5.9,1045.0,-2.4782783086037856,-0.0335885877419746
GTEX-117YX-0626-SM-5EGJI.1,HEART,54.5,7.9,90.0,0.2877256085316418,0.06601605869512774
GTEX-117YX-1126-SM-5H128.1,HEART,54.5,8.1,102.0,-0.4264201447764457,-0.033443003999737334
GTEX-117YX-1926-SM-5GIEC.1,SKIN,54.5,6.6,116.0,-2.340771267608287,-0.04965848020144114
GTEX-117YX-2326-SM-5H12W.1,SKIN,54.5,6.4,147.0,-1.5685268049559686,-0.13088650071309404
GTEX-117YX-2526-SM-5EQ4Q.1,MUSCLE,54.5,8.3,154.0,-0.2787416419228028,-0.07573043185259036
GTEX-1192W-0008-SM-5QGRE.1,SKIN,64.5,9.9,810.0,1.2920511270875794,0.2771576104157867
GTEX-1192W-0226-SM-5EGGT.1,HEART,64.5,6.8,675.0,-0.2159751070715784,-0.014750852533671121
GTEX-1192W-2626-SM-5Q5AF.1,SKIN,64.5,5.8,810.0,0.6232978872137669,0.02308276310665179
GTEX-1192X-0008-SM-5Q5B7.1,SKIN,54.5,9.2,856.0,2.331041579872415,0.4007002883884448
GTEX-1192X-0011-R10a-SM-DO941.1,BRAIN,54.5,8.7,762.0,2.4985686339049806,-0.07838198285138492
GTEX-1192X-0011-R11b-SM-DO935.1,BRAIN,54.5,8.3,762.0,2.704285745036493,-0.20458773493360305
GTEX-1192X-0011-R5a-SM-DNZZA.1,BRAIN,54.5,8.5,762.0,0.7915921673519207,0.014199105086710542
GTEX-1192X-0011-R6a-SM-DNZZB.1,BRAIN,54.5,8.1,762.0,0.712836113852509,0.045117833860416325
GTEX-1192X-0011-R7b-SM-DNZZC.1,BRAIN,54.5,8.4,762.0,0.2263649402690203,0.03259506731660094
GTEX-1192X-0011-R8b-SM-DO11U.1,BRAIN,54.5,8.2,762.0,2.3016590472774627,0.03698564414318623
GTEX-1192X-0011-R9b-SM-DO934.1,BRAIN,54.5,7.3,762.0,1.3240402611596886,-0.06357840514799079
GTEX-1192X-0226-SM-5H12D.1,SKIN,54.5,6.0,856.0,-0.758684097883424,-0.014392870324968702
GTEX-1192X-0426-SM-5GIEE.1,MUSCLE,54.5,7.5,859.0,0.1786203432473435,-0.058671371662267775
GTEX-1192X-0726-SM-5987R.1,HEART,54.5,6.5,882.0,0.3551284914080218,0.09956592470680306
GTEX-1192X-1026-SM-5H12P.1,LIVER,54.5,6.0,889.0,6.770337918513617,-0.5591159543149496
GTEX-1192X-2726-SM-5N9DN.1,SKIN,54.5,6.0,953.0,-0.731328915989836,-0.1402201276998338
GTEX-1192X-3126-SM-5N9BY.1,BRAIN,54.5,7.1,989.0,1.7582577037807234,-0.06580907611886168
GTEX-1192X-3226-SM-5987D.1,BRAIN,54.5,5.9,989.0,1.9629487092806728,-0.24879265026870334
GTEX-11DXW-0008-SM-5Q59V.1,SKIN,44.5,9.1,1091.0,1.6595293636971495,0.2889193063583926
GTEX-11DXW-0011-R1a-SM-DNZZD.1,BRAIN,44.5,7.5,1080.0,-0.7601553377082187,0.049054031016610614
GTEX-11DXW-0011-R3b-SM-DNZZE.1,BRAIN,44.5,6.1,1080.0,0.2733841354746342,-0.0002133316751990233
GTEX-11DXW-0011-R5b-SM-DO11D.1,BRAIN,44.5,6.8,1080.0,-1.7771834069895562,0.06443512647406019
GTEX-11DXW-0011-R6a-SM-DO11N.1,BRAIN,44.5,6.1,1080.0,-0.5020294295693382,0.04688189306360758
GTEX-11DXW-0011-R7b-SM-DO119.1,BRAIN,44.5,6.8,1080.0,-2.2511467911317045,0.0659878264004245
GTEX-11DXW-0226-SM-5H122.1,SKIN,44.5,7.2,1089.0,0.2527681627973742,-0.011780816602458274
GTEX-11DXW-0726-SM-5H12J.1,MUSCLE,44.5,8.2,1105.0,-0.9685465970408564,-0.029672446578587728
GTEX-11DXW-0826-SM-5H118.1,SKIN,44.5,7.3,1107.0,-0.4996323607954062,-0.13488630351134448
GTEX-11DXW-1026-SM-5H11K.1,BRAIN,44.5,6.0,1135.0,1.1655143540099395,-0.17853279037842035
GTEX-11DXW-1126-SM-5H12Q.1,BRAIN,44.5,6.6,1137.0,-0.3370220497274363,0.054421399117266615
GTEX-11DXX-0008-SM-5Q5B8.1,SKIN,64.5,10.0,161.0,2.2238375499854035,0.4024341369143544
GTEX-11DXX-0326-SM-5PNWC.1,HEART,64.5,7.8,86.0,-0.4145371868584495,-0.061548518120981076
GTEX-11DXX-0526-SM-5PNVR.1,HEART,64.5,6.4,86.0,-0.1813168723838311,-0.16375848546284424
GTEX-11DXX-2126-SM-5PNYR.1,SKIN,64.5,7.9,136.0,-1.0248423433168563,-0.24344529098353576
GTEX-11DXX-2426-SM-5GZZW.1,SKIN,64.5,6.8,161.0,-1.2685627907794337,-0.16170659516505387
GTEX-11DXX-2726-SM-5PNXO.1,MUSCLE,64.5,8.7,166.0,-0.3561311157547277,-0.028563395028095663
GTEX-11DXY-0008-SM-5QGR4.1,SKIN,64.5,10.0,963.0,1.3732462548191258,0.2030952235009616
GTEX-11DXY-0011-R10b-SM-DO12C.1,BRAIN,64.5,7.0,869.0,1.2442483866295295,-0.11504150830902474
GTEX-11DXY-0011-R11a-SM-DNZZN.1,BRAIN,64.5,7.6,869.0,3.019509281208424,-0.21682702315979813
GTEX-11DXY-0011-R5b-SM-DNZZL.1,BRAIN,64.5,5.6,869.0,0.5983252682479802,0.05147670301905946
GTEX-11DXY-0011-R6a-SM-DNZZF.1,BRAIN,64.5,8.3,869.0,0.7376244144118275,0.010039953127453347
GTEX-11DXY-0011-R7a-SM-DO11L.1,BRAIN,64.5,7.3,869.0,-0.3325265780649589,0.05835877329138918
GTEX-11DXY-0011-R8a-SM-DO11M.1,BRAIN,64.5,6.5,869.0,1.0833120607654656,0.07631520007578413
GTEX-11DXY-0126-SM-5H11Q.1,SKIN,64.5,7.4,880.0,-0.8696829834817017,-0.06635864146435096
GTEX-11DXY-0526-SM-5EGGQ.1,LIVER,64.5,6.8,891.0,-1.1088112975861542,0.0884662427527413
GTEX-11DXY-0826-SM-5EGGR.1,HEART,64.5,6.0,908.0,-3.115628677867929,-0.014903362238245113
GTEX-11DXY-1026-SM-5987V.1,HEART,64.5,6.6,906.0,-1.2634452851727036,0.09100439762255996
GTEX-11DXY-2626-SM-5GIE7.1,SKIN,64.5,6.6,963.0,-0.263281881202454,-0.19009933449777966
GTEX-11DXY-2726-SM-5GID2.1,MUSCLE,64.5,7.1,964.0,0.0465454801100315,-0.10679348812786557
GTEX-11DXY-3126-SM-5N9BT.1,BRAIN,64.5,7.3,1016.0,1.5448706729327255,-0.15448980582179192
GTEX-11DXY-3226-SM-5GIDE.1,BRAIN,64.5,7.7,1016.0,0.4854498344238095,-0.052551128060669375
GTEX-11DXZ-0126-SM-5EGGY.1,LIVER,54.5,7.9,250.0,-0.5721165826044896,-0.05844065052813187
GTEX-11DXZ-0326-SM-5EGH1.1,HEART,54.5,8.3,268.0,0.0593564676648328,-0.042070284513022846
GTEX-11DXZ-0626-SM-5GU77.1,HEART,54.5,6.3,279.0,1.5067732219548304,-0.13078254273332948
GTEX-11DXZ-2026-SM-5987S.1,SKIN,54.5,7.2,320.0,-2.7464134009637253,-0.09901391789407885
GTEX-11DXZ-2326-SM-5EGGV.1,SKIN,54.5,8.1,328.0,-1.393904298398989,-0.07745915912863657
GTEX-11DXZ-2426-SM-5N9DT.1,MUSCLE,54.5,8.7,330.0,-0.7314049040171515,-0.015449511781893162
GTEX-11DYG-0008-SM-5QGR5.1,SKIN,64.5,9.9,782.0,1.7935528674256342,0.19552565374926104
GTEX-11DYG-0011-R10b-SM-DNZZO.1,BRAIN,64.5,6.4,686.0,1.405890170055364,-0.06560427223565048
GTEX-11DYG-0011-R11a-SM-DNZZP.1,BRAIN,64.5,7.3,686.0,3.8494949825409046,-0.2701629989208819
GTEX-11DYG-0011-R5a-SM-DO928.1,BRAIN,64.5,8.4,686.0,0.2015010447999946,0.059590826976408766
GTEX-11DYG-0011-R6a-SM-DO936.1,BRAIN,64.5,6.6,686.0,0.9843608927388796,-0.052511227431431676
GTEX-11DYG-0011-R7b-SM-EXUS6.1,BRAIN,64.5,7.8,686.0,0.2799191521861177,-0.01285835641675527
GTEX-11DYG-0011-R8a-SM-DO93F.1,BRAIN,64.5,6.8,686.0,-0.4186008719863417,0.03149112795777622
GTEX-11DYG-0126-SM-59883.1,SKIN,64.5,7.7,781.0,-0.9015000229950983,-0.015777865563231033
GTEX-11DYG-1026-SM-5A5JQ.1,HEART,64.5,6.2,851.0,2.3385298981679914,-0.07111304023613858
GTEX-11DYG-1526-SM-5A5JS.1,SKIN,64.5,6.9,863.0,-1.195473558321446,-0.12957571701418796
GTEX-11DYG-2926-SM-5H132.1,BRAIN,64.5,7.0,915.0,1.5371630846718345,-0.11911521230176454
GTEX-11DZ1-0008-SM-5QGR3.1,SKIN,54.5,10.0,1193.0,0.8875885607243537,0.23926507013759513
GTEX-11DZ1-0011-R10b-SM-DO943.1,BRAIN,54.5,8.1,1060.0,0.698996141361525,-0.1700825565778592
GTEX-11DZ1-0011-R11b-SM-DO11W.1,BRAIN,54.5,6.3,1060.0,1.809093885637228,-0.2199439285303718
GTEX-11DZ1-0011-R2a-SM-DNZZM.1,BRAIN,54.5,6.8,1060.0,0.46795367109814,-0.10369805059100236
GTEX-11DZ1-0011-R3a-SM-DNZYY.1,BRAIN,54.5,7.1,1060.0,1.1663306351793017,-0.09633523345451826
GTEX-11DZ1-0011-R5a-SM-DO11J.1,BRAIN,54.5,7.1,1060.0,-0.1265488061309512,-0.0307943641650844
GTEX-11DZ1-0011-R6b-SM-DNZZG.1,BRAIN,54.5,7.3,1060.0,1.0494806990407346,-0.05257357143385619
GTEX-11DZ1-0011-R7a-SM-DNZZH.1,BRAIN,54.5,7.7,1060.0,0.3338010729073351,-0.03263611558487049
GTEX-11DZ1-0011-R8b-SM-DNZZI.1,BRAIN,54.5,7.1,1060.0,0.6520858082321279,-0.05109339673610486
GTEX-11DZ1-0011-R9a-SM-DO933.1,BRAIN,54.5,7.3,1060.0,0.5290237130091691,-0.02932071344324707
GTEX-11DZ1-0126-SM-5985Q.1,SKIN,54.5,7.7,1193.0,-1.4977843697713715,-0.0011861371742758935
GTEX-11DZ1-0926-SM-5EQ5R.1,MUSCLE,54.5,7.6,1231.0,0.948615970371847,-0.11334857236546302
GTEX-11DZ1-2426-SM-5GZZX.1,SKIN,54.5,6.0,1276.0,-0.3580872491529104,-0.024693671174603204
GTEX-11DZ1-2926-SM-5A5KI.1,BRAIN,54.5,6.3,1314.0,1.1210210585941356,-0.2060575775033237
GTEX-11EI6-0008-SM-5QGR7.1,SKIN,64.5,10.0,970.0,0.509092175909853,0.17783032207504262
GTEX-11EI6-0011-R10a-SM-DO93R.1,BRAIN,64.5,6.7,902.0,-0.0297810663513136,-0.016153852105074393
GTEX-11EI6-0011-R11a-SM-DO11V.1,BRAIN,64.5,6.8,902.0,-0.7576013827664994,-0.11918387632629687
GTEX-11EI6-0011-R1a-SM-DO93L.1,BRAIN,64.5,6.3,902.0,-1.3496386963324027,-0.0406900868296322
GTEX-11EI6-0011-R8a-SM-DO93M.1,BRAIN,64.5,5.7,902.0,-2.583194601450152,0.04171195503388298
GTEX-11EI6-0126-SM-5985R.1,SKIN,64.5,7.4,969.0,-0.530532275034653,-0.12637791197565199
GTEX-11EI6-0326-SM-5EQ6G.1,MUSCLE,64.5,8.2,973.0,0.016079318826512,-0.05484362461540388
GTEX-11EI6-2826-SM-5H11D.1,SKIN,64.5,7.8,1028.0,0.1427698146490382,-0.18768653677539604
GTEX-11EI6-2926-SM-5985U.1,BRAIN,64.5,6.2,1045.0,-0.9693056464125576,-0.018291233163673242
GTEX-11EI6-3026-SM-5GZZO.1,BRAIN,64.5,6.4,1048.0,-0.7195577616419419,-0.024102760386651517
GTEX-11EM3-0426-SM-5N9BZ.1,HEART,24.5,8.3,110.0,0.4668491979151987,0.31227791616425465
GTEX-11EM3-0626-SM-5H12Z.1,HEART,24.5,8.5,142.0,0.4883978824688433,-0.017293025140293926
GTEX-11EM3-1226-SM-5N9DD.1,SKIN,24.5,7.6,165.0,-1.038127674010624,0.02736240597559943
GTEX-11EM3-2126-SM-5H11M.1,MUSCLE,24.5,7.9,233.0,-1.2532242219584433,0.009246554424966968
GTEX-11EM3-2426-SM-59861.1,SKIN,24.5,7.9,240.0,-1.360159351886174,-0.07253704527973073
GTEX-11EMC-0008-SM-5Q5DR.1,SKIN,64.5,10.0,809.0,1.867587667648284,0.40630364432836286
GTEX-11EMC-0011-R10a-SM-DNZZJ.1,BRAIN,64.5,7.5,640.0,0.72072137586656,-0.07554215267169599
GTEX-11EMC-0011-R11b-SM-DNZZK.1,BRAIN,64.5,6.3,640.0,0.5743538856673964,-0.124667610534714
GTEX-11EMC-0011-R2b-SM-DO114.1,BRAIN,64.5,7.1,640.0,-2.1303774708285497,0.006804404824082097
GTEX-11EMC-0011-R8b-SM-DO91Z.1,BRAIN,64.5,5.7,640.0,-1.884374117398136,0.005682086437312663
GTEX-11EMC-0011-R9b-SM-DO921.1,BRAIN,64.5,7.6,640.0,0.421605032543652,0.03738601267829097
GTEX-11EMC-0726-SM-5EGJO.1,HEART,64.5,6.5,710.0,-0.7999630319972872,0.01940877738224511
GTEX-11EMC-0826-SM-59862.1,HEART,64.5,6.5,713.0,-0.2133153413652734,0.01714282601758294
GTEX-11EMC-2626-SM-59864.1,MUSCLE,64.5,8.4,805.0,1.2918196093685608,0.09493874184855154
GTEX-11EMC-2926-SM-5EQ4F.1,SKIN,64.5,6.4,809.0,1.05138240830966,0.04414091043982468
GTEX-11EMC-3226-SM-5EGKW.1,BRAIN,64.5,6.0,864.0,-0.7414465369861354,0.03583331464219188
GTEX-11EMC-3326-SM-5P9JH.1,BRAIN,64.5,6.9,866.0,0.8191282364044661,-0.14548845842559574
GTEX-11EQ8-0008-SM-5Q5DJ.1,SKIN,64.5,10.0,461.0,1.2248757763708835,0.2305388228748248
GTEX-11EQ8-0126-SM-5EQ54.1,SKIN,64.5,6.8,460.0,0.7491615673357696,0.02385332346101731
GTEX-11EQ8-0526-SM-5N9BC.1,MUSCLE,64.5,7.6,471.0,0.483035406720473,-0.08663835512243935
GTEX-11EQ8-0926-SM-5H12V.1,SKIN,64.5,6.9,499.0,-0.7406088633033001,-0.03859111156599896
GTEX-11EQ8-1326-SM-5EGJQ.1,HEART,64.5,6.2,509.0,-0.244354654970742,-0.037946846657743706
GTEX-11EQ8-2826-SM-5N9C1.1,BRAIN,64.5,6.4,557.0,1.5795398302293668,-0.11512670871275754
GTEX-11EQ9-0008-SM-5Q5DK.1,SKIN,34.5,10.0,321.0,0.9514145596011452,0.4614669760724643
GTEX-11EQ9-0526-SM-5A5JZ.1,LIVER,34.5,8.1,82.0,0.6073830587190225,-0.17368192530000137
GTEX-11EQ9-1626-SM-5PNY8.1,SKIN,34.5,7.9,126.0,-0.7936543343547409,-0.15192049441208103
GTEX-11EQ9-2126-SM-5PNVW.1,MUSCLE,34.5,8.7,318.0,0.0210876304444317,-0.035269400539705544
GTEX-11EQ9-2426-SM-5HL5T.1,SKIN,34.5,7.5,321.0,-0.6259283506294102,-0.12229772293699291
GTEX-11GS4-0008-SM-5QGRA.1,SKIN,64.5,10.0,915.0,1.0623228898852817,0.16502834303336505
GTEX-11GS4-0011-R1a-SM-DO129.1,BRAIN,64.5,6.1,689.0,-0.9667909885651144,0.04963415520567181
GTEX-11GS4-0011-R2a-SM-DO942.1,BRAIN,64.5,7.8,689.0,1.641110539103902,0.12163503033751855
GTEX-11GS4-0226-SM-5HL77.1,SKIN,64.5,7.4,785.0,-1.065112022926129,-0.009641859614832207
GTEX-11GS4-0426-SM-5N9CD.1,HEART,64.5,6.5,796.0,-0.9402142428536646,0.09196156006115265
GTEX-11GS4-0526-SM-5A5KQ.1,HEART,64.5,6.6,798.0,-1.960202440215121,0.17063460506854125
GTEX-11GS4-2526-SM-5A5KT.1,MUSCLE,64.5,8.5,913.0,-1.3161651001356984,0.011842606565490126
GTEX-11GS4-2726-SM-5A5LE.1,SKIN,64.5,7.7,915.0,-1.0838064235960347,-0.07620038475819599
GTEX-11GS4-3126-SM-5A5LH.1,BRAIN,64.5,6.2,959.0,-0.4582702882197827,-0.002037722054402894
GTEX-11GSO-0011-R1b-SM-57WD3.1,BRAIN,64.5,7.3,829.0,-1.1389289600353003,0.02921562480153424
GTEX-11GSO-0011-R2a-SM-57WDF.1,BRAIN,64.5,6.6,829.0,-0.998207276938036,-0.01717819810126952
GTEX-11GSO-0011-R3b-SM-57WB2.1,BRAIN,64.5,7.3,829.0,0.8965559252978227,-0.008621849311975816
GTEX-11GSO-2426-SM-5A5LY.1,SKIN,64.5,6.8,969.0,-0.1633683101647656,-0.18536382672369314
GTEX-11GSO-2526-SM-5PNVX.1,MUSCLE,64.5,8.6,971.0,-0.1923256451320217,0.03591017256353622
GTEX-11GSO-2926-SM-5HL73.1,BRAIN,64.5,6.8,1037.0,0.3695170852176799,-0.06300993243988533
GTEX-11GSO-3026-SM-5Q5AL.1,BRAIN,64.5,7.1,1040.0,1.5005654490946432,-0.21043042196233788
GTEX-11GSP-0008-SM-5Q5DM.1,SKIN,64.5,10.0,920.0,2.054530217496035,0.18392579509228713
GTEX-11GSP-0011-R10a-SM-5NQ7J.1,BRAIN,64.5,6.6,711.0,-0.639379806793259,0.003625978463364054
GTEX-11GSP-0011-R11b-SM-5NQ7V.1,BRAIN,64.5,9.0,711.0,2.1291763067988416,-0.15741952803730108
GTEX-11GSP-0011-R1a-SM-9QEJ3.1,BRAIN,64.5,6.7,711.0,-1.2914580346874245,0.07300005576046917
GTEX-11GSP-0011-R2b-SM-9QEGE.1,BRAIN,64.5,7.0,711.0,1.2196997041919728,0.027288600155458045
GTEX-11GSP-0011-R3a-SM-9QEGF.1,BRAIN,64.5,5.9,711.0,-1.416779177674587,0.05906571234371811
GTEX-11GSP-0011-R5a-SM-57WBE.1,BRAIN,64.5,8.4,711.0,0.1339654544808342,0.157473041324775
GTEX-11GSP-0011-R6b-SM-57WBQ.1,BRAIN,64.5,5.9,711.0,-0.5636457569938574,0.09790222112288773
GTEX-11GSP-0011-R7b-SM-57WC3.1,BRAIN,64.5,7.8,711.0,-0.2147210426313522,0.09356833884571705
GTEX-11GSP-0011-R8b-SM-5NQ79.1,BRAIN,64.5,6.5,711.0,-0.443478894874114,0.14720053542815675
GTEX-11GSP-0011-R9b-SM-5NQ77.1,BRAIN,64.5,7.7,711.0,-0.4246561569523961,0.08983104740184802
GTEX-11GSP-0626-SM-5986T.1,LIVER,64.5,6.2,771.0,-2.2470739025120614,0.09895792103959708
GTEX-11GSP-1226-SM-5985M.1,HEART,64.5,7.9,779.0,0.8747112689475088,-0.0343213173007811
GTEX-11GSP-1326-SM-5A5KY.1,HEART,64.5,6.0,779.0,-2.3812976210387555,-0.04136668686176784
GTEX-11GSP-2326-SM-5HL63.1,SKIN,64.5,6.9,799.0,-0.4452178749613221,-0.07112397555442257
GTEX-11GSP-2526-SM-5N9BP.1,SKIN,64.5,7.4,920.0,-0.0586950790981317,-0.06696663323399504
GTEX-11GSP-2726-SM-5A5LJ.1,MUSCLE,64.5,8.4,921.0,0.0229348482959556,-0.0001757145464142016
GTEX-11GSP-3126-SM-5A5LL.1,BRAIN,64.5,6.9,961.0,1.6113650973938105,-0.07259718748660071
GTEX-11GSP-3226-SM-5986O.1,BRAIN,64.5,6.1,962.0,-1.1354690416006747,0.06954553509094098
GTEX-11H98-0008-SM-5QGR8.1,SKIN,54.5,10.0,733.0,1.5346660705799449,0.2829650318388454
GTEX-11H98-0011-R10b-SM-5NQ98.1,BRAIN,54.5,8.1,613.0,1.070528076018915,-0.09279903351225503
GTEX-11H98-0011-R11b-SM-5NQ6U.1,BRAIN,54.5,9.2,613.0,2.749839032597137,-0.15655651805255585
GTEX-11H98-0011-R5b-SM-57WCF.1,BRAIN,54.5,7.4,613.0,0.3204381678658495,0.06664210922250315
GTEX-11H98-0011-R8a-SM-5NQ8V.1,BRAIN,54.5,7.7,613.0,0.486922445723695,-0.07907061867925376
GTEX-11H98-0126-SM-5EGHG.1,SKIN,54.5,7.8,733.0,0.5170752429116336,-0.12840484596820895
GTEX-11H98-0326-SM-5HL4S.1,MUSCLE,54.5,8.1,744.0,0.3417362298539851,-0.026813398223584604
GTEX-11I78-0008-SM-5Q5DI.1,SKIN,54.5,10.0,162.0,1.391295340229986,0.39247042835961804
GTEX-11I78-0826-SM-5A5K4.1,HEART,54.5,8.4,90.0,0.6256574531104867,-0.18615125107259586
GTEX-11I78-2426-SM-5A5K9.1,MUSCLE,54.5,8.3,159.0,-0.3245739361044508,-0.06453759222895034
GTEX-11ILO-0008-SM-5QGR9.1,SKIN,44.5,10.0,373.0,1.323301546836107,0.1757893515873031
GTEX-11ILO-0126-SM-5A5LN.1,SKIN,44.5,7.1,372.0,-1.1575365062582497,-0.046201938032526806
GTEX-11ILO-0626-SM-5A5LO.1,SKIN,44.5,7.5,381.0,-0.6202140166187906,-0.08667828558811347
GTEX-11ILO-2526-SM-5A5LQ.1,HEART,44.5,6.2,453.0,1.4893045966026048,-0.10280342219518195
GTEX-11LCK-0008-SM-5Q5BB.1,SKIN,34.5,10.0,259.0,1.9302883287339816,0.19359985663913734
GTEX-11LCK-0826-SM-5PNYD.1,HEART,34.5,8.3,249.0,-0.224689870490325,0.02834649554802715
GTEX-11LCK-0926-SM-5A5KA.1,HEART,34.5,7.7,254.0,0.2978337274592698,-0.0815484088636968
GTEX-11LCK-1026-SM-5A5KB.1,SKIN,34.5,7.8,259.0,-0.1739257477791473,-0.02496307073713722
GTEX-11LCK-1226-SM-5Q5AM.1,MUSCLE,34.5,8.1,273.0,-1.2299380086868743,-0.06176334658570732
GTEX-11LCK-2226-SM-5HL4Q.1,SKIN,34.5,7.5,364.0,-0.9683625304025258,-0.03031033681447862
GTEX-11NSD-0008-SM-5Q5BC.1,SKIN,24.5,9.8,288.0,1.923650957193451,0.14653153650600614
GTEX-11NSD-0626-SM-5A5LU.1,SKIN,24.5,6.9,87.0,-2.727986712452223,-0.10855771847438149
GTEX-11NSD-2026-SM-5HL5U.1,MUSCLE,24.5,8.5,288.0,-0.4010855693934032,-0.02142909694718012
GTEX-11NSD-2226-SM-5986V.1,SKIN,24.5,7.2,287.0,-1.0682679611245554,-0.15547540848814279
GTEX-11NUK-0008-SM-5Q5B9.1,SKIN,54.5,10.0,887.0,1.7771013441300108,0.3221348002915602
GTEX-11NUK-0011-R4a-SM-DO12B.1,BRAIN,54.5,7.1,864.0,-0.381792708715278,0.07556943170101821
GTEX-11NUK-0011-R5a-SM-DO93N.1,BRAIN,54.5,9.2,864.0,-0.5762415789999449,0.10116843720661338
GTEX-11NUK-0011-R6a-SM-DO93O.1,BRAIN,54.5,8.1,864.0,0.3515626013305457,0.012172772757196009
GTEX-11NUK-0011-R7a-SM-DO93P.1,BRAIN,54.5,8.2,864.0,-0.8306048107221895,0.0671176328899139
GTEX-11NUK-0126-SM-5A5L3.1,SKIN,54.5,7.4,894.0,-1.149230159138618,-0.2211434689450437
GTEX-11NUK-0226-SM-5A5L4.1,MUSCLE,54.5,8.2,895.0,-0.2950887248866746,0.03951596336047276
GTEX-11NUK-0926-SM-5HL57.1,HEART,54.5,6.3,951.0,0.1217813620928924,0.008119144841979734
GTEX-11NUK-1226-SM-5P9GM.1,LIVER,54.5,6.1,956.0,-1.4680412783161962,0.06602794454254586
GTEX-11NUK-2726-SM-5A5MC.1,SKIN,54.5,7.8,1003.0,-1.698755361029181,-0.06397186079807513
GTEX-11NUK-2926-SM-5A5MD.1,BRAIN,54.5,7.1,1040.0,0.3269065297531331,-0.06994618472376554
GTEX-11NUK-3026-SM-5986K.1,BRAIN,54.5,6.9,1042.0,1.6328554763840952,-0.1584360272434759
GTEX-11NV4-0008-SM-5Q5BA.1,SKIN,64.5,10.0,1459.0,2.1522077046925543,0.31843444115431163
GTEX-11NV4-0011-R5a-SM-5NQ88.1,BRAIN,64.5,8.5,790.0,-0.5996989299151888,0.03272408357523904
GTEX-11NV4-0011-R6a-SM-57WD5.1,BRAIN,64.5,6.9,790.0,-0.0459411414221058,0.008574348953121657
GTEX-11NV4-0011-R7a-SM-57WDH.1,BRAIN,64.5,7.5,790.0,-0.4148109741301524,0.004993119384442804
GTEX-11NV4-0326-SM-5HL58.1,MUSCLE,64.5,7.5,1020.0,-1.062294006359927,-0.1150924245974858
GTEX-11NV4-0826-SM-5BC4S.1,HEART,64.5,6.7,1121.0,1.0497048788019736,-0.13301395044025466
GTEX-11NV4-1326-SM-5HL6V.1,LIVER,64.5,5.9,1152.0,-1.2188968176017467,0.08532669657824987
GTEX-11NV4-2126-SM-5N9DS.1,BRAIN,64.5,5.8,1269.0,-1.1745831963505973,-0.04343281656667749
GTEX-11NV4-2226-SM-5BC4T.1,BRAIN,64.5,6.9,1269.0,2.1543516813246004,-0.22794180078569456
GTEX-11O72-0008-SM-5Q5DN.1,SKIN,44.5,10.0,923.0,1.9063346602811864,0.277802728524868
GTEX-11O72-0011-R5a-SM-DO922.1,BRAIN,44.5,8.6,867.0,-1.379239787350079,0.17390340568719373
GTEX-11O72-0011-R6a-SM-DNZZQ.1,BRAIN,44.5,8.2,867.0,-0.9871486460531692,0.11375447005950544
GTEX-11O72-0126-SM-59887.1,SKIN,44.5,7.5,922.0,0.0656330210391072,-0.08279549300056695
GTEX-11O72-0326-SM-5986D.1,MUSCLE,44.5,7.7,946.0,1.984448823996612,0.11786194645545892
GTEX-11O72-0626-SM-5PNYE.1,SKIN,44.5,7.7,969.0,-0.3802164670372397,-0.11013364832873569
GTEX-11O72-1026-SM-5986B.1,HEART,44.5,6.2,983.0,0.6219868402102255,0.15043120997589543
GTEX-11O72-1126-SM-5N9E2.1,HEART,44.5,5.7,985.0,-1.0338183472557034,0.24709775512141846
GTEX-11O72-2826-SM-5HL6W.1,BRAIN,44.5,7.5,1037.0,2.162169287969712,-0.10241537377885787
GTEX-11O72-2926-SM-5BC4V.1,BRAIN,44.5,6.3,1039.0,-0.9396268525530174,-0.0056080185642022615
GTEX-11OC5-0008-SM-5S2OH.1,SKIN,64.5,10.0,1272.0,1.7516514360090545,0.27884765078403906
GTEX-11OC5-0126-SM-5HL6A.1,SKIN,64.5,6.5,1272.0,-1.6549671493234892,-0.15946423197791906
GTEX-11OC5-0326-SM-5PNW5.1,MUSCLE,64.5,9.0,1278.0,-0.7439957757205448,0.1245900766272626
GTEX-11OC5-0626-SM-5HL6M.1,BRAIN,64.5,6.8,1426.0,1.0795809078130991,-0.13266711789721058
GTEX-11OC5-0726-SM-5P9JK.1,BRAIN,64.5,6.0,1425.0,1.667965608915847,-0.04604119538141123
GTEX-11OF3-0008-SM-5S2NH.1,SKIN,64.5,10.0,887.0,1.1699669767709129,0.3787556044152172
GTEX-11OF3-0011-R11a-SM-57WCR.1,BRAIN,64.5,8.2,739.0,2.4860297067909203,-0.1653609812010851
GTEX-11OF3-0011-R5a-SM-57WB4.1,BRAIN,64.5,7.7,739.0,-0.4274126181015975,0.06017218158406723
GTEX-11OF3-0011-R6b-SM-57WBG.1,BRAIN,64.5,7.0,739.0,-0.0301807156434548,0.020028060849620125
GTEX-11OF3-0011-R7a-SM-57WCG.1,BRAIN,64.5,7.8,739.0,-0.6971071085417232,0.02833036947006614
GTEX-11OF3-0011-R8b-SM-57WCS.1,BRAIN,64.5,7.6,739.0,0.4468980118078918,0.07053297755924744
GTEX-11OF3-0126-SM-5PNYF.1,SKIN,64.5,6.7,769.0,0.1275664688002397,-0.14311361553377963
GTEX-11OF3-0726-SM-5BC4Z.1,LIVER,64.5,6.0,790.0,-0.2626307016091414,-0.006897533899038817
GTEX-11OF3-2526-SM-5P9JL.1,MUSCLE,64.5,7.7,887.0,1.2169010118565164,-0.11345385752029669
GTEX-11OF3-2626-SM-5GU7F.1,SKIN,64.5,8.3,887.0,0.6275477708387955,-0.12524170463361484
GTEX-11OF3-2926-SM-5HL78.1,BRAIN,64.5,6.3,958.0,0.8067084221543744,-0.12380711628149456
GTEX-11OF3-3126-SM-5GU5E.1,BRAIN,64.5,7.3,960.0,-0.0315299757018157,-0.0828697828732611
GTEX-11ONC-0008-SM-5S2MG.1,SKIN,64.5,10.0,736.0,1.601318948331729,0.13984562603786366
GTEX-11ONC-0011-R1a-SM-57WD4.1,BRAIN,64.5,5.9,587.0,-2.2360769847714432,0.11918203322112034
GTEX-11ONC-0011-R4b-SM-DO93H.1,BRAIN,64.5,7.1,587.0,-0.8568841033123329,0.09293270321306206
GTEX-11ONC-0011-R5b-SM-DO93I.1,BRAIN,64.5,8.9,587.0,0.041951754563241,0.15170839809682607
GTEX-11ONC-0011-R6a-SM-DO12A.1,BRAIN,64.5,8.4,587.0,-0.742057385576711,0.10506865215143746
GTEX-11ONC-0011-R7b-SM-DO93J.1,BRAIN,64.5,8.0,587.0,-0.4733840149291372,0.14200787045308896
GTEX-11ONC-0011-R8b-SM-5NQ87.1,BRAIN,64.5,7.6,587.0,-0.5360413793221767,0.10331991457789347
GTEX-11ONC-0011-R9b-SM-5NQ8J.1,BRAIN,64.5,7.2,587.0,-1.5590527523294762,0.12629242726424791
GTEX-11ONC-0126-SM-5PNW6.1,HEART,64.5,5.7,656.0,-0.4524106726536787,0.15838641410202617
GTEX-11ONC-1026-SM-5GU64.1,HEART,64.5,6.9,668.0,-0.5291833420706127,-0.09995732747660518
GTEX-11ONC-2426-SM-5GU7H.1,MUSCLE,64.5,8.6,734.0,0.2140468713348105,0.07862566972006796
GTEX-11ONC-2926-SM-5P9JM.1,BRAIN,64.5,6.7,921.0,0.1516160579875012,0.01767354860375379
GTEX-11ONC-3026-SM-5985W.1,BRAIN,64.5,6.1,922.0,0.7136580895929019,-0.10980536720904895
GTEX-11P7K-0008-SM-5S2O5.1,SKIN,34.5,10.0,351.0,2.008433006894637,0.35231241093833937
GTEX-11P7K-1126-SM-5HL4L.1,SKIN,34.5,7.3,133.0,-2.585814632566679,-0.036162802527781875
GTEX-11P7K-1926-SM-5GU6R.1,MUSCLE,34.5,9.0,346.0,-0.6094826234379834,-0.024719796049638188
GTEX-11P7K-2126-SM-5GU7G.1,SKIN,34.5,6.8,351.0,-2.3325918611333445,-0.13726400341809733
GTEX-11P81-0008-SM-5S2OT.1,SKIN,34.5,10.0,350.0,1.8240548042425635,0.27266466977917836
GTEX-11P81-0526-SM-59873.1,HEART,34.5,8.3,243.0,-0.7335272654909739,0.018402626964403795
GTEX-11P81-2226-SM-5PNYI.1,SKIN,34.5,7.1,337.0,-1.5482248487647978,0.061766004529418016
GTEX-11P81-2326-SM-59875.1,SKIN,34.5,8.4,350.0,-0.8888413887857398,-0.18089079777376094
GTEX-11P81-2526-SM-5GU6H.1,MUSCLE,34.5,8.0,348.0,-0.577089680030869,0.06632127292105686
GTEX-11P82-0008-SM-5S2MS.1,SKIN,24.5,10.0,202.0,1.0770502504233552,0.37018852845787464
GTEX-11P82-1426-SM-5BC5L.1,SKIN,24.5,7.8,185.0,-1.631764026981001,-0.03800355644122182
GTEX-11P82-1426-SM-DTXFY.1,SKIN,24.5,7.4,185.0,-1.3325380810111511,-0.09389867698875873
GTEX-11P82-1626-SM-59879.1,SKIN,24.5,6.2,194.0,-2.30246548391957,-0.08765104604612714
GTEX-11P82-1826-SM-5PNYJ.1,MUSCLE,24.5,7.6,197.0,-0.7969562472047445,-0.007114719769603733
GTEX-11PRG-0008-SM-5S2N5.1,SKIN,54.5,10.0,845.0,1.7175499447586189,0.4272778450439554
GTEX-11PRG-0011-R10b-SM-DO93G.1,BRAIN,54.5,7.7,644.0,1.2888367039531683,-0.10256858079988689
GTEX-11PRG-0011-R11b-SM-DNZZY.1,BRAIN,54.5,8.4,644.0,2.6243905551929245,-0.20904425633171989
GTEX-11PRG-0011-R2a-SM-69LQ5.1,BRAIN,54.5,6.0,644.0,-1.7649370509802664,-0.01149471503643456
GTEX-11PRG-0011-R4a-SM-DNZZR.1,BRAIN,54.5,7.6,644.0,0.4551273892796568,-0.03458840716622995
GTEX-11PRG-0011-R5b-SM-DNZZS.1,BRAIN,54.5,7.1,644.0,0.4323493634195968,0.01536818353426026
GTEX-11PRG-0011-R6b-SM-DO923.1,BRAIN,54.5,6.0,644.0,-0.0775995699103512,0.036014012327023594
GTEX-11PRG-0011-R7a-SM-DNZZT.1,BRAIN,54.5,8.1,644.0,0.6587859459358492,0.053588560528295186
GTEX-11PRG-0326-SM-5GU53.1,MUSCLE,54.5,7.7,837.0,0.6681166213026457,-0.11095236415135083
GTEX-11PRG-0726-SM-5EGL1.1,SKIN,54.5,6.1,849.0,-2.0836868694808097,-0.07472641255085888
GTEX-11PRG-2826-SM-5BC54.1,BRAIN,54.5,6.7,995.0,1.6507297039211468,-0.03631961936298771
GTEX-11PRG-2926-SM-5987A.1,BRAIN,54.5,5.9,996.0,-0.0095195881582814,-0.05217177857284205
GTEX-11TT1-0008-SM-5S2P8.1,SKIN,24.5,10.0,134.0,2.347934169302871,0.3027488029971024
GTEX-11TT1-1326-SM-5PNYM.1,HEART,24.5,8.0,88.0,0.6080488742778086,0.014668712054304364
GTEX-11TT1-1426-SM-5EGIA.1,HEART,24.5,9.0,89.0,0.6921386622452399,0.16206025877344685
GTEX-11TT1-1726-SM-5EQLJ.1,LIVER,24.5,9.1,98.0,2.4857661085901075,0.02115806954631874
GTEX-11TT1-1826-SM-5EQLV.1,SKIN,24.5,6.4,100.0,-2.273207748772587,-0.2551466400023265
GTEX-11TT1-2326-SM-5GU6N.1,MUSCLE,24.5,8.7,132.0,0.0367701717991399,-0.08317486744901859
GTEX-11TT1-2526-SM-5EGIB.1,SKIN,24.5,7.7,135.0,-1.130548789298249,-0.23504793398333998
GTEX-11TTK-0008-SM-5S2RU.1,SKIN,64.5,10.0,1123.0,1.8593387652796265,0.4123293632753495
GTEX-11TTK-0011-R10b-SM-DO925.1,BRAIN,64.5,7.1,720.0,0.5257039373444082,-0.10490459051373588
GTEX-11TTK-0011-R11b-SM-DO112.1,BRAIN,64.5,9.0,720.0,1.8624084290736405,-0.23294669318105388
GTEX-11TTK-0011-R4a-SM-DNZZU.1,BRAIN,64.5,6.9,720.0,-0.2891553929959641,0.05808071615566866
GTEX-11TTK-0011-R5a-SM-DNZZV.1,BRAIN,64.5,6.3,720.0,-0.5036537890076553,0.08623286348025426
GTEX-11TTK-0011-R6b-SM-DNZZW.1,BRAIN,64.5,6.1,720.0,-0.5104755793584492,0.0791958568987849
GTEX-11TTK-0011-R7b-SM-DNZZZ.1,BRAIN,64.5,9.3,720.0,0.3680819622665467,0.06191346915481381
GTEX-11TTK-0011-R8b-SM-DO111.1,BRAIN,64.5,7.8,720.0,-0.2069786874684707,0.036150428304951146
GTEX-11TTK-0126-SM-5987B.1,SKIN,64.5,6.8,1122.0,-1.210789017466403,0.0011509508149403626
GTEX-11TTK-0326-SM-5BC5N.1,MUSCLE,64.5,7.1,1126.0,1.4404906317995103,0.12348549594703906
GTEX-11TTK-2826-SM-5GU5K.1,BRAIN,64.5,6.2,1186.0,0.4895010432687174,-0.1676757013566038
GTEX-11TTK-2926-SM-5PNYP.1,BRAIN,64.5,6.1,1189.0,-0.9768061270178616,-0.06351302096603195
GTEX-11TUW-0008-SM-5SI6S.1,SKIN,64.5,10.0,824.0,0.9689950693509182,0.20735398267578872
GTEX-11TUW-0011-R10a-SM-DO924.1,BRAIN,64.5,5.6,655.0,0.2107027580349049,0.0003677146505555749
GTEX-11TUW-0011-R11b-SM-DNZZX.1,BRAIN,64.5,5.7,655.0,-1.379861894470456,-0.03439064189693326
GTEX-11TUW-0011-R1a-SM-DO92S.1,BRAIN,64.5,5.8,655.0,-1.6316751538500864,-0.005765202666788559
GTEX-11TUW-0011-R2b-SM-DO92T.1,BRAIN,64.5,6.4,655.0,-0.0968536099536074,0.1571098823787288
GTEX-11TUW-0011-R3a-SM-DO92U.1,BRAIN,64.5,5.6,655.0,-1.3645110056511238,-0.030412192797881852
GTEX-11TUW-0011-R5b-SM-5BC6Q.1,BRAIN,64.5,6.2,655.0,-2.872589918979948,0.2706899438382231
GTEX-11TUW-0626-SM-5LU9M.1,SKIN,64.5,7.3,729.0,-0.4548556671463597,-0.15628408890039197
GTEX-11TUW-1026-SM-5GU7D.1,HEART,64.5,6.4,739.0,-0.0333848532378289,-0.0986069684349043
GTEX-11TUW-1126-SM-5EQKJ.1,HEART,64.5,6.8,742.0,-0.8642209280388397,0.10328085794660395
GTEX-11TUW-1726-SM-5BC5C.1,LIVER,64.5,6.1,755.0,-0.9392979247722256,-0.008798412683368603
GTEX-11TUW-2526-SM-5EQKN.1,MUSCLE,64.5,8.5,819.0,-1.0391552826445456,0.05250720617839073
GTEX-11TUW-2726-SM-5EQLC.1,SKIN,64.5,6.5,824.0,-0.4875173249446529,-0.0703386366295287
GTEX-11TUW-2726-SM-E9J4M.1,SKIN,64.5,8.0,824.0,0.1880726286012748,-0.10785040640435872
GTEX-11TUW-3126-SM-5GU4Y.1,BRAIN,64.5,5.8,863.0,-0.8529946501339473,0.015701186017330223
GTEX-11UD1-0008-SM-5S2P6.1,SKIN,44.5,10.0,1354.0,2.532697839819763,0.33732944405286225
GTEX-11UD1-0011-R1b-SM-5BC7D.1,BRAIN,44.5,8.1,1267.0,-0.396197801691809,-0.04502683872876494
GTEX-11UD1-0011-R2b-SM-5BC6O.1,BRAIN,44.5,8.1,1267.0,0.5113598055083766,0.02008551285575708
GTEX-11UD1-0011-R3a-SM-5BC6S.1,BRAIN,44.5,6.3,1267.0,-1.0010074559858144,0.022045054625599216
GTEX-11UD1-0011-R5b-SM-5P9FP.1,BRAIN,44.5,7.2,1267.0,-2.593031369453829,0.03360817654806221
GTEX-11UD1-0126-SM-5PNYG.1,SKIN,44.5,5.7,1357.0,-1.6234809394343477,-0.12273525345407935
GTEX-11UD1-0326-SM-5EQKX.1,MUSCLE,44.5,6.3,1364.0,1.145179600470874,0.035068869916330785
GTEX-11UD2-0008-SM-5S2P7.1,SKIN,54.5,10.0,845.0,1.6265227300601317,0.43030932409259126
GTEX-11UD2-0011-R9b-SM-DO926.1,BRAIN,54.5,6.4,834.0,2.7831188280822348,0.21840273630329707
GTEX-11UD2-0226-SM-5EQKY.1,SKIN,54.5,7.4,845.0,-0.0351009742039277,-0.06058244628068592
GTEX-11UD2-0326-SM-5EQLE.1,MUSCLE,54.5,8.1,849.0,-0.2637764002912161,0.17509141154200086
GTEX-11UD2-0926-SM-5CVL6.1,HEART,54.5,6.1,897.0,0.0654625320665344,0.19642788204191533
GTEX-11UD2-1626-SM-5EQM3.1,LIVER,54.5,5.8,945.0,-1.421735086163442,0.21340399060956206
GTEX-11UD2-2526-SM-5CVNU.1,SKIN,54.5,5.9,986.0,0.3828159812686412,-0.04321190620735102
GTEX-11VI4-1126-SM-5EQMD.1,SKIN,44.5,7.0,146.0,-1.6157062928414687,-0.09707535806239034
GTEX-11VI4-1726-SM-5CVLH.1,SKIN,44.5,6.7,315.0,-1.2041343147451982,-0.0786804085495053
GTEX-11VI4-1926-SM-5CVLI.1,MUSCLE,44.5,7.6,321.0,0.5714294193044914,-0.0504877529047458
GTEX-11WQC-0008-SM-5SI6R.1,SKIN,64.5,10.0,818.0,1.6541166451381106,0.25170591325930614
GTEX-11WQC-0011-R10a-SM-57WCT.1,BRAIN,64.5,5.9,608.0,-0.5181819595107776,-0.048820345753850275
GTEX-11WQC-0011-R11b-SM-57WD6.1,BRAIN,64.5,7.2,608.0,-0.1318879403542712,-0.15309528188233476
GTEX-11WQC-0011-R1b-SM-DO932.1,BRAIN,64.5,7.0,608.0,-1.9993729704288423,0.02482131652908758
GTEX-11WQC-0011-R2a-SM-DO927.1,BRAIN,64.5,6.0,608.0,-1.2367577478836322,-0.03507779796325328
GTEX-11WQC-0011-R3a-SM-DO11T.1,BRAIN,64.5,6.6,608.0,-1.962019537239092,-0.02004198557177116
GTEX-11WQC-0011-R5a-SM-5BC74.1,BRAIN,64.5,8.1,608.0,-1.9503107107828763,0.10055891215484913
GTEX-11WQC-0011-R6a-SM-5BC77.1,BRAIN,64.5,8.1,608.0,-2.24516803374065,0.0373363006774072
GTEX-11WQC-0011-R7b-SM-5BC7A.1,BRAIN,64.5,7.0,608.0,-3.0590364117835263,0.07665700069335911
GTEX-11WQC-0011-R8b-SM-57WCH.1,BRAIN,64.5,7.5,608.0,-0.699310315492333,0.17928607241672934
GTEX-11WQC-0726-SM-5EQMR.1,LIVER,64.5,6.6,696.0,-0.528974418667149,-0.12742182367571842
GTEX-11WQC-1826-SM-5GU59.1,SKIN,64.5,7.3,732.0,0.4775333176270823,-0.08453086444104786
GTEX-11WQC-2526-SM-5CVLE.1,SKIN,64.5,6.8,818.0,0.0558932360822362,-0.15716154820240547
GTEX-11WQC-2626-SM-5CVLF.1,MUSCLE,64.5,7.0,819.0,2.1390908211893267,-0.057194613544205825
GTEX-11WQK-0008-SM-5SI6T.1,SKIN,54.5,10.0,731.0,0.9921662792029138,0.18474238991286895
GTEX-11WQK-0011-R10a-SM-5BC6R.1,BRAIN,54.5,7.3,524.0,-0.6046908330573186,-0.03437449324693917
GTEX-11WQK-0011-R11a-SM-5BC6W.1,BRAIN,54.5,7.9,524.0,0.4698920286025575,-0.11080722305341721
GTEX-11WQK-0011-R3b-SM-DO93K.1,BRAIN,54.5,6.1,524.0,-0.6523558556503806,0.010911771683916893
GTEX-11WQK-0011-R8a-SM-5BC7C.1,BRAIN,54.5,6.4,524.0,-2.7175554149145134,0.1683497420575398
GTEX-11WQK-0011-R9b-SM-5BC6N.1,BRAIN,54.5,7.6,524.0,-1.0244108547384392,0.02940443091623604
GTEX-11WQK-0226-SM-5EQLI.1,HEART,54.5,6.7,631.0,1.1725356676552017,0.13067400718715938
GTEX-11WQK-0526-SM-5EQLD.1,SKIN,54.5,7.8,731.0,1.4357167398316135,-0.0962211122050216
GTEX-11WQK-0726-SM-5GU71.1,MUSCLE,54.5,8.3,738.0,1.0032595189584652,0.14128787102656237
GTEX-11WQK-1026-SM-5EQLX.1,SKIN,54.5,7.7,762.0,1.27198115455699,-0.0784924281832575
GTEX-11WQK-3026-SM-5EQL6.1,BRAIN,54.5,6.6,860.0,-0.2459069223393052,-0.05763448135693568
GTEX-11WQK-3126-SM-5EGI2.1,BRAIN,54.5,6.1,861.0,-0.5771623964978742,-0.09574018962610731
GTEX-11XUK-0008-SM-5S2WD.1,SKIN,44.5,10.0,333.0,0.7580571002569153,0.22392963941070085
GTEX-11XUK-2026-SM-5EQLF.1,SKIN,44.5,7.5,334.0,-0.7787581855361438,-0.15387816881126032
GTEX-11XUK-2226-SM-5CVLL.1,MUSCLE,44.5,6.8,338.0,-1.0986920663073518,0.06344894116015858
GTEX-11ZTS-0008-SM-5S2VC.1,SKIN,64.5,10.0,599.0,1.0088277166801691,0.42258779682663844
GTEX-11ZTS-0011-R10a-SM-DO93S.1,BRAIN,64.5,7.6,608.0,-0.0943779852386414,0.0339148957072564
GTEX-11ZTS-0011-R11a-SM-DO113.1,BRAIN,64.5,7.4,608.0,1.2663625957319753,-0.1828527727846048
GTEX-11ZTS-0011-R1a-SM-5BC71.1,BRAIN,64.5,7.9,608.0,-1.0956947037598703,0.04675096780171903
GTEX-11ZTS-0011-R2b-SM-5BC75.1,BRAIN,64.5,7.6,608.0,-0.6186846876334425,0.09297291277128687
GTEX-11ZTS-0011-R3a-SM-5BC78.1,BRAIN,64.5,7.1,608.0,-2.0774979506385267,0.06917796761458464
GTEX-11ZTS-0011-R8a-SM-57WDI.1,BRAIN,64.5,6.3,608.0,-2.1192638767031475,0.2490269626391271
GTEX-11ZTS-0011-R9b-SM-DO93Q.1,BRAIN,64.5,7.3,608.0,-0.7340182615431561,0.07672646084914163
GTEX-11ZTS-0126-SM-5EQ6M.1,SKIN,64.5,7.4,599.0,-2.284930643297265,-0.04949435258162931
GTEX-11ZTS-0526-SM-5CVL9.1,MUSCLE,64.5,7.2,605.0,-0.7537113138064644,0.04744647396708772
GTEX-11ZTS-1426-SM-5EQMM.1,LIVER,64.5,6.1,659.0,-1.6662682957669497,0.08828248990690692
GTEX-11ZTS-3226-SM-5EGID.1,BRAIN,64.5,6.1,776.0,-0.1192952696415265,-0.09298736885079102
GTEX-11ZTT-0008-SM-5S2TZ.1,SKIN,64.5,10.0,246.0,0.7859394306944751,0.31648383110621675
GTEX-11ZTT-0526-SM-5EQLA.1,HEART,64.5,6.9,168.0,-0.0449493823742394,-0.011433094594269484
GTEX-11ZTT-2126-SM-5CVLO.1,SKIN,64.5,7.7,227.0,-1.9562601355519085,0.12412850004522392
GTEX-11ZTT-2426-SM-5EQLS.1,SKIN,64.5,7.3,247.0,-0.609841473170154,-0.06166939728978285
GTEX-11ZTT-2626-SM-5EQKK.1,MUSCLE,64.5,8.2,256.0,-0.9670562332272116,0.04158762136961274
GTEX-11ZU8-0008-SM-5S2VO.1,SKIN,64.5,10.0,1020.0,0.6180931008606974,0.30154832571456874
GTEX-11ZU8-0011-R3a-SM-5BC6U.1,BRAIN,64.5,6.0,781.0,0.2149425851329178,0.08958864584221575
GTEX-11ZU8-0011-R4a-SM-5BC6Y.1,BRAIN,64.5,7.1,781.0,-2.2291242735593,0.11536549589197852
GTEX-11ZU8-0126-SM-5EQ58.1,SKIN,64.5,6.5,806.0,-1.532520641395389,0.005557725515786657
GTEX-11ZU8-2326-SM-5EQMJ.1,MUSCLE,64.5,7.1,1016.0,1.127584896291915,0.16325136260449755
GTEX-11ZU8-2526-SM-5EQKI.1,SKIN,64.5,7.9,1020.0,-0.6017550103476017,-0.13840984861794578
GTEX-11ZUS-0008-SM-5S2UO.1,SKIN,34.5,10.0,1360.0,0.8209984346527324,0.1416247974047231
GTEX-11ZUS-0011-R10b-SM-5BC79.1,BRAIN,34.5,6.5,1268.0,-0.7542469060628825,0.048849566561348194
GTEX-11ZUS-0011-R11b-SM-5BC7B.1,BRAIN,34.5,9.1,1268.0,2.73207977858602,-0.13124284729148655
GTEX-11ZUS-0011-R8a-SM-5BC73.1,BRAIN,34.5,8.8,1268.0,1.4819603292526369,0.03193937744493471
GTEX-11ZUS-0011-R9b-SM-5BC76.1,BRAIN,34.5,8.3,1268.0,0.6169146063365128,0.07074442216912781
GTEX-11ZUS-0226-SM-5FQT8.1,HEART,34.5,7.6,1347.0,0.8400787151058079,0.025389324144401943
GTEX-11ZUS-0326-SM-5EQ4W.1,HEART,34.5,6.8,1349.0,-0.1144366071722705,-0.015777614264773927
GTEX-11ZUS-0626-SM-59885.1,SKIN,34.5,8.4,1359.0,-0.8826821624231602,-0.17114999143156834
GTEX-11ZUS-1426-SM-5FQSP.1,MUSCLE,34.5,8.5,1383.0,-0.4204159915148009,-0.050753321202782316
GTEX-11ZUS-2526-SM-59872.1,LIVER,34.5,6.7,1426.0,-2.435295804789902,0.08847691745554785
GTEX-11ZUS-2626-SM-5FQUR.1,SKIN,34.5,6.4,1433.0,-2.193208078122186,-0.1276644310067863
GTEX-11ZUS-2826-SM-5EQKW.1,BRAIN,34.5,6.7,1439.0,1.936552485536231,-0.12324829180246252
GTEX-11ZUS-2926-SM-5FQSL.1,BRAIN,34.5,6.3,1440.0,-0.2838724526076631,-0.09865645055948963
GTEX-11ZVC-0011-R1b-SM-5BC6M.1,BRAIN,54.5,6.6,477.0,-2.1449499369895446,0.18899597733022622
GTEX-11ZVC-0011-R3a-SM-5BC6V.1,BRAIN,54.5,5.9,477.0,-2.7365090790617144,0.06384212937684919
GTEX-11ZVC-0011-R4a-SM-5BC6Z.1,BRAIN,54.5,7.0,477.0,-1.8782882824826324,0.2056517854514233
GTEX-11ZVC-0011-R9a-SM-57WC5.1,BRAIN,54.5,6.1,477.0,-0.906588217899055,0.05931578925243751
GTEX-11ZVC-0426-SM-5CVLD.1,HEART,54.5,5.9,528.0,-1.1959601212884965,0.034060762330450085
GTEX-11ZVC-0526-SM-5N9G1.1,HEART,54.5,5.7,530.0,-2.2374331428611005,0.0998466355696245
GTEX-11ZVC-0726-SM-5FQT9.1,LIVER,54.5,6.2,541.0,-1.467013019574776,0.05634758106787348
GTEX-11ZVC-2526-SM-5FQTE.1,SKIN,54.5,8.2,640.0,-0.1190974283476324,-0.1252548628925307
GTEX-11ZVC-2726-SM-5FQSZ.1,MUSCLE,54.5,8.0,643.0,0.1259278712357402,0.0015264540707386743
GTEX-11ZVC-3026-SM-59HJM.1,BRAIN,54.5,5.9,707.0,-0.1556727258952676,-0.13328311853952254
GTEX-1211K-0008-SM-5S2W1.1,SKIN,64.5,10.0,145.0,1.3852509413629546,0.2970295210180616
GTEX-1211K-0226-SM-59HJY.1,HEART,64.5,8.6,66.0,0.0845751247483615,0.029376580358862966
GTEX-1211K-0626-SM-5FQUZ.1,HEART,64.5,8.5,84.0,0.0525720594576918,-0.049252477955820224
GTEX-1211K-1526-SM-5FQU4.1,SKIN,64.5,7.7,117.0,-1.8103345042111112,-0.03745754909076848
GTEX-1211K-2026-SM-5EQ4Z.1,SKIN,64.5,7.5,145.0,-1.5878163968905583,0.023586927135970454
GTEX-1211K-2126-SM-59HJZ.1,MUSCLE,64.5,8.6,147.0,0.0078092050196794,0.14659618349526007
GTEX-12126-0008-SM-5S2UC.1,SKIN,24.5,10.0,928.0,0.9616231630504736,0.23259490668650276
GTEX-12126-0011-R10b-SM-5BC6T.1,BRAIN,24.5,8.0,825.0,-0.1367635644130271,-0.10735894453529105
GTEX-12126-0011-R11a-SM-5BC6X.1,BRAIN,24.5,8.5,825.0,2.482199688815059,-0.1991315880812741
GTEX-12126-0011-R9b-SM-5BC6P.1,BRAIN,24.5,8.5,825.0,1.765587451208785,0.2191136368123115
GTEX-12126-0326-SM-5PNW3.1,SKIN,24.5,6.4,927.0,-1.8230893959364591,-0.16110708590407433
GTEX-12126-0526-SM-5PNW4.1,MUSCLE,24.5,8.2,935.0,1.9172898646231635,-0.06557864725506267
GTEX-12126-0826-SM-5FQTZ.1,SKIN,24.5,7.5,955.0,0.0267551233859226,-0.07854604629407472
GTEX-12126-0926-SM-5FQTW.1,BRAIN,24.5,7.0,996.0,1.8036321380431128,-0.14747717832360896
GTEX-12126-1026-SM-5P9JJ.1,BRAIN,24.5,6.9,998.0,0.0567112657475829,-0.08812443628306722
GTEX-1212Z-0008-SM-5TDBW.1,SKIN,64.5,10.0,757.0,0.7582328421638402,0.31994866002385636
GTEX-1212Z-0011-R1b-SM-5BC72.1,BRAIN,64.5,7.2,537.0,-2.046122512098014,0.08266186390226074
GTEX-1212Z-0126-SM-59HK4.1,SKIN,64.5,6.4,602.0,-0.9446188292335894,-0.2416195169093756
GTEX-1212Z-0226-SM-59HLF.1,LIVER,64.5,6.4,604.0,-0.0897111094128065,0.058179703752336664
GTEX-1212Z-0626-SM-5FQTB.1,HEART,64.5,6.9,621.0,-1.24945817838314,-0.0036588308482418323
GTEX-1212Z-0726-SM-5EGI5.1,HEART,64.5,6.9,624.0,-0.4959577213039173,0.20782065569916922
GTEX-1212Z-2526-SM-5EGKP.1,SKIN,64.5,7.6,757.0,0.0083770701779677,-0.0888131782929727
GTEX-1212Z-2626-SM-5YY8P.1,MUSCLE,64.5,8.2,761.0,0.0887687817077062,-0.032741120999850805
GTEX-12584-0008-SM-664MB.1,SKIN,44.5,9.6,924.0,0.8803330447473661,0.04290647652281629
GTEX-12584-0011-R6a-SM-5NQ7C.1,BRAIN,44.5,5.7,911.0,-3.081266814955625,0.12607690153963894
GTEX-12584-0126-SM-5EGKQ.1,SKIN,44.5,8.7,926.0,-0.5397573727821922,-0.05100449644703979
GTEX-12584-0526-SM-5FQTS.1,MUSCLE,44.5,8.6,947.0,1.8140954315070636,0.09823749316431367
GTEX-12584-0726-SM-5FQTK.1,SKIN,44.5,7.6,961.0,-1.2192738913872434,-0.12164108102514327
GTEX-12584-0926-SM-5FQTN.1,HEART,44.5,6.2,979.0,-1.4918553103715675,-0.01135659844109677
GTEX-12584-1026-SM-59HK3.1,HEART,44.5,6.3,986.0,0.2568492379740057,0.14330951329162797
GTEX-12696-0008-SM-5TDBX.1,SKIN,64.5,10.0,599.0,1.6420433914782602,0.1963674965564659
GTEX-12696-0126-SM-5EQ4L.1,SKIN,64.5,7.1,485.0,-0.51226626144495,-0.2591813089410851
GTEX-12696-0826-SM-5EGGE.1,LIVER,64.5,7.0,519.0,-0.1337869376419542,0.015852541245170625
GTEX-12696-1126-SM-5FQTI.1,HEART,64.5,8.6,529.0,0.5505977408004259,-0.09846024145518693
GTEX-12696-1226-SM-5FQSM.1,HEART,64.5,7.8,533.0,0.1485791017977352,0.04784609955364588
GTEX-12696-2426-SM-5EQ6H.1,SKIN,64.5,7.1,600.0,-0.768398762008934,-0.08985898956629661
GTEX-12696-2826-SM-5FQTY.1,MUSCLE,64.5,7.7,614.0,-1.242986393206519,0.05962445491500439
GTEX-12696-2926-SM-5FQTG.1,BRAIN,64.5,7.9,750.0,0.2892253666990622,0.06497479257564895
GTEX-12696-3026-SM-5FQTU.1,BRAIN,64.5,6.3,755.0,-1.1907100446526933,-0.008018256639004287
GTEX-1269C-0008-SM-5TDBY.1,SKIN,64.5,10.0,265.0,1.0338341997961047,0.21717047097113848
GTEX-1269C-0011-R4b-SM-5P9ES.1,BRAIN,64.5,5.7,662.0,-3.3695011717745187,0.12931075629896835
GTEX-1269C-0126-SM-5EQ5L.1,SKIN,64.5,7.4,758.0,-0.7545525188992718,-0.01871554216201669
GTEX-1269C-0626-SM-5FQSS.1,LIVER,64.5,6.2,794.0,-0.9368155792970178,-0.08889149472765318
GTEX-1269C-0826-SM-5N9EM.1,HEART,64.5,5.7,798.0,-2.727900335766518,0.05335731382892502
GTEX-1269C-2526-SM-5EGJ3.1,SKIN,64.5,7.5,985.0,0.56623941658759,0.057335383345309146
GTEX-1269C-2626-SM-5EQ5C.1,MUSCLE,64.5,7.9,986.0,0.6559761521413748,-0.035493617706001075
GTEX-1269C-3126-SM-5EGI6.1,BRAIN,64.5,6.1,1041.0,-1.473551929237534,-0.105590628486179
GTEX-12BJ1-0008-SM-5TDBZ.1,SKIN,64.5,10.0,300.0,1.6888104850252037,-0.03900822657330106
GTEX-12BJ1-0226-SM-5LUA2.1,HEART,64.5,6.0,103.0,-0.3086277637133855,-0.11040443513280042
GTEX-12BJ1-0326-SM-5FQUB.1,HEART,64.5,7.6,105.0,-0.9018526161474796,0.07569767765522964
GTEX-12BJ1-0926-SM-5EQ62.1,SKIN,64.5,6.2,120.0,-2.0417402862231007,-0.06503168128251531
GTEX-12BJ1-2526-SM-5FQUE.1,MUSCLE,64.5,7.9,306.0,-0.4538308931411329,0.08549328109120953
GTEX-12C56-0008-SM-5TDC1.1,SKIN,24.5,10.0,246.0,1.5872900108554655,0.1205272589318441
GTEX-12C56-1526-SM-5FQUQ.1,SKIN,24.5,8.0,231.0,-1.388224895405496,-0.10680994115384007
GTEX-12C56-1726-SM-5EQ61.1,SKIN,24.5,6.6,241.0,-1.422139856721314,-0.12433883833086223
GTEX-12C56-1926-SM-5FQUG.1,MUSCLE,24.5,8.1,250.0,-1.4619140272317153,-0.08600873385441266
GTEX-12KS4-0008-SM-664MC.1,SKIN,34.5,9.9,465.0,0.5701455923485295,0.30518725707141153
GTEX-12KS4-0326-SM-5EQ41.1,SKIN,34.5,8.4,464.0,-0.305189628851511,-0.0006497343638522698
GTEX-12KS4-0826-SM-5BC5R.1,MUSCLE,34.5,6.5,491.0,-0.9183098257503786,0.1137600413690516
GTEX-12KS4-1326-SM-5LUB3.1,LIVER,34.5,6.0,500.0,0.77496096615413,0.012169230855980637
GTEX-12KS4-2126-SM-5FQUT.1,SKIN,34.5,7.9,536.0,-0.3128136658594325,-0.16669764657449934
GTEX-12WS9-0008-SM-5TDC2.1,SKIN,54.5,10.0,497.0,1.4183852410243971,0.27984523437789066
GTEX-12WS9-0011-R10a-SM-57WBV.1,BRAIN,54.5,6.1,451.0,0.4610196851311285,0.02999430258970939
GTEX-12WS9-0011-R2a-SM-5CVNE.1,BRAIN,54.5,8.7,451.0,-2.4065829473440283,-0.0240239177815072
GTEX-12WS9-0011-R3a-SM-5CVNF.1,BRAIN,54.5,6.8,451.0,-1.429158683310137,-0.024662057719033247
GTEX-12WS9-0011-R4b-SM-5P9EU.1,BRAIN,54.5,6.1,451.0,-2.96360374683759,-0.044527035382869534
GTEX-12WS9-0011-R5b-SM-5P9EV.1,BRAIN,54.5,7.8,451.0,-0.9481970792412966,0.15341516604706573
GTEX-12WS9-0011-R6a-SM-5P9EW.1,BRAIN,54.5,7.3,451.0,-1.038277396439533,-0.02130887598005467
GTEX-12WS9-0126-SM-5EGL7.1,SKIN,54.5,8.4,496.0,-0.0510509108679889,0.07387133708550282
GTEX-12WS9-0326-SM-59HJV.1,SKIN,54.5,7.0,501.0,0.7645267673915039,-0.02639643554946151
GTEX-12WS9-0626-SM-5FQT2.1,MUSCLE,54.5,8.3,507.0,-0.1795833236008959,0.12401635013878314
GTEX-12WS9-0826-SM-59HJX.1,HEART,54.5,6.5,510.0,1.909955861242848,0.10977499557922883
GTEX-12WS9-2826-SM-5FQU9.1,BRAIN,54.5,6.3,572.0,0.7897919169215484,-0.15577046765171823
GTEX-12WS9-2926-SM-5EGL8.1,BRAIN,54.5,6.1,574.0,-0.0637961450974592,-0.027085647072949838
GTEX-12WSA-0008-SM-5TDC3.1,SKIN,64.5,10.0,936.0,0.9390531103914752,0.30351477259884246
GTEX-12WSA-0011-R10b-SM-5P9ET.1,BRAIN,64.5,7.2,862.0,-0.8253501397792816,0.01139145879189791
GTEX-12WSA-0011-R2a-SM-57WDK.1,BRAIN,64.5,5.8,862.0,-0.6628206249872699,-0.0010998039171586447
GTEX-12WSA-0011-R4a-SM-57WB7.1,BRAIN,64.5,6.5,862.0,-2.2444345927110305,0.0745148571218787
GTEX-12WSA-0011-R5b-SM-5GU5I.1,BRAIN,64.5,7.0,862.0,0.5825029248923322,0.23033768494049736
GTEX-12WSA-0011-R7b-SM-5GU5U.1,BRAIN,64.5,6.0,862.0,-0.5925218533999838,0.10711513800309858
GTEX-12WSA-0011-R8a-SM-5P9EX.1,BRAIN,64.5,6.9,862.0,0.6215486914294028,-0.02690146626292753
GTEX-12WSA-0226-SM-5BC5V.1,SKIN,64.5,6.2,934.0,-0.2437768631423496,-0.22501567804196307
GTEX-12WSA-0426-SM-5EQ5X.1,SKIN,64.5,6.1,940.0,-1.8536074950178243,-0.2752157068701725
GTEX-12WSA-0726-SM-5FQU2.1,MUSCLE,64.5,7.4,955.0,-0.0461950227714664,0.01900286909736048
GTEX-12WSA-1126-SM-5EGKU.1,HEART,64.5,6.2,987.0,-0.6195035198717729,-0.016778778294629204
GTEX-12WSA-2926-SM-5EQ4D.1,BRAIN,64.5,5.8,1036.0,-1.8038599901725016,0.028215800634749297
GTEX-12WSB-0008-SM-5TDC5.1,SKIN,64.5,10.0,1107.0,0.978310249431154,0.24670475327286695
GTEX-12WSB-0011-R11b-SM-57WBJ.1,BRAIN,64.5,6.0,1015.0,-1.4158000451723576,-0.14768112213950316
GTEX-12WSB-0011-R1b-SM-5P9EY.1,BRAIN,64.5,6.1,1015.0,-2.0537483863518133,0.00869905728270468
GTEX-12WSB-0011-R5b-SM-5GU67.1,BRAIN,64.5,7.9,1015.0,-0.094915537141144,0.12430383582656657
GTEX-12WSB-0011-R6b-SM-5GU6J.1,BRAIN,64.5,7.7,1015.0,0.053753323895794,0.05591479034889352
GTEX-12WSB-0011-R7b-SM-5GU6V.1,BRAIN,64.5,7.7,1015.0,0.377168499403721,0.16242933851484032
GTEX-12WSB-0126-SM-59HJN.1,SKIN,64.5,7.8,1106.0,0.7854507976589414,-0.013362352666892235
GTEX-12WSB-0326-SM-5GCP4.1,MUSCLE,64.5,7.6,1113.0,1.0201651465490362,-0.11873293232997711
GTEX-12WSB-2926-SM-59HKL.1,SKIN,64.5,7.3,1173.0,0.5759504002181366,-0.06828376793344437
GTEX-12WSB-3026-SM-59HKM.1,BRAIN,64.5,6.7,1187.0,-0.2296133362220312,-0.1669774807148746
GTEX-12WSC-0008-SM-664MK.1,SKIN,54.5,10.0,788.0,1.2409094426944955,0.25372524909201716
GTEX-12WSC-0011-R10a-SM-5GU57.1,BRAIN,54.5,6.5,680.0,1.067099399225726,-0.07281033236915682
GTEX-12WSC-0011-R11a-SM-5GU5J.1,BRAIN,54.5,8.2,680.0,2.6318580873198507,-0.10054522323290101
GTEX-12WSC-0011-R3a-SM-5P9F1.1,BRAIN,54.5,6.3,680.0,0.4857895411397108,-0.03367815963698538
GTEX-12WSC-0011-R5b-SM-5CVNS.1,BRAIN,54.5,7.4,680.0,0.297265586893073,0.03948366804405818
GTEX-12WSC-0011-R6b-SM-5LU99.1,BRAIN,54.5,6.7,680.0,0.7657572023262408,0.026868008847782145
GTEX-12WSC-0011-R7b-SM-5LU9L.1,BRAIN,54.5,7.6,680.0,0.6274557565893907,0.03143500256695088
GTEX-12WSC-0011-R9a-SM-5GU4U.1,BRAIN,54.5,6.9,680.0,-0.5505979100531146,0.0690249061960389
GTEX-12WSC-0126-SM-5EQ4P.1,SKIN,54.5,8.3,787.0,0.1890588466053858,-0.04250537862991058
GTEX-12WSC-0326-SM-5EQ5E.1,MUSCLE,54.5,8.4,793.0,0.0995171055657922,-0.08065688513380546
GTEX-12WSC-1026-SM-5EQ5Y.1,HEART,54.5,7.4,840.0,1.8290835577131388,-0.046655862897191626
GTEX-12WSC-1126-SM-5EQ4G.1,HEART,54.5,6.4,842.0,1.52838377649188,-0.14719027850307098
GTEX-12WSC-2826-SM-5BC5Y.1,SKIN,54.5,6.8,879.0,-0.1895006267759949,-0.1662821360472893
GTEX-12WSC-2926-SM-5BC5Z.1,BRAIN,54.5,7.0,887.0,1.4781909804501765,-0.14162910691805594
GTEX-12WSC-3026-SM-5GCNF.1,BRAIN,54.5,6.7,889.0,-0.0091532029922485,-0.02908856222679033
GTEX-12WSD-0008-SM-664ME.1,SKIN,64.5,10.0,484.0,1.1872612303475554,0.1855066170945898
GTEX-12WSD-0011-R10b-SM-5GU79.1,BRAIN,64.5,7.5,423.0,0.5327508639392883,0.06387876567697671
GTEX-12WSD-0011-R11a-SM-9OSVC.1,BRAIN,64.5,6.1,423.0,0.6721558021379496,-0.14922984571167097
GTEX-12WSD-0011-R1b-SM-5LZVY.1,BRAIN,64.5,7.2,423.0,-0.6150222959010736,0.004370168454992912
GTEX-12WSD-0011-R2a-SM-5LZWB.1,BRAIN,64.5,5.8,423.0,-2.8726841040404008,-0.013632718891273687
GTEX-12WSD-0011-R3b-SM-5LZWN.1,BRAIN,64.5,6.8,423.0,-1.5848625857950327,0.07088498952942866
GTEX-12WSD-0011-R4b-SM-5LZUA.1,BRAIN,64.5,7.2,423.0,-0.4477831994720651,0.06432441931684342
GTEX-12WSD-0011-R5b-SM-5CVNG.1,BRAIN,64.5,8.4,423.0,-1.425730227307508,0.14963967085936297
GTEX-12WSD-0011-R6b-SM-5P9JU.1,BRAIN,64.5,5.8,423.0,0.1046491627102059,0.07928245573840602
GTEX-12WSD-0011-R7b-SM-5PNWE.1,BRAIN,64.5,7.9,423.0,-1.253801662831731,0.06846282660144722
GTEX-12WSD-0011-R8b-SM-9QEGI.1,BRAIN,64.5,5.6,423.0,-2.065833720419031,0.03788253447524495
GTEX-12WSD-0011-R9a-SM-5GU6W.1,BRAIN,64.5,7.5,423.0,0.4225831269463818,-0.0618447036874733
GTEX-12WSD-0126-SM-59HKN.1,SKIN,64.5,6.2,484.0,-1.4733213749763492,-0.0885933894823023
GTEX-12WSD-0526-SM-5EQ6F.1,MUSCLE,64.5,8.5,496.0,-0.3985721684344973,-0.033168495697491765
GTEX-12WSD-0626-SM-5GCMW.1,SKIN,64.5,7.7,501.0,-0.1592383093819218,-0.1426253296658365
GTEX-12WSD-1126-SM-5EGJD.1,HEART,64.5,7.6,523.0,0.443207780576048,-0.03821189665802122
GTEX-12WSD-1226-SM-5HL9Q.1,HEART,64.5,6.4,524.0,1.507803417301933,0.09144219936373497
GTEX-12WSD-1426-SM-5GCN9.1,LIVER,64.5,6.9,527.0,-0.572026827132142,0.07692966591895599
GTEX-12WSD-3026-SM-5LZU7.1,BRAIN,64.5,7.0,567.0,1.0320890938998823,-0.18277531694466156
GTEX-12WSD-3126-SM-5HL7P.1,BRAIN,64.5,5.8,570.0,-0.8828517869455391,0.008386753987419606
GTEX-12WSE-0008-SM-5YY9P.1,SKIN,24.5,10.0,1378.0,2.077132021306394,0.15958094381403912
GTEX-12WSE-0011-R10b-SM-5P9JV.1,BRAIN,24.5,7.5,1350.0,1.4055815265596956,-0.14439582939685286
GTEX-12WSE-0011-R11b-SM-5P9JW.1,BRAIN,24.5,7.7,1350.0,3.024834857857618,-0.21394994261588351
GTEX-12WSE-0011-R1b-SM-5GU4V.1,BRAIN,24.5,7.7,1350.0,0.3134630512961247,-0.05384100909505515
GTEX-12WSE-0011-R6b-SM-5LZV5.1,BRAIN,24.5,7.9,1350.0,-1.2135355811551771,0.10797664187188095
GTEX-12WSE-0011-R7a-SM-5PNWF.1,BRAIN,24.5,5.9,1350.0,-3.868164919079368,0.013839595561726887
GTEX-12WSE-0526-SM-793B2.1,SKIN,24.5,7.9,1376.0,0.1745063011920389,-0.1518428275822249
GTEX-12WSE-0926-SM-5S2VX.1,HEART,24.5,6.4,1387.0,0.1414892875095039,0.02917289928026704
GTEX-12WSE-2926-SM-5RQJ9.1,BRAIN,24.5,6.6,1442.0,2.3073499547537595,-0.1977050849667852
GTEX-12WSF-0008-SM-5YY8S.1,SKIN,74.5,10.0,825.0,0.6606925199050465,0.3333784028699978
GTEX-12WSF-0011-R10a-SM-5LZVH.1,BRAIN,74.5,8.1,766.0,1.352604550732459,-0.16007151040837025
GTEX-12WSF-0011-R11a-SM-5LZVT.1,BRAIN,74.5,6.9,766.0,1.0387921488589726,-0.2068000523924851
GTEX-12WSF-0011-R1a-SM-5DUVI.1,BRAIN,74.5,8.2,766.0,0.059981610213337,-0.09466156219552715
GTEX-12WSF-0011-R2a-SM-5DUVU.1,BRAIN,74.5,5.9,766.0,-1.242740415374001,-0.07776258898228157
GTEX-12WSF-0011-R3a-SM-5DUW7.1,BRAIN,74.5,6.9,766.0,-0.6080418671381889,-0.10914637462568498
GTEX-12WSF-0011-R4b-SM-5HL88.1,BRAIN,74.5,7.3,766.0,-0.8074565289483588,-0.03986096076212141
GTEX-12WSF-0011-R5a-SM-5HL8K.1,BRAIN,74.5,8.3,766.0,-0.347159158789227,0.012055448315954329
GTEX-12WSF-0011-R6b-SM-5HL8W.1,BRAIN,74.5,5.9,766.0,-0.2045857695780573,-0.03883201732324931
GTEX-12WSF-0011-R7b-SM-5HL99.1,BRAIN,74.5,7.1,766.0,-0.9746453622033344,-0.007776929930304105
GTEX-12WSF-0926-SM-6PALU.1,MUSCLE,74.5,7.7,857.0,0.7586587799772642,0.07951330810922916
GTEX-12WSF-1626-SM-7KUG5.1,SKIN,74.5,6.1,874.0,-0.9570120836916356,-0.140171232382177
GTEX-12WSF-3126-SM-6M478.1,BRAIN,74.5,7.1,952.0,0.1665589450630015,-0.0888581368510119
GTEX-12WSG-0008-SM-5TDC4.1,SKIN,54.5,10.0,426.0,1.2490829855124463,0.3861347055139253
GTEX-12WSG-0526-SM-5FQTH.1,HEART,54.5,7.2,337.0,0.8191576038366777,-0.11406481813060881
GTEX-12WSG-0626-SM-5FQTQ.1,LIVER,54.5,6.6,338.0,1.80301031585133,-0.20626282273346713
GTEX-12WSG-1226-SM-5EQ4C.1,HEART,54.5,7.6,349.0,0.4595452821038278,-0.16672514099723007
GTEX-12WSG-2526-SM-5EQ4O.1,MUSCLE,54.5,8.4,419.0,-1.4105184018788446,-0.05067514429481232
GTEX-12WSG-2826-SM-5FQUS.1,SKIN,54.5,7.7,427.0,-0.4121682960812988,-0.18104565556246527
GTEX-12WSG-2826-SM-E9J4H.1,SKIN,54.5,7.2,427.0,-0.229163410979073,-0.19498960577746755
GTEX-12WSG-5016-SM-7SB84.1,MUSCLE,54.5,6.1,421.0,0.4999579789202524,-0.08929670414833148
GTEX-12WSH-0008-SM-5S2V1.1,SKIN,54.5,9.8,1007.0,0.6044333096300732,0.3031179639297043
GTEX-12WSH-0011-R10a-SM-5LZUS.1,BRAIN,54.5,6.8,795.0,0.8268330026321828,-0.023010735197509544
GTEX-12WSH-0011-R11a-SM-5LZVM.1,BRAIN,54.5,8.1,795.0,1.6948664570018073,-0.15229217435140366
GTEX-12WSH-0011-R1a-SM-5GU5V.1,BRAIN,54.5,6.0,795.0,0.2684698005989737,0.05747297651779787
GTEX-12WSH-0011-R2a-SM-5GU68.1,BRAIN,54.5,6.0,795.0,-0.7593898315031979,0.19598240433587896
GTEX-12WSH-0011-R4a-SM-5GU6K.1,BRAIN,54.5,6.0,795.0,0.3466756230595759,0.16883290316560084
GTEX-12WSH-0011-R5b-SM-5P9F3.1,BRAIN,54.5,6.2,795.0,-1.983462480172759,0.12161014076746508
GTEX-12WSH-0011-R6b-SM-5P9F4.1,BRAIN,54.5,8.4,795.0,0.0111955772534932,0.048546584744616615
GTEX-12WSH-0011-R9b-SM-5LZUG.1,BRAIN,54.5,6.6,795.0,1.2103971139712093,0.3202295848369381
GTEX-12WSH-1526-SM-5BC5W.1,SKIN,54.5,6.4,917.0,-1.0362713957616183,0.0741596876218856
GTEX-12WSH-2526-SM-5CVNH.1,MUSCLE,54.5,7.8,1009.0,0.3203910208285991,0.15656923514686394
GTEX-12WSH-3026-SM-5CVNI.1,BRAIN,54.5,6.4,1079.0,-0.4781926234715283,-0.011980402528848123
GTEX-12WSH-3126-SM-5LZW8.1,BRAIN,54.5,6.7,1081.0,1.478640363598008,-0.18239503685196815
GTEX-12WSI-0008-SM-664MD.1,SKIN,54.5,10.0,924.0,0.92457890613418,0.13902534225205287
GTEX-12WSI-0011-R11b-SM-5P9EZ.1,BRAIN,54.5,8.9,574.0,3.2036770481623043,-0.2808260948895436
GTEX-12WSI-0011-R7b-SM-5GU78.1,BRAIN,54.5,7.1,574.0,0.8208720357755194,-0.05529484970574179
GTEX-12WSI-0226-SM-5GCNA.1,LIVER,54.5,5.8,744.0,-1.314315314156922,-0.08203882363904785
GTEX-12WSI-0426-SM-5EQ5J.1,HEART,54.5,5.8,746.0,-1.842511346824346,0.17883457139309786
GTEX-12WSJ-0008-SM-664ML.1,SKIN,44.5,10.0,208.0,0.9584751528320214,0.11125193713343798
GTEX-12WSJ-1126-SM-5LZVJ.1,SKIN,44.5,6.7,142.0,-2.7818122850582165,0.1005675209246383
GTEX-12WSJ-1726-SM-5LZVV.1,MUSCLE,44.5,8.7,202.0,-0.5593883897895537,0.0005671590280665596
GTEX-12WSJ-1826-SM-5GCNY.1,SKIN,44.5,7.3,208.0,-1.2650536077045165,-0.06603547015036489
GTEX-12WSK-0008-SM-5YY9R.1,SKIN,44.5,10.0,208.0,1.9232927704527103,0.37285038856369707
GTEX-12WSK-0526-SM-5CVNA.1,HEART,44.5,8.0,138.0,-0.4635995435851123,0.07397771252981841
GTEX-12WSK-0626-SM-5LZUJ.1,HEART,44.5,9.0,148.0,0.8182605077639565,-0.2022880977377682
GTEX-12WSK-2126-SM-5CVNC.1,SKIN,44.5,7.0,196.0,-1.7537155637044242,0.16849136263606762
GTEX-12WSK-2326-SM-5GCOH.1,SKIN,44.5,7.7,208.0,-1.592012405961792,-0.16395948779098068
GTEX-12WSL-0008-SM-664MM.1,SKIN,54.5,10.0,353.0,2.3343680707279413,0.17085796714554563
GTEX-12WSL-0226-SM-5CVMJ.1,LIVER,54.5,6.7,209.0,-0.1913149800441176,0.06762812568781057
GTEX-12WSL-2026-SM-5GCML.1,SKIN,54.5,7.3,326.0,-0.1874310041714518,0.029156316773264798
GTEX-12WSL-2526-SM-5GCNJ.1,SKIN,54.5,8.1,353.0,0.8302607877514512,0.04179422544362085
GTEX-12WSL-2726-SM-5CVNL.1,MUSCLE,54.5,8.7,355.0,-0.1295979557374329,-0.04762270394040793
GTEX-12WSM-0008-SM-5S2VD.1,SKIN,64.5,10.0,839.0,0.2671433987631859,0.28602472371129417
GTEX-12WSM-0011-R10a-SM-5DUWV.1,BRAIN,64.5,7.8,694.0,0.6680027181211436,-0.06980249994162495
GTEX-12WSM-0011-R11a-SM-5DUX8.1,BRAIN,64.5,8.5,694.0,2.34158051152741,-0.22745813460341407
GTEX-12WSM-0011-R1a-SM-5LZW6.1,BRAIN,64.5,6.3,694.0,-1.3503391013587245,0.13049705064768102
GTEX-12WSM-0011-R3b-SM-5LZWI.1,BRAIN,64.5,6.3,694.0,0.0136460746234273,-0.03275833685772313
GTEX-12WSM-0011-R5a-SM-5EQ4Y.1,BRAIN,64.5,8.2,694.0,-0.5078071220768947,0.0884959266029244
GTEX-12WSM-0011-R6b-SM-5EQ6N.1,BRAIN,64.5,8.4,694.0,-1.6164690184663144,0.07885617123137507
GTEX-12WSM-0011-R7b-SM-5EGLD.1,BRAIN,64.5,7.7,694.0,-1.8056209443390605,0.12150256892484898
GTEX-12WSM-0011-R8a-SM-5DUWJ.1,BRAIN,64.5,7.6,694.0,-1.0155855484097458,0.1361271591106034
GTEX-12WSM-0326-SM-5LZVI.1,MUSCLE,64.5,8.1,845.0,-0.941950463516386,0.07144981747395328
GTEX-12WSM-0726-SM-5GCOW.1,LIVER,64.5,5.9,971.0,-1.5527204338640312,-0.008756404728538156
GTEX-12WSM-1926-SM-5BC65.1,SKIN,64.5,6.3,1023.0,-0.8278557506332143,-0.09530362866481175
GTEX-12WSM-2126-SM-5GCOC.1,BRAIN,64.5,6.4,1106.0,1.0946359548548013,-0.1523195165758705
GTEX-12WSN-0008-SM-664MI.1,SKIN,44.5,10.0,297.0,1.696139816043365,0.15554375225855624
GTEX-12WSN-0226-SM-5DUXH.1,HEART,44.5,8.5,162.0,0.6219866625172837,0.13870570485707875
GTEX-12WSN-1426-SM-5GCO6.1,SKIN,44.5,8.0,250.0,0.0261004256391961,0.12116629035035432
GTEX-12WSN-2326-SM-5DUVG.1,SKIN,44.5,8.0,290.0,-0.6510606826468426,-0.02946137687248474
GTEX-12WSN-2526-SM-5LZU8.1,MUSCLE,44.5,8.0,299.0,-0.4616575547312718,-0.03711154167268622
GTEX-12WSN-5001-SM-7DHMK.1,HEART,44.5,8.3,176.0,0.575487064633327,-0.005452426164231208
GTEX-12WSN-5019-SM-79OM6.1,SKIN,44.5,7.1,292.0,0.5055101476845065,-0.004106553437765065
GTEX-12WSN-5022-SM-7DHN6.1,MUSCLE,44.5,8.4,297.0,-0.0278049915520819,-0.025280256805252747
GTEX-12ZZW-0008-SM-5YY9L.1,SKIN,54.5,10.0,1091.0,1.6703811059602578,0.29262915037830256
GTEX-12ZZW-0011-R10b-SM-5HL9X.1,BRAIN,54.5,6.2,982.0,-1.0540541261324192,0.0251220268368004
GTEX-12ZZW-0011-R3a-SM-5DUWW.1,BRAIN,54.5,6.4,982.0,-2.7574011243246987,0.020451024296633237
GTEX-12ZZW-0011-R4a-SM-5DUX9.1,BRAIN,54.5,7.0,982.0,-2.05294408605942,0.06606619629565719
GTEX-12ZZW-0011-R5a-SM-5DUVN.1,BRAIN,54.5,8.3,982.0,-1.320572430589762,0.07076126356956193
GTEX-12ZZW-0011-R6a-SM-5DUVZ.1,BRAIN,54.5,6.0,982.0,-1.7283170013419284,0.09778655002065555
GTEX-12ZZW-0011-R7a-SM-5DUWC.1,BRAIN,54.5,7.0,982.0,-1.434418749659966,0.08936170124667324
GTEX-12ZZW-0126-SM-5DUVB.1,SKIN,54.5,6.0,1090.0,0.2712419992819134,-0.1359327022935232
GTEX-12ZZW-1026-SM-5GCMM.1,HEART,54.5,5.9,1169.0,-2.098082837355888,0.10091890680415028
GTEX-12ZZW-2926-SM-5LZUP.1,BRAIN,54.5,6.2,1224.0,-0.4015472576035925,0.018635452567358275
GTEX-12ZZX-0008-SM-5YY9N.1,SKIN,44.5,10.0,586.0,1.9843510950681769,0.20296687229667731
GTEX-12ZZX-0011-R10b-SM-5DUWK.1,BRAIN,44.5,8.7,497.0,1.848323202887021,-0.15852195035501562
GTEX-12ZZX-0011-R11a-SM-5DUVJ.1,BRAIN,44.5,8.8,497.0,2.8063174154756894,-0.21305847701332675
GTEX-12ZZX-0011-R1a-SM-5EQ6B.1,BRAIN,44.5,8.5,497.0,1.038910873723236,0.20650051593763308
GTEX-12ZZX-0011-R2a-SM-5EGLG.1,BRAIN,44.5,7.9,497.0,0.6439883643506988,0.009240230069687235
GTEX-12ZZX-0011-R3b-SM-5EGLH.1,BRAIN,44.5,8.4,497.0,-0.095708758073249,-0.013751848438277849
GTEX-12ZZX-0011-R5a-SM-5HL89.1,BRAIN,44.5,7.4,497.0,-1.526961889226112,0.046965861189502474
GTEX-12ZZX-0011-R6a-SM-5HL8L.1,BRAIN,44.5,8.4,497.0,0.8319870044402042,0.010003798450092112
GTEX-12ZZX-0011-R7b-SM-5DUVV.1,BRAIN,44.5,8.4,497.0,-1.2083004690825283,-0.009696582316413106
GTEX-12ZZX-0011-R8a-SM-5DUW8.1,BRAIN,44.5,8.1,497.0,0.3577599291161254,0.0956862285212094
GTEX-12ZZX-0126-SM-5EGK9.1,SKIN,44.5,7.9,584.0,-0.1045634432143167,-0.17415633048643892
GTEX-12ZZX-0326-SM-5DUVH.1,MUSCLE,44.5,7.7,621.0,0.981206460894526,-0.18470548762172892
GTEX-12ZZX-0726-SM-5EGKA.1,HEART,44.5,7.1,640.0,0.6888397918357236,0.03080788272222031
GTEX-12ZZX-2426-SM-5GCOE.1,SKIN,44.5,8.2,691.0,-0.2423281127558956,-0.20570377088229322
GTEX-12ZZX-2826-SM-5BC6K.1,BRAIN,44.5,7.3,709.0,2.1324943295547896,-0.1576339593538966
GTEX-12ZZX-2926-SM-5GCOQ.1,BRAIN,44.5,6.8,712.0,0.8016025345202311,-0.08575426779212089
GTEX-12ZZY-0008-SM-5YY9Q.1,SKIN,64.5,10.0,511.0,2.342555521869754,0.3060870281821531
GTEX-12ZZY-0011-R10b-SM-5HL7W.1,BRAIN,64.5,6.7,388.0,1.759701260821418,-0.023135931848732385
GTEX-12ZZY-0011-R5a-SM-5EGL9.1,BRAIN,64.5,7.0,388.0,-0.1963439644575768,0.046221199323569793
GTEX-12ZZY-0011-R6b-SM-5EGLA.1,BRAIN,64.5,7.8,388.0,0.0322285346278016,0.025277120157049835
GTEX-12ZZY-0011-R7a-SM-5EGLB.1,BRAIN,64.5,7.8,388.0,-0.2814829073283735,0.0583104560367956
GTEX-12ZZY-0226-SM-5LZVE.1,SKIN,64.5,8.7,510.0,0.4093595486332358,-0.12315667349360242
GTEX-12ZZY-0626-SM-5EQ5T.1,MUSCLE,64.5,8.4,539.0,0.8973804895166329,-0.10442082347164061
GTEX-12ZZY-0726-SM-5EQ66.1,SKIN,64.5,7.9,542.0,-1.0813669533269343,-0.1175737359790382
GTEX-12ZZY-1126-SM-5DUWQ.1,HEART,64.5,6.2,563.0,-2.0127609021845725,0.030070848856056553
GTEX-12ZZY-1226-SM-5GCNK.1,HEART,64.5,6.5,565.0,0.1675639279152393,0.0241318866019688
GTEX-12ZZY-2926-SM-5DUXO.1,BRAIN,64.5,6.5,610.0,2.28859635581513,-0.198640096610918
GTEX-12ZZY-3026-SM-5GCOU.1,BRAIN,64.5,6.7,614.0,0.9127386439656864,-0.024609319013978698
GTEX-12ZZZ-0008-SM-5YY9S.1,SKIN,64.5,10.0,821.0,1.9055153208223712,0.30416566844443493
GTEX-12ZZZ-0011-R10a-SM-5P9HC.1,BRAIN,64.5,6.6,640.0,0.1330647016114862,-0.07709522466772946
GTEX-12ZZZ-0011-R11a-SM-5EGLC.1,BRAIN,64.5,7.6,640.0,2.247177051516541,-0.20464589180320109
GTEX-12ZZZ-0011-R3b-SM-5DUXK.1,BRAIN,64.5,6.5,640.0,-0.631907386041201,-0.014284256092628391
GTEX-12ZZZ-0011-R4b-SM-5DUV7.1,BRAIN,64.5,6.1,640.0,-2.9010987599517044,-0.03876535386719163
GTEX-12ZZZ-0011-R5a-SM-5EQ4M.1,BRAIN,64.5,9.0,640.0,-0.5080976254352798,0.06382801117834835
GTEX-12ZZZ-0011-R6b-SM-5EQ5B.1,BRAIN,64.5,7.7,640.0,-0.8470089809539737,0.052161519175332315
GTEX-12ZZZ-0011-R7b-SM-5EGLE.1,BRAIN,64.5,8.1,640.0,-1.0876300730320052,0.0626623680378662
GTEX-12ZZZ-0226-SM-59HKU.1,MUSCLE,64.5,6.6,814.0,1.2826328854358895,0.05159245430719434
GTEX-12ZZZ-0626-SM-5DUXI.1,SKIN,64.5,7.3,822.0,-0.5287623127574109,-0.14134698557493455
GTEX-12ZZZ-0726-SM-5GCNZ.1,SKIN,64.5,7.5,839.0,-0.649731727556712,-0.017847856871075707
GTEX-12ZZZ-1326-SM-59HKW.1,LIVER,64.5,5.8,857.0,-5.116166771295504,0.05954833793853284
GTEX-12ZZZ-1726-SM-59HK5.1,HEART,64.5,6.4,865.0,-0.4286881352554533,-0.09997796670263005
GTEX-12ZZZ-3026-SM-5BC67.1,BRAIN,64.5,6.2,935.0,0.0101034276411884,-0.07316709324757671
GTEX-12ZZZ-3126-SM-5LZU6.1,BRAIN,64.5,6.7,936.0,1.3883463608292257,-0.17108475481351665
GTEX-13111-0008-SM-5YY8R.1,SKIN,54.5,10.0,324.0,1.7203216372726116,0.2576524244519809
GTEX-13111-1626-SM-5EGJY.1,SKIN,54.5,7.4,321.0,-1.7766909586229325,-0.11341496855411641
GTEX-13111-1826-SM-5GCP1.1,SKIN,54.5,6.6,330.0,-0.481917300825568,-0.1574838135774503
GTEX-13111-2226-SM-5LZUE.1,MUSCLE,54.5,7.9,336.0,-1.695719310110168,-0.04077015615251383
GTEX-13112-0008-SM-5YY9M.1,SKIN,54.5,10.0,1354.0,1.6369290884910823,0.2048327576738914
GTEX-13112-0011-R1b-SM-5HL7K.1,BRAIN,54.5,6.7,1176.0,-1.9015474634379324,0.04784388683895783
GTEX-13112-0011-R3b-SM-5HL9L.1,BRAIN,54.5,6.0,1176.0,-0.6036716886512784,0.013089893344473835
GTEX-13112-0011-R4b-SM-5DUXL.1,BRAIN,54.5,7.1,1176.0,-1.2592329130494615,0.07295283578284312
GTEX-13112-0011-R5b-SM-5DUV8.1,BRAIN,54.5,8.2,1176.0,-2.6743301179662584,0.09575332275615123
GTEX-13112-0011-R6b-SM-5DUVK.1,BRAIN,54.5,8.8,1176.0,-1.1690746379409285,0.019171173487471636
GTEX-13112-0011-R7b-SM-5DUVW.1,BRAIN,54.5,8.7,1176.0,-0.8324672050173594,0.043562989642214826
GTEX-13112-0011-R8b-SM-664OV.1,BRAIN,54.5,6.0,1176.0,-2.568311440512648,0.10222219359281044
GTEX-13112-0126-SM-5P9IU.1,SKIN,54.5,7.1,1194.0,0.3749100537431463,-0.1082209478653551
GTEX-13112-0426-SM-5PNVC.1,HEART,54.5,7.1,1201.0,0.7056277938800639,-0.012590596706574381
GTEX-13112-0526-SM-5EQ4S.1,HEART,54.5,5.9,1204.0,-0.7362261686391145,-0.044901696872011704
GTEX-13112-1426-SM-5EGH8.1,LIVER,54.5,5.7,1234.0,-2.0507058831418745,0.08808430027918628
GTEX-13112-2626-SM-5BC66.1,MUSCLE,54.5,6.7,1351.0,0.0867953849670606,-0.10989177396010094
GTEX-13112-2826-SM-5DUWH.1,SKIN,54.5,8.0,1355.0,-0.3736828484617219,-0.0907465388007507
GTEX-13112-2926-SM-5DUWT.1,BRAIN,54.5,6.9,1383.0,1.71086721382864,-0.1304924703266094
GTEX-13113-0008-SM-5YY9T.1,SKIN,64.5,10.0,295.0,1.6235265007705804,0.3977718864815408
GTEX-13113-1326-SM-5GCOI.1,LIVER,64.5,7.0,254.0,-0.394505962341641,-0.11515660092731088
GTEX-13113-1626-SM-5EQ4I.1,SKIN,64.5,7.8,276.0,-0.2588280872574891,0.11871604400678099
GTEX-13113-1926-SM-5LZWG.1,SKIN,64.5,7.5,296.0,-0.4004501354053337,-0.04797276120900428
GTEX-13113-5016-SM-7EPIP.1,SKIN,64.5,6.8,297.0,1.0754372679364228,-0.09464913863403919
GTEX-13113-5019-SM-7EPH2.1,MUSCLE,64.5,6.9,304.0,0.9180254073363076,0.04849950709543137
GTEX-1313W-0008-SM-5YYAP.1,SKIN,54.5,10.0,620.0,1.7183987436521606,0.26432257975499646
GTEX-1313W-0011-R10b-SM-5DUXA.1,BRAIN,54.5,7.9,434.0,0.925062647238974,-0.13785663795713624
GTEX-1313W-0011-R11a-SM-5DUXN.1,BRAIN,54.5,8.2,434.0,2.6700363365777786,-0.2109228331601922
GTEX-1313W-0011-R1b-SM-5EQ4A.1,BRAIN,54.5,7.2,434.0,0.4605757178177792,-0.02367047666608488
GTEX-1313W-0011-R2a-SM-5EGLF.1,BRAIN,54.5,7.0,434.0,0.8822463243481314,-0.12287520215117131
GTEX-1313W-0011-R3a-SM-5EGLI.1,BRAIN,54.5,7.4,434.0,0.1216505702263585,-0.041164353182190715
GTEX-1313W-0011-R4b-SM-5KLZV.1,BRAIN,54.5,6.9,434.0,-0.2042254138515982,0.034640512870456386
GTEX-1313W-0011-R5b-SM-5L3EP.1,BRAIN,54.5,8.1,434.0,-0.3261894911970564,0.05607796817876183
GTEX-1313W-0011-R6a-SM-5K7XO.1,BRAIN,54.5,8.7,434.0,0.2426959505883593,0.033084805912009546
GTEX-1313W-0011-R7b-SM-5DUWL.1,BRAIN,54.5,8.9,434.0,-0.645294477421994,0.0312978484533671
GTEX-1313W-0011-R8a-SM-5DUVM.1,BRAIN,54.5,6.8,434.0,0.7148457250879995,0.022082701915283186
GTEX-1313W-0126-SM-5LZUN.1,SKIN,54.5,7.2,618.0,-0.7793678464037717,-0.03709038270588939
GTEX-1313W-0526-SM-5P9FZ.1,MUSCLE,54.5,8.6,635.0,2.1171090877816714,-0.07191864527852793
GTEX-1313W-0626-SM-5EQ4H.1,SKIN,54.5,6.5,656.0,-1.6651237080893255,0.13757256124847034
GTEX-1313W-1126-SM-5EQ5U.1,HEART,54.5,7.4,677.0,0.6972895449611543,0.18111046442450288
GTEX-1313W-1426-SM-5KLZU.1,HEART,54.5,6.3,683.0,-0.7162931742380968,-0.005985613592218171
GTEX-1313W-3026-SM-5LZUZ.1,BRAIN,54.5,7.2,738.0,1.9909451802566385,-0.2210528527271078
GTEX-1313W-3126-SM-5LZUI.1,BRAIN,54.5,6.9,740.0,0.3320319256678699,-0.05166461571093207
GTEX-1314G-0008-SM-5YY9K.1,SKIN,34.5,10.0,469.0,2.0656427544994798,0.19209612818049918
GTEX-1314G-0126-SM-5LZUL.1,HEART,34.5,5.8,309.0,-0.5480616264892721,-0.025031093487334753
GTEX-1314G-1326-SM-5BC6E.1,SKIN,34.5,7.3,455.0,0.1093241234438968,-0.1521473637064684
GTEX-1314G-1526-SM-5EGK2.1,SKIN,34.5,8.0,477.0,0.0296337194551106,-0.2105450606900115
GTEX-1314G-1726-SM-5LZUX.1,MUSCLE,34.5,8.2,518.0,-0.3841642404412959,0.01974452671783927
GTEX-131XE-0326-SM-5LZVO.1,LIVER,54.5,6.3,173.0,0.9326895190631412,-0.0013359943794731932
GTEX-131XE-0526-SM-5K7YT.1,HEART,54.5,7.4,176.0,2.1885765786496454,-0.03618537582590905
GTEX-131XE-0626-SM-5HL98.1,HEART,54.5,6.7,179.0,0.6827130549386302,-0.08423813110195667
GTEX-131XE-1626-SM-5K7VO.1,SKIN,54.5,6.4,217.0,-0.727053281483563,-0.01846498171858967
GTEX-131XE-2326-SM-5PNZ2.1,SKIN,54.5,7.1,240.0,2.038077473925154,-0.037575044178254115
GTEX-131XE-2726-SM-5P9G7.1,MUSCLE,54.5,8.2,248.0,0.0616697536928123,0.09477124942484597
GTEX-131XF-0008-SM-664MH.1,SKIN,64.5,10.0,408.0,1.485517392540878,0.10181647413076657
GTEX-131XF-0326-SM-5DUVR.1,HEART,64.5,7.9,157.0,0.2897470200995333,-0.1283277405375624
GTEX-131XF-0426-SM-5HL7U.1,HEART,64.5,7.7,180.0,0.4009197773638396,-0.19354724929334896
GTEX-131XF-2126-SM-5DUWS.1,SKIN,64.5,6.8,380.0,-0.5573305684874909,-0.01781184613739393
GTEX-131XF-2326-SM-5BC6B.1,MUSCLE,64.5,7.9,400.0,-0.2589525965289478,-0.07734421504266537
GTEX-131XF-2626-SM-5EQ6K.1,SKIN,64.5,7.3,410.0,-1.4495294679620043,0.009482287071211848
GTEX-131XF-5001-SM-7DHLY.1,HEART,64.5,8.0,157.0,0.7976438052930467,-0.20195461346460428
GTEX-131XF-5016-SM-7MGWE.1,SKIN,64.5,5.7,383.0,1.8835398873530744,-0.16829769206019202
GTEX-131XG-0008-SM-5YY9O.1,SKIN,54.5,10.0,256.0,1.4307176149360092,0.2046326188525276
GTEX-131XG-0326-SM-5L3DX.1,SKIN,54.5,7.3,101.0,-1.7172104875733971,-0.11521647744763962
GTEX-131XG-0526-SM-5DUWF.1,HEART,54.5,8.5,92.0,0.4450399687544699,0.06441814353977277
GTEX-131XG-0626-SM-5GCMP.1,HEART,54.5,8.7,96.0,1.0677835406807583,-0.2858980111249832
GTEX-131XG-2326-SM-5HL8F.1,MUSCLE,54.5,8.0,257.0,-0.375272647875787,-0.05423838461299749
GTEX-131XG-2626-SM-5KM17.1,SKIN,54.5,6.1,258.0,-1.8515051715575508,-0.023659025903696198
GTEX-131XH-0008-SM-5YYAC.1,SKIN,54.5,10.0,1218.0,1.88144438311058,0.20798224857505232
GTEX-131XH-0011-R10a-SM-5EGLJ.1,BRAIN,54.5,7.7,948.0,2.127318192180801,-0.033265115149240514
GTEX-131XH-0011-R11a-SM-5EGLN.1,BRAIN,54.5,8.8,948.0,3.945942243918236,-0.18431650662131968
GTEX-131XH-0011-R1a-SM-5DUWA.1,BRAIN,54.5,9.2,948.0,1.7489772380717865,-0.032409896065340574
GTEX-131XH-0011-R2b-SM-5DUVY.1,BRAIN,54.5,7.1,948.0,0.78130009774828,-0.0003279559654474063
GTEX-131XH-0011-R3b-SM-5DUWM.1,BRAIN,54.5,8.3,948.0,1.511928870321377,-0.11838985256610146
GTEX-131XH-0011-R4b-SM-5DUWB.1,BRAIN,54.5,7.7,948.0,1.262541798699711,0.02020324544742762
GTEX-131XH-0011-R6a-SM-5KM2G.1,BRAIN,54.5,6.7,948.0,1.27718862637421,0.05159881809159285
GTEX-131XH-0011-R8a-SM-5EGLL.1,BRAIN,54.5,6.9,948.0,1.4386221796035843,0.12449919649485632
GTEX-131XH-0126-SM-5LZUY.1,SKIN,54.5,6.5,1042.0,-0.7148096282550463,-0.06786000359330278
GTEX-131XH-0226-SM-5LZVB.1,HEART,54.5,6.3,1088.0,-1.3751539251208258,0.09582594736283492
GTEX-131XH-0626-SM-5LZWH.1,LIVER,54.5,6.5,1109.0,-1.826787615861236,0.03699082425193523
GTEX-131XH-2226-SM-5DUXJ.1,SKIN,54.5,7.7,1217.0,0.5929948635949766,-0.14716819537678774
GTEX-131XH-2726-SM-5GCO2.1,MUSCLE,54.5,7.9,1262.0,1.1305232698630756,0.20026340675917903
GTEX-131XH-2926-SM-5LZU4.1,BRAIN,54.5,7.6,1325.0,2.6832403844951664,-0.17935869343790392
GTEX-131XW-0008-SM-664MJ.1,SKIN,54.5,10.0,657.0,1.5531751903849895,0.2142743852400631
GTEX-131XW-0011-R10a-SM-5DUVA.1,BRAIN,54.5,6.1,530.0,-2.1228879305532566,0.02738018345981903
GTEX-131XW-0011-R11a-SM-5DUV9.1,BRAIN,54.5,6.8,530.0,-2.557617370118768,-0.0536665979689604
GTEX-131XW-0011-R6b-SM-5K7XY.1,BRAIN,54.5,5.8,530.0,-3.288795933489534,0.15765352223764156
GTEX-131XW-0011-R8a-SM-5DUWY.1,BRAIN,54.5,7.1,530.0,-2.95254688077542,0.0844914248030571
GTEX-131XW-0011-R9a-SM-5N9EO.1,BRAIN,54.5,6.7,530.0,1.2354385992488148,-0.00019621200711793463
GTEX-131XW-0326-SM-5KM1J.1,MUSCLE,54.5,8.6,650.0,-0.4433319492168504,0.04085475356256413
GTEX-131XW-0426-SM-5LZWP.1,SKIN,54.5,7.1,655.0,-0.7744965678605854,-0.07546485225488393
GTEX-131XW-0626-SM-5PNVD.1,SKIN,54.5,7.5,676.0,-0.5970097895358036,-0.05527740516957758
GTEX-131XW-3126-SM-5LZUC.1,BRAIN,54.5,6.2,775.0,-1.0285365281755248,-0.02500598584168741
GTEX-131YS-0008-SM-5YY9Z.1,SKIN,64.5,10.0,943.0,1.6791006443282477,0.25993129065477993
GTEX-131YS-0011-R10b-SM-5EQ5N.1,BRAIN,64.5,8.5,890.0,0.7279475257522294,-0.07680748550545549
GTEX-131YS-0011-R11b-SM-5EGLM.1,BRAIN,64.5,8.9,890.0,2.9176143628580595,-0.1912992354813889
GTEX-131YS-0011-R1a-SM-5DUXC.1,BRAIN,64.5,6.3,890.0,-1.0803655149844722,0.054482019007190255
GTEX-131YS-0011-R3b-SM-5DUXB.1,BRAIN,64.5,7.1,890.0,1.4073315181324362,0.004406463810319092
GTEX-131YS-0011-R4a-SM-5DUVL.1,BRAIN,64.5,7.1,890.0,0.4818615867268913,0.05272331254609008
GTEX-131YS-0011-R5b-SM-5K7YB.1,BRAIN,64.5,8.8,890.0,0.6525655988937287,0.004709686704823989
GTEX-131YS-0011-R7a-SM-5IJDA.1,BRAIN,64.5,7.8,890.0,1.51467870622953,-0.005559937369642261
GTEX-131YS-0011-R9b-SM-5EQLY.1,BRAIN,64.5,7.8,890.0,1.9357131600855209,0.23412202310343744
GTEX-131YS-0126-SM-5KM1M.1,SKIN,64.5,7.2,942.0,-0.8516114523018037,-0.17431897415319256
GTEX-131YS-0526-SM-5EGKJ.1,MUSCLE,64.5,8.4,953.0,1.2404119616269935,-0.0581585856724019
GTEX-131YS-0826-SM-5PNYV.1,HEART,64.5,8.0,982.0,0.810807199723917,0.12284453342198373
GTEX-131YS-1626-SM-5HL6C.1,LIVER,64.5,6.0,997.0,-1.2633806727106236,0.11191385294344022
GTEX-131YS-2826-SM-5EQ47.1,SKIN,64.5,7.9,1021.0,0.5853040740088902,-0.08310886451408345
GTEX-131YS-3026-SM-5EGHY.1,BRAIN,64.5,6.9,1026.0,1.4333915424754091,-0.16083600234946094
GTEX-131YS-3126-SM-5KLYT.1,BRAIN,64.5,6.6,1029.0,0.0783227572948381,-0.09221935947558796
GTEX-132AR-0008-SM-62LDH.1,SKIN,54.5,10.0,80.0,1.6042946954648116,0.18267300202346526
GTEX-132AR-0326-SM-5KM2C.1,SKIN,54.5,6.3,85.0,-1.9302972781483647,-0.21303072066281586
GTEX-132AR-0426-SM-5IFH8.1,LIVER,54.5,6.8,86.0,2.567951246428525,-0.07192113249658369
GTEX-132AR-1026-SM-5PNVL.1,MUSCLE,54.5,8.7,97.0,0.4051811020938103,-0.14691114617919848
GTEX-132AR-1926-SM-5EGK5.1,HEART,54.5,8.2,116.0,1.466021736313985,-0.02999991726429036
GTEX-132AR-2026-SM-5IJG4.1,HEART,54.5,7.3,118.0,0.3743812438621571,0.010809361265522241
GTEX-132NY-0008-SM-62LFX.1,SKIN,64.5,10.0,493.0,1.4078343514845306,0.3556596537411783
GTEX-132NY-0326-SM-5IJBL.1,SKIN,64.5,6.7,492.0,-1.442096879351571,-0.051995905192353205
GTEX-132NY-0726-SM-5KLZM.1,MUSCLE,64.5,7.0,500.0,0.3202137525797353,0.06732413511813198
GTEX-132NY-0926-SM-5P9G3.1,LIVER,64.5,7.4,576.0,1.0936919183030946,0.031209732362418297
GTEX-132NY-1426-SM-5J1MJ.1,HEART,64.5,6.8,585.0,3.115526015877915,-0.02722801585922518
GTEX-132NY-1726-SM-5EGKK.1,HEART,64.5,7.6,592.0,1.7663837957060946,0.004307101542565826
GTEX-132Q8-0008-SM-5ZZUC.1,SKIN,64.5,10.0,780.0,1.504268018499623,0.2640342399697105
GTEX-132Q8-0011-R10b-SM-5DUWZ.1,BRAIN,64.5,9.1,725.0,1.394884020675208,0.007398035564225375
GTEX-132Q8-0011-R11b-SM-5DUW9.1,BRAIN,64.5,7.7,725.0,1.091676704191099,-0.14593130095768672
GTEX-132Q8-0011-R1a-SM-5EGLK.1,BRAIN,64.5,6.9,725.0,-1.5738950636447335,-0.04656512079186855
GTEX-132Q8-0011-R2b-SM-5EQ5Z.1,BRAIN,64.5,7.9,725.0,0.4978755555844,0.026584642907325717
GTEX-132Q8-0011-R5a-SM-5IJDM.1,BRAIN,64.5,7.7,725.0,0.8867981898516271,0.05310767619217788
GTEX-132Q8-0011-R6a-SM-5K7YN.1,BRAIN,64.5,6.4,725.0,0.7675864051578931,0.020053865528682453
GTEX-132Q8-0011-R7b-SM-5N9F1.1,BRAIN,64.5,5.7,725.0,0.1480586787612388,0.09380962366067716
GTEX-132Q8-0011-R8b-SM-5DUWX.1,BRAIN,64.5,6.0,725.0,-1.3273005746249824,0.08760446115620976
GTEX-132Q8-0626-SM-5L3F3.1,MUSCLE,64.5,6.8,795.0,-0.3625733493405459,-0.03264259172887131
GTEX-132Q8-1126-SM-5K7XS.1,HEART,64.5,7.3,807.0,0.4410678544680352,-0.008996850683493172
GTEX-132Q8-2926-SM-5IFFP.1,BRAIN,64.5,6.6,841.0,0.7382070036453825,-0.1483476358372294
GTEX-132Q8-3026-SM-5PNVG.1,BRAIN,64.5,6.9,844.0,0.2178480020938032,-0.027813482951232354
GTEX-132QS-0008-SM-5ZZUB.1,SKIN,64.5,10.0,1678.0,1.3946983243217264,0.2630140092132067
GTEX-132QS-0426-SM-5KLZ6.1,HEART,64.5,8.2,1543.0,0.2931762662128863,-0.14965290254153124
GTEX-132QS-0526-SM-5IJC7.1,HEART,64.5,7.2,1544.0,-0.0306742363011932,-0.006482131859713951
GTEX-1339X-0008-SM-5ZZUL.1,SKIN,44.5,10.0,197.0,2.0175537912221038,0.4110367827315624
GTEX-1339X-0326-SM-5K7Z8.1,HEART,44.5,6.5,101.0,-0.5444247369341098,-0.05000372417944953
GTEX-1339X-0426-SM-5KLZY.1,HEART,44.5,6.7,104.0,-0.2062836473161656,-0.22361346519912295
GTEX-1339X-2426-SM-5KLYU.1,MUSCLE,44.5,8.1,199.0,-1.9042130890047824,-0.044473354395513774
GTEX-133LE-0008-SM-62LDD.1,SKIN,24.5,10.0,302.0,1.5598807172319824,0.3319817554641344
GTEX-133LE-1826-SM-5J1MV.1,SKIN,24.5,6.7,301.0,-0.0907238158365668,-0.06470713062810675
GTEX-133LE-2026-SM-5K7WM.1,MUSCLE,24.5,8.4,308.0,-0.2738546939737238,-0.011279623291998213
GTEX-133LE-2326-SM-5K7W3.1,SKIN,24.5,6.4,318.0,-0.3022879820503157,-0.04240999672257182
GTEX-1399Q-0008-SM-62LDE.1,SKIN,44.5,10.0,495.0,1.4127315669076492,0.058079235944706716
GTEX-1399Q-2326-SM-5KM2X.1,SKIN,44.5,5.9,547.0,0.802602487376434,-0.13222750055886012
GTEX-1399Q-2426-SM-5J2MO.1,MUSCLE,44.5,6.6,549.0,-0.310481554542883,-0.24115401327081218
GTEX-1399R-0008-SM-5ZZUF.1,SKIN,34.5,10.0,334.0,1.9374924963962872,0.132063385050452
GTEX-1399R-1226-SM-5P9GF.1,LIVER,34.5,8.6,122.0,0.830654092521498,-0.060210533936946656
GTEX-1399R-1326-SM-5PNYS.1,SKIN,34.5,5.7,128.0,-2.033315726992341,0.10167240265204505
GTEX-1399R-1726-SM-5K7YJ.1,HEART,34.5,6.2,139.0,-0.6096004516776519,-0.048366158824971375
GTEX-1399R-1926-SM-5K7X8.1,HEART,34.5,8.4,149.0,-0.506009267505021,-0.06055190378268835
GTEX-1399R-2526-SM-5IFG2.1,MUSCLE,34.5,7.9,329.0,0.0822059985419471,-0.1413490085565649
GTEX-1399R-2726-SM-5IJBA.1,SKIN,34.5,7.6,334.0,-1.6831352117785507,-0.13818900854345226
GTEX-1399S-0008-SM-62LDF.1,SKIN,34.5,10.0,158.0,1.576432860763021,0.3834531702100135
GTEX-1399S-0126-SM-5IJCF.1,SKIN,34.5,5.8,60.0,-3.0533692507910217,-0.033808317948186506
GTEX-1399S-0826-SM-5KM23.1,HEART,34.5,6.2,80.0,0.5224215118993514,-0.024810657683755493
GTEX-1399S-1026-SM-5KLZ9.1,HEART,34.5,8.4,89.0,-0.2043882908399976,-0.003681050988002354
GTEX-1399S-2726-SM-5KM22.1,MUSCLE,34.5,7.2,155.0,0.2697229678880544,-0.01886609265145552
GTEX-1399T-0008-SM-62LDB.1,SKIN,64.5,10.0,947.0,1.876710193487522,0.05146487436340245
GTEX-1399T-0011-R11a-SM-5J2O1.1,BRAIN,64.5,7.9,745.0,2.394583803034404,-0.2413976013367228
GTEX-1399T-0011-R1b-SM-5DUWN.1,BRAIN,64.5,7.8,745.0,-0.6043476125772627,-0.06128350289715602
GTEX-1399T-0011-R2b-SM-5DUXM.1,BRAIN,64.5,7.4,745.0,0.2780166585566728,-0.10708462862360354
GTEX-1399T-0011-R4b-SM-5DUVX.1,BRAIN,64.5,7.4,745.0,-1.4073224441525176,-0.038613262253816054
GTEX-1399T-0011-R5b-SM-5IJDK.1,BRAIN,64.5,8.6,745.0,0.3331049486412731,0.08265729131998324
GTEX-1399T-0011-R6b-SM-5K7YL.1,BRAIN,64.5,7.1,745.0,-0.2390357400659239,0.06848071428012625
GTEX-1399T-0011-R8b-SM-5IJD8.1,BRAIN,64.5,6.8,745.0,0.377818471123741,0.1308562808419559
GTEX-1399T-0426-SM-5PNVJ.1,HEART,64.5,5.7,756.0,-4.275671554231385,0.07157526961342066
GTEX-1399T-0726-SM-5J1MH.1,HEART,64.5,6.3,768.0,1.627069116174911,-0.023206309772249478
GTEX-1399T-0826-SM-5IFES.1,LIVER,64.5,6.2,771.0,0.3075542769254267,0.005639396038657326
GTEX-1399T-2426-SM-5L3FJ.1,MUSCLE,64.5,6.1,938.0,0.4124831648638676,0.01087777659724202
GTEX-1399T-2826-SM-5KLYZ.1,SKIN,64.5,7.5,947.0,-0.3395576887488073,-0.19915183142604084
GTEX-1399T-3026-SM-5KLZC.1,BRAIN,64.5,6.7,1014.0,-0.1720607806020664,-0.044978120499693505
GTEX-1399T-3126-SM-5IJFS.1,BRAIN,64.5,6.3,1012.0,0.6652352408883153,-0.17630778839959155
GTEX-1399U-0008-SM-5S2VE.1,SKIN,54.5,9.9,362.0,1.9311462784717288,0.17653251891558155
GTEX-1399U-0526-SM-5K7YM.1,HEART,54.5,8.0,162.0,-0.2096607023021378,-0.06613364108435142
GTEX-1399U-0726-SM-5KM1D.1,HEART,54.5,8.2,169.0,-0.2624403047575627,0.05244381263541454
GTEX-1399U-1126-SM-5L3DB.1,SKIN,54.5,6.8,198.0,-1.83495623213504,0.03925278601002561
GTEX-1399U-2326-SM-5K7WY.1,SKIN,54.5,5.8,362.0,-2.4984885396937377,-0.00660246443923135
GTEX-1399U-2526-SM-5L3DL.1,MUSCLE,54.5,7.5,365.0,-2.329900894480472,0.03600695259666818
GTEX-139D8-0008-SM-5ZZUH.1,SKIN,34.5,10.0,418.0,2.022886160285601,0.06214080015511647
GTEX-139D8-0226-SM-5KLZO.1,SKIN,34.5,7.5,417.0,-0.6739783577928146,-0.1808810254153429
GTEX-139D8-0726-SM-5P9GJ.1,MUSCLE,34.5,8.0,427.0,1.847366788215861,-0.15026248794504524
GTEX-139D8-1126-SM-5LU8W.1,SKIN,34.5,6.9,436.0,-0.5347023036462166,-0.10325579000810689
GTEX-139T4-0008-SM-5S2WF.1,SKIN,54.5,9.9,1355.0,1.4674664463028226,0.15874838715507955
GTEX-139T4-0011-R9b-SM-5HL6S.1,BRAIN,54.5,7.6,1330.0,0.1147170743442194,0.0842928514450198
GTEX-139T4-0226-SM-5HL5S.1,SKIN,54.5,6.4,1352.0,-0.3273573397027779,-0.16646732300760334
GTEX-139T4-0326-SM-5K7XN.1,MUSCLE,54.5,6.8,1355.0,0.0306923945005059,0.027146669539355232
GTEX-139T6-2026-SM-5IFFL.1,MUSCLE,54.5,8.5,334.0,-1.3175579602899357,0.019353099787235335
GTEX-139T8-0008-SM-5ZZUD.1,SKIN,64.5,10.0,565.0,1.3124748205766277,0.3037350561575075
GTEX-139T8-0011-R1a-SM-5HL75.1,BRAIN,64.5,6.6,487.0,-2.9806381313360752,0.09107741653715794
GTEX-139T8-0011-R3b-SM-5HL4R.1,BRAIN,64.5,6.3,487.0,-1.4105229341958951,0.009747976401750366
GTEX-139T8-0011-R4a-SM-5HL54.1,BRAIN,64.5,6.3,487.0,-1.2867152443470595,0.09530865161520961
GTEX-139T8-0011-R5b-SM-5J1MO.1,BRAIN,64.5,6.0,487.0,-1.7342405505981775,0.1589054254077662
GTEX-139T8-0126-SM-5K7XZ.1,SKIN,64.5,7.2,574.0,-1.0804614983477556,-0.26737964161949596
GTEX-139T8-0526-SM-5KLZL.1,MUSCLE,64.5,8.2,600.0,0.6368878936481971,-0.23892477729505446
GTEX-139T8-0626-SM-5KLZX.1,SKIN,64.5,7.7,627.0,-0.1718811045814374,-0.2076049998337792
GTEX-139T8-1026-SM-5J2MC.1,BRAIN,64.5,6.1,671.0,-0.669396972591766,0.036377576306980006
GTEX-139TS-0008-SM-62LDG.1,SKIN,64.5,10.0,1303.0,1.4643343415111554,0.2759227750561203
GTEX-139TS-0011-R10a-SM-5K7TU.1,BRAIN,64.5,6.4,1064.0,-0.4501786636859994,-0.006313004976231454
GTEX-139TS-0011-R2b-SM-5J1MX.1,BRAIN,64.5,6.3,1064.0,-0.9823743475594016,0.0010587704919963973
GTEX-139TS-0011-R5b-SM-5J2MZ.1,BRAIN,64.5,6.1,1064.0,-2.028823589594976,0.14795512664298477
GTEX-139TS-0011-R6a-SM-5J2OB.1,BRAIN,64.5,6.4,1064.0,-2.956196969368883,0.10815523467540804
GTEX-139TS-0011-R7a-SM-5K7X7.1,BRAIN,64.5,6.0,1064.0,-3.716906583102073,0.16832874211862572
GTEX-139TS-0011-R8a-SM-5J1NP.1,BRAIN,64.5,5.9,1064.0,-1.4554942538553497,0.11358559897406861
GTEX-139TS-1426-SM-5IFJD.1,LIVER,64.5,6.2,1181.0,0.8393740380155716,-0.002612281430246288
GTEX-139TS-2126-SM-5K7XC.1,SKIN,64.5,7.0,1199.0,-0.9339317440892424,-0.20244277504836686
GTEX-139TS-2626-SM-5J1MT.1,MUSCLE,64.5,8.0,1298.0,0.8484853538773967,-0.0434050238897413
GTEX-139TS-2826-SM-5J1OO.1,SKIN,64.5,7.3,1302.0,0.1241874551483826,-0.019920104300143956
GTEX-139TS-3126-SM-5LZWX.1,BRAIN,64.5,6.6,1344.0,0.2342985621172168,-0.1500342714166633
GTEX-139TT-0011-R11b-SM-5LZV1.1,BRAIN,64.5,6.0,1145.0,2.9544884954529853,-0.2003308874612582
GTEX-139TT-0011-R1a-SM-5LZVD.1,BRAIN,64.5,6.9,1145.0,-0.1681163779419114,0.008893977032025798
GTEX-139TT-0011-R3b-SM-5K7VL.1,BRAIN,64.5,6.6,1145.0,0.8838598270745248,0.04860059897126831
GTEX-139TT-0011-R5b-SM-5K7W8.1,BRAIN,64.5,6.6,1145.0,0.7518410214756897,0.054873046199715385
GTEX-139TT-0011-R6b-SM-5J2ON.1,BRAIN,64.5,6.4,1145.0,0.0404553492720347,0.04783822496379269
GTEX-139TT-0011-R7b-SM-5J2MN.1,BRAIN,64.5,7.1,1145.0,0.2061102657809461,0.006206199659323392
GTEX-139TT-0126-SM-5K7Y5.1,SKIN,64.5,8.0,1165.0,-0.2843055254632735,-0.08939670927416088
GTEX-139TT-0426-SM-5IJFA.1,MUSCLE,64.5,8.2,1182.0,0.0691249432376305,0.10283822231549898
GTEX-139TT-2126-SM-5LZWC.1,SKIN,64.5,6.9,1241.0,0.7543542255196635,-0.2320074688746513
GTEX-139TT-2626-SM-5LZUB.1,BRAIN,64.5,7.1,1283.0,2.031187789101115,-0.059419863691149544
GTEX-139TU-0008-SM-5ZZUK.1,SKIN,64.5,10.0,529.0,1.8245210886187075,0.2781755285242251
GTEX-139TU-0011-R5b-SM-5L3E1.1,BRAIN,64.5,6.4,385.0,-3.1085826171402315,0.2525832312976443
GTEX-139TU-0126-SM-5K7WH.1,SKIN,64.5,7.7,527.0,0.9582360642941236,-0.1386544992328539
GTEX-139TU-0526-SM-5J2M8.1,MUSCLE,64.5,7.1,535.0,0.6865809355531267,-0.003943544859386638
GTEX-139TU-0726-SM-5L3EK.1,SKIN,64.5,6.4,564.0,-1.1352251680457437,-0.17844186859599803
GTEX-139TU-0826-SM-5IJFG.1,LIVER,64.5,6.2,568.0,-0.2806436545993308,-0.095722053011799
GTEX-139TU-1926-SM-5J2OC.1,HEART,64.5,7.2,602.0,3.583212791710854,0.12430772138435353
GTEX-139UC-0008-SM-5ZZUG.1,SKIN,64.5,10.0,878.0,1.7271226121758456,0.37461474918334914
GTEX-139UC-0011-R11a-SM-5KM3J.1,BRAIN,64.5,7.9,627.0,1.9184583535163695,-0.10357669619742038
GTEX-139UC-0011-R3b-SM-5K7VZ.1,BRAIN,64.5,7.5,627.0,0.8783581445103872,0.048799063017610604
GTEX-139UC-0011-R4a-SM-5K7XM.1,BRAIN,64.5,6.8,627.0,-1.7773074892733622,-0.06701263433688932
GTEX-139UC-0011-R5b-SM-5K7VY.1,BRAIN,64.5,8.4,627.0,0.3324540221849077,0.1394250067831973
GTEX-139UC-0011-R6b-SM-5K7Z1.1,BRAIN,64.5,7.7,627.0,-0.3645648785448298,0.02299388103693172
GTEX-139UC-0011-R7a-SM-5IJCV.1,BRAIN,64.5,6.1,627.0,0.1585165730197341,0.020098959920148984
GTEX-139UC-0011-R8b-SM-5IJCL.1,BRAIN,64.5,6.3,627.0,-1.3165592585575756,0.07664881262425992
GTEX-139UC-0011-R9a-SM-5K7W7.1,BRAIN,64.5,7.8,627.0,2.3926425897636205,0.18986253093287203
GTEX-139UC-0426-SM-5K7UR.1,HEART,64.5,6.4,697.0,-2.315226914558472,-0.11369165244367961
GTEX-139UC-1426-SM-5IJGH.1,LIVER,64.5,6.4,724.0,-0.6761413037327143,0.08540434689337492
GTEX-139UC-2926-SM-5J1N6.1,MUSCLE,64.5,7.5,882.0,0.3476343396442164,-0.011536932653035608
GTEX-139UC-3126-SM-5J1OY.1,BRAIN,64.5,6.2,912.0,-0.4223899451762795,-0.08300637217268578
GTEX-139UC-3226-SM-5N9EZ.1,BRAIN,64.5,5.7,914.0,1.25207838925033,-0.26937531328705816
GTEX-139UW-0011-R11a-SM-5IJGN.1,BRAIN,64.5,5.8,575.0,-2.578623789938139,-0.07634290270361445
GTEX-139UW-0011-R9b-SM-5LZYT.1,BRAIN,64.5,7.0,575.0,3.472845256579447,0.04267016234613605
GTEX-139UW-0326-SM-5J1ML.1,SKIN,64.5,7.6,606.0,0.2741015952993473,0.05447403993738556
GTEX-139UW-2626-SM-5K7W1.1,MUSCLE,64.5,7.0,840.0,2.343062657230379,0.13172945483520623
GTEX-139UW-2826-SM-5L3E7.1,SKIN,64.5,7.7,845.0,0.2980699375316998,-0.0885098412295011
GTEX-139YR-0008-SM-5ZZUM.1,SKIN,54.5,10.0,325.0,1.0504967664035296,0.2897866028907149
GTEX-139YR-0226-SM-5IFEM.1,LIVER,54.5,5.9,162.0,1.24355287837246,0.0025023023043960826
GTEX-139YR-0526-SM-5L3DG.1,HEART,54.5,7.8,167.0,-0.3187429531953583,-0.06076162439071865
GTEX-139YR-0826-SM-5LZXY.1,HEART,54.5,7.0,173.0,-0.2116994119131725,-0.022265006209113626
GTEX-139YR-1026-SM-5LZYN.1,SKIN,54.5,7.7,183.0,-1.8384078804362156,-0.08734098851673099
GTEX-139YR-2526-SM-5IJC6.1,MUSCLE,54.5,7.8,320.0,-1.1135355156364986,-0.039037408208793596
GTEX-13CF2-0008-SM-62LDC.1,SKIN,64.5,10.0,1424.0,1.4363520088057942,0.21456277000074384
GTEX-13CF2-0011-R11b-SM-5LZXO.1,BRAIN,64.5,8.0,1327.0,1.513239367148941,-0.22243970688615625
GTEX-13CF2-0011-R1a-SM-5LZY1.1,BRAIN,64.5,6.5,1327.0,-3.259404676452708,0.029140855396533626
GTEX-13CF2-0011-R2a-SM-5L3DC.1,BRAIN,64.5,6.1,1327.0,-1.9794623697825924,0.06882623746109978
GTEX-13CF2-0011-R3b-SM-5LZZ6.1,BRAIN,64.5,6.5,1327.0,-0.9985887003457596,-0.06257548151408439
GTEX-13CF2-0011-R5a-SM-5LZWS.1,BRAIN,64.5,6.8,1327.0,-3.028408055924244,0.09851237625382636
GTEX-13CF2-0011-R7b-SM-5K7UV.1,BRAIN,64.5,7.0,1327.0,-0.8331210212193718,0.2059138997425944
GTEX-13CF2-0011-R8b-SM-5IJCX.1,BRAIN,64.5,8.2,1327.0,-0.4897534566613936,0.09423620901153006
GTEX-13CF2-0226-SM-5L3DV.1,HEART,64.5,6.4,1350.0,2.7706505270899147,-0.03691014432368393
GTEX-13CF2-0426-SM-5KM1H.1,HEART,64.5,5.9,1353.0,-1.9032515469436733,-0.037005090526340864
GTEX-13CF2-2526-SM-5LZYX.1,SKIN,64.5,7.3,1427.0,-1.1399019134985888,-0.03284270805227116
GTEX-13CF2-2726-SM-5LZWW.1,MUSCLE,64.5,7.6,1428.0,-0.4665620453328438,-0.11930962495727229
GTEX-13CF2-3026-SM-5IFFX.1,BRAIN,64.5,5.8,1477.0,0.7377360151802692,-0.15441614940863913
GTEX-13CF3-0726-SM-5J2MY.1,HEART,64.5,7.6,142.0,0.5294003590985942,-0.1419708185468705
GTEX-13CF3-0826-SM-5LZYZ.1,HEART,64.5,8.0,147.0,1.407872649419914,0.22991233874958916
GTEX-13CF3-1826-SM-5J1NK.1,MUSCLE,64.5,7.4,198.0,-1.4905920566416453,-0.008805762662244861
GTEX-13CF3-2426-SM-5IFGX.1,SKIN,64.5,7.5,213.0,-0.1238568824197902,-0.02586993644942901
GTEX-13CIG-0011-R3b-SM-5K7XF.1,BRAIN,54.5,5.8,826.0,-1.1081721746495452,0.03246456666050382
GTEX-13CIG-0011-R5b-SM-5L3F2.1,BRAIN,54.5,7.6,826.0,-1.713808479878915,0.0744492894765887
GTEX-13CIG-0011-R8b-SM-5LZX5.1,BRAIN,54.5,7.7,826.0,0.9785891290636994,0.14475966518204367
GTEX-13CIG-0011-R9a-SM-5K7VU.1,BRAIN,54.5,7.6,826.0,-1.9013755657911484,0.05010114000993678
GTEX-13CZU-0008-SM-5ZZUI.1,SKIN,24.5,10.0,207.0,2.137221350260249,0.2725887155767047
GTEX-13CZV-0008-SM-5ZZUE.1,SKIN,64.5,10.0,1008.0,1.0558719871939417,0.2834944302572108
GTEX-13CZV-0011-R10b-SM-5LZYD.1,BRAIN,64.5,7.1,1021.0,1.3756257595476329,-0.019727687481598786
GTEX-13CZV-0011-R11b-SM-5N9FN.1,BRAIN,64.5,5.7,1021.0,-1.3643752868450911,-0.11652068172546819
GTEX-13CZV-0011-R3a-SM-5KM27.1,BRAIN,64.5,6.9,1021.0,-0.3578067772980879,-0.00948049548920214
GTEX-13CZV-0011-R4b-SM-5J2NY.1,BRAIN,64.5,6.8,1021.0,-2.275523183402361,0.009320571878816571
GTEX-13CZV-0011-R5a-SM-5K7XA.1,BRAIN,64.5,8.5,1021.0,-0.9445655040266324,0.08118572416407606
GTEX-13CZV-0011-R7b-SM-5LZXH.1,BRAIN,64.5,6.9,1021.0,-2.0721886276989374,0.06124070952848994
GTEX-13CZV-0011-R9a-SM-5LZXT.1,BRAIN,64.5,5.9,1021.0,-0.2056703496665486,0.06655044778034641
GTEX-13D11-0926-SM-5J2NC.1,SKIN,54.5,7.1,110.0,-0.4492288852849125,-0.14542991206320133
GTEX-13D11-1526-SM-5J2NA.1,HEART,54.5,8.9,128.0,0.759923163139764,-0.08856033274991985
GTEX-13D11-1726-SM-5IFGQ.1,HEART,54.5,8.0,138.0,-0.0763443056607304,-0.16011028445057526
GTEX-13D11-2426-SM-5KM1V.1,SKIN,54.5,8.0,166.0,-0.3484116491431529,-0.053605564390847134
GTEX-13D11-2526-SM-5KM28.1,MUSCLE,54.5,8.4,169.0,-0.671033347522553,0.0649377759952487
GTEX-13FH7-0008-SM-5ZZUJ.1,SKIN,54.5,10.0,256.0,1.3834286303622123,0.228240541366641
GTEX-13FH7-0826-SM-5J2NW.1,HEART,54.5,7.5,129.0,1.2589598899531929,0.06395961182882044
GTEX-13FH7-0926-SM-5J2MR.1,HEART,54.5,8.1,134.0,0.6573719244408947,-0.10556756213776827
GTEX-13FH7-1126-SM-5K7UG.1,SKIN,54.5,6.9,132.0,-1.7600663708137134,-0.041937779066449354
GTEX-13FH7-2026-SM-5IJCR.1,SKIN,54.5,7.3,256.0,-0.8530065674781456,-0.04517340242544409
GTEX-13FH7-2026-SM-E9J4I.1,SKIN,54.5,5.9,256.0,-0.8229249300938101,-0.12069390522151252
GTEX-13FH7-2126-SM-5L3DJ.1,MUSCLE,54.5,8.7,261.0,-0.3358840649515038,0.0738593288218307
GTEX-13FHO-0011-R10b-SM-5J2MM.1,BRAIN,64.5,8.5,485.0,1.3732791676655671,-0.04065347347610634
GTEX-13FHO-0011-R11b-SM-5LZYQ.1,BRAIN,64.5,7.3,485.0,2.588425590337203,-0.2448327936774262
GTEX-13FHO-0011-R1b-SM-5KLZG.1,BRAIN,64.5,7.2,485.0,-0.4490527955282667,-0.006614026770295153
GTEX-13FHO-0011-R3b-SM-5K7YA.1,BRAIN,64.5,6.7,485.0,-0.392848738487535,0.0017864290545655586
GTEX-13FHO-0011-R5b-SM-5LZZ3.1,BRAIN,64.5,7.6,485.0,0.2842362011490204,0.0074019549540792345
GTEX-13FHO-0011-R6b-SM-5LZX1.1,BRAIN,64.5,5.8,485.0,-1.1032741832791562,-0.011057472279532897
GTEX-13FHO-0011-R7b-SM-5LZXD.1,BRAIN,64.5,6.1,485.0,-0.8697835091618913,-0.0035326823324208956
GTEX-13FHO-0226-SM-5IFGY.1,SKIN,64.5,7.2,631.0,0.338068763322469,-0.042492812192229494
GTEX-13FHO-0426-SM-5L3F5.1,SKIN,64.5,8.0,647.0,-0.8101064883551232,0.011500051957763435
GTEX-13FHO-0726-SM-5IJDG.1,MUSCLE,64.5,7.5,673.0,-0.3574652241187254,-0.0748299687945949
GTEX-13FHO-1226-SM-5L3EF.1,HEART,64.5,7.4,710.0,-0.2141640289868276,0.08232951813143521
GTEX-13FHO-2926-SM-5L3ES.1,BRAIN,64.5,7.3,791.0,1.3258058858668282,-0.162741424388255
GTEX-13FHO-3026-SM-5J1O9.1,BRAIN,64.5,6.8,793.0,1.5131972403835854,0.003263489804425571
GTEX-13FHP-0011-R11b-SM-5LZXP.1,BRAIN,54.5,7.0,782.0,0.9586768184302248,-0.15431917219562272
GTEX-13FHP-0011-R1b-SM-5K7XL.1,BRAIN,54.5,6.3,782.0,-2.9015411140856497,0.0595219114120465
GTEX-13FHP-0011-R5b-SM-5LZY2.1,BRAIN,54.5,6.0,782.0,-2.7478048027067583,0.05628242273516978
GTEX-13FHP-0011-R6b-SM-5LZY6.1,BRAIN,54.5,7.1,782.0,-2.16746568859905,0.09120945457850663
GTEX-13FHP-0011-R7b-SM-5LZYI.1,BRAIN,54.5,6.7,782.0,-2.8686481852268426,0.09209013159961359
GTEX-13FHP-0126-SM-5IJBG.1,SKIN,54.5,8.0,827.0,-0.4125053380529543,-0.09616939518255295
GTEX-13FHP-0526-SM-5K7UY.1,MUSCLE,54.5,6.9,841.0,0.2207369597563944,-0.006803065581648428
GTEX-13FHP-0826-SM-5K7V5.1,HEART,54.5,7.3,876.0,0.7296187435224089,0.12807812499709426
GTEX-13FHP-1026-SM-5K7Y2.1,HEART,54.5,6.1,879.0,-4.080491102928967,0.0637260967687134
GTEX-13FHP-2926-SM-5IJG9.1,BRAIN,54.5,6.6,931.0,0.7000146197229962,-0.14839906853784418
GTEX-13FHP-3026-SM-5IJBS.1,BRAIN,54.5,6.1,934.0,-0.0560692869162078,0.017392433831320758
GTEX-13FLV-0011-R10b-SM-5LZZ2.1,BRAIN,54.5,6.5,1011.0,0.3611602034433864,-0.04862603359808219
GTEX-13FLV-0011-R11a-SM-5LZZ7.1,BRAIN,54.5,6.3,1011.0,2.8361616603038176,-0.16265519308423096
GTEX-13FLV-0011-R3b-SM-5LZYP.1,BRAIN,54.5,6.1,1011.0,-0.4978533177276438,0.021375727644646257
GTEX-13FLV-0011-R4a-SM-5LZYU.1,BRAIN,54.5,5.9,1011.0,-0.0675647889880969,0.09176384878654538
GTEX-13FLV-0011-R5a-SM-5LZWT.1,BRAIN,54.5,7.6,1011.0,-0.3967183306750795,0.08984278211492128
GTEX-13FLV-0011-R6a-SM-5KLZ4.1,BRAIN,54.5,7.8,1011.0,0.8082516732278,0.044332085398061494
GTEX-13FLV-0011-R7b-SM-5K7WW.1,BRAIN,54.5,7.9,1011.0,0.0207524124837802,0.10897214006746854
GTEX-13FLV-0011-R8a-SM-5LZZE.1,BRAIN,54.5,7.3,1011.0,0.1167764212785664,0.08683213071279343
GTEX-13FLV-0011-R9b-SM-5L3DA.1,BRAIN,54.5,6.8,1011.0,-0.8677318525783618,0.04232997956923561
GTEX-13FLV-0126-SM-5K7WT.1,SKIN,54.5,7.5,1026.0,-0.5094825097669163,-0.07757146395724672
GTEX-13FLV-0326-SM-5N9DJ.1,LIVER,54.5,5.7,1045.0,0.1332315942623453,0.0850226363103894
GTEX-13FLV-0926-SM-5L3DZ.1,HEART,54.5,6.6,1085.0,0.4944372679141409,-0.02834650596054264
GTEX-13FLW-0011-R10b-SM-5LZZF.1,BRAIN,54.5,6.8,1307.0,1.068314877331225,-0.11303185851478544
GTEX-13FLW-0011-R1b-SM-5LZX2.1,BRAIN,54.5,6.3,1307.0,-0.5734589507592364,-0.006772318574350177
GTEX-13FLW-0011-R5a-SM-5LZX6.1,BRAIN,54.5,7.8,1307.0,-0.6510284298644038,0.04598874446296866
GTEX-13FLW-0011-R6b-SM-5L3EN.1,BRAIN,54.5,7.4,1307.0,0.4084862249210383,0.024701828515846447
GTEX-13FLW-0011-R7b-SM-5L3EZ.1,BRAIN,54.5,7.5,1307.0,-0.6061283111545483,0.07001447606335362
GTEX-13FLW-0011-R8b-SM-5J1MZ.1,BRAIN,54.5,6.4,1307.0,-0.1091111196929821,-0.08420482684387416
GTEX-13FLW-1426-SM-5K7YE.1,BRAIN,54.5,6.8,1431.0,0.5550770466161705,0.03131425062922634
GTEX-13FTW-0326-SM-5K7UW.1,SKIN,44.5,7.2,138.0,-0.7973716362530153,0.08777187354994709
GTEX-13FTW-0826-SM-5K7XR.1,HEART,44.5,6.8,150.0,-0.4110480652534267,0.26114501390437345
GTEX-13FTW-1026-SM-5L3E3.1,HEART,44.5,7.1,158.0,-0.1052834751872701,-0.04994499338218438
GTEX-13FTW-1126-SM-5J2NV.1,LIVER,44.5,7.7,163.0,0.6598651933498202,-0.023585751197159797
GTEX-13FTW-2326-SM-5K7YS.1,MUSCLE,44.5,7.1,366.0,-0.9444336480568154,0.07578934458926023
GTEX-13FTW-2626-SM-5K7WL.1,SKIN,44.5,6.4,371.0,-2.0592506999837825,-0.14374729876301562
GTEX-13FTX-1526-SM-5K7VJ.1,SKIN,24.5,7.4,187.0,-1.6304855255134072,0.0010127138628979614
GTEX-13FTX-1826-SM-5J1NX.1,SKIN,24.5,6.2,213.0,-0.2464635486391836,-0.11723894296616122
GTEX-13FTX-2026-SM-5L3D6.1,MUSCLE,24.5,6.2,218.0,1.4676893146138736,-0.07896459104004089
GTEX-13FTY-0011-R11a-SM-5IJEA.1,BRAIN,44.5,7.0,579.0,0.6952122915351243,-0.1873959314367933
GTEX-13FTY-0011-R1a-SM-5LZXE.1,BRAIN,44.5,5.9,579.0,-3.673171682002685,0.07695725879298869
GTEX-13FTY-0011-R9b-SM-5KM2U.1,BRAIN,44.5,6.8,579.0,-0.1971448774408577,0.08264452790487273
GTEX-13FTY-0226-SM-5IJBW.1,MUSCLE,44.5,7.5,719.0,1.140407209413626,0.18660962805378004
GTEX-13FTY-0526-SM-5L3EV.1,SKIN,44.5,6.0,727.0,-1.526079510250515,-0.0914415500229497
GTEX-13FTY-2126-SM-5IFFB.1,SKIN,44.5,5.8,758.0,0.1606522857560955,0.07128106095924473
GTEX-13FTZ-0011-R10b-SM-5KLZS.1,BRAIN,64.5,8.2,970.0,-0.9315473922326232,-0.053830735575346844
GTEX-13FTZ-0226-SM-5K7X6.1,HEART,64.5,6.0,1025.0,-1.6474891977877677,0.11451171934105019
GTEX-13FTZ-0326-SM-5J1O1.1,HEART,64.5,6.1,1031.0,-0.0562763197685328,-0.05751435979605436
GTEX-13FTZ-0726-SM-5IFFY.1,LIVER,64.5,5.8,1026.0,-1.236957225071415,0.09127934558847753
GTEX-13FTZ-2226-SM-5LZXI.1,MUSCLE,64.5,7.7,1298.0,0.4789537660015311,-0.055378101334967025
GTEX-13FXS-0011-R10a-SM-5J2MA.1,BRAIN,54.5,6.2,502.0,0.6890146405871564,-0.08375121423945346
GTEX-13FXS-0011-R11a-SM-5L3DM.1,BRAIN,54.5,8.8,502.0,2.3491275305504784,-0.14124779443802907
GTEX-13FXS-0011-R1a-SM-5K7U6.1,BRAIN,54.5,6.9,502.0,0.8271731093046829,0.05599346450360729
GTEX-13FXS-0011-R2b-SM-5K7XX.1,BRAIN,54.5,6.5,502.0,-0.3965004408367057,0.025411405915225317
GTEX-13FXS-0011-R5b-SM-5LZYE.1,BRAIN,54.5,7.6,502.0,-0.5399158364607831,0.010587495672166868
GTEX-13FXS-0011-R6b-SM-5L3F7.1,BRAIN,54.5,7.1,502.0,-0.2407021361092224,0.024778517158089083
GTEX-13FXS-0011-R7a-SM-5L3FC.1,BRAIN,54.5,8.1,502.0,-1.271753444570342,0.09569445142400036
GTEX-13FXS-0011-R8a-SM-5J1MN.1,BRAIN,54.5,7.8,502.0,0.566187585230801,0.09643033650167535
GTEX-13FXS-0011-R9a-SM-5K7UI.1,BRAIN,54.5,8.2,502.0,1.5355654868196589,0.16373282019532107
GTEX-13FXS-0226-SM-5IJCK.1,SKIN,54.5,6.8,566.0,-1.3276928140339082,-0.1416129812131872
GTEX-13FXS-0326-SM-5K7TV.1,MUSCLE,54.5,8.3,567.0,1.5000734890920766,-0.014335886506376535
GTEX-13FXS-1026-SM-62LFQ.1,HEART,54.5,6.7,665.0,-0.942200323956546,-0.01875387892567499
GTEX-13FXS-3026-SM-5LZYO.1,BRAIN,54.5,7.4,766.0,1.5681021411562126,-0.16909625826572824
GTEX-13FXS-3126-SM-5J2NN.1,BRAIN,54.5,7.0,767.0,0.9471807023157252,-0.18502474827494522
GTEX-13G51-0011-R10b-SM-5LZYF.1,BRAIN,64.5,5.9,725.0,-0.4855772303357408,-0.06783594283296578
GTEX-13G51-0011-R11b-SM-5J2NE.1,BRAIN,64.5,8.5,725.0,3.141620790849787,-0.19963234265117383
GTEX-13G51-0011-R1a-SM-5LZYR.1,BRAIN,64.5,8.0,725.0,0.8542361725798302,0.12299868906459867
GTEX-13G51-0011-R2b-SM-5LZXS.1,BRAIN,64.5,6.1,725.0,-0.1955623613809875,-0.07783757526303392
GTEX-13G51-0011-R5a-SM-5L3EB.1,BRAIN,64.5,8.2,725.0,0.8875528106013533,0.048786901177832166
GTEX-13G51-0011-R6b-SM-5LZX4.1,BRAIN,64.5,7.1,725.0,0.2241487568508867,-0.025853226411799074
GTEX-13G51-0011-R7b-SM-5LZXG.1,BRAIN,64.5,7.9,725.0,0.1110271549873558,0.003369645757607397
GTEX-13G51-0011-R8b-SM-5LZZ4.1,BRAIN,64.5,7.9,725.0,0.927211380349813,0.015167160320856497
GTEX-13G51-1826-SM-5KLZH.1,SKIN,64.5,7.7,807.0,-0.608583319420675,-0.1651524837737566
GTEX-13G51-2526-SM-5LZYK.1,SKIN,64.5,8.2,925.0,-0.2017770239563494,-0.13451626683528
GTEX-13G51-2726-SM-5LZZ9.1,MUSCLE,64.5,8.1,927.0,-0.5018084896067038,0.12600904669901605
GTEX-13G51-3026-SM-5IJB8.1,BRAIN,64.5,5.9,983.0,0.5073694925242684,0.061310072268571686
GTEX-13G51-3126-SM-5IJG7.1,BRAIN,64.5,7.1,984.0,1.2739540637507076,-0.1785433530194106
GTEX-13IVO-0011-R10a-SM-5LZY3.1,BRAIN,74.5,5.8,480.0,-2.0140387302271328,-0.020593766813804152
GTEX-13IVO-0011-R11b-SM-5LZXQ.1,BRAIN,74.5,6.7,480.0,0.9277246397832968,-0.18891349840956403
GTEX-13IVO-0011-R3b-SM-5IJBJ.1,BRAIN,74.5,5.8,480.0,-2.525811053738014,0.048965182463525665
GTEX-13IVO-0011-R5a-SM-5L3CY.1,BRAIN,74.5,6.2,480.0,-2.878541666400312,0.1506716935200035
GTEX-13IVO-0011-R6b-SM-5K7X9.1,BRAIN,74.5,5.9,480.0,-2.793056997200007,0.19020398185877263
GTEX-13IVO-0011-R8a-SM-5L3DY.1,BRAIN,74.5,7.3,480.0,-0.7099703948128187,0.12576392479912432
GTEX-13IVO-0126-SM-5J1NG.1,SKIN,74.5,6.7,556.0,1.39410193618401,-0.16860141720925167
GTEX-13IVO-0626-SM-5LZYJ.1,MUSCLE,74.5,7.1,577.0,1.026891877432026,-0.07972003696457948
GTEX-13IVO-0726-SM-5LZYV.1,SKIN,74.5,6.4,584.0,0.9289292505845872,-0.11485906078592993
GTEX-13IVO-2926-SM-5L3CZ.1,BRAIN,74.5,6.1,666.0,-0.8593747347255454,-0.037339542556091176
GTEX-13JUV-0011-R10b-SM-5LZXR.1,BRAIN,44.5,5.9,367.0,0.6346771226396297,-0.02250140521494634
GTEX-13JUV-0011-R11a-SM-5LZYH.1,BRAIN,44.5,6.6,367.0,2.3873782689216982,-0.14870572821563446
GTEX-13JUV-0011-R1a-SM-5LZY4.1,BRAIN,44.5,7.5,367.0,1.3531501999950055,-0.03274745434834128
GTEX-13JUV-0011-R5a-SM-5LZY5.1,BRAIN,44.5,8.5,367.0,0.1927953818556007,0.15341417272745023
GTEX-13JUV-0011-R6b-SM-5LZYG.1,BRAIN,44.5,7.1,367.0,-0.9450011785502368,0.06269706240959122
GTEX-13JUV-0011-R7b-SM-5LZZG.1,BRAIN,44.5,5.8,367.0,-2.8857604083973447,0.03273177656598557
GTEX-13JUV-0011-R9a-SM-5LZX3.1,BRAIN,44.5,8.1,367.0,0.7459203889665867,0.07107877469981332
GTEX-13JUV-0226-SM-5IJCC.1,HEART,44.5,6.1,448.0,0.181911732201516,0.08463016082997163
GTEX-13JUV-2026-SM-5K7UA.1,SKIN,44.5,6.7,523.0,-0.1715620272237125,-0.2315627012340332
GTEX-13JUV-2326-SM-5IJCE.1,MUSCLE,44.5,7.4,597.0,0.2898874484572581,0.21016024094830996
GTEX-13JUV-2726-SM-5LZZ8.1,SKIN,44.5,7.8,586.0,-0.0419764647222388,-0.0897729343959999
GTEX-13JUV-2926-SM-5LZX7.1,BRAIN,44.5,5.8,654.0,-0.4992861746004197,-0.07594972433303976
GTEX-13JUV-3026-SM-5K7WX.1,BRAIN,44.5,6.2,656.0,1.6392836777436497,-0.11512443581271242
GTEX-13JVG-0011-R10b-SM-5KM2P.1,BRAIN,64.5,5.9,527.0,0.1941005972138966,0.0639653653747513
GTEX-13JVG-0011-R11a-SM-5KM53.1,BRAIN,64.5,6.7,527.0,1.1417603009201616,-0.15973301773649856
GTEX-13JVG-0011-R1a-SM-5KM32.1,BRAIN,64.5,5.9,527.0,-1.2106937301279688,0.09322139061159018
GTEX-13JVG-0011-R3b-SM-5LZXF.1,BRAIN,64.5,6.4,527.0,-1.112149196986484,0.04173769698682797
GTEX-13JVG-0011-R4a-SM-5MR4C.1,BRAIN,64.5,6.0,527.0,-2.210295732584614,0.09910149611106535
GTEX-13JVG-0011-R5a-SM-5MR4O.1,BRAIN,64.5,7.5,527.0,-0.6934222684774709,0.08072462050973009
GTEX-13JVG-0011-R6a-SM-5MR3E.1,BRAIN,64.5,6.3,527.0,-1.1124343101842324,0.11032982301390996
GTEX-13JVG-0011-R7b-SM-5MR3Q.1,BRAIN,64.5,5.9,527.0,-1.205389779389225,0.09532300738280751
GTEX-13JVG-0011-R8a-SM-5KM3E.1,BRAIN,64.5,6.8,527.0,-0.7368184790695254,0.03532598217037114
GTEX-13JVG-0126-SM-5L3D3.1,MUSCLE,64.5,8.3,824.0,1.2084999465176165,0.07846533621623686
GTEX-13JVG-0726-SM-5KM16.1,SKIN,64.5,6.1,829.0,-0.3012620889911219,0.021022351708295178
GTEX-13JVG-1126-SM-5KM2M.1,HEART,64.5,6.9,836.0,1.3936579481527782,0.06448238292687843
GTEX-13JVG-1326-SM-5N9F8.1,HEART,64.5,5.7,845.0,-3.213948793031512,0.16531075710448181
GTEX-13JVG-3126-SM-5L3FH.1,BRAIN,64.5,6.0,933.0,-0.1005517009294236,0.05587694859390518
GTEX-13JVG-3226-SM-5IJGJ.1,BRAIN,64.5,6.5,932.0,1.749327053878131,-0.14955381686492145
GTEX-13N11-0426-SM-5KM3O.1,HEART,54.5,6.8,159.0,0.1801558975331935,-0.0912483832442739
GTEX-13N11-0726-SM-5L3DP.1,HEART,54.5,8.4,168.0,0.8484242408862557,-0.08272471170058375
GTEX-13N11-0926-SM-5IJG2.1,LIVER,54.5,8.8,170.0,1.0731532742249257,-0.16407145349683996
GTEX-13N11-2326-SM-5IJBF.1,SKIN,54.5,7.6,208.0,-0.8191984623048931,-0.11717356038294413
GTEX-13N11-2526-SM-5K7UE.1,SKIN,54.5,7.2,228.0,0.5702722054122129,-0.021257600872984665
GTEX-13N11-2726-SM-5L3ER.1,MUSCLE,54.5,8.2,231.0,-1.09251137387917,-0.004775721937070004
GTEX-13N1W-0011-R10b-SM-5MR4H.1,BRAIN,74.5,8.1,549.0,1.2288214306776886,-0.01989232135210135
GTEX-13N1W-0011-R11a-SM-5MR3D.1,BRAIN,74.5,6.3,549.0,-1.1572671875795792,-0.14542358040126185
GTEX-13N1W-0011-R1b-SM-5MR4T.1,BRAIN,74.5,8.2,549.0,1.0045957106937884,0.1310818572923661
GTEX-13N1W-0011-R3a-SM-5MR5E.1,BRAIN,74.5,7.2,549.0,1.005984435496186,0.03426519412662962
GTEX-13N1W-0011-R4a-SM-5MR52.1,BRAIN,74.5,6.3,549.0,0.1612524811287435,0.03394902851560724
GTEX-13N1W-0011-R5b-SM-5MR5Q.1,BRAIN,74.5,8.1,549.0,0.1286025732584226,0.18913534812731783
GTEX-13N1W-0011-R6a-SM-5MR43.1,BRAIN,74.5,6.5,549.0,0.7907907021844871,0.1370608500292447
GTEX-13N1W-0011-R7b-SM-5MR4F.1,BRAIN,74.5,7.1,549.0,0.1882060520627949,0.09157493097574675
GTEX-13N1W-0011-R8a-SM-5MR56.1,BRAIN,74.5,7.8,549.0,0.5093509920959945,0.20509277374848917
GTEX-13N1W-0011-R9b-SM-5MR4R.1,BRAIN,74.5,7.6,549.0,1.9126087574883184,0.09535797592159397
GTEX-13N1W-0126-SM-5K7VT.1,SKIN,74.5,7.4,612.0,0.3517272481211023,0.021820304267772265
GTEX-13N1W-0526-SM-5MR4I.1,MUSCLE,74.5,8.0,624.0,0.1821977746143938,0.062494873229439696
GTEX-13N1W-0926-SM-5MR36.1,HEART,74.5,7.1,660.0,0.737391177737869,0.14614812389589232
GTEX-13N1W-1026-SM-5IJC5.1,HEART,74.5,6.2,661.0,-1.6541425655497544,0.22941385704604453
GTEX-13N1W-2426-SM-5IJD1.1,SKIN,74.5,6.9,692.0,-0.1673454142768227,-0.0511480481345215
GTEX-13N2G-0011-R10a-SM-5MR34.1,BRAIN,64.5,8.1,498.0,1.9520268518834136,0.1829870480959791
GTEX-13N2G-0011-R11a-SM-5MR3F.1,BRAIN,64.5,8.3,498.0,2.219698142623856,-0.17105430457436666
GTEX-13N2G-0011-R1b-SM-5MR3G.1,BRAIN,64.5,7.3,498.0,0.2829703608818672,-0.01795994414292846
GTEX-13N2G-0011-R2a-SM-5MR4Q.1,BRAIN,64.5,5.8,498.0,0.246824432664948,-0.0886795069668305
GTEX-13N2G-0011-R3b-SM-5MR5G.1,BRAIN,64.5,5.7,498.0,0.9267315629157172,0.10762395861210138
GTEX-13N2G-0011-R4b-SM-5MR54.1,BRAIN,64.5,6.3,498.0,0.748992660831128,0.14566468157514598
GTEX-13N2G-0011-R5a-SM-5MR33.1,BRAIN,64.5,8.4,498.0,2.268931143460085,0.33100853021668525
GTEX-13N2G-0011-R6b-SM-5MR3P.1,BRAIN,64.5,7.0,498.0,0.3651159753916314,0.07889896025966732
GTEX-13N2G-0011-R7a-SM-5MR42.1,BRAIN,64.5,6.8,498.0,1.6061625533185993,0.1915893029095899
GTEX-13N2G-0011-R9b-SM-5MR4E.1,BRAIN,64.5,7.6,498.0,2.421248741046267,0.1519134146563193
GTEX-13N2G-0226-SM-5K7VF.1,SKIN,64.5,6.8,515.0,-0.3806437042442597,-0.1634549626095622
GTEX-13N2G-0926-SM-5IFGJ.1,LIVER,64.5,6.0,534.0,-1.2476821134902083,-0.0079507158802892
GTEX-13N2G-2326-SM-5J1ON.1,MUSCLE,64.5,8.2,579.0,1.0495433476882576,-0.030008201404857545
GTEX-13N2G-2626-SM-5J1OT.1,SKIN,64.5,7.1,589.0,0.6106132916865206,-0.19886553264996523
GTEX-13N2G-3126-SM-5IJGL.1,BRAIN,64.5,6.5,633.0,0.6360423241153719,-0.18929902793328227
GTEX-13NYB-0011-R10a-SM-5KM43.1,BRAIN,44.5,7.3,983.0,0.4829483524755738,-0.06082260039250072
GTEX-13NYB-0011-R11a-SM-5KM3Q.1,BRAIN,44.5,7.6,983.0,2.3613349350117203,-0.1814848467562814
GTEX-13NYB-0011-R1b-SM-5KM4F.1,BRAIN,44.5,6.3,983.0,0.1275262238000092,-0.012763900737195043
GTEX-13NYB-0011-R2a-SM-5MR3C.1,BRAIN,44.5,7.7,983.0,1.8086406793055625,0.07564703046648949
GTEX-13NYB-0011-R3b-SM-A9SM4.1,BRAIN,44.5,5.6,983.0,0.2363054596590613,-0.014610913699591962
GTEX-13NYB-0011-R4b-SM-9QEGJ.1,BRAIN,44.5,5.8,983.0,0.2112561819921765,0.08929783988692942
GTEX-13NYB-0011-R5a-SM-5MR45.1,BRAIN,44.5,7.2,983.0,0.0695412694798296,0.027894761922441325
GTEX-13NYB-0011-R6b-SM-5MR51.1,BRAIN,44.5,6.8,983.0,0.6586175696944765,-0.049292471658434804
GTEX-13NYB-0011-R7a-SM-5MR5D.1,BRAIN,44.5,7.1,983.0,-0.6714045811433348,0.01195877753852254
GTEX-13NYB-0011-R8a-SM-5KM4R.1,BRAIN,44.5,7.0,983.0,1.1065861847094045,0.1240802709231379
GTEX-13NYB-0011-R9b-SM-5MR5P.1,BRAIN,44.5,7.3,983.0,-0.3827336872032412,-0.03240286868505039
GTEX-13NYB-0126-SM-5J1MD.1,SKIN,44.5,7.6,997.0,0.9011751836664006,-0.20771191911928258
GTEX-13NYB-0226-SM-5N9G4.1,HEART,44.5,5.7,1014.0,-3.969378491697416,0.038165921480622325
GTEX-13NYB-0326-SM-5IJDP.1,HEART,44.5,7.0,1016.0,-0.3347140755487611,0.2196560047769491
GTEX-13NYB-1026-SM-5IFH3.1,LIVER,44.5,6.1,1034.0,-0.2215469213562082,-0.04907872694375861
GTEX-13NYB-2526-SM-5K7Z6.1,SKIN,44.5,7.1,1153.0,-0.5018908190957584,-0.11019056425961056
GTEX-13NYB-2726-SM-5J2MT.1,MUSCLE,44.5,7.8,1178.0,2.848685973184926,-0.025204820019059892
GTEX-13NYB-3026-SM-5IJD7.1,BRAIN,44.5,6.1,1231.0,0.752521005606136,-0.011732885138944549
GTEX-13NYB-3226-SM-5J2ND.1,BRAIN,44.5,7.1,1233.0,2.7480773436104817,-0.11827208183969849
GTEX-13NYC-0126-SM-5L3F4.1,SKIN,64.5,6.1,965.0,-0.5213354105062611,0.02212938604690922
GTEX-13NYC-0326-SM-5K7WP.1,SKIN,64.5,6.7,970.0,0.5495377722989095,0.03677125496512707
GTEX-13NYC-0326-SM-E9J4S.1,SKIN,64.5,8.1,970.0,0.550617644988461,-0.0680001718704124
GTEX-13NYC-0726-SM-5J2NQ.1,MUSCLE,64.5,7.2,985.0,0.4096132543594675,0.18585620994714666
GTEX-13NYC-2826-SM-5K7WR.1,BRAIN,64.5,7.1,1075.0,1.482152497598505,-0.029483349303130638
GTEX-13NYS-0011-R10a-SM-5MR4S.1,BRAIN,64.5,7.3,615.0,2.6657737427807917,0.024208742509213316
GTEX-13NYS-0011-R11b-SM-5MR4P.1,BRAIN,64.5,6.6,615.0,2.7422815698172958,-0.17344095555927236
GTEX-13NYS-0011-R1b-SM-5MR55.1,BRAIN,64.5,6.8,615.0,0.3230294399957861,-0.01649591865074925
GTEX-13NYS-0011-R2b-SM-5MR4G.1,BRAIN,64.5,6.7,615.0,0.2862505714139087,0.02538384022580365
GTEX-13NYS-0011-R3b-SM-5MR41.1,BRAIN,64.5,6.1,615.0,0.2489642138827667,-0.04519601825688877
GTEX-13NYS-0011-R4b-SM-5MR3O.1,BRAIN,64.5,6.3,615.0,-0.478906595072656,0.06671739147441592
GTEX-13NYS-0011-R5a-SM-5MR4D.1,BRAIN,64.5,7.2,615.0,0.1899541412873436,0.09178142507473631
GTEX-13NYS-0011-R6b-SM-5MR3R.1,BRAIN,64.5,7.2,615.0,0.9955105342666328,0.09482270563894844
GTEX-13NYS-0011-R8a-SM-5MR5H.1,BRAIN,64.5,6.6,615.0,0.1545136474779567,0.0331510614574286
GTEX-13NYS-0011-R9b-SM-5MR44.1,BRAIN,64.5,6.9,615.0,1.1902756184107943,-0.04501933396215549
GTEX-13NYS-0126-SM-5MR3W.1,SKIN,64.5,7.7,846.0,0.4225990473295327,-0.24947034596841736
GTEX-13NYS-0326-SM-5MR4L.1,MUSCLE,64.5,8.3,853.0,0.9295895998764068,-0.13553076040418555
GTEX-13NYS-0626-SM-5L3F1.1,SKIN,64.5,7.1,872.0,0.6207970926075577,-0.09282928599140837
GTEX-13NYS-1926-SM-5IJCB.1,HEART,64.5,6.0,981.0,1.180337652289941,-0.010756834905748287
GTEX-13NYS-3126-SM-5KLYV.1,BRAIN,64.5,6.9,1115.0,0.8579367051174895,-0.05996026934174054
GTEX-13NZ8-0011-R1b-SM-5KM3V.1,BRAIN,64.5,6.0,1273.0,-2.7812769754240616,0.013315354994255157
GTEX-13NZ8-0011-R8b-SM-5KM48.1,BRAIN,64.5,6.3,1273.0,-2.245865211365774,0.13295238662862657
GTEX-13NZ8-0826-SM-5MR3I.1,SKIN,64.5,7.3,1345.0,-0.9393588173987836,-0.10630527255529494
GTEX-13NZ8-1226-SM-5KM4A.1,SKIN,64.5,6.1,1353.0,0.9481965013844516,-0.18745272993682413
GTEX-13NZ8-2126-SM-5L3EO.1,MUSCLE,64.5,6.4,1371.0,-3.1690794718329225,0.04699265014332249
GTEX-13NZ8-3026-SM-5L3D4.1,BRAIN,64.5,6.0,1415.0,0.034565257505794,-0.09720490768653792
GTEX-13NZ9-0126-SM-5K7XV.1,HEART,54.5,8.4,369.0,1.4219724886481586,0.018733027345137203
GTEX-13NZ9-0626-SM-5IJCO.1,MUSCLE,54.5,8.1,417.0,-0.0060884474937707,-0.13154548453064543
GTEX-13NZ9-1326-SM-5MR3V.1,LIVER,54.5,5.7,472.0,1.323967464902347,-0.000750369882937077
GTEX-13NZ9-2626-SM-5L3FK.1,SKIN,54.5,7.3,504.0,-0.5797622259015621,-0.30953373663976586
GTEX-13NZA-0011-R10b-SM-5KM54.1,BRAIN,64.5,6.6,1155.0,-1.888678684603192,-0.07083418619654663
GTEX-13NZA-0011-R11b-SM-5KM4W.1,BRAIN,64.5,7.3,1155.0,-0.322225149955188,-0.16743981200518823
GTEX-13NZA-0011-R1b-SM-5LUAF.1,BRAIN,64.5,5.7,1155.0,-2.8760561122918458,0.06770214591010071
GTEX-13NZA-0011-R5b-SM-5KM4K.1,BRAIN,64.5,6.6,1155.0,-3.729794898413702,0.04765089145907048
GTEX-13NZA-0011-R8b-SM-5KM2Q.1,BRAIN,64.5,6.9,1155.0,-0.8894203444779624,0.12483036359608916
GTEX-13NZA-0011-R9b-SM-5MR5I.1,BRAIN,64.5,7.8,1155.0,-0.0044109090871758,0.14126228955485706
GTEX-13NZA-0226-SM-5K7Z7.1,SKIN,64.5,6.5,1327.0,-0.4699397588069445,-0.1268562478209112
GTEX-13NZA-0526-SM-5L3D7.1,MUSCLE,64.5,7.6,1333.0,0.5463680200938474,0.03711104924706926
GTEX-13NZA-0826-SM-5K7WS.1,HEART,64.5,5.8,1358.0,-0.5332759984600027,-0.06720233147275959
GTEX-13NZB-0226-SM-5KM1T.1,HEART,34.5,6.4,300.0,-0.0854127121046127,-0.11565030554814487
GTEX-13NZB-0426-SM-5KM26.1,HEART,34.5,7.7,316.0,0.9701757485406396,-0.10583715196113194
GTEX-13NZB-0626-SM-5IFH6.1,LIVER,34.5,5.9,323.0,-1.6114929868386176,-0.06744258767084262
GTEX-13NZB-2526-SM-5J1OM.1,SKIN,34.5,6.7,395.0,-1.5511530661702746,-0.09173783767663975
GTEX-13NZB-2626-SM-5J2M7.1,MUSCLE,34.5,7.7,399.0,0.2981473453467175,0.025997902479994332
GTEX-13O1R-0011-R9b-SM-5KM33.1,BRAIN,64.5,6.4,660.0,-3.2824325819109035,0.16744149671750436
GTEX-13O1R-0126-SM-5L3EH.1,SKIN,64.5,8.4,801.0,-0.2786761643106547,0.03141404398819235
GTEX-13O1R-0526-SM-5K7XU.1,MUSCLE,64.5,8.0,809.0,-1.8502230433578892,0.05275401352520991
GTEX-13O1R-0926-SM-5L3DS.1,HEART,64.5,8.2,826.0,0.065560979446256,0.22534348445781976
GTEX-13O1R-1226-SM-5J1NU.1,HEART,64.5,6.4,840.0,-0.0684779442480713,0.1989809185850389
GTEX-13O1R-2026-SM-5KM3N.1,LIVER,64.5,6.6,855.0,0.9624625501844044,0.11972265379697164
GTEX-13O21-0326-SM-5J1N9.1,HEART,54.5,8.0,152.0,0.1894131815439532,0.2220272616515404
GTEX-13O21-1426-SM-5K7XI.1,SKIN,54.5,6.0,222.0,-1.7930100829469846,-0.10263514154577826
GTEX-13O21-1726-SM-5MR5A.1,MUSCLE,54.5,8.2,224.0,-0.6586240060381345,-0.020483139512210168
GTEX-13O21-2326-SM-5MR3X.1,HEART,54.5,7.4,151.0,-0.4043742766027285,-0.014836742669702889
GTEX-13O3O-0011-R10a-SM-5LUA9.1,BRAIN,64.5,5.7,679.0,1.4611871968965584,-0.09092044985170139
GTEX-13O3O-0011-R11b-SM-5KM4G.1,BRAIN,64.5,8.6,679.0,1.7085398060320318,-0.2314745381484109
GTEX-13O3O-0011-R1b-SM-5KM2K.1,BRAIN,64.5,6.9,679.0,0.5470595687272486,-0.06496278722576243
GTEX-13O3O-0011-R2b-SM-5P9H1.1,BRAIN,64.5,6.7,679.0,-0.7903340670916712,-0.05152852759100216
GTEX-13O3O-0011-R3b-SM-5KM3R.1,BRAIN,64.5,7.3,679.0,-0.364390612590618,-0.011983943788340319
GTEX-13O3O-0011-R4b-SM-5KM3F.1,BRAIN,64.5,7.0,679.0,-0.3875025444929013,-0.016213200098767915
GTEX-13O3O-0011-R5b-SM-5KM44.1,BRAIN,64.5,8.4,679.0,-0.6438590667464175,0.04135473186130586
GTEX-13O3O-0011-R6b-SM-5P9GY.1,BRAIN,64.5,7.8,679.0,-0.1017639726884017,0.014160511981859794
GTEX-13O3O-0011-R7b-SM-5P9GZ.1,BRAIN,64.5,7.6,679.0,-1.1090993560451787,0.0461149608204183
GTEX-13O3O-0011-R8b-SM-5LUAL.1,BRAIN,64.5,5.7,679.0,-0.6829067645639263,0.09037703656242678
GTEX-13O3O-0126-SM-5KM4E.1,SKIN,64.5,6.6,778.0,-0.2928971702460111,-0.06816110141468863
GTEX-13O3O-0126-SM-E9J49.1,SKIN,64.5,6.9,778.0,-0.5928187692786193,-0.01966317989059114
GTEX-13O3O-0526-SM-5J1NL.1,MUSCLE,64.5,8.5,806.0,0.5653192431440969,0.052978809573301956
GTEX-13O3O-1426-SM-5KM2S.1,HEART,64.5,6.3,846.0,0.3122502395034318,0.17185260380504494
GTEX-13O3O-1526-SM-5KM1C.1,HEART,64.5,6.9,849.0,-0.9001742531383372,0.0314623160128628
GTEX-13O3O-1826-SM-5IFGW.1,LIVER,64.5,6.5,857.0,-2.1976023116532213,-0.004509952020519583
GTEX-13O3O-2326-SM-5IJD6.1,SKIN,64.5,8.2,863.0,-0.0866954541902419,-0.037070029686156386
GTEX-13O3O-3026-SM-5KM42.1,BRAIN,64.5,7.1,886.0,1.262149633456586,-0.2423198133171471
GTEX-13O3O-3126-SM-5KM3H.1,BRAIN,64.5,6.3,889.0,-0.3026892942032622,-0.06337573253233622
GTEX-13O3P-0126-SM-5KM4S.1,SKIN,54.5,7.4,405.0,-0.6176102937046806,-0.11509486946095253
GTEX-13O3P-0626-SM-5L3D5.1,MUSCLE,54.5,8.2,453.0,-0.7849715619647492,0.14503215305226874
GTEX-13O3P-1426-SM-5L3DT.1,HEART,54.5,7.4,477.0,1.8758784238739017,0.09656190785472453
GTEX-13O3P-1626-SM-5K7X3.1,HEART,54.5,6.1,485.0,-1.5343008970145338,0.08840334104269104
GTEX-13O3Q-0011-R10b-SM-5KM39.1,BRAIN,54.5,7.4,1036.0,1.3453131315481317,-0.07469914889552329
GTEX-13O3Q-0011-R11b-SM-5KM2W.1,BRAIN,54.5,8.0,1036.0,3.1639442234881816,-0.1519956038858016
GTEX-13O3Q-0011-R1b-SM-5KM3L.1,BRAIN,54.5,6.8,1036.0,-0.4289496509843419,-0.014778592219604028
GTEX-13O3Q-0011-R2b-SM-5KM3K.1,BRAIN,54.5,6.9,1036.0,0.8008095473476893,-0.03971587569805678
GTEX-13O3Q-0011-R3a-SM-5P9H3.1,BRAIN,54.5,6.1,1036.0,0.1425048987918531,-0.00762742092200365
GTEX-13O3Q-0011-R4a-SM-5P9H2.1,BRAIN,54.5,6.7,1036.0,0.1366912972390551,-0.028429296685355127
GTEX-13O3Q-0011-R5b-SM-5P9H4.1,BRAIN,54.5,8.5,1036.0,0.3385763416969698,-0.03521829011171256
GTEX-13O3Q-0011-R6a-SM-5KM2V.1,BRAIN,54.5,8.4,1036.0,0.7039655038584562,0.06146576429192836
GTEX-13O3Q-0011-R7a-SM-5KM38.1,BRAIN,54.5,8.5,1036.0,-0.1954011982583205,0.013167672041235317
GTEX-13O3Q-0011-R8b-SM-5KM2J.1,BRAIN,54.5,8.7,1036.0,1.2839157849801583,0.1231312941708679
GTEX-13O3Q-0126-SM-5KM34.1,SKIN,54.5,7.0,1069.0,0.643774438526553,-0.0988175133289122
GTEX-13O3Q-0326-SM-5L3FE.1,HEART,54.5,6.6,1091.0,2.886972507183814,-0.16753571654332036
GTEX-13O3Q-2426-SM-5IJBR.1,SKIN,54.5,5.8,1157.0,-0.891287088848268,-0.14973665362472421
GTEX-13O3Q-2726-SM-5KM51.1,MUSCLE,54.5,8.1,1163.0,-0.3303306611847625,0.0628916647205044
GTEX-13O3Q-2926-SM-5KM45.1,BRAIN,54.5,6.1,1208.0,-0.1159712083152429,-0.03007113643207368
GTEX-13O3Q-3026-SM-5IJGD.1,BRAIN,54.5,6.4,1209.0,1.7315777501236955,-0.1826791221185399
GTEX-13O61-0426-SM-5L3ET.1,HEART,64.5,9.2,132.0,0.4915878677762095,-0.09277407381525477
GTEX-13O61-0526-SM-5J2M1.1,HEART,64.5,8.5,135.0,0.2270432194561276,-0.0587301070535883
GTEX-13O61-1426-SM-5KM3D.1,SKIN,64.5,6.7,179.0,-1.7634948395615715,0.1774621142193114
GTEX-13O61-2326-SM-5J1NJ.1,MUSCLE,64.5,8.5,334.0,-0.4662688251247624,-0.03126146700478842
GTEX-13OVG-0426-SM-5KM2T.1,HEART,64.5,8.5,443.0,0.2274040176613421,-0.05480859422492694
GTEX-13OVG-0526-SM-5K7YD.1,HEART,64.5,7.6,450.0,0.1703677754576664,-0.02994183091754286
GTEX-13OVG-1626-SM-5J1NF.1,SKIN,64.5,7.5,515.0,-0.3775186871453018,-0.001715272844044092
GTEX-13OVG-1926-SM-5L3DK.1,SKIN,64.5,7.6,644.0,0.0015245472584445,0.08553191742697003
GTEX-13OVG-2126-SM-5KM1K.1,MUSCLE,64.5,7.6,645.0,-0.8094072840708952,0.05560687583950391
GTEX-13OVH-0011-R11b-SM-5KM4X.1,BRAIN,74.5,8.5,504.0,2.957250350151478,-0.21042659566980979
GTEX-13OVH-0011-R3a-SM-5KM49.1,BRAIN,74.5,6.6,504.0,-0.2986782608841727,-0.005121369608663748
GTEX-13OVH-0011-R4a-SM-5KM3W.1,BRAIN,74.5,6.3,504.0,-2.23730529081982,0.050939151271896646
GTEX-13OVH-0011-R5b-SM-5KM4L.1,BRAIN,74.5,7.8,504.0,-0.916100674244043,0.10167576742351438
GTEX-13OVH-0011-R6b-SM-5LUAX.1,BRAIN,74.5,5.7,504.0,-0.9841423425600118,0.11208393829428098
GTEX-13OVH-0011-R8b-SM-5MR35.1,BRAIN,74.5,6.1,504.0,0.1982489167501144,0.08030423719857073
GTEX-13OVH-0126-SM-5MR4B.1,SKIN,74.5,7.6,562.0,0.2522400833602304,-0.20041801196176118
GTEX-13OVH-0526-SM-5L3E6.1,SKIN,74.5,6.3,585.0,-0.4730162608908568,-0.21243459199445752
GTEX-13OVH-0626-SM-5L3EI.1,MUSCLE,74.5,8.1,592.0,-0.669175767937625,0.07977784614940159
GTEX-13OVH-2926-SM-5IJFH.1,BRAIN,74.5,7.0,655.0,1.809993625185578,-0.15859890663724532
GTEX-13OVH-3026-SM-5MR4N.1,BRAIN,74.5,6.3,657.0,0.4254763208409854,-0.048509617314266645
GTEX-13OVI-0326-SM-5K7X1.1,HEART,64.5,8.4,147.0,-0.1508600104241302,-0.1347593019093779
GTEX-13OVI-1426-SM-5L3EY.1,SKIN,64.5,8.7,187.0,-0.450607413062474,-0.06958911122613344
GTEX-13OVI-1726-SM-5L3DW.1,MUSCLE,64.5,8.4,206.0,0.6545352240339202,0.20764957709265855
GTEX-13OVI-2726-SM-5KM56.1,SKIN,64.5,6.3,261.0,-0.7657505326091815,0.007656526227137197
GTEX-13OVJ-0011-R10b-SM-5L3HT.1,BRAIN,54.5,7.2,868.0,0.6176797396520519,-0.008470152091739389
GTEX-13OVJ-0011-R11a-SM-5P9H8.1,BRAIN,54.5,7.8,868.0,2.37979923824253,-0.19531741403727934
GTEX-13OVJ-0011-R1b-SM-5L3I6.1,BRAIN,54.5,7.3,868.0,0.8109483272392024,0.006923872951721259
GTEX-13OVJ-0011-R2b-SM-5L3GP.1,BRAIN,54.5,6.6,868.0,0.5207658973539139,0.14532270233676023
GTEX-13OVJ-0011-R3b-SM-5P9H6.1,BRAIN,54.5,6.5,868.0,2.6141003579516564,0.05224089846676159
GTEX-13OVJ-0011-R4b-SM-5P9H5.1,BRAIN,54.5,6.7,868.0,0.4159117741846441,0.1450321841017916
GTEX-13OVJ-0011-R5a-SM-5P9H7.1,BRAIN,54.5,7.2,868.0,0.0938716790411602,0.07788050738592497
GTEX-13OVJ-0011-R6b-SM-5L3GH.1,BRAIN,54.5,7.8,868.0,0.4767233708359438,0.0853202615858016
GTEX-13OVJ-0011-R7a-SM-5L3G1.1,BRAIN,54.5,7.6,868.0,0.3087482193691456,0.09945648221716002
GTEX-13OVJ-0011-R8b-SM-5L3FS.1,BRAIN,54.5,7.2,868.0,0.4533162677229756,0.13242244809621004
GTEX-13OVJ-0011-R9b-SM-5L3GD.1,BRAIN,54.5,7.6,868.0,0.1980619475291359,0.03639134783678566
GTEX-13OVJ-0126-SM-5KM36.1,SKIN,54.5,6.7,1117.0,-0.738922206551256,0.07748171516945386
GTEX-13OVJ-0226-SM-5L3GK.1,MUSCLE,54.5,7.8,1118.0,-0.188780896574546,0.06536420375200146
GTEX-13OVJ-0826-SM-5J1OK.1,SKIN,54.5,7.4,1126.0,-0.3392353991277688,0.11752456793325647
GTEX-13OVJ-1026-SM-5IFGI.1,LIVER,54.5,6.2,1129.0,2.52034743615272,-0.268146678885196
GTEX-13OVJ-2726-SM-5IJG6.1,BRAIN,54.5,7.5,1215.0,1.4787441153742833,-0.11540968486646964
GTEX-13OVJ-2826-SM-5L3GW.1,BRAIN,54.5,6.4,1216.0,0.5054661076775133,0.0016266841435901374
GTEX-13OVK-1426-SM-6PAN7.1,SKIN,44.5,6.6,229.0,-1.150801041028394,0.0004918355454127199
GTEX-13OVK-1926-SM-6M48G.1,MUSCLE,44.5,8.2,272.0,-1.8075669811283517,-0.12367214689805546
GTEX-13OVK-2026-SM-7KUEO.1,SKIN,44.5,7.8,278.0,0.0091691347864273,-0.12404287730005706
GTEX-13OVL-0011-R10a-SM-5L3GS.1,BRAIN,54.5,7.1,669.0,0.5433330026793209,-0.0879636963965463
GTEX-13OVL-0011-R11b-SM-5L3G7.1,BRAIN,54.5,7.3,669.0,1.9571034286218647,-0.24595605736837556
GTEX-13OVL-0011-R1a-SM-5L3H5.1,BRAIN,54.5,7.1,669.0,-1.0415472117157711,0.058393493819823325
GTEX-13OVL-0011-R3b-SM-5L3I8.1,BRAIN,54.5,6.6,669.0,-0.3674576551719025,-0.001431816793766138
GTEX-13OVL-0011-R4b-SM-5L3HV.1,BRAIN,54.5,6.1,669.0,-2.446430063574775,0.04285286056974473
GTEX-13OVL-0011-R5b-SM-5L3FU.1,BRAIN,54.5,8.9,669.0,-1.086363290940891,0.04080493164622388
GTEX-13OVL-0011-R6a-SM-5L3G4.1,BRAIN,54.5,8.2,669.0,0.1183380259183262,-0.027578753514000652
GTEX-13OVL-0011-R7a-SM-5P9GW.1,BRAIN,54.5,6.0,669.0,-3.0351687849737923,0.03921457628126335
GTEX-13OVL-0011-R8a-SM-5L3HH.1,BRAIN,54.5,6.5,669.0,-1.551195338738483,-0.04634562231246952
GTEX-13OVL-0011-R9a-SM-5P9GX.1,BRAIN,54.5,7.9,669.0,-0.0162528198205416,-0.0899933890921788
GTEX-13OVL-0126-SM-5L3GJ.1,SKIN,54.5,7.5,844.0,-0.2212607600713094,-0.15306999115014938
GTEX-13OVL-0226-SM-5L3E9.1,SKIN,54.5,8.4,855.0,-0.1659731435285751,-0.15232481222970987
GTEX-13OVL-0526-SM-5KLZQ.1,HEART,54.5,7.8,876.0,1.468838194025711,-0.1007083886224452
GTEX-13OVL-1426-SM-5IJC1.1,MUSCLE,54.5,8.3,914.0,-0.2396603959880608,0.2043748530776636
GTEX-13OVL-3026-SM-5IJF1.1,BRAIN,54.5,7.4,1099.0,1.6484795329684467,-0.19301056753280021
GTEX-13OW5-0011-R11b-SM-5L3GG.1,BRAIN,64.5,8.8,667.0,1.9505640058773452,-0.172401614678229
GTEX-13OW5-0011-R1b-SM-5L3GE.1,BRAIN,64.5,6.3,667.0,1.3054520193409946,0.09776412345580343
GTEX-13OW5-0011-R3a-SM-5L3I5.1,BRAIN,64.5,6.7,667.0,0.3887290640843028,0.04786569523673658
GTEX-13OW5-0011-R4b-SM-5L3HS.1,BRAIN,64.5,6.9,667.0,-0.8051059927496714,-0.012231525027720739
GTEX-13OW5-0011-R5b-SM-5L3FR.1,BRAIN,64.5,7.7,667.0,-1.0838729551061397,0.09119415468344488
GTEX-13OW5-0011-R6b-SM-5O9BW.1,BRAIN,64.5,7.0,667.0,-0.1036858754179631,0.12693312570768434
GTEX-13OW5-0011-R7a-SM-5O9C9.1,BRAIN,64.5,7.3,667.0,-2.0284174272167097,0.11057935503101175
GTEX-13OW5-0011-R8a-SM-5L3GQ.1,BRAIN,64.5,6.5,667.0,-0.7433822435736037,0.10145551421381806
GTEX-13OW5-0011-R9b-SM-5O9CL.1,BRAIN,64.5,7.5,667.0,0.9103602697334644,0.2148881700866946
GTEX-13OW5-0126-SM-5MR3A.1,SKIN,64.5,7.8,843.0,-0.2076237463887418,-0.04799705148362872
GTEX-13OW5-0126-SM-DTXFS.1,SKIN,64.5,8.2,843.0,0.5319190881296112,-0.04099250951879753
GTEX-13OW5-0326-SM-5L3HK.1,MUSCLE,64.5,5.9,851.0,-0.0095920884240661,0.06917420372586337
GTEX-13OW5-0926-SM-5L3GZ.1,HEART,64.5,6.6,891.0,0.0283214844978182,0.027928613715744028
GTEX-13OW5-1126-SM-5J1NR.1,HEART,64.5,6.1,903.0,-3.055735903924835,0.13344439624613785
GTEX-13OW5-2326-SM-5L3HO.1,SKIN,64.5,8.0,968.0,-0.0469433832286999,-0.037671565272487106
GTEX-13OW5-3126-SM-5MR3Y.1,BRAIN,64.5,7.0,1042.0,0.6593502434299172,-0.19252685221667526
GTEX-13OW6-0011-R10a-SM-5L3HE.1,BRAIN,54.5,7.3,457.0,1.0294289479973509,-0.13694990962130638
GTEX-13OW6-0011-R11a-SM-5L3H2.1,BRAIN,54.5,8.4,457.0,3.6422252359228526,-0.18202950598245227
GTEX-13OW6-0011-R1a-SM-5L3HQ.1,BRAIN,54.5,7.1,457.0,0.3802381194813694,-0.06122817679082898
GTEX-13OW6-0011-R2a-SM-5L3HG.1,BRAIN,54.5,6.5,457.0,0.5810067944968641,-0.0804481302286799
GTEX-13OW6-0011-R4a-SM-5O9DX.1,BRAIN,54.5,5.9,457.0,-1.8532710916865351,-0.02457935516752124
GTEX-13OW6-0011-R5a-SM-5O9BK.1,BRAIN,54.5,8.5,457.0,-0.1368995825605126,0.06655309072868949
GTEX-13OW6-0011-R6b-SM-5L3GR.1,BRAIN,54.5,8.1,457.0,0.9395999990434408,-0.04805857143641789
GTEX-13OW6-0011-R7b-SM-5L3H4.1,BRAIN,54.5,8.0,457.0,-0.1965224178264671,0.04010347854607517
GTEX-13OW6-0011-R8a-SM-5L3GF.1,BRAIN,54.5,7.7,457.0,1.3282066522791194,0.025482472900217767
GTEX-13OW6-0426-SM-5L3HM.1,SKIN,54.5,7.8,558.0,0.1845737540362678,-0.0759881271455953
GTEX-13OW6-0626-SM-5L3IB.1,MUSCLE,54.5,7.7,563.0,0.2276257015257471,0.0014976506121827998
GTEX-13OW6-0926-SM-5L3GM.1,HEART,54.5,7.9,611.0,0.7677227293309767,0.05947689350460123
GTEX-13OW6-1126-SM-5L3HL.1,HEART,54.5,6.6,613.0,-1.324658851978461,-0.12001326868933779
GTEX-13OW6-2626-SM-5IFF2.1,LIVER,54.5,6.8,643.0,0.4440385670752413,-0.006926433625056216
GTEX-13OW6-2726-SM-5J2OE.1,SKIN,54.5,7.8,646.0,0.1300599247763189,-0.07401838870098536
GTEX-13OW6-2926-SM-5KM29.1,BRAIN,54.5,6.5,651.0,2.248392923668651,-0.18729180487461666
GTEX-13OW6-3026-SM-5J2MI.1,BRAIN,54.5,6.5,654.0,1.09892277232613,-0.10628419479740947
GTEX-13OW7-0011-R10a-SM-5L3H3.1,BRAIN,54.5,6.3,610.0,0.8843663437792988,-0.09975414849875136
GTEX-13OW7-0011-R11a-SM-5O9DY.1,BRAIN,54.5,8.2,610.0,1.6534536701503186,-0.21038474149666472
GTEX-13OW7-0011-R1b-SM-5L3HF.1,BRAIN,54.5,6.8,610.0,-1.2750553830689997,0.12515470307398033
GTEX-13OW7-0011-R3a-SM-5O9DA.1,BRAIN,54.5,5.7,610.0,-1.7319898594248666,0.013846458706365937
GTEX-13OW7-0011-R4b-SM-5O9CX.1,BRAIN,54.5,5.8,610.0,-2.133741288388828,0.10842955426555573
GTEX-13OW7-0011-R5b-SM-5O9DM.1,BRAIN,54.5,8.0,610.0,-1.0909602104641385,0.08037551080013815
GTEX-13OW7-0011-R8b-SM-5L3HR.1,BRAIN,54.5,6.7,610.0,0.7462648474869965,0.07514364914608222
GTEX-13OW7-0126-SM-5MR3B.1,SKIN,54.5,7.3,802.0,-0.7847111474428045,-0.04202622524363886
GTEX-13OW7-0326-SM-5J1MP.1,MUSCLE,54.5,8.2,807.0,-0.3866967768008726,-0.02475869293985835
GTEX-13OW7-0426-SM-5K7VK.1,SKIN,54.5,7.9,809.0,-0.1166174653004803,-0.036893485021527346
GTEX-13OW7-1626-SM-5IJDH.1,HEART,54.5,7.0,911.0,2.4414451935838746,0.040599517025509804
GTEX-13OW7-2926-SM-5MR3Z.1,BRAIN,54.5,6.2,942.0,0.5625575443437666,-0.15971251487716384
GTEX-13OW7-3026-SM-5L3GY.1,BRAIN,54.5,6.0,945.0,-1.1842606627092758,0.0175262427760901
GTEX-13OW8-0011-R10a-SM-5L3H6.1,BRAIN,64.5,7.2,745.0,0.1687571913844511,-0.04239095610705639
GTEX-13OW8-0011-R11a-SM-5L3GT.1,BRAIN,64.5,7.5,745.0,0.3851807807359124,-0.21321998939297124
GTEX-13OW8-0011-R1a-SM-5L3HI.1,BRAIN,64.5,6.5,745.0,-2.0793269637747587,-0.00901758716779842
GTEX-13OW8-0011-R2a-SM-5L3G2.1,BRAIN,64.5,6.7,745.0,-1.3772043719885692,-0.0773548121339967
GTEX-13OW8-0011-R3a-SM-5L3I4.1,BRAIN,64.5,6.6,745.0,-0.372691693872697,0.005532643296352948
GTEX-13OW8-0011-R4a-SM-9WG6V.1,BRAIN,64.5,6.3,745.0,-1.6769252431596129,0.08021773873238985
GTEX-13OW8-0011-R5b-SM-5L3FQ.1,BRAIN,64.5,7.3,745.0,-0.5459526083172094,0.03429762035591861
GTEX-13OW8-0011-R6b-SM-5L3I3.1,BRAIN,64.5,6.9,745.0,-1.728567816504735,0.061249045573974606
GTEX-13OW8-0011-R7a-SM-5L3FP.1,BRAIN,64.5,7.0,745.0,-1.7592666412508298,0.060174632058413044
GTEX-13OW8-0011-R8a-SM-5L3G5.1,BRAIN,64.5,6.7,745.0,-2.5693225907025807,0.053839883511090904
GTEX-13OW8-1026-SM-5J1NQ.1,SKIN,64.5,7.3,1078.0,0.2649428793687505,-0.14380607352424846
GTEX-13OW8-1326-SM-5J1OW.1,SKIN,64.5,7.4,1093.0,0.0465902987531828,-0.16979337309433912
GTEX-13OW8-1426-SM-5IJDT.1,MUSCLE,64.5,8.4,1096.0,-0.0347044118623023,-0.0951382753384926
GTEX-13OW8-2126-SM-5J1OS.1,HEART,64.5,6.6,1127.0,-2.373719679672917,0.05179171598426065
GTEX-13OW8-2826-SM-5L3GC.1,BRAIN,64.5,5.9,1245.0,0.5125857710749241,0.03939651050349852
GTEX-13OW8-2926-SM-5L3FV.1,BRAIN,64.5,5.9,1241.0,0.4593854161030903,-0.20104122195096047
GTEX-13PDP-0011-R1a-SM-5PNX5.1,BRAIN,64.5,7.1,789.0,-2.140748669947728,0.0008826608763417119
GTEX-13PDP-0011-R2b-SM-5O9DH.1,BRAIN,64.5,5.9,789.0,-2.6651990587124708,0.03461644796987876
GTEX-13PDP-0011-R6b-SM-5O9D5.1,BRAIN,64.5,6.5,789.0,-3.5286571860400304,0.08422397293771865
GTEX-13PDP-0011-R8b-SM-5O9CS.1,BRAIN,64.5,6.7,789.0,-1.7796227219421832,0.09775726792007854
GTEX-13PDP-0126-SM-5L3HD.1,SKIN,64.5,6.7,842.0,0.7096288443361985,-0.17997427754536316
GTEX-13PDP-0326-SM-5K7XP.1,MUSCLE,64.5,6.9,848.0,0.4757314107563125,-0.11093116326249544
GTEX-13PDP-0726-SM-5L3HP.1,SKIN,64.5,7.5,854.0,-0.2154145722972044,-0.07469078444409351
GTEX-13PDP-1326-SM-5K7U9.1,HEART,64.5,5.8,864.0,-0.5395428329769018,-0.07695050674388895
GTEX-13PDP-2926-SM-5N9E8.1,BRAIN,64.5,5.7,898.0,-0.5183898068122758,-0.1713892844371881
GTEX-13PL6-0011-R5b-SM-5O9BI.1,BRAIN,44.5,6.7,565.0,-2.716906561598412,0.08847413371995606
GTEX-13PL6-0011-R6a-SM-5O9C5.1,BRAIN,44.5,6.8,565.0,-3.6110435654748345,0.12112244085890297
GTEX-13PL6-0011-R9b-SM-5O9CH.1,BRAIN,44.5,6.1,565.0,-2.4345743136702294,0.08276909635120756
GTEX-13PL6-0326-SM-5IJCP.1,MUSCLE,44.5,8.6,653.0,1.3745705581284546,-0.08284063012357779
GTEX-13PL6-0826-SM-5IJBI.1,HEART,44.5,5.9,681.0,0.0595452806664929,-0.05903591653751026
GTEX-13PL6-1126-SM-5L3IE.1,SKIN,44.5,7.0,711.0,-0.5174017333702481,0.027198145438028395
GTEX-13PL6-3126-SM-5LUAR.1,BRAIN,44.5,5.7,772.0,-0.3416511537098195,-0.04248900211718451
GTEX-13PL7-0626-SM-5IJCD.1,MUSCLE,64.5,8.5,154.0,-1.8430348534673389,-0.0825566805607489
GTEX-13PL7-0726-SM-5KM1S.1,HEART,64.5,8.9,156.0,-0.8031946338304438,-0.03768449176682394
GTEX-13PLJ-0011-R11b-SM-5O9BS.1,BRAIN,64.5,7.2,1128.0,-1.4804767520822255,-0.13392182861228652
GTEX-13PLJ-0011-R3a-SM-5O9DT.1,BRAIN,64.5,6.3,1128.0,-2.67693082494102,0.06154937044686567
GTEX-13PLJ-0011-R5a-SM-5O9BG.1,BRAIN,64.5,7.8,1128.0,-2.4280820962338767,0.12738878273380944
GTEX-13PLJ-0011-R9b-SM-5O9DV.1,BRAIN,64.5,7.2,1128.0,1.6203618753754747,0.07226692328715632
GTEX-13PLJ-0326-SM-5L3I7.1,MUSCLE,64.5,7.3,986.0,-0.8854595826454934,-0.14192620077287618
GTEX-13PVQ-0011-R11a-SM-5O9DU.1,BRAIN,54.5,6.8,730.0,-0.8365343910642918,-0.1399422417098649
GTEX-13PVQ-0011-R3b-SM-5O9D6.1,BRAIN,54.5,6.5,730.0,-1.6667115126833645,0.012233596348491646
GTEX-13PVQ-0011-R4a-SM-5O9CT.1,BRAIN,54.5,6.3,730.0,-1.933516337618688,0.08186224303277051
GTEX-13PVQ-0011-R5b-SM-5O9DI.1,BRAIN,54.5,7.0,730.0,-1.916809538078271,0.06253587440778013
GTEX-13PVQ-0011-R7a-SM-5L3G3.1,BRAIN,54.5,6.7,730.0,-1.0401703713423678,0.16959067164437486
GTEX-13PVQ-0011-R9b-SM-5LU3B.1,BRAIN,54.5,6.0,730.0,-0.949524690151046,0.09270710382051942
GTEX-13PVQ-0126-SM-5SIB4.1,SKIN,54.5,7.4,846.0,1.6170785683579776,0.2315930263300974
GTEX-13PVQ-0326-SM-5K7YF.1,MUSCLE,54.5,8.4,869.0,-0.5519142436443858,0.21248002830405505
GTEX-13PVQ-0626-SM-5LU47.1,SKIN,54.5,7.1,890.0,-0.7313261625065549,-0.06068236021887355
GTEX-13PVQ-1226-SM-5IJDC.1,HEART,54.5,7.3,908.0,-0.4471016236980798,0.11819381200769472
GTEX-13PVQ-1326-SM-5LU4J.1,HEART,54.5,6.7,910.0,1.2367907733411196,0.16349218359330864
GTEX-13PVQ-1526-SM-5IFEQ.1,LIVER,54.5,6.2,913.0,-0.3706764947011438,0.23494060861705535
GTEX-13PVQ-2926-SM-5L3HJ.1,BRAIN,54.5,5.8,938.0,-0.7374057678326188,-0.11545579507604652
GTEX-13PVQ-3026-SM-5SI93.1,BRAIN,54.5,5.8,940.0,-0.8442232154357827,-0.01828284877282642
GTEX-13PVR-0126-SM-5S2PY.1,LIVER,64.5,8.7,106.0,0.5259430386838245,-0.00030026675656067694
GTEX-13PVR-0426-SM-5RQK2.1,SKIN,64.5,8.1,113.0,-0.7269535380522054,-0.148655807828945
GTEX-13PVR-0926-SM-5S2RB.1,HEART,64.5,7.9,121.0,-0.0813306796641172,0.09170270879095455
GTEX-13PVR-1026-SM-5QGQW.1,HEART,64.5,8.6,124.0,-0.3049999289430474,0.05300875816850135
GTEX-13PVR-2326-SM-5QGR1.1,SKIN,64.5,7.6,242.0,-0.5651842193314994,-0.07351207324646117
GTEX-13PVR-2526-SM-5RQIT.1,MUSCLE,64.5,7.9,246.0,-0.7160371346999744,0.0662686354532663
GTEX-13QBU-0226-SM-5LU48.1,HEART,44.5,8.3,105.0,-0.2043460406017152,-0.07357727266456843
GTEX-13QBU-0426-SM-5J2O4.1,HEART,44.5,9.2,114.0,0.7174841519707729,-0.03538812687348814
GTEX-13QBU-1226-SM-5LU4G.1,SKIN,44.5,6.7,187.0,-0.850541207958135,0.1081691835056352
GTEX-13QBU-2426-SM-5LU4L.1,MUSCLE,44.5,7.6,276.0,-0.2922402696891574,-0.06421770331585872
GTEX-13QIC-0011-R10a-SM-5O9C7.1,BRAIN,64.5,7.9,619.0,1.2009525467688191,-0.10263299475712422
GTEX-13QIC-0011-R11b-SM-5O9BU.1,BRAIN,64.5,7.3,619.0,-0.0006982866098428,-0.23166221465102524
GTEX-13QIC-0011-R1a-SM-5O9CJ.1,BRAIN,64.5,7.3,619.0,-0.2345223296563603,-0.010217538622651602
GTEX-13QIC-0011-R3a-SM-5P9HT.1,BRAIN,64.5,6.3,619.0,0.001687658004199,-0.033220784536748094
GTEX-13QIC-0011-R4a-SM-5PNX8.1,BRAIN,64.5,5.9,619.0,-0.5434574579410486,0.07352206547321413
GTEX-13QIC-0011-R8b-SM-5O9CV.1,BRAIN,64.5,7.1,619.0,0.2245148435111436,0.013719806132733528
GTEX-13QIC-1226-SM-5K7YR.1,MUSCLE,64.5,7.9,820.0,0.4249372150227626,0.13751488075786822
GTEX-13QIC-2926-SM-5J2NF.1,BRAIN,64.5,6.2,880.0,-0.0611422893143178,-0.04259818364833815
GTEX-13QIC-3026-SM-5LU58.1,BRAIN,64.5,6.8,881.0,1.944614413867753,-0.15180355234927323
GTEX-13QJ3-0326-SM-5S2RA.1,SKIN,54.5,6.6,619.0,-1.0159465166657196,-0.14216443374167742
GTEX-13QJ3-0726-SM-5SI68.1,MUSCLE,54.5,8.1,661.0,-1.2077330419138417,-0.03394255495025885
GTEX-13QJC-0011-R10a-SM-5SI63.1,BRAIN,64.5,7.5,1010.0,0.3297354603347668,-0.08313091451399054
GTEX-13QJC-0011-R1b-SM-5S2UU.1,BRAIN,64.5,6.7,1010.0,-1.4058740349682268,0.05889269996211081
GTEX-13QJC-0011-R2b-SM-5PNUN.1,BRAIN,64.5,6.7,1010.0,-0.7663267919801591,0.012756171799504999
GTEX-13QJC-0011-R6a-SM-5S2VI.1,BRAIN,64.5,6.6,1010.0,-0.7186136336892348,0.08175046899210955
GTEX-13QJC-0011-R7b-SM-5PNUM.1,BRAIN,64.5,7.1,1010.0,-2.2111203706530045,0.06098608324329219
GTEX-13QJC-0011-R8b-SM-5S2U6.1,BRAIN,64.5,6.3,1010.0,-2.605062512742512,0.056156248748139126
GTEX-13QJC-0011-R9b-SM-5PNX3.1,BRAIN,64.5,6.8,1010.0,-1.2281822067562314,0.009849197813447825
GTEX-13QJC-0126-SM-5ZZWJ.1,SKIN,64.5,7.4,1037.0,-0.1818872764140371,-0.0017507086993589994
GTEX-13QJC-0726-SM-5RQJK.1,LIVER,64.5,6.7,1063.0,-1.439169787825291,0.03554475447583553
GTEX-13QJC-3226-SM-5ZZWI.1,BRAIN,64.5,6.5,1164.0,-0.6203327673089379,0.013693637723481675
GTEX-13RTJ-0011-R10b-SM-5O9CW.1,BRAIN,64.5,7.5,835.0,1.494610224890756,-0.06726480007649814
GTEX-13RTJ-0011-R11a-SM-5O9CK.1,BRAIN,64.5,7.7,835.0,1.5238117881805415,-0.24667520891160769
GTEX-13RTJ-0011-R1a-SM-5O9D9.1,BRAIN,64.5,7.6,835.0,1.414228252783556,0.07390279503066151
GTEX-13RTJ-0011-R2a-SM-5PNW9.1,BRAIN,64.5,7.0,835.0,-0.132527255246816,-0.06795287058182235
GTEX-13RTJ-0011-R3a-SM-5PNX7.1,BRAIN,64.5,7.5,835.0,0.0254904574094265,-0.0703859739193631
GTEX-13RTJ-0011-R4b-SM-5PNX1.1,BRAIN,64.5,7.2,835.0,-0.6055769087068099,-0.03296492319201309
GTEX-13RTJ-0011-R5a-SM-5P9HR.1,BRAIN,64.5,8.1,835.0,0.3582777577667214,-0.0010480619476007707
GTEX-13RTJ-0011-R6a-SM-5SI74.1,BRAIN,64.5,8.5,835.0,0.638059614681985,-0.005872785569154815
GTEX-13RTJ-0011-R7b-SM-5P9JS.1,BRAIN,64.5,9.1,835.0,0.8154145867248189,-0.08413688221213687
GTEX-13RTJ-0011-R8b-SM-5O9DL.1,BRAIN,64.5,7.6,835.0,0.7673572657461307,0.06203085550693509
GTEX-13RTJ-0011-R9a-SM-5Q5AY.1,BRAIN,64.5,7.6,835.0,2.302610115019232,0.08913880956891607
GTEX-13RTJ-0126-SM-5S2NN.1,SKIN,64.5,4.6,854.0,-0.3674002292898166,-0.10330676674817667
GTEX-13RTJ-0526-SM-62LDP.1,HEART,64.5,5.7,878.0,-1.4369404683523168,0.1092141217982391
GTEX-13RTJ-0726-SM-5QGQN.1,HEART,64.5,6.7,886.0,-1.200565447884366,0.08923092920967336
GTEX-13RTJ-2426-SM-5S2Q2.1,SKIN,64.5,6.7,930.0,-0.7842746624744747,-0.05483078141279897
GTEX-13RTJ-2726-SM-73KVG.1,MUSCLE,64.5,8.2,933.0,0.78126322268111,0.1767520316328447
GTEX-13RTJ-3126-SM-5S2Q4.1,BRAIN,64.5,6.6,987.0,0.6793234849278214,-0.21928636571862614
GTEX-13RTK-1426-SM-5QGQJ.1,SKIN,24.5,7.7,1729.0,-1.0495291600275751,-0.09788731822391585
GTEX-13RTK-1626-SM-5QGQS.1,MUSCLE,24.5,8.5,1738.0,-1.6310784742809885,-0.011831584481174278
GTEX-13RTL-0011-R1a-SM-5PNZ8.1,BRAIN,44.5,6.0,1290.0,-2.150584348409708,0.1889852582143884
GTEX-13RTL-0011-R3a-SM-5P9JP.1,BRAIN,44.5,6.2,1290.0,-2.9961204797811867,0.08569382558225078
GTEX-13RTL-0011-R9a-SM-5Q5BR.1,BRAIN,44.5,5.7,1290.0,-3.5553304874553504,0.1604133046210469
GTEX-13RTL-0126-SM-7LG5S.1,SKIN,44.5,7.6,1310.0,-0.198745588255415,-0.07094404709619723
GTEX-13RTL-0326-SM-7LT89.1,MUSCLE,44.5,7.8,1318.0,-0.3132900725772617,0.10790070935352335
GTEX-13S7M-0011-R10b-SM-5PNZB.1,BRAIN,64.5,7.6,505.0,0.831776662266088,-0.12656460992214025
GTEX-13S7M-0011-R11b-SM-5P9HU.1,BRAIN,64.5,8.1,505.0,1.7520967442086646,-0.19513308935013288
GTEX-13S7M-0011-R1b-SM-5PNZE.1,BRAIN,64.5,6.3,505.0,-1.3018793158798652,-0.06589510734738083
GTEX-13S7M-0011-R3a-SM-5PNX2.1,BRAIN,64.5,7.2,505.0,-0.8145755634402627,-0.04207904325408479
GTEX-13S7M-0011-R5b-SM-5P9HS.1,BRAIN,64.5,7.3,505.0,-1.3200058409539623,0.01144048425026485
GTEX-13S7M-0011-R6b-SM-5O9D8.1,BRAIN,64.5,6.4,505.0,-1.7225246712516542,0.007791521243533375
GTEX-13S7M-0011-R7a-SM-5O9DK.1,BRAIN,64.5,7.0,505.0,-1.9301418035315647,0.010065041961395337
GTEX-13S7M-0011-R9a-SM-5O9DW.1,BRAIN,64.5,6.3,505.0,-1.621669175412547,0.016050760652032814
GTEX-13S7M-0126-SM-5SI6A.1,SKIN,64.5,7.3,575.0,-0.850134053883524,-0.10019967201122844
GTEX-13S7M-0326-SM-5S2PH.1,MUSCLE,64.5,8.5,581.0,0.4866181190578864,0.054719449417581376
GTEX-13S7M-3026-SM-5S2QQ.1,BRAIN,64.5,6.7,641.0,1.709015438871574,-0.18341247516875475
GTEX-13S7M-3126-SM-5RQJQ.1,BRAIN,64.5,8.0,645.0,-0.6539118680858063,-0.048810126556331726
GTEX-13S86-0226-SM-5S2PJ.1,HEART,44.5,8.1,142.0,0.8071590416263978,-0.06186489833259679
GTEX-13S86-0326-SM-5SI6K.1,HEART,44.5,9.6,147.0,1.2616292897727377,0.06552475651808451
GTEX-13S86-2326-SM-5RQK1.1,MUSCLE,44.5,8.2,261.0,0.9187510684778742,0.057708853150472354
GTEX-13SLW-0011-R10a-SM-5S2UI.1,BRAIN,74.5,7.0,1015.0,-0.0497367913232062,0.0921758527096962
GTEX-13SLW-0011-R11a-SM-5SI8Q.1,BRAIN,74.5,7.4,1015.0,1.5641327098775082,-0.13115908675952348
GTEX-13SLW-0011-R1a-SM-5S2W7.1,BRAIN,74.5,6.8,1015.0,-1.9287943684181896,0.09362006438617763
GTEX-13SLW-0011-R2b-SM-5O9C6.1,BRAIN,74.5,6.2,1015.0,-1.8393254688720997,0.10106912708611505
GTEX-13SLW-0011-R3b-SM-5SI6Y.1,BRAIN,74.5,7.6,1015.0,-1.299733445279364,0.041131544526788265
GTEX-13SLW-0011-R4b-SM-5S2W2.1,BRAIN,74.5,6.8,1015.0,-1.7530787510924242,0.0843710014532637
GTEX-13SLW-0011-R5b-SM-5SI6Z.1,BRAIN,74.5,8.0,1015.0,-0.7157665670381365,0.06856269193115314
GTEX-13SLW-0011-R6a-SM-5O9BH.1,BRAIN,74.5,6.4,1015.0,-2.416358629421098,0.15070858612970517
GTEX-13SLW-0011-R8b-SM-5SI64.1,BRAIN,74.5,8.0,1015.0,0.3448548977008036,0.153420379541332
GTEX-13SLW-0011-R9a-SM-5O9BT.1,BRAIN,74.5,7.6,1015.0,-0.6707226017964286,0.043022165021999355
GTEX-13SLW-0126-SM-5SI6C.1,SKIN,74.5,6.1,1187.0,-0.9702311789707794,-0.1656958527320118
GTEX-13SLW-0326-SM-5RQK5.1,MUSCLE,74.5,7.4,1188.0,0.2711386011745438,-0.08281814298642345
GTEX-13SLW-0626-SM-5Q5ER.1,SKIN,74.5,7.0,1232.0,-0.6589909921949317,0.025968115546538224
GTEX-13SLW-0826-SM-5QGP7.1,HEART,74.5,7.4,1236.0,0.2746362226693797,-0.024733350578352548
GTEX-13SLX-0011-R10a-SM-5P9HV.1,BRAIN,54.5,6.9,934.0,1.3922927389733857,-0.050190344343525435
GTEX-13SLX-0011-R11b-SM-5O9C8.1,BRAIN,54.5,8.3,934.0,3.3540447051680378,-0.14766657770168554
GTEX-13SLX-0011-R2b-SM-5S2VP.1,BRAIN,54.5,6.5,934.0,0.1125037230605294,0.028934979604077274
GTEX-13SLX-0011-R4a-SM-5O9BJ.1,BRAIN,54.5,6.1,934.0,-0.9944528828940492,0.08719047458807498
GTEX-13SLX-0011-R5a-SM-5O9BV.1,BRAIN,54.5,7.9,934.0,-0.2747186959670844,0.03332077532001673
GTEX-13SLX-0011-R6a-SM-5PNX4.1,BRAIN,54.5,7.8,934.0,0.4328536754490274,0.1338772736129877
GTEX-13SLX-0011-R8b-SM-5PNWZ.1,BRAIN,54.5,6.7,934.0,0.4191695049308969,0.09315580692135109
GTEX-13SLX-0011-R9b-SM-5SI6X.1,BRAIN,54.5,8.1,934.0,0.9836022807369272,0.12993084113433304
GTEX-13SLX-0326-SM-5Q5E4.1,MUSCLE,54.5,8.2,1061.0,0.8997737281722412,0.038275665208754445
GTEX-13SLX-0526-SM-5S2ON.1,SKIN,54.5,8.0,1063.0,1.4442365667093775,-0.05268917350781697
GTEX-13SLX-0926-SM-5S2NM.1,HEART,54.5,7.1,1081.0,2.707948410297309,0.16904483377455548
GTEX-13SLX-1026-SM-5ZZUQ.1,HEART,54.5,6.5,1082.0,0.9927693412384976,-0.05864082246947898
GTEX-13SLX-1226-SM-5S2Q6.1,LIVER,54.5,6.1,1101.0,2.821868229497906,0.023701539957787596
GTEX-13SLX-2226-SM-62LEP.1,SKIN,54.5,6.6,1149.0,-0.4415478757203278,-0.10567542509805465
GTEX-13SLX-3126-SM-5S2Q5.1,BRAIN,54.5,5.7,1205.0,0.6729864786160561,-0.03384722466787512
GTEX-13SLX-3226-SM-5YYA6.1,BRAIN,54.5,7.0,1206.0,2.199082766923856,-0.11601594249091515
GTEX-13U4I-0126-SM-5LU38.1,SKIN,44.5,7.1,396.0,-0.1337808402890609,-0.07177441199350491
GTEX-13U4I-0626-SM-5LU5L.1,HEART,44.5,6.8,416.0,0.7726837023114923,-0.05390936418711391
GTEX-13U4I-0826-SM-5SIBD.1,HEART,44.5,8.9,421.0,1.0724290492240485,-0.06969470846300425
GTEX-13U4I-1826-SM-5IJD2.1,MUSCLE,44.5,8.6,446.0,-0.7540238470973175,-0.00940332719573713
GTEX-13U4I-2226-SM-5LU5H.1,SKIN,44.5,6.7,457.0,-1.4249070680835243,-0.1739831702876441
GTEX-13VXT-0126-SM-5LU4I.1,SKIN,24.5,7.5,438.0,-0.0542508924607062,-0.23077411359877747
GTEX-13VXT-0326-SM-5LU4U.1,MUSCLE,24.5,8.6,462.0,0.3410201831199052,-0.08645814180692873
GTEX-13VXT-0726-SM-5SIAD.1,HEART,24.5,6.7,473.0,-1.1149590280067891,0.04082072841844456
GTEX-13VXT-1126-SM-5LU3A.1,HEART,24.5,8.6,503.0,0.0583273018847456,-0.04093370490832536
GTEX-13VXT-1926-SM-5K7UO.1,SKIN,24.5,6.9,553.0,-0.7446166211601898,-0.012206764857101256
GTEX-13VXU-0011-R11b-SM-5O9DJ.1,BRAIN,54.5,9.5,758.0,2.70294469944186,-0.24810233340755117
GTEX-13VXU-0011-R3b-SM-5O9CU.1,BRAIN,54.5,7.3,758.0,0.4538481555048523,-0.0425428370893557
GTEX-13VXU-0011-R4b-SM-5O9CI.1,BRAIN,54.5,7.3,758.0,-0.2747625454243657,-0.004543417769431084
GTEX-13VXU-0011-R5a-SM-5O9D7.1,BRAIN,54.5,8.8,758.0,-0.6619984355244444,0.02459880445876194
GTEX-13VXU-0011-R6a-SM-5SI71.1,BRAIN,54.5,9.0,758.0,0.5547235256747977,0.002307064629284213
GTEX-13VXU-0011-R7b-SM-5SI72.1,BRAIN,54.5,8.3,758.0,-0.8467563300553556,-0.007421835396853804
GTEX-13VXU-0011-R9b-SM-5SI73.1,BRAIN,54.5,8.1,758.0,0.7904558667417804,0.054488523625638115
GTEX-13VXU-0126-SM-5SI9F.1,SKIN,54.5,7.2,920.0,-0.8154641413904516,-0.06719181980737172
GTEX-13VXU-0326-SM-5LU36.1,MUSCLE,54.5,8.5,926.0,0.7299700023944946,0.010256238853319572
GTEX-13VXU-0626-SM-5L3F9.1,SKIN,54.5,7.6,966.0,0.0712711552967382,-0.2219888266263966
GTEX-13VXU-0926-SM-5IFFH.1,LIVER,54.5,6.1,978.0,-1.3149831157505858,0.10660978462408426
GTEX-13VXU-2926-SM-5LU5C.1,BRAIN,54.5,6.0,1132.0,0.3223276269795775,-0.03464665738230012
GTEX-13VXU-3026-SM-5LU3K.1,BRAIN,54.5,6.0,1136.0,1.768583288190685,-0.15317903410139702
GTEX-13W3W-0426-SM-5SI9D.1,HEART,64.5,8.4,189.0,0.7506284545285287,-0.053832076395256605
GTEX-13W3W-0526-SM-5LU3X.1,HEART,64.5,8.3,190.0,0.0873253925507077,0.0527437522017606
GTEX-13W3W-0726-SM-5IJDQ.1,SKIN,64.5,6.9,196.0,-2.0875221223934632,-0.0699241681642574
GTEX-13W3W-2426-SM-5LU5B.1,SKIN,64.5,6.5,497.0,-1.0322902551981183,-0.19874802531230082
GTEX-13W3W-2626-SM-5SIA2.1,MUSCLE,64.5,7.6,497.0,-0.0775206100078241,0.015042744386683769
GTEX-13W46-0226-SM-5SIAG.1,SKIN,54.5,7.4,493.0,-0.2877369348971036,-0.14951550120002585
GTEX-13W46-0726-SM-5LU3Z.1,MUSCLE,54.5,7.7,544.0,0.7413789868324882,-0.21124505310586325
GTEX-13X6H-0426-SM-5LU4E.1,HEART,54.5,6.7,183.0,-0.1017531563987524,-0.060188923362996465
GTEX-13X6H-0926-SM-5SIB2.1,SKIN,54.5,7.9,208.0,-0.8157494764833498,0.07046683968186562
GTEX-13X6H-2126-SM-7EWD5.1,SKIN,54.5,8.3,399.0,0.0977891991246519,-0.040729663545938176
GTEX-13X6H-2326-SM-7EWEB.1,MUSCLE,54.5,8.2,398.0,-0.4621129209908609,0.11814427490348649
GTEX-13X6I-0011-R10a-SM-5PNWI.1,BRAIN,64.5,7.2,670.0,0.5358230583962379,-0.023332373448404636
GTEX-13X6I-0011-R11a-SM-5P9HN.1,BRAIN,64.5,8.5,670.0,1.248786583737755,-0.20452347538697613
GTEX-13X6I-0011-R1b-SM-5PNZC.1,BRAIN,64.5,6.9,670.0,-0.9117572321550772,-0.017950861688161904
GTEX-13X6I-0011-R2b-SM-5PNWQ.1,BRAIN,64.5,8.4,670.0,-0.8163710661407464,-0.014318342593552653
GTEX-13X6I-0011-R3b-SM-5P9HM.1,BRAIN,64.5,6.9,670.0,-0.076341664144523,1.538199215180808e-05
GTEX-13X6I-0011-R4b-SM-5PNU9.1,BRAIN,64.5,7.8,670.0,-0.4171056008059449,-0.05026678744044261
GTEX-13X6I-0011-R5a-SM-5PNWW.1,BRAIN,64.5,8.5,670.0,0.1400342632463012,0.00590275857382679
GTEX-13X6I-0011-R7b-SM-5PNWP.1,BRAIN,64.5,6.5,670.0,-0.3356902808826424,0.06428536921982213
GTEX-13X6I-0011-R8a-SM-5PNZF.1,BRAIN,64.5,6.7,670.0,-0.4675231568471094,0.00014494439075901576
GTEX-13X6I-0011-R9b-SM-5PNZJ.1,BRAIN,64.5,8.3,670.0,-1.004773455801636,-0.030646536120922566
GTEX-13X6I-0526-SM-5QGP8.1,MUSCLE,64.5,7.1,805.0,-0.1722218328025014,-0.17222379064488813
GTEX-13X6I-0626-SM-5QGP9.1,SKIN,64.5,7.8,807.0,0.675583280990216,-0.2978501230094781
GTEX-13X6I-1426-SM-5SI9Z.1,HEART,64.5,6.8,824.0,-0.6069069695282152,0.024938468806765146
GTEX-13X6I-1826-SM-5SIAO.1,SKIN,64.5,6.9,833.0,-0.288464657598154,-0.2108181800739172
GTEX-13X6I-2926-SM-5Q5C3.1,BRAIN,64.5,7.0,861.0,1.909874397659674,-0.08527007524359907
GTEX-13X6J-0011-R10b-SM-5PNWA.1,BRAIN,54.5,8.8,1174.0,0.1699021683430396,-0.07093216991257807
GTEX-13X6J-0011-R11a-SM-5P9HE.1,BRAIN,54.5,9.1,1174.0,2.3513826927135906,-0.16505132633713968
GTEX-13X6J-0011-R3b-SM-5P9K5.1,BRAIN,54.5,7.4,1174.0,-0.0540695931826347,-0.02549875379416075
GTEX-13X6J-0011-R4b-SM-5P9K4.1,BRAIN,54.5,6.5,1174.0,-0.865653896075331,0.03401688355125946
GTEX-13X6J-0011-R5b-SM-5PNWT.1,BRAIN,54.5,8.5,1174.0,-0.8501039894487984,0.0117345840323809
GTEX-13X6J-0011-R6a-SM-5PNUB.1,BRAIN,54.5,8.3,1174.0,-0.1185697969998692,-0.02271687251649584
GTEX-13X6J-0011-R7b-SM-5PNUC.1,BRAIN,54.5,8.7,1174.0,-0.830020956766654,0.05108129802542226
GTEX-13X6J-0011-R8b-SM-5PNUA.1,BRAIN,54.5,7.4,1174.0,-1.1070722512092486,0.024343929137432385
GTEX-13X6J-0126-SM-5QGOU.1,SKIN,54.5,7.8,1251.0,-1.2759890954395263,-0.11521349995454984
GTEX-13X6J-0326-SM-7EPGD.1,MUSCLE,54.5,8.9,1257.0,-0.0193465972846924,0.01052814894619154
GTEX-13X6J-0626-SM-5LU5F.1,SKIN,54.5,7.2,1308.0,0.0912648744032597,-0.12067729575216711
GTEX-13X6J-1226-SM-79OMF.1,HEART,54.5,7.3,1326.0,-1.131176269705311,-0.006516713332429517
GTEX-13X6J-1826-SM-5TDCT.1,LIVER,54.5,5.7,1338.0,-3.915578607729396,0.06457609713911197
GTEX-13X6J-2926-SM-7EPGP.1,BRAIN,54.5,7.6,1386.0,1.777678125736549,-0.09542954672225691
GTEX-13X6J-3026-SM-5Q5CU.1,BRAIN,54.5,6.2,1389.0,-0.8968993227756921,0.02483184399877282
GTEX-13X6K-0011-R10a-SM-5P9JR.1,BRAIN,64.5,9.1,875.0,2.0565975884654373,-0.0379827896751425
GTEX-13X6K-0011-R11a-SM-5P9F5.1,BRAIN,64.5,8.4,875.0,3.0589870770421523,-0.16283425477310493
GTEX-13X6K-0011-R2b-SM-5P9K3.1,BRAIN,64.5,6.7,875.0,-0.8295943527348927,0.0745769827613718
GTEX-13X6K-0011-R3b-SM-5PNUD.1,BRAIN,64.5,8.2,875.0,1.6114405192136785,0.06869199923966111
GTEX-13X6K-0011-R4b-SM-5P9HO.1,BRAIN,64.5,6.7,875.0,-0.1099122370689493,0.0031201673854763974
GTEX-13X6K-0011-R5b-SM-5PNUE.1,BRAIN,64.5,8.1,875.0,0.4514850382508277,0.05918049368715264
GTEX-13X6K-0011-R6a-SM-5P9K6.1,BRAIN,64.5,8.3,875.0,1.0142119758376444,0.02902441682149097
GTEX-13X6K-0011-R7b-SM-5P9K7.1,BRAIN,64.5,8.2,875.0,-0.4374828198003293,0.08847040664726567
GTEX-13X6K-0011-R8b-SM-5PNZ4.1,BRAIN,64.5,9.2,875.0,1.9145767418588284,0.1676349751958882
GTEX-13X6K-0326-SM-5Q5D6.1,MUSCLE,64.5,8.7,967.0,0.6103057347868251,0.0360987000907189
GTEX-13X6K-0626-SM-5LU5D.1,SKIN,64.5,7.8,972.0,0.4110392630051385,-0.22761223907097666
GTEX-13X6K-1726-SM-7IGLG.1,HEART,64.5,7.1,994.0,0.9476857794863364,-0.016513335326203766
GTEX-13X6K-1826-SM-5O9CR.1,HEART,64.5,6.9,995.0,-1.0573877457512093,0.09095145583950452
GTEX-13X6K-2826-SM-5O9DS.1,BRAIN,64.5,7.1,1017.0,1.4219552256039512,-0.15044883489593092
GTEX-13X6K-2926-SM-5Q5D5.1,BRAIN,64.5,6.5,1020.0,-0.4312402977346908,-0.053875798251465476
GTEX-13YAN-0226-SM-5TDC6.1,SKIN,64.5,5.7,477.0,1.2485668216038728,0.06576078539110883
GTEX-13YAN-0326-SM-5O9DF.1,SKIN,64.5,8.2,601.0,0.028498606585304,0.0016685010913529998
GTEX-13YAN-0526-SM-5O9BE.1,MUSCLE,64.5,7.3,608.0,0.1073852866999451,-0.006502210582209926
GTEX-13YAN-1326-SM-5Q5F1.1,HEART,64.5,6.3,635.0,-2.7911990974109093,0.07975581606601881
GTEX-13YAN-1426-SM-7EPG8.1,HEART,64.5,5.8,635.0,-0.8656386280335635,0.14379416908388545
GTEX-1445S-0011-R10a-SM-5PNWB.1,BRAIN,64.5,7.4,618.0,-1.0684199326682216,-0.01636122636504774
GTEX-1445S-0011-R2b-SM-5PNUH.1,BRAIN,64.5,7.0,618.0,-0.8134771002519979,-0.07546710172995334
GTEX-1445S-0011-R3a-SM-5P9HY.1,BRAIN,64.5,6.0,618.0,-1.8304229742935971,0.01662452057613516
GTEX-1445S-0011-R4a-SM-5PNWN.1,BRAIN,64.5,6.5,618.0,-2.216567279463259,0.06899012065563305
GTEX-1445S-0011-R5a-SM-5PNUS.1,BRAIN,64.5,7.1,618.0,-2.2342941239255527,0.05893730596231293
GTEX-1445S-0011-R6b-SM-5PNUF.1,BRAIN,64.5,7.4,618.0,-2.027824916816181,0.08416276802826557
GTEX-1445S-0011-R7b-SM-5PNUG.1,BRAIN,64.5,7.5,618.0,-1.669560992508876,-0.010012373014220853
GTEX-1445S-0011-R8a-SM-5PNWX.1,BRAIN,64.5,7.0,618.0,-1.787916329281025,0.058934745014473384
GTEX-1445S-0626-SM-5LU3C.1,MUSCLE,64.5,7.9,773.0,1.1993354886779577,0.10536881037098281
GTEX-1445S-1226-SM-5O9BF.1,HEART,64.5,7.4,810.0,2.378006045823772,0.020069416096388782
GTEX-1445S-3026-SM-5O9BR.1,BRAIN,64.5,6.1,894.0,-1.2755545362802507,-0.011748698184365287
GTEX-144FL-0126-SM-5TDC8.1,SKIN,54.5,7.9,985.0,-1.3695232347015422,-0.02021565148388019
GTEX-144FL-0326-SM-5O99O.1,MUSCLE,54.5,7.7,992.0,0.6449372756833117,-0.10499890008139101
GTEX-144FL-0626-SM-5LU43.1,SKIN,54.5,6.3,1008.0,-1.322922868812567,-0.03521660682411171
GTEX-144FL-3026-SM-5O99C.1,BRAIN,54.5,6.5,1122.0,0.5627932169209326,0.09878008294953194
GTEX-144FL-3126-SM-5TDCX.1,BRAIN,54.5,7.0,1125.0,6.472935738390007,0.12784831844792438
GTEX-144GL-0011-R11b-SM-5P9F6.1,BRAIN,54.5,7.9,549.0,2.2832560347684003,-0.2120065075201209
GTEX-144GL-0011-R1a-SM-5PNZ5.1,BRAIN,54.5,7.3,549.0,0.7127310814279998,0.04139854944021182
GTEX-144GL-0011-R3a-SM-5P9HP.1,BRAIN,54.5,7.0,549.0,-0.3223792700102398,-0.011265891049198737
GTEX-144GL-0011-R4a-SM-5PNUI.1,BRAIN,54.5,6.1,549.0,-2.961388950102485,0.05260196914211537
GTEX-144GL-0011-R5b-SM-5PNUJ.1,BRAIN,54.5,7.4,549.0,-2.3674149154589923,0.0969370841481956
GTEX-144GL-0011-R6a-SM-5P9HW.1,BRAIN,54.5,7.2,549.0,-0.6715845856568271,0.020324922195119926
GTEX-144GL-0011-R7b-SM-5P9HX.1,BRAIN,54.5,6.8,549.0,-1.6230897786906948,0.0882675675787274
GTEX-144GL-0011-R8a-SM-5Q5B1.1,BRAIN,54.5,6.2,549.0,-0.3137466136883063,0.18831025590638287
GTEX-144GL-0126-SM-5TDE2.1,SKIN,54.5,7.8,648.0,0.5195747928319927,-0.18294333999524867
GTEX-144GL-0326-SM-5QGOY.1,MUSCLE,54.5,8.0,660.0,-0.1853353498953443,0.008555824154106087
GTEX-144GL-0626-SM-5LU4D.1,SKIN,54.5,7.7,690.0,0.9421570183589364,0.09902643714130306
GTEX-144GL-1026-SM-5O99R.1,HEART,54.5,5.7,745.0,0.5037748716117056,-0.04584730826579229
GTEX-144GL-1426-SM-79OMA.1,LIVER,54.5,6.4,750.0,-2.356296928196409,0.007822904908507157
GTEX-144GL-2926-SM-5O99F.1,BRAIN,54.5,7.0,800.0,0.7855824482453868,-0.20624627675392712
GTEX-144GL-3026-SM-5Q5CW.1,BRAIN,54.5,6.7,803.0,-0.0696308313657715,0.0067699916375492135
GTEX-144GM-0526-SM-79OJO.1,SKIN,24.5,7.2,201.0,-0.7936163071954343,-0.01781909225497259
GTEX-144GM-1326-SM-5LU5E.1,LIVER,24.5,7.3,265.0,0.9316738586326104,0.18064060152373454
GTEX-144GM-2026-SM-5LU3D.1,MUSCLE,24.5,7.4,353.0,-2.165768833974195,0.030830024060398326
GTEX-144GN-2326-SM-5LU4F.1,SKIN,54.5,6.8,251.0,-1.80452788653706,-0.13677366516963155
GTEX-144GN-2426-SM-5LU4R.1,MUSCLE,54.5,8.2,257.0,-1.302967057628298,-0.13411283894026138
GTEX-144GO-0011-R1a-SM-5PNWO.1,BRAIN,64.5,6.1,1195.0,-3.672981904591204,-0.08853442252148663
GTEX-144GO-0011-R5a-SM-5PNUR.1,BRAIN,64.5,6.9,1195.0,-1.3465336562058954,0.03445760484541009
GTEX-144GO-0011-R6b-SM-5S2V7.1,BRAIN,64.5,5.8,1195.0,-0.3199765189918139,0.0023843420953734273
GTEX-144GO-0011-R7b-SM-5S2TT.1,BRAIN,64.5,5.7,1195.0,-3.4184473215392,0.057334281464292945
GTEX-144GO-1326-SM-5Q5EL.1,MUSCLE,64.5,8.2,1308.0,1.334754595920297,0.09582434730767768
GTEX-144GO-2026-SM-5O99P.1,SKIN,64.5,7.2,1318.0,0.3599525427873556,-0.24159637667491385
GTEX-145LS-0011-R10a-SM-5PNUQ.1,BRAIN,64.5,7.2,767.0,0.3328160268176921,-0.07136855136982383
GTEX-145LS-0011-R1b-SM-5PNUP.1,BRAIN,64.5,6.5,767.0,-0.8490015598651166,-0.00786079840553634
GTEX-145LS-0011-R2a-SM-5PNZI.1,BRAIN,64.5,7.2,767.0,0.4125392804628432,-0.07804627679768539
GTEX-145LS-0011-R3a-SM-5S2VJ.1,BRAIN,64.5,6.4,767.0,0.2782600493558853,-0.0010516294194303903
GTEX-145LS-0011-R4b-SM-5S2UT.1,BRAIN,64.5,5.7,767.0,-0.3097691246328479,0.027574940666089228
GTEX-145LS-0011-R5a-SM-5SI65.1,BRAIN,64.5,8.2,767.0,-0.3030141551481461,0.07421925119432096
GTEX-145LS-0011-R6b-SM-5PNWL.1,BRAIN,64.5,8.0,767.0,0.9697313533149404,-0.0016554423728189582
GTEX-145LS-0011-R7a-SM-5PNWM.1,BRAIN,64.5,8.7,767.0,-0.0998256239745772,0.017038655015903514
GTEX-145LS-0011-R8b-SM-5PNXA.1,BRAIN,64.5,7.9,767.0,1.0572220717557144,0.08799738118729371
GTEX-145LS-0126-SM-5QGP1.1,SKIN,64.5,7.6,848.0,1.3033198060714493,-0.054355049878057886
GTEX-145LS-0526-SM-5LU8Y.1,MUSCLE,64.5,7.8,866.0,1.1140801011856667,0.037588460069812646
GTEX-145LS-0626-SM-7EPG7.1,SKIN,64.5,6.1,869.0,0.1789767963467836,-0.17906984472563317
GTEX-145LS-1326-SM-5Q5EP.1,HEART,64.5,7.6,887.0,0.7772518643498665,0.028322237082566055
GTEX-145LS-3026-SM-5O99S.1,BRAIN,64.5,7.9,922.0,2.1822022510417,-0.1740029813468499
GTEX-145LS-3126-SM-5Q5BY.1,BRAIN,64.5,6.8,925.0,0.6441731360581257,0.027083695853999754
GTEX-145LT-0526-SM-5LUB2.1,SKIN,44.5,6.9,139.0,-1.6665655987513326,-0.1844617312022048
GTEX-145LT-1626-SM-5O992.1,MUSCLE,44.5,8.7,430.0,-0.998317764984001,0.0415059760206347
GTEX-145LT-1726-SM-5QGP3.1,SKIN,44.5,7.2,441.0,0.1481378868710255,-0.047806735302704025
GTEX-145LU-0011-R10a-SM-5PNWJ.1,BRAIN,54.5,7.0,854.0,-0.548685400171775,-0.061840950050635314
GTEX-145LU-0011-R11b-SM-5P9JX.1,BRAIN,54.5,7.8,854.0,1.230262352578729,-0.21367562781856933
GTEX-145LU-0011-R1a-SM-5Q5CE.1,BRAIN,54.5,5.8,854.0,-2.2254252650140387,0.02940671483098171
GTEX-145LU-0011-R3a-SM-5P9K2.1,BRAIN,54.5,6.6,854.0,-1.2083520894342756,-0.018609569694017468
GTEX-145LU-0011-R6a-SM-5S2V6.1,BRAIN,54.5,5.9,854.0,-1.7510898927795595,0.08783970443961231
GTEX-145LU-0011-R8b-SM-5PNZG.1,BRAIN,54.5,6.5,854.0,-0.4546459159545268,-0.022796589173869647
GTEX-145LU-0011-R9b-SM-5SI66.1,BRAIN,54.5,7.8,854.0,1.6538085470103965,0.14083314267857658
GTEX-145LU-0126-SM-5TDCB.1,SKIN,54.5,10.0,951.0,0.2219356260264353,-0.17642761662581746
GTEX-145LU-1326-SM-5LU9N.1,LIVER,54.5,5.8,1033.0,-2.187943969010353,0.03521280645469668
GTEX-145LU-1926-SM-79OJN.1,SKIN,54.5,7.3,1047.0,-0.144002971982756,-0.013943876820126384
GTEX-145LU-2026-SM-5Q5E8.1,MUSCLE,54.5,8.3,1056.0,1.0740490195297698,0.06568963695347567
GTEX-145LU-2626-SM-5LU9Z.1,BRAIN,54.5,6.2,1103.0,1.292936283851603,-0.16411141055136522
GTEX-145LV-0226-SM-5S2QG.1,HEART,54.5,7.2,404.0,-0.3431219709075936,-0.05500752330295963
GTEX-145LV-0326-SM-5Q5BW.1,HEART,54.5,6.0,409.0,-1.1085111324545478,0.004601580249277257
GTEX-145LV-2126-SM-5LU8N.1,SKIN,54.5,6.9,476.0,-1.3965036187926287,-0.1395447528230755
GTEX-145LV-2326-SM-5LU8Z.1,MUSCLE,54.5,7.9,491.0,0.8066868257996821,0.011049454610276697
GTEX-145ME-1726-SM-5Q5EU.1,SKIN,44.5,5.7,310.0,-1.8752610076792715,0.19170606962450115
GTEX-145ME-1826-SM-5SI9G.1,SKIN,44.5,7.5,315.0,-0.4059323379891023,-0.09092945362325222
GTEX-145ME-2026-SM-5SIA5.1,MUSCLE,44.5,8.0,327.0,-0.619269040878238,0.17054360354204845
GTEX-145ME-5016-SM-7938P.1,MUSCLE,44.5,8.6,327.0,0.3722013583868627,0.0799871194132708
GTEX-145MF-0626-SM-5LUAI.1,SKIN,54.5,6.3,934.0,-0.6978783023070677,-0.15197112316320244
GTEX-145MF-0826-SM-5QGQA.1,LIVER,54.5,6.4,955.0,1.275740342401083,0.10444671933633855
GTEX-145MF-0926-SM-5Q5EA.1,SKIN,54.5,7.6,958.0,0.2073756782030245,-0.1776758578613416
GTEX-145MF-2726-SM-5O995.1,BRAIN,54.5,6.5,1069.0,-0.2618817126702839,-0.07893806187287011
GTEX-145MF-2826-SM-7EPGU.1,BRAIN,54.5,6.7,1070.0,2.206701031738536,-0.21887606272435361
GTEX-145MG-0011-R10a-SM-5PNWG.1,BRAIN,54.5,7.9,1070.0,1.4511053935023512,-0.052056154951363405
GTEX-145MG-0011-R3b-SM-5SI67.1,BRAIN,54.5,8.6,1070.0,-1.3877005144928365,0.018532338099717476
GTEX-145MG-0011-R5b-SM-5S2VU.1,BRAIN,54.5,5.9,1070.0,-3.556418345184479,0.07741531402109869
GTEX-145MG-0011-R7b-SM-5P9JY.1,BRAIN,54.5,6.8,1070.0,-2.216627370760584,0.012026161388497872
GTEX-145MG-0226-SM-5TDDB.1,MUSCLE,54.5,8.0,1142.0,1.024243086298028,-0.031416608802816166
GTEX-145MG-1526-SM-5Q5EM.1,SKIN,54.5,5.9,1259.0,-0.3977130642806956,0.04783868309424587
GTEX-145MG-3026-SM-5RQJA.1,BRAIN,54.5,7.1,1318.0,0.4531166229601986,-0.06343499691890023
GTEX-145MG-3126-SM-5Q5D3.1,BRAIN,54.5,6.3,1320.0,0.0187861353009515,-0.12077072462679583
GTEX-145MH-0011-R10b-SM-5PNUK.1,BRAIN,54.5,8.2,1076.0,1.3830947238151992,-0.09419560179950826
GTEX-145MH-0011-R11a-SM-5P9HQ.1,BRAIN,54.5,8.1,1076.0,2.72075446642725,-0.2354268146643737
GTEX-145MH-0011-R1b-SM-5PNWY.1,BRAIN,54.5,6.8,1076.0,-0.0708994126613379,-0.1499318503191479
GTEX-145MH-0011-R3b-SM-5P9JQ.1,BRAIN,54.5,8.4,1076.0,1.0860125683398612,-0.171970774457588
GTEX-145MH-0011-R5a-SM-5P9JT.1,BRAIN,54.5,8.3,1076.0,-0.1521591590661043,-0.032741691639055194
GTEX-145MH-0011-R6a-SM-5PNZ7.1,BRAIN,54.5,6.6,1076.0,0.2707957939479383,-0.01313054660626252
GTEX-145MH-0011-R7a-SM-5PNWH.1,BRAIN,54.5,8.4,1076.0,0.0400235021095342,-0.0035158284956412007
GTEX-145MH-0011-R8a-SM-5PNUL.1,BRAIN,54.5,6.4,1076.0,-0.4142153698169455,0.014657257317745018
GTEX-145MH-0326-SM-5LU8H.1,MUSCLE,54.5,7.3,1247.0,-0.0471819181102336,-0.09616537832342412
GTEX-145MH-2826-SM-5RQJF.1,SKIN,54.5,8.4,1374.0,-0.5569372457931676,-0.08109294102037015
GTEX-145MH-2926-SM-5Q5D2.1,BRAIN,54.5,7.7,1377.0,1.9377291829012129,-0.1745681742697305
GTEX-145MH-3026-SM-5Q5DZ.1,BRAIN,54.5,6.8,1380.0,0.046980389722192,-0.04654990684488447
GTEX-145MI-0011-R10a-SM-5PNZD.1,BRAIN,64.5,5.9,670.0,0.3371895173809273,-0.026867101413557505
GTEX-145MI-0011-R11a-SM-5P9JZ.1,BRAIN,64.5,7.0,670.0,-0.5050120564851723,-0.09196979090912707
GTEX-145MI-0011-R3b-SM-5PNWK.1,BRAIN,64.5,6.2,670.0,-0.8814070263668285,0.06257285448920286
GTEX-145MI-0011-R4b-SM-5PNZH.1,BRAIN,64.5,5.7,670.0,-1.3660960696480888,0.033307201608988854
GTEX-145MI-0011-R5a-SM-5Q5B4.1,BRAIN,64.5,6.0,670.0,-3.397357254698493,0.29449963159790826
GTEX-145MI-0011-R6a-SM-5PNZA.1,BRAIN,64.5,6.0,670.0,-1.584786663147293,0.05452162056619142
GTEX-145MI-0011-R7b-SM-5Q5AZ.1,BRAIN,64.5,6.0,670.0,-4.248706642173296,0.2466055731189866
GTEX-145MI-0011-R8b-SM-5PNZ9.1,BRAIN,64.5,6.1,670.0,-1.052125213165563,0.1467666349925242
GTEX-145MI-0326-SM-5Q5EV.1,MUSCLE,64.5,7.1,696.0,-0.8621493766685877,0.11831720557460526
GTEX-145MI-0526-SM-5O9A8.1,SKIN,64.5,7.8,702.0,-0.2404430533916496,-0.08201619310227434
GTEX-145MI-0626-SM-5SI8S.1,SKIN,64.5,7.1,707.0,0.2244055934720531,-0.02730571663816655
GTEX-145MI-3126-SM-5Q5CF.1,BRAIN,64.5,6.0,852.0,0.4134546984107839,-0.06221172628076029
GTEX-145MN-0626-SM-5QGRH.1,HEART,34.5,9.1,129.0,1.1409157765779565,-0.1852350816497478
GTEX-145MN-0726-SM-5NQBH.1,HEART,34.5,8.6,130.0,0.621956967128646,-0.14933188079621393
GTEX-145MN-1526-SM-5SI9T.1,SKIN,34.5,7.3,224.0,-0.9181089536636688,-0.08052472235404705
GTEX-145MN-2226-SM-5SIAU.1,SKIN,34.5,6.6,237.0,-1.689824956818339,-0.05602160583780862
GTEX-145MN-2426-SM-5NQA5.1,MUSCLE,34.5,8.4,257.0,0.1289751348538756,-0.04471696918827339
GTEX-145MO-0326-SM-5Q5B3.1,SKIN,64.5,7.6,658.0,0.5497923842984758,0.025007083893977704
GTEX-145MO-0726-SM-5NQB9.1,MUSCLE,64.5,9.0,666.0,0.0408337232317132,0.09905366430468672
GTEX-145MO-1126-SM-5NQBX.1,HEART,64.5,7.0,677.0,-1.464881293128678,0.014663860115459624
GTEX-145MO-2326-SM-5NQ9K.1,LIVER,64.5,6.8,698.0,-0.5802217557217105,0.09219261323668974
GTEX-145MO-2826-SM-5LU96.1,SKIN,64.5,6.7,710.0,0.2574045983275174,-0.3220639885232281
GTEX-146FH-0126-SM-5QGPP.1,SKIN,54.5,8.1,396.0,-0.2956293102168118,-0.03326202187067373
GTEX-146FH-0526-SM-5QGQ3.1,MUSCLE,54.5,8.6,426.0,-1.006916090401922,0.11813351890494062
GTEX-146FH-1026-SM-5RQIF.1,HEART,54.5,7.6,465.0,1.6028242332215217,-0.157001921626401
GTEX-146FH-1126-SM-5NQAT.1,HEART,54.5,8.0,466.0,1.8114811609555,0.018187217399198968
GTEX-146FH-1526-SM-5NQBU.1,LIVER,54.5,8.3,471.0,1.7034016759442754,-0.019407576635952682
GTEX-146FQ-0126-SM-5NQA9.1,SKIN,34.5,6.3,474.0,-1.1635339254158876,-0.07442894024474964
GTEX-146FQ-0326-SM-5NQAX.1,MUSCLE,34.5,8.0,478.0,0.8766365197579032,0.027033679758148924
GTEX-146FQ-2126-SM-5RQHU.1,SKIN,34.5,7.4,551.0,-0.9471508730100736,0.013510034107975353
GTEX-146FR-0626-SM-5RQJ1.1,HEART,64.5,8.0,1617.0,0.1234299859882595,-0.11381864340479067
GTEX-146FR-0926-SM-5QGPE.1,HEART,64.5,8.3,1626.0,-0.2041004911044684,0.025548333991264056
GTEX-146FR-1326-SM-5SIAJ.1,SKIN,64.5,8.0,1635.0,-0.559132222740655,-0.08351036604123041
GTEX-146FR-1326-SM-E9J48.1,SKIN,64.5,8.0,1635.0,-0.1173996376294309,-0.06451001272984958
GTEX-146FR-1726-SM-5Q5DT.1,MUSCLE,64.5,8.4,1642.0,0.0063273410385112,-0.03743870951893992
GTEX-14753-0011-R10b-SM-5S2WE.1,BRAIN,64.5,7.2,633.0,-2.1348435321641968,0.0024039870908203996
GTEX-14753-0011-R5a-SM-5S2VW.1,BRAIN,64.5,5.7,633.0,-4.313040297454186,0.16787882627310238
GTEX-14753-0011-R6b-SM-5S2UD.1,BRAIN,64.5,5.8,633.0,-2.992035699891434,0.2175945843380534
GTEX-14753-0011-R8b-SM-5S2U1.1,BRAIN,64.5,5.9,633.0,-3.5460945798324417,0.22058702370961938
GTEX-14753-0426-SM-5NQAM.1,SKIN,64.5,5.9,808.0,0.5120742137495521,-0.11574754883982875
GTEX-14753-0526-SM-5QGPR.1,MUSCLE,64.5,8.3,809.0,0.0716970075364961,0.11671884630360797
GTEX-14753-0726-SM-5QGQO.1,SKIN,64.5,7.4,827.0,-0.4201921695304537,-0.0969815011654167
GTEX-14753-1626-SM-5NQ9L.1,LIVER,64.5,6.6,893.0,-0.5207319558653642,0.08248494584035625
GTEX-1477Z-0011-R10b-SM-5S2RF.1,BRAIN,64.5,6.6,605.0,-1.309305518640608,-0.023545871242705692
GTEX-1477Z-0011-R3b-SM-5PNX9.1,BRAIN,64.5,6.0,605.0,-2.665152750789335,0.004030009083253792
GTEX-1477Z-0011-R5b-SM-5PNUO.1,BRAIN,64.5,7.2,605.0,-3.2099261071783216,0.07318242799804855
GTEX-1477Z-0011-R8b-SM-5S2RG.1,BRAIN,64.5,6.8,605.0,-1.9740659035799693,0.09069809596614092
GTEX-1477Z-0326-SM-7IGLA.1,SKIN,64.5,6.0,650.0,0.1057808274555698,-0.13325295392916253
GTEX-1477Z-1126-SM-5P9GK.1,HEART,64.5,7.1,693.0,1.4008224829787896,-0.0843325898402315
GTEX-1477Z-1626-SM-5SIA8.1,MUSCLE,64.5,7.7,712.0,1.20615966939293,0.0019751866178926367
GTEX-147F3-0226-SM-5NQBV.1,MUSCLE,54.5,8.3,480.0,-1.13665624789102,0.16901929741287752
GTEX-147F3-0526-SM-5SI98.1,SKIN,54.5,7.0,486.0,-0.1755738979496395,-0.07230835482042328
GTEX-147F3-1726-SM-5SIAW.1,SKIN,54.5,7.6,530.0,-0.8244871342938975,-0.06462072515522245
GTEX-147F4-0011-R10b-SM-5S2WC.1,BRAIN,54.5,5.9,1020.0,-0.2617603018901049,0.04942677124292321
GTEX-147F4-0011-R6b-SM-5S2UP.1,BRAIN,54.5,6.6,1020.0,-0.3490468002004506,0.17264536272014824
GTEX-147F4-0011-R8b-SM-5S2UN.1,BRAIN,54.5,5.9,1020.0,-1.5728723072926438,0.1309619883879739
GTEX-147F4-0226-SM-5QGPW.1,SKIN,54.5,7.0,1225.0,-0.5516721150578583,-0.21068368613499874
GTEX-147F4-0326-SM-5TDCK.1,MUSCLE,54.5,7.7,1226.0,0.4814756811520889,0.07962646300819155
GTEX-147F4-0726-SM-5TDDD.1,SKIN,54.5,6.3,1254.0,-1.9329416487724111,-0.037263516931297556
GTEX-147F4-1126-SM-5TDDE.1,HEART,54.5,6.6,1259.0,0.8785842177527896,-0.06743751582781266
GTEX-147F4-1226-SM-5NQAY.1,HEART,54.5,6.5,1261.0,-2.6241771062696717,0.048260576800769936
GTEX-147F4-1426-SM-5LUA8.1,LIVER,54.5,7.0,1268.0,-0.3354220103425437,0.27119488224263266
GTEX-147F4-3026-SM-5Q5BJ.1,BRAIN,54.5,6.5,1357.0,0.5715085571174076,-0.09164434797016345
GTEX-147GR-0011-R10b-SM-5S2UM.1,BRAIN,64.5,6.4,872.0,0.8099362637162969,0.013080623057131969
GTEX-147GR-0011-R2b-SM-5S2RQ.1,BRAIN,64.5,6.9,872.0,-0.6362821795852579,0.041302878499526144
GTEX-147GR-0011-R4a-SM-5S2V2.1,BRAIN,64.5,6.2,872.0,-0.4927928052578924,0.2572265031077132
GTEX-147GR-0011-R6b-SM-5S2RO.1,BRAIN,64.5,7.8,872.0,-0.1248415146761459,0.04325459938156654
GTEX-147GR-0011-R7a-SM-5S2RP.1,BRAIN,64.5,7.2,872.0,-1.812426237011881,0.12438676178081708
GTEX-147GR-0011-R9a-SM-5S2UY.1,BRAIN,64.5,7.6,872.0,1.2487021488960917,0.1661014127227226
GTEX-147GR-0126-SM-62LER.1,MUSCLE,64.5,9.6,985.0,-1.7635914619381658,-0.0811828731930799
GTEX-147GR-0526-SM-5S2MY.1,SKIN,64.5,7.0,999.0,-0.831503076431583,-0.13971201487524795
GTEX-147GR-1326-SM-7IGLB.1,LIVER,64.5,6.1,1160.0,-1.1487646286737645,0.06738896405605077
GTEX-147GR-2426-SM-5ZZWQ.1,SKIN,64.5,7.6,1230.0,-0.9608815809707896,-0.15630879485753352
GTEX-147GR-3026-SM-5S2ML.1,BRAIN,64.5,6.1,1310.0,-1.1604996365675952,0.02842187932077133
GTEX-147GR-3126-SM-5S2PM.1,BRAIN,64.5,6.7,1313.0,1.4260790370967142,-0.1773718202331123
GTEX-147JS-0226-SM-5S2U9.1,SKIN,64.5,6.0,467.0,-0.2725725418006346,0.018198964072368585
GTEX-147JS-0526-SM-5TDD3.1,MUSCLE,64.5,8.3,510.0,0.5048251044521403,0.036785777366310154
GTEX-147JS-1126-SM-5RQIW.1,LIVER,64.5,6.2,547.0,-0.5334278061766827,-0.001657364611594056
GTEX-147JS-1326-SM-5SI6D.1,HEART,64.5,6.8,550.0,2.3099685143400475,0.02609699768591411
GTEX-147JS-1526-SM-5ZZWF.1,HEART,64.5,6.3,556.0,-2.414439053105394,0.023040445386957438
GTEX-148VI-0326-SM-5RQK7.1,HEART,64.5,6.0,244.0,-1.2965494497811387,-0.04157526485280689
GTEX-148VI-0626-SM-5TDDH.1,LIVER,64.5,6.6,252.0,0.2289005286082301,0.06753412075401868
GTEX-148VI-1626-SM-5SI6E.1,SKIN,64.5,7.2,417.0,-0.2426225919687938,-0.020034722520229965
GTEX-148VJ-0011-R3b-SM-69LQJ.1,BRAIN,74.5,6.0,903.0,-2.8564830865195248,0.0763673256043631
GTEX-148VJ-0011-R9b-SM-5SI77.1,BRAIN,74.5,6.5,903.0,-0.6714484760957579,0.05216998666562079
GTEX-148VJ-0126-SM-5TDDN.1,SKIN,74.5,8.1,1014.0,0.932108316885064,-0.06210001208359923
GTEX-148VJ-0326-SM-5QGQE.1,MUSCLE,74.5,8.2,1016.0,-0.4229521327653591,0.13369388347860175
GTEX-148VJ-0626-SM-5LUAW.1,SKIN,74.5,7.2,1046.0,-0.293082509043154,-0.0035858494375467435
GTEX-148VJ-1426-SM-5TDE3.1,HEART,74.5,6.7,1090.0,0.1899111952749682,0.1601819353520602
GTEX-148VJ-1526-SM-5Q5DU.1,HEART,74.5,5.9,1093.0,-3.2025464107763044,0.10536875904641899
GTEX-1497J-0226-SM-5QGPU.1,SKIN,64.5,8.1,210.0,-0.66637387768065,0.10791428029277933
GTEX-1497J-0726-SM-5Q5D1.1,LIVER,64.5,6.3,238.0,0.337386547415929,-0.26552474442370794
GTEX-1497J-1226-SM-5Q5BL.1,HEART,64.5,6.0,274.0,-1.3517316157734125,-0.09386779783748828
GTEX-1497J-2426-SM-7IGNX.1,SKIN,64.5,6.6,322.0,0.0479841423761494,-0.10000459485716977
GTEX-1497J-2626-SM-5SI9K.1,MUSCLE,64.5,8.0,329.0,0.1133416319471635,0.1187258488415865
GTEX-14A5H-0326-SM-5RQIB.1,MUSCLE,64.5,8.1,521.0,0.3419273769735685,0.21783681931051524
GTEX-14A5H-0426-SM-5QGQF.1,SKIN,64.5,7.3,525.0,-0.8354281628991295,-0.07538242252795468
GTEX-14A5H-0826-SM-5QGPJ.1,SKIN,64.5,7.6,605.0,1.3997316547492744,0.1102399102011776
GTEX-14A5I-0126-SM-5TDEA.1,SKIN,54.5,6.0,881.0,0.2643762573472873,-0.07937751460601426
GTEX-14A5I-0326-SM-5NQ9J.1,MUSCLE,54.5,8.4,886.0,0.0826265973407562,0.09260375401882488
GTEX-14A5I-1026-SM-5Q5E3.1,HEART,54.5,6.6,899.0,0.4828327540474144,-0.002532707520097366
GTEX-14A5I-1226-SM-5NQBW.1,HEART,54.5,6.0,905.0,-4.545452226606789,0.08412829293501313
GTEX-14A5I-1726-SM-5QGQ5.1,LIVER,54.5,6.7,918.0,-0.8308519945581374,0.09271022790181209
GTEX-14A5I-2826-SM-5SIBF.1,BRAIN,54.5,6.5,951.0,-0.3949971627673303,-0.04461399148091419
GTEX-14A5I-2926-SM-5Q5CQ.1,BRAIN,54.5,6.6,954.0,-0.4843572086028728,-0.031179458595336447
GTEX-14A6H-0126-SM-5QGPK.1,SKIN,34.5,6.5,477.0,-1.1715220833413584,-0.11094744445742533
GTEX-14A6H-0226-SM-5Q5DX.1,HEART,34.5,7.4,549.0,1.717332928670303,-0.04440372717580645
GTEX-14A6H-0326-SM-5NQAN.1,HEART,34.5,8.0,554.0,0.5446138325448816,0.10196032404540757
GTEX-14A6H-2026-SM-5Q5DD.1,SKIN,34.5,7.4,641.0,0.4852729753583386,-0.0487274867743237
GTEX-14A6H-2826-SM-5QGPM.1,MUSCLE,34.5,7.1,736.0,-1.0757365560431629,-0.019180064264870296
GTEX-14A6H-5006-SM-7EWE9.1,HEART,34.5,6.5,551.0,3.013037838483868,-0.040170750817070604
GTEX-14A6H-5019-SM-793DH.1,MUSCLE,34.5,7.7,736.0,1.1030137271161289,-0.1694869881679245
GTEX-14ABY-0011-R11a-SM-5SI7C.1,BRAIN,54.5,7.4,1167.0,2.931752317464041,-0.21605754546863581
GTEX-14ABY-0011-R1a-SM-6EU2W.1,BRAIN,54.5,6.8,1167.0,0.3975377682010771,0.011650858838024967
GTEX-14ABY-0011-R4b-SM-5S2VN.1,BRAIN,54.5,5.8,1167.0,-0.1522263466058269,0.03111745451488257
GTEX-14ABY-0011-R5b-SM-5SI7B.1,BRAIN,54.5,7.9,1167.0,-0.6255707979830499,-0.005162731025283142
GTEX-14ABY-0011-R6a-SM-5PNWR.1,BRAIN,54.5,7.1,1167.0,0.393572698486465,-0.03099232612110178
GTEX-14ABY-0011-R7b-SM-5PNWS.1,BRAIN,54.5,5.7,1167.0,-0.4654538074993447,0.03452412199676667
GTEX-14ABY-0011-R9a-SM-5PNZK.1,BRAIN,54.5,8.2,1167.0,3.066276377326652,0.14233688754561938
GTEX-14ABY-0126-SM-62LDI.1,MUSCLE,54.5,7.0,1289.0,0.1117259152535418,-0.1200730582028472
GTEX-14ABY-0226-SM-5TDCQ.1,SKIN,54.5,6.2,1291.0,-0.102294914074962,-0.11023622893231842
GTEX-14ABY-2026-SM-62LDL.1,SKIN,54.5,6.9,1367.0,-0.8415076337700397,-0.21248599875052926
GTEX-14ABY-3026-SM-664NE.1,BRAIN,54.5,6.5,1423.0,1.5324089075605782,-0.1965730656649122
GTEX-14AS3-0126-SM-5Q5F4.1,LIVER,44.5,6.8,98.0,1.420913971010981,-0.050021600060534764
GTEX-14AS3-1526-SM-5Q5ED.1,SKIN,44.5,5.8,135.0,-0.6856732209430728,-0.15348697398936026
GTEX-14AS3-2126-SM-5S2MK.1,MUSCLE,44.5,8.4,263.0,1.0397412219846276,-0.1753337702013327
GTEX-14ASI-0011-R10b-SM-5S2VZ.1,BRAIN,64.5,5.9,1177.0,2.1278364409110964,-0.08609557191345298
GTEX-14ASI-0011-R11b-SM-6AJBJ.1,BRAIN,64.5,7.1,1177.0,1.853283851528609,-0.16193388784961585
GTEX-14ASI-0011-R1b-SM-5S2TY.1,BRAIN,64.5,5.9,1177.0,-0.5535667908596039,0.029130216327914894
GTEX-14ASI-0011-R2b-SM-5YY9H.1,BRAIN,64.5,5.8,1177.0,-1.2324676135805557,-0.012113667083615939
GTEX-14ASI-0011-R4a-SM-69LQ4.1,BRAIN,64.5,6.5,1177.0,-1.090893897968146,-0.0018366348654987202
GTEX-14ASI-0011-R5b-SM-6EU2M.1,BRAIN,64.5,7.8,1177.0,-1.8646356945264075,0.1221376803075648
GTEX-14ASI-0011-R6a-SM-5S2UZ.1,BRAIN,64.5,6.9,1177.0,-0.5280433551952605,0.11903002757688398
GTEX-14ASI-0011-R7b-SM-5YY9G.1,BRAIN,64.5,7.1,1177.0,-1.2235631624375192,0.02053449793672791
GTEX-14ASI-0011-R8b-SM-5S2UB.1,BRAIN,64.5,6.9,1177.0,0.1616455503225498,0.05506706685180225
GTEX-14ASI-0526-SM-5QGQP.1,MUSCLE,64.5,5.7,1301.0,0.5558448647080434,0.04622475994272074
GTEX-14ASI-0826-SM-5Q5EB.1,HEART,64.5,6.4,1328.0,2.228749731997421,-0.05816708394029415
GTEX-14ASI-2926-SM-5Q5DG.1,BRAIN,64.5,6.9,1365.0,2.243075584984645,-0.11897075861491652
GTEX-14ASI-3026-SM-5S2PN.1,BRAIN,64.5,6.7,1368.0,1.0267293652779157,-0.08140455452365669
GTEX-14B4R-1326-SM-5Q5EZ.1,SKIN,34.5,7.9,260.0,-1.1531876005276835,-0.03412351779429597
GTEX-14BIL-0011-R10a-SM-5SI75.1,BRAIN,54.5,8.7,622.0,0.7154971074751337,-0.0387709633902646
GTEX-14BIL-0011-R8b-SM-69LQK.1,BRAIN,54.5,5.9,622.0,-2.1717104136006387,0.07649457311438088
GTEX-14BIL-0011-R9a-SM-5SI7A.1,BRAIN,54.5,7.2,622.0,2.707898392980128,0.19923825181390944
GTEX-14BIL-0126-SM-5SI92.1,SKIN,54.5,8.2,759.0,-0.3140095471714166,0.06437342408920062
GTEX-14BIL-0326-SM-5SI9Q.1,MUSCLE,54.5,8.4,761.0,0.8259693638342871,0.07200576400147266
GTEX-14BIL-0926-SM-7DHKN.1,HEART,54.5,6.9,812.0,1.4471784298406547,0.06046610765366025
GTEX-14BIL-1126-SM-79OMC.1,HEART,54.5,5.9,819.0,-3.691467703334455,0.12624384405454406
GTEX-14BIL-1326-SM-79OMR.1,LIVER,54.5,6.6,821.0,0.2786722570127024,0.040722701795169486
GTEX-14BIL-3026-SM-7EWD4.1,BRAIN,54.5,7.2,882.0,-0.7398794905444699,-0.051388598993109186
GTEX-14BIM-0011-R11b-SM-5S2RN.1,BRAIN,64.5,8.0,1045.0,1.438968141235918,-0.20344313799528913
GTEX-14BIM-0011-R1a-SM-69LQI.1,BRAIN,64.5,5.7,1045.0,-2.8117325102834307,0.02398400935460359
GTEX-14BIM-0011-R2b-SM-69LQ6.1,BRAIN,64.5,5.8,1045.0,-0.2552002885137218,0.07569988000984726
GTEX-14BIM-0011-R3b-SM-5S2RL.1,BRAIN,64.5,7.1,1045.0,1.3048932021710604,-0.03218692304132638
GTEX-14BIM-0011-R4b-SM-5S2RK.1,BRAIN,64.5,6.8,1045.0,-0.682002089370621,0.07875067610852235
GTEX-14BIM-0011-R5b-SM-5S2RM.1,BRAIN,64.5,8.3,1045.0,0.3686582343962327,-0.022218128218336908
GTEX-14BIM-0011-R6b-SM-5S2VB.1,BRAIN,64.5,6.4,1045.0,0.0390574806711193,0.0363005848630359
GTEX-14BIM-0011-R9a-SM-6LLJL.1,BRAIN,64.5,7.2,1045.0,1.267380460389779,0.009462621861369074
GTEX-14BIM-0226-SM-7IGLD.1,SKIN,64.5,6.3,1143.0,0.7884680547448248,-0.16497559484861507
GTEX-14BIM-0326-SM-5SI9B.1,MUSCLE,64.5,7.9,1144.0,1.3868580260755552,0.08704842885658289
GTEX-14BIM-2726-SM-5Q5EG.1,HEART,64.5,6.0,1292.0,1.401870710876118,-0.02425192085397442
GTEX-14BIM-3026-SM-7EWCY.1,BRAIN,64.5,6.3,1305.0,1.177802711249472,-0.01594519057628957
GTEX-14BIM-3126-SM-5Q5C7.1,BRAIN,64.5,6.3,1303.0,1.36882477552607,-0.17193561941986377
GTEX-14BIN-0011-R10a-SM-5S2UA.1,BRAIN,54.5,6.6,821.0,0.7341593962930181,-0.07308610303326392
GTEX-14BIN-0011-R11a-SM-5SI79.1,BRAIN,54.5,7.4,821.0,0.3815908410732616,-0.14353900979959816
GTEX-14BIN-0011-R2a-SM-5S2RJ.1,BRAIN,54.5,6.4,821.0,-1.6927305288135646,-0.028692131958796267
GTEX-14BIN-0011-R3b-SM-6AJBL.1,BRAIN,54.5,7.0,821.0,0.2865243307346089,-0.029477460951125103
GTEX-14BIN-0011-R5b-SM-5SI78.1,BRAIN,54.5,8.1,821.0,-2.079821777492163,0.07122919419735221
GTEX-14BIN-0011-R6a-SM-5S2RH.1,BRAIN,54.5,9.2,821.0,0.1464309877088011,0.0442411363901334
GTEX-14BIN-0011-R7b-SM-5S2RI.1,BRAIN,54.5,8.0,821.0,-1.5388934373868215,0.06511618767106082
GTEX-14BIN-0011-R9a-SM-5SI76.1,BRAIN,54.5,7.7,821.0,-0.3132256393893508,0.05578998627510879
GTEX-14BIN-0626-SM-793DP.1,SKIN,54.5,8.4,981.0,0.5649582805060588,-0.02071582483089434
GTEX-14BIN-1126-SM-5RQJZ.1,SKIN,54.5,7.7,990.0,-0.1345577857818861,-0.16286135842590815
GTEX-14BIN-2126-SM-793AX.1,HEART,54.5,6.4,1017.0,-0.6971976126408295,0.16412971357572875
GTEX-14BIN-2226-SM-5YYA1.1,HEART,54.5,5.8,1018.0,-4.439702037199242,0.09204543867582358
GTEX-14BIN-3226-SM-62LDR.1,BRAIN,54.5,7.4,1080.0,-0.2263398176465007,-0.08679674973898724
GTEX-14BIN-3326-SM-5Q5E6.1,BRAIN,54.5,6.5,1082.0,0.7966478364058182,-0.13018921919880438
GTEX-14BMU-1226-SM-5S2OR.1,SKIN,24.5,7.2,1562.0,-1.0885756071260353,-0.049991423365875184
GTEX-14BMU-2026-SM-5S2W6.1,MUSCLE,24.5,7.5,1638.0,-0.8574182803632786,0.01603623631134377
GTEX-14BMU-2226-SM-5TDE9.1,SKIN,24.5,6.9,1641.0,-0.272264119168456,-0.053488428323240314
GTEX-14BMV-0011-R3a-SM-5ZZU7.1,BRAIN,54.5,5.9,498.0,-0.7247306379787355,0.06079250956338429
GTEX-14BMV-0011-R5b-SM-62LFT.1,BRAIN,54.5,7.7,498.0,-0.432384041558685,0.05751565486238158
GTEX-14BMV-0011-R6b-SM-5YY9I.1,BRAIN,54.5,8.1,498.0,0.7349786904376926,0.052779983847780626
GTEX-14BMV-0011-R7b-SM-5YY9J.1,BRAIN,54.5,6.2,498.0,-2.036658644268222,0.08751685117322477
GTEX-14BMV-0011-R9b-SM-5ZZUA.1,BRAIN,54.5,8.2,498.0,1.6688503121620943,0.22991793610592834
GTEX-14BMV-0126-SM-5S2PO.1,SKIN,54.5,8.1,591.0,0.6254543337553884,-0.1420139624014913
GTEX-14BMV-0326-SM-5RQHW.1,MUSCLE,54.5,7.8,595.0,-0.8500065830847099,0.00934925531514882
GTEX-14BMV-1026-SM-5SI6B.1,HEART,54.5,7.6,613.0,-0.2014890365065417,0.1851677917431489
GTEX-14BMV-2826-SM-5TDED.1,SKIN,54.5,6.6,673.0,0.0148601075106288,-0.29306894084861723
GTEX-14BMV-2926-SM-5TDEE.1,BRAIN,54.5,6.1,677.0,1.5920337475565836,-0.265281967754108
GTEX-14BMV-3026-SM-5S2PQ.1,BRAIN,54.5,6.5,679.0,1.250001156750319,-0.09501304285100985
GTEX-14C38-0426-SM-5TDDZ.1,MUSCLE,54.5,6.6,509.0,0.6895874150156137,0.05211182190373694
GTEX-14C38-0726-SM-5SI6M.1,SKIN,54.5,7.6,523.0,-0.1543398118950872,0.05927008829801954
GTEX-14C38-1326-SM-62LDK.1,HEART,54.5,6.6,570.0,-0.4949666109780548,0.1198100656163927
GTEX-14C38-1426-SM-5RQHZ.1,HEART,54.5,6.9,578.0,-0.6316127429798143,0.048990586008194094
GTEX-14C38-1526-SM-5RQJ7.1,LIVER,54.5,6.3,584.0,0.4505064810047539,-0.06662273410981726
GTEX-14C39-0011-R10b-SM-5YYBE.1,BRAIN,44.5,7.3,663.0,0.1287950450926061,0.021885435671942177
GTEX-14C39-0011-R11b-SM-5YYAF.1,BRAIN,44.5,5.8,663.0,-1.6383748206552382,-0.06027559432843315
GTEX-14C39-0011-R3b-SM-5YYA3.1,BRAIN,44.5,5.7,663.0,-0.7238237178779128,0.01652933157741275
GTEX-14C39-0011-R5b-SM-5ZZV1.1,BRAIN,44.5,7.8,663.0,-1.161379961004925,0.07176315609740078
GTEX-14C39-0011-R6b-SM-5YYAZ.1,BRAIN,44.5,6.3,663.0,0.4281974026047195,-0.03732302348959903
GTEX-14C39-0726-SM-5RQIK.1,HEART,44.5,6.3,699.0,-1.758006822670684,0.02244222266629552
GTEX-14C39-0926-SM-5TDDV.1,HEART,44.5,5.9,702.0,-3.603712672710932,0.044290036784746606
GTEX-14C39-1726-SM-5RQIL.1,SKIN,44.5,6.5,720.0,-1.00400578244464,0.0038412526607130727
GTEX-14C39-2426-SM-5S2U5.1,MUSCLE,44.5,7.4,741.0,-0.5259145718672745,0.07319806877594232
GTEX-14C39-3026-SM-5S2QE.1,BRAIN,44.5,6.4,789.0,1.2456748438411602,-0.10712130234336412
GTEX-14C39-3126-SM-5ZZW6.1,BRAIN,44.5,7.2,791.0,-0.197425981068237,-0.004643619542594279
GTEX-14C5O-0011-R10a-SM-6872F.1,BRAIN,64.5,7.4,530.0,0.1787564246347559,-0.05431322680892216
GTEX-14C5O-0011-R11b-SM-6872H.1,BRAIN,64.5,8.3,530.0,2.0720128147587857,-0.21117158110015077
GTEX-14C5O-0011-R1b-SM-6AJBW.1,BRAIN,64.5,8.2,530.0,1.3207785436691486,0.10751447886634088
GTEX-14C5O-0011-R2a-SM-5ZZV2.1,BRAIN,64.5,7.9,530.0,1.2654966511927397,-0.09815237715153804
GTEX-14C5O-0011-R6a-SM-5YYB6.1,BRAIN,64.5,8.2,530.0,0.9452285915418974,-0.021215409608996712
GTEX-14C5O-0011-R7b-SM-5YYAH.1,BRAIN,64.5,9.1,530.0,1.4767068792197424,-0.06065332493038309
GTEX-14C5O-0011-R8a-SM-5YYAG.1,BRAIN,64.5,7.6,530.0,2.059156416010798,-0.009684666506232247
GTEX-14C5O-0126-SM-5SI6N.1,SKIN,64.5,7.9,654.0,0.0266790122094488,-0.22503865599898207
GTEX-14C5O-0326-SM-5ZZUX.1,SKIN,64.5,7.9,685.0,-0.3825958072367883,-0.11253329211413814
GTEX-14C5O-0626-SM-664N2.1,MUSCLE,64.5,8.7,713.0,0.7354873886337144,-0.0199249392849501
GTEX-14C5O-1226-SM-664N3.1,HEART,64.5,6.8,735.0,1.8668470001537327,0.12097530245294809
GTEX-14C5O-1326-SM-5S2UW.1,HEART,64.5,5.8,737.0,-2.932247808810878,0.006508445482161168
GTEX-14C5O-2926-SM-5RQI1.1,BRAIN,64.5,7.1,797.0,1.1808258932662503,-0.21109463840718784
GTEX-14C5O-3026-SM-5YYB2.1,BRAIN,64.5,7.5,799.0,0.5557014658228763,-0.05289521979513855
GTEX-14DAQ-0011-R11a-SM-664NO.1,BRAIN,64.5,8.4,445.0,2.215194586437816,-0.2070707593975016
GTEX-14DAQ-0011-R3b-SM-5YYAJ.1,BRAIN,64.5,6.7,445.0,-1.3312823746708702,0.01131022536075925
GTEX-14DAQ-0011-R4a-SM-5YYAI.1,BRAIN,64.5,7.1,445.0,-1.7956630213102809,-0.05430629247470043
GTEX-14DAQ-0011-R5b-SM-5YYAK.1,BRAIN,64.5,8.3,445.0,-1.4170558696977378,0.029809909641154916
GTEX-14DAQ-0126-SM-5S2MQ.1,SKIN,64.5,8.0,448.0,-0.1244023360042247,-0.13185804998717787
GTEX-14DAQ-0326-SM-664MR.1,MUSCLE,64.5,8.6,453.0,0.9610412481503066,-0.06561709638265044
GTEX-14DAQ-0626-SM-793DS.1,SKIN,64.5,7.1,464.0,-0.4515046312227517,-0.26908387998217176
GTEX-14DAQ-1026-SM-793B1.1,HEART,64.5,7.7,493.0,1.4725950983662468,0.1168375049935202
GTEX-14DAQ-1126-SM-664MT.1,HEART,64.5,7.2,495.0,-1.155521730723023,-0.007832049639593925
GTEX-14DAQ-1726-SM-5S2R2.1,LIVER,64.5,6.1,503.0,0.060293574759192,0.07123390870220121
GTEX-14DAQ-3026-SM-5S2QZ.1,BRAIN,64.5,7.0,547.0,2.230020492772575,-0.22321387777144547
GTEX-14DAQ-3126-SM-62LDS.1,BRAIN,64.5,7.3,549.0,0.2044452004248614,-0.0566959142031494
GTEX-14DAR-1226-SM-73KYV.1,SKIN,54.5,6.5,135.0,-0.6539706454573828,0.07071290977235027
GTEX-14DAR-1826-SM-664N1.1,MUSCLE,54.5,7.6,248.0,-1.2786297541103848,0.07013583877391731
GTEX-14DAR-2026-SM-5S2O3.1,SKIN,54.5,7.2,250.0,-0.7472389150038288,-0.13175240037418845
GTEX-14E1K-0326-SM-5S2PE.1,LIVER,54.5,6.8,172.0,0.8666577913628364,0.05704778643816157
GTEX-14E1K-0826-SM-5ZZW9.1,HEART,54.5,8.5,182.0,0.5927784976553285,0.03969000028398288
GTEX-14E1K-1026-SM-73KUR.1,HEART,54.5,8.1,191.0,0.7149064125839286,0.03421804490694208
GTEX-14E1K-2026-SM-7DUEI.1,SKIN,54.5,7.7,235.0,0.3287307952074155,-0.04277899650788777
GTEX-14E1K-2326-SM-664MP.1,MUSCLE,54.5,7.8,246.0,-0.303101791351461,0.04529004127026588
GTEX-14E6C-0011-R9a-SM-6EU33.1,BRAIN,44.5,6.0,867.0,0.7425939001912764,-0.03761786733447344
GTEX-14E6C-0126-SM-5RQIP.1,SKIN,44.5,7.3,981.0,0.4980558580974327,0.1903715282559614
GTEX-14E6C-0326-SM-5Q5EE.1,HEART,44.5,7.2,986.0,-0.9322829130971996,0.2353403051739306
GTEX-14E6C-0426-SM-5YYA8.1,HEART,44.5,7.1,988.0,-0.4153420213969424,0.16327114990326513
GTEX-14E6C-1526-SM-664ND.1,MUSCLE,44.5,7.4,1009.0,0.170548944841172,0.13232636957420177
GTEX-14E6C-2426-SM-5S2NF.1,SKIN,44.5,6.5,1034.0,-0.186775794344721,-0.11915732232650146
GTEX-14E6D-0011-R10a-SM-5YY9C.1,BRAIN,54.5,7.2,603.0,1.570541518928401,-0.155473056394331
GTEX-14E6D-0011-R11b-SM-664NP.1,BRAIN,54.5,6.8,603.0,1.7182754184870088,-0.25135474669737995
GTEX-14E6D-0011-R1b-SM-5YYAW.1,BRAIN,54.5,6.1,603.0,-1.5552604731607915,-0.0035178838378256572
GTEX-14E6D-0011-R5b-SM-69LQR.1,BRAIN,54.5,8.1,603.0,-1.4017761811069032,0.07630733185872951
GTEX-14E6D-0126-SM-62LDV.1,SKIN,54.5,7.5,790.0,-0.6627957226214694,-0.0609100036423801
GTEX-14E6D-0326-SM-62LDX.1,MUSCLE,54.5,8.2,813.0,-0.2555171441004453,-0.050264787244100495
GTEX-14E6D-0926-SM-5S2QV.1,HEART,54.5,5.7,886.0,-3.6362214541766855,0.1174168557834634
GTEX-14E6D-2926-SM-664OP.1,BRAIN,54.5,6.4,1010.0,-0.3542339954192436,-0.18529583224697826
GTEX-14E6E-0526-SM-793DN.1,SKIN,34.5,6.6,116.0,-1.6987045042767963,-0.07568731426121926
GTEX-14E6E-1826-SM-5S2R7.1,SKIN,34.5,7.3,395.0,-0.2117094762573984,-0.19469655584213932
GTEX-14E6E-2026-SM-664N5.1,MUSCLE,34.5,8.1,401.0,0.4152230347039384,-0.015001428064553098
GTEX-14E7W-0011-R10a-SM-5YYAX.1,BRAIN,74.5,7.8,1076.0,1.465285985521273,-0.03237877627891206
GTEX-14E7W-0011-R11a-SM-5ZZVA.1,BRAIN,74.5,8.2,1076.0,0.8867471392796857,-0.0648573003594075
GTEX-14E7W-0011-R1b-SM-5YYAT.1,BRAIN,74.5,7.1,1076.0,-0.5788021541080635,0.07678899900040434
GTEX-14E7W-0011-R3b-SM-5YYB5.1,BRAIN,74.5,6.0,1076.0,-0.8944312663478038,-0.008477553120484446
GTEX-14E7W-0011-R4b-SM-62LEA.1,BRAIN,74.5,6.6,1076.0,2.2848175509891866,0.05484856786088496
GTEX-14E7W-0011-R5b-SM-664NS.1,BRAIN,74.5,9.0,1076.0,1.4217565295006245,-0.11362199302481295
GTEX-14E7W-0011-R6b-SM-5ZZV3.1,BRAIN,74.5,7.8,1076.0,0.8556777113852735,0.06955380897063194
GTEX-14E7W-0011-R7b-SM-5ZZV4.1,BRAIN,74.5,6.0,1076.0,-2.062465513394485,0.13940501668965102
GTEX-14E7W-0011-R9a-SM-62LE6.1,BRAIN,74.5,7.6,1076.0,1.553522621075471,0.13492915209595382
GTEX-14E7W-0126-SM-6LLJ9.1,SKIN,74.5,6.4,1146.0,0.5014857423035954,-0.2362800681824139
GTEX-14E7W-1126-SM-5ZZVS.1,HEART,74.5,6.3,1196.0,1.2697680100328883,-0.15483740753033418
GTEX-14E7W-1226-SM-5RQIU.1,HEART,74.5,5.9,1198.0,-3.5625641979806213,-0.08012520556138492
GTEX-14E7W-1526-SM-6871X.1,LIVER,74.5,7.3,1202.0,0.0693883467310629,-0.025342091155444953
GTEX-14E7W-2926-SM-5S2R8.1,BRAIN,74.5,6.2,1242.0,1.9911025626162115,-0.1846532731981058
GTEX-14H4A-0426-SM-5ZZWO.1,HEART,44.5,8.4,470.0,0.1698383618649836,0.05761968606866583
GTEX-14H4A-0626-SM-5ZZUT.1,HEART,44.5,8.4,481.0,0.2280123255456368,-0.044798482706382106
GTEX-14H4A-0926-SM-5ZZUU.1,MUSCLE,44.5,6.8,490.0,-0.3223685463137709,0.12429197264688624
GTEX-14ICK-0226-SM-6EU25.1,SKIN,44.5,7.1,663.0,-1.044301335832535,-0.14862364297955777
GTEX-14ICL-1626-SM-5YYAO.1,SKIN,34.5,6.8,764.0,-0.7657989815582902,0.0024684307374839595
GTEX-14ICL-1926-SM-5RQIZ.1,MUSCLE,34.5,8.4,860.0,1.807036821709573,-0.018413247892948518
GTEX-14JFF-0011-R11a-SM-5ZZV6.1,BRAIN,64.5,8.1,739.0,0.2791023551964046,-0.03244366963517306
GTEX-14JFF-0011-R4a-SM-5ZZV5.1,BRAIN,64.5,6.3,739.0,-1.256659327502187,0.11986354514302558
GTEX-14JFF-0626-SM-5ZZVT.1,SKIN,64.5,6.3,821.0,-0.1450515198039013,-0.10314589258207095
GTEX-14JFF-2826-SM-6871Q.1,BRAIN,64.5,6.8,918.0,-0.1129449947498015,-0.14573399412945778
GTEX-14JG1-0011-R11a-SM-62LEE.1,BRAIN,44.5,8.5,708.0,0.9981083391182636,-0.04491011087393386
GTEX-14JG1-0011-R2a-SM-5ZZVE.1,BRAIN,44.5,7.2,708.0,0.4034620927463151,0.0298692290753526
GTEX-14JG1-0011-R3a-SM-62LEC.1,BRAIN,44.5,7.5,708.0,0.7438378228877092,0.09386976633947644
GTEX-14JG1-0011-R4b-SM-62LEB.1,BRAIN,44.5,6.6,708.0,1.1974528161165234,0.0464063910012613
GTEX-14JG1-0011-R5a-SM-62LED.1,BRAIN,44.5,8.1,708.0,0.4062415526604984,0.14873763421627323
GTEX-14JG1-0011-R6b-SM-5YYAU.1,BRAIN,44.5,8.2,708.0,-0.1314273150842594,0.022225300036319943
GTEX-14JG1-0011-R7b-SM-5YYAV.1,BRAIN,44.5,8.5,708.0,-1.2224070857976583,0.07903911330098264
GTEX-14JG1-0126-SM-5ZZUP.1,MUSCLE,44.5,8.3,933.0,0.2577357376501878,-0.015026010500025267
GTEX-14JG1-0426-SM-6ETZZ.1,SKIN,44.5,7.3,938.0,-0.3126429658441182,-0.1262662165386745
GTEX-14JG1-0826-SM-5ZZWR.1,HEART,44.5,7.3,948.0,2.154487449823043,-0.02288038456584601
GTEX-14JG1-1026-SM-6ETZY.1,HEART,44.5,6.9,950.0,0.5096030943572291,-0.051783188843454266
GTEX-14JG1-1526-SM-5YY9X.1,SKIN,44.5,7.5,959.0,-1.0519814221895032,-0.16018503976070372
GTEX-14JG1-1626-SM-664NH.1,LIVER,44.5,7.2,961.0,-0.2371854503255607,-0.00944154072184435
GTEX-14JG1-2926-SM-686ZK.1,BRAIN,44.5,7.2,988.0,1.4190130367907154,-0.18069264102995136
GTEX-14JG1-3026-SM-5YYAA.1,BRAIN,44.5,6.4,989.0,-0.0702761689482628,-0.03369821008626686
GTEX-14JG6-1426-SM-9WG7C.1,SKIN,34.5,8.3,135.0,-0.94339896204574,-0.0072992304972197344
GTEX-14JG6-2126-SM-6EU2F.1,MUSCLE,34.5,8.5,281.0,-0.1912074039274706,0.042016878172865854
GTEX-14JG6-2226-SM-6EU2G.1,SKIN,34.5,7.5,280.0,-0.345555168848941,-0.06748430498850251
GTEX-14JIY-0011-R10a-SM-6AJAO.1,BRAIN,64.5,8.6,796.0,1.6721746006265472,-0.1232511372284032
GTEX-14JIY-0011-R11b-SM-62LE8.1,BRAIN,64.5,8.0,796.0,0.9439315998145296,-0.10398867061357427
GTEX-14JIY-0011-R1a-SM-68713.1,BRAIN,64.5,8.0,796.0,-0.6110337377276445,0.031007999030451986
GTEX-14JIY-0011-R3a-SM-5YYAQ.1,BRAIN,64.5,6.7,796.0,0.9102797887132416,0.01999494962799822
GTEX-14JIY-0011-R4b-SM-5ZZV7.1,BRAIN,64.5,7.3,796.0,0.9951589024458124,0.06835132039764844
GTEX-14JIY-0011-R5b-SM-62LE7.1,BRAIN,64.5,7.9,796.0,1.2744142463807329,0.12084285039060896
GTEX-14JIY-0011-R6b-SM-68714.1,BRAIN,64.5,8.1,796.0,0.6354042773126114,0.010156958372136536
GTEX-14JIY-0011-R8a-SM-6AJAP.1,BRAIN,64.5,7.7,796.0,0.5087792170469134,-0.012490551381454143
GTEX-14JIY-0011-R9a-SM-6EU34.1,BRAIN,64.5,8.0,796.0,1.6684794855883571,0.08644553498908894
GTEX-14JIY-0126-SM-6LLH6.1,SKIN,64.5,6.7,1031.0,-0.5207619988351289,-0.046489145695529754
GTEX-14JIY-0426-SM-62LF7.1,MUSCLE,64.5,7.9,1038.0,0.7303908373414105,0.03750833760515847
GTEX-14JIY-1126-SM-6EU28.1,HEART,64.5,5.8,1051.0,-4.072761458209098,0.021696436047983436
GTEX-14JIY-2326-SM-6AJAJ.1,BRAIN,64.5,7.4,1139.0,1.8110491707250411,-0.24473981624516697
GTEX-14JIY-2926-SM-69LPT.1,BRAIN,64.5,6.8,1136.0,0.4763507636686915,-0.0663589820015023
GTEX-14LLW-0011-R10a-SM-62LEG.1,BRAIN,74.5,7.9,1360.0,1.414292721745783,0.12091014966572548
GTEX-14LLW-0011-R11b-SM-62LEH.1,BRAIN,74.5,7.8,1360.0,0.216438628317818,0.1581092333682675
GTEX-14LLW-0011-R1a-SM-5ZZVD.1,BRAIN,74.5,6.3,1360.0,1.5840265175611112,0.045276505928139976
GTEX-14LLW-0011-R3b-SM-62LFW.1,BRAIN,74.5,6.4,1360.0,-0.5208638853406693,-0.01774208190324509
GTEX-14LLW-0011-R5b-SM-5ZZU6.1,BRAIN,74.5,7.7,1360.0,0.2680595881567079,0.0836465982307526
GTEX-14LLW-0011-R8a-SM-62LFG.1,BRAIN,74.5,8.1,1360.0,1.2755095052103682,-0.08953464597753819
GTEX-14LLW-0126-SM-6LLIO.1,SKIN,74.5,7.6,1394.0,-0.6005510694041792,-0.07499894912989005
GTEX-14LLW-0526-SM-62LFB.1,MUSCLE,74.5,7.3,1400.0,1.2049182690676248,0.08939017652826049
GTEX-14LLW-2626-SM-62LDZ.1,SKIN,74.5,6.2,1416.0,-1.1807706890703489,-0.16996929220963508
GTEX-14LLW-2826-SM-62LE1.1,BRAIN,74.5,6.2,1418.0,-0.8420801745745583,-0.08822897661631655
GTEX-14LZ3-0011-R10b-SM-6AJA9.1,BRAIN,64.5,6.7,805.0,-0.4771629273360458,-0.05657756289944794
GTEX-14LZ3-0011-R1a-SM-69LP5.1,BRAIN,64.5,6.6,805.0,-3.264240790604436,-0.05095282260897906
GTEX-14LZ3-0011-R3a-SM-664NQ.1,BRAIN,64.5,6.8,805.0,-2.3299468394944816,-0.0341938633472772
GTEX-14LZ3-0011-R5b-SM-5ZZV8.1,BRAIN,64.5,6.8,805.0,-2.3905038345303504,0.06580052404810115
GTEX-14LZ3-0011-R6a-SM-686ZO.1,BRAIN,64.5,7.1,805.0,-1.6768109868502152,0.07259950887994565
GTEX-14LZ3-0011-R6a-SM-69LQM.1,BRAIN,64.5,7.7,805.0,-1.4845027027613158,0.016147801480698918
GTEX-14LZ3-0011-R6a-SM-D3L8C.1,BRAIN,64.5,7.7,805.0,-0.8130367583457379,0.03500124185693769
GTEX-14LZ3-0011-R7a-SM-69LQN.1,BRAIN,64.5,7.4,805.0,-3.584012564139634,0.055153765100229825
GTEX-14LZ3-0011-R8b-SM-69LOZ.1,BRAIN,64.5,6.9,805.0,-1.8185992558770925,0.02148301398179936
GTEX-14LZ3-0011-R8b-SM-69LP6.1,BRAIN,64.5,8.3,805.0,0.6030175709278184,0.2536944555239341
GTEX-14LZ3-0011-R8b-SM-COH3M.1,BRAIN,64.5,6.9,805.0,-1.3971678407220511,0.01151695428835985
GTEX-14LZ3-0126-SM-69LPM.1,SKIN,64.5,7.5,877.0,1.0582333222379905,-0.14403194174968317
GTEX-14LZ3-0226-SM-62LET.1,SKIN,64.5,6.1,880.0,-0.1267229044668156,-0.0910875699500695
GTEX-14LZ3-0626-SM-5ZZWP.1,MUSCLE,64.5,8.0,898.0,0.67677497792243,-0.009997575389304902
GTEX-14LZ3-2926-SM-5YY8T.1,BRAIN,64.5,5.7,976.0,-2.476864693425198,-0.02772005579810385
GTEX-14LZ3-3026-SM-5ZZVU.1,BRAIN,64.5,6.1,978.0,-0.7859145924502048,-0.015400634749013696
GTEX-14PHW-0011-R6b-SM-5YYAR.1,BRAIN,64.5,5.7,1155.0,-3.8370219994324417,0.17892744769059157
GTEX-14PHW-0126-SM-6LLJI.1,SKIN,64.5,8.0,1209.0,0.3321049559446734,-0.20175567841700257
GTEX-14PHX-0526-SM-664NW.1,LIVER,54.5,6.5,147.0,0.930816529592887,-0.07155996528447894
GTEX-14PHX-0626-SM-5YY8Z.1,HEART,54.5,6.2,148.0,0.0533318231063023,0.1819025166842549
GTEX-14PHX-2126-SM-6EU2U.1,HEART,54.5,7.6,175.0,0.0994000724212068,-0.07335703052788212
GTEX-14PHX-2226-SM-6EU2P.1,SKIN,54.5,6.0,180.0,-1.173592197461428,-0.1257882777678378
GTEX-14PHX-2326-SM-62LEM.1,SKIN,54.5,7.4,258.0,-1.0814942717779277,-0.09148954059283876
GTEX-14PHY-0226-SM-5ZZWM.1,HEART,64.5,8.1,479.0,-0.2503255317510719,-0.06734596297375843
GTEX-14PHY-0326-SM-62LE3.1,HEART,64.5,6.4,492.0,-0.1465902970037238,-0.046434755629926626
GTEX-14PHY-1226-SM-5ZZWK.1,SKIN,64.5,7.5,542.0,-1.5876102016343618,-0.1361113402926321
GTEX-14PII-0226-SM-6EU1T.1,SKIN,64.5,7.7,613.0,-0.254874715041508,-0.07075291632743916
GTEX-14PII-0626-SM-69LPY.1,MUSCLE,64.5,8.4,633.0,0.1022700155457537,0.09343747968958668
GTEX-14PII-0726-SM-6EU2B.1,SKIN,64.5,7.5,651.0,-0.4315744146801329,-0.08036729234408393
GTEX-14PII-1026-SM-5ZZVW.1,HEART,64.5,7.6,667.0,1.2165974721119772,-0.034703617749494556
GTEX-14PJ2-0326-SM-6EU2Q.1,MUSCLE,54.5,6.2,424.0,-1.1628256482467674,0.03469670926349109
GTEX-14PJ2-0626-SM-6LLII.1,SKIN,54.5,6.8,451.0,0.3509036735024741,-0.23702965554613048
GTEX-14PJ2-1026-SM-6EU1M.1,HEART,54.5,5.9,472.0,-2.070991229353416,-0.020969535886195375
GTEX-14PJ2-1126-SM-69LOD.1,HEART,54.5,6.4,473.0,-0.2510776094952633,-0.016306172175195772
GTEX-14PJ3-1126-SM-5ZZVX.1,SKIN,54.5,6.0,191.0,-2.3191676272647936,-0.07566442153899329
GTEX-14PJ3-1826-SM-62LEX.1,SKIN,54.5,7.4,231.0,-0.8273007774260814,-0.18459128299033112
GTEX-14PJ3-2026-SM-5ZZVK.1,MUSCLE,54.5,8.5,238.0,-1.5752759831950705,0.06777338256142107
GTEX-14PJ4-0226-SM-5YY92.1,SKIN,64.5,7.5,97.0,-1.738672193587571,0.018662127976323842
GTEX-14PJ4-0926-SM-5YY98.1,HEART,64.5,8.6,118.0,-0.2418696322465416,-0.031213040065832472
GTEX-14PJ4-1126-SM-5YY91.1,HEART,64.5,8.8,129.0,-0.2316825452631265,-0.061468975176096764
GTEX-14PJ4-2426-SM-6EU1U.1,MUSCLE,64.5,8.3,255.0,-1.2118557138305617,0.09309143077274291
GTEX-14PJ5-1526-SM-6LLIL.1,SKIN,64.5,7.7,192.0,-0.288674313163577,-0.0341306355193383
GTEX-14PJ5-2026-SM-6LLIN.1,MUSCLE,64.5,8.1,206.0,0.1135210888170549,-0.00815414474331166
GTEX-14PJ6-0626-SM-686Z6.1,HEART,64.5,8.7,97.0,0.3493191345093511,0.0646134977545441
GTEX-14PJ6-0726-SM-69LOL.1,HEART,64.5,8.3,98.0,-0.1111415060863257,-0.010027470947093158
GTEX-14PJ6-2126-SM-6EU1V.1,SKIN,64.5,6.7,134.0,-0.7113635738439704,-0.09865665919237625
GTEX-14PJ6-2326-SM-6ETZR.1,MUSCLE,64.5,7.9,138.0,-0.7291318551466079,0.16256476708907688
GTEX-14PJ6-2626-SM-6EU2T.1,SKIN,64.5,6.5,137.0,-0.687015383932185,0.015044071915881748
GTEX-14PJM-0011-R10a-SM-686ZP.1,BRAIN,54.5,6.0,427.0,1.003451359267013,-0.016591071299661333
GTEX-14PJM-0011-R1a-SM-6AJAG.1,BRAIN,54.5,6.5,427.0,-1.3356020757105225,0.035234432330431595
GTEX-14PJM-0011-R1a-SM-6EU2Z.1,BRAIN,54.5,7.9,427.0,-0.8511550895976231,0.03498853068111916
GTEX-14PJM-0011-R1a-SM-CNPO3.1,BRAIN,54.5,6.5,427.0,-1.0874862602602828,0.05396957701061529
GTEX-14PJM-0011-R3b-SM-5ZZV9.1,BRAIN,54.5,5.8,427.0,1.0841503635161742,0.0496874696956268
GTEX-14PJM-0011-R4a-SM-5YYAS.1,BRAIN,54.5,6.8,427.0,-0.8202093385202557,0.029197790870127128
GTEX-14PJM-0011-R6a-SM-6872G.1,BRAIN,54.5,8.6,427.0,0.976776560695586,-0.020098497764994817
GTEX-14PJM-0011-R7a-SM-6AJBX.1,BRAIN,54.5,7.8,427.0,-0.6138650909270216,0.06645050915752117
GTEX-14PJM-0011-R8b-SM-69LPD.1,BRAIN,54.5,6.7,427.0,0.1105224012905856,0.012640106778939763
GTEX-14PJM-0011-R9b-SM-6EU35.1,BRAIN,54.5,7.7,427.0,1.8804472116348625,0.09752858643180755
GTEX-14PJM-0226-SM-62LF1.1,SKIN,54.5,8.1,523.0,-0.0907743247127582,0.03287288008280896
GTEX-14PJM-0426-SM-5ZZVN.1,MUSCLE,54.5,8.0,529.0,-0.4594873747171324,-0.017385423201046652
GTEX-14PJM-0826-SM-6LLIW.1,HEART,54.5,6.2,562.0,3.7514325940229862,0.23854614374675462
GTEX-14PJM-1126-SM-6LLHK.1,HEART,54.5,6.8,569.0,1.7663826123332276,-0.06196102190323338
GTEX-14PJM-3026-SM-6LLHM.1,BRAIN,54.5,7.4,619.0,1.9230796812731352,-0.162039327879641
GTEX-14PJM-3126-SM-6EU2R.1,BRAIN,54.5,5.8,621.0,0.0982450954464863,-0.10268269967603447
GTEX-14PJN-1826-SM-6AJ98.1,SKIN,34.5,7.6,440.0,-0.8061921793402793,0.037434010702465784
GTEX-14PJN-2126-SM-6AJBM.1,MUSCLE,34.5,8.4,529.0,-1.9911441127281344,-0.012555463336337565
GTEX-14PJO-0011-R10a-SM-686ZS.1,BRAIN,64.5,7.1,520.0,-0.8521343866603021,0.0691431548173702
GTEX-14PJO-0011-R1b-SM-6AJAK.1,BRAIN,64.5,7.4,520.0,-2.089131945931914,0.05052447387385838
GTEX-14PJO-0011-R2a-SM-5ZZVF.1,BRAIN,64.5,6.7,520.0,-1.580318269783497,0.04457296357692551
GTEX-14PJO-0011-R3a-SM-6AJBY.1,BRAIN,64.5,6.4,520.0,-0.7182107675204336,0.046535958404304176
GTEX-14PJO-0011-R5a-SM-6AJBZ.1,BRAIN,64.5,7.4,520.0,-0.3780220398551878,0.1615290688732064
GTEX-14PJO-0011-R7a-SM-664NR.1,BRAIN,64.5,6.4,520.0,-1.0530097659065758,0.11539845588239515
GTEX-14PJO-0011-R8a-SM-6AJAL.1,BRAIN,64.5,8.3,520.0,-1.592914680499864,0.08350229815563655
GTEX-14PJO-0011-R9b-SM-62LE9.1,BRAIN,64.5,7.5,520.0,1.93451149655532,0.20432633626999402
GTEX-14PJO-0526-SM-6EU2O.1,MUSCLE,64.5,6.2,648.0,0.4952868697484667,0.03208606620208791
GTEX-14PJO-0826-SM-6ETZK.1,HEART,64.5,7.7,657.0,1.3893992624262306,-0.056560609093152824
GTEX-14PJO-1726-SM-68719.1,LIVER,64.5,5.8,673.0,-1.1562824720019451,-0.17036469269395293
GTEX-14PJO-2526-SM-6AJBQ.1,SKIN,64.5,6.9,686.0,-1.6495057789737158,-0.19109558980280603
GTEX-14PJO-2926-SM-686ZI.1,BRAIN,64.5,6.0,694.0,-1.6948660442653325,-0.06832380040265039
GTEX-14PK6-0226-SM-62LF5.1,SKIN,74.5,5.8,85.0,-2.760952960178347,0.05372384280682553
GTEX-14PK6-0726-SM-6LLIX.1,HEART,74.5,7.8,102.0,-0.2434815425858976,0.05509596221436045
GTEX-14PK6-0826-SM-5ZZVO.1,HEART,74.5,7.3,105.0,0.0427492517351604,0.004708564777253951
GTEX-14PK6-1926-SM-6ETZU.1,SKIN,74.5,6.0,245.0,0.7734840861028485,-0.030335708137609368
GTEX-14PK6-2126-SM-6ETZV.1,MUSCLE,74.5,7.0,249.0,-1.253605221386795,-0.032949377995339015
GTEX-14PKU-0008-SM-E9U4G.1,SKIN,44.5,9.9,308.0,2.231009414842638,0.2361426259574748
GTEX-14PKU-0126-SM-6LLHV.1,SKIN,44.5,7.6,137.0,-0.9279188048077108,0.08490517966702367
GTEX-14PKV-0008-SM-E9U4H.1,SKIN,24.5,9.9,359.0,1.9099523530032307,0.027230472447823582
GTEX-14PKV-1126-SM-6LLJ1.1,SKIN,24.5,6.6,379.0,-1.2643632574991552,-0.05623654778848405
GTEX-14PN3-0008-SM-E76Q7.1,SKIN,64.5,9.9,289.0,1.8811369304329677,0.3296549374533258
GTEX-14PN3-0526-SM-69LQF.1,HEART,64.5,8.2,93.0,-0.1390026792505785,-0.03970279458259941
GTEX-14PN3-0726-SM-6EU14.1,HEART,64.5,8.1,96.0,0.18507558809175,-0.033601807195176275
GTEX-14PN3-2426-SM-6LLHS.1,SKIN,64.5,7.7,289.0,-0.6480081066812395,-0.1605376911719323
GTEX-14PN4-0008-SM-E9U4N.1,SKIN,54.5,10.0,1046.0,2.1871774514460003,0.2178959218761601
GTEX-14PN4-0011-R10b-SM-69LP2.1,BRAIN,54.5,8.1,1024.0,0.554884032364742,-0.12649991860863471
GTEX-14PN4-0011-R11a-SM-686ZW.1,BRAIN,54.5,8.8,1024.0,2.1525680569700003,-0.17393460979557754
GTEX-14PN4-0011-R1b-SM-69LP8.1,BRAIN,54.5,6.1,1024.0,-0.5660559604592138,-0.07425738896981825
GTEX-14PN4-0011-R2a-SM-6EU2Y.1,BRAIN,54.5,7.1,1024.0,0.7245517448847991,0.03776115966025828
GTEX-14PN4-0011-R3b-SM-686ZU.1,BRAIN,54.5,9.4,1024.0,0.8838840885219056,-0.03608521907933159
GTEX-14PN4-0011-R4a-SM-686ZT.1,BRAIN,54.5,6.9,1024.0,-0.2225002795014585,0.049234302837608615
GTEX-14PN4-0011-R5a-SM-686ZV.1,BRAIN,54.5,6.5,1024.0,0.2516635143118542,-0.017268649788410088
GTEX-14PN4-0011-R6b-SM-69LQU.1,BRAIN,54.5,8.0,1024.0,-0.0070613438533577,-0.03808877052432991
GTEX-14PN4-0011-R7b-SM-69LQQ.1,BRAIN,54.5,7.5,1024.0,0.4090763156062494,-0.046650992852672664
GTEX-14PN4-0011-R8a-SM-6EU1H.1,BRAIN,54.5,7.0,1024.0,0.5288820449082435,-0.06605535678346836
GTEX-14PN4-0011-R9a-SM-6LLH9.1,BRAIN,54.5,6.9,1024.0,0.2954634095880983,-0.012663598913917736
GTEX-14PN4-0126-SM-6EU2V.1,SKIN,54.5,7.5,1045.0,0.245091003706209,-0.024921111822665144
GTEX-14PN4-0326-SM-6EU2N.1,MUSCLE,54.5,7.7,1052.0,-2.260288659265852,0.12612631543186975
GTEX-14PN4-0826-SM-69LON.1,HEART,54.5,6.7,1096.0,1.5518680287556212,0.14143436275295565
GTEX-14PN4-3026-SM-664O4.1,BRAIN,54.5,6.8,1212.0,1.5094376731864938,-0.17171608998586382
GTEX-14PQA-0008-SM-E6CPD.1,SKIN,54.5,9.9,1164.0,1.481344733004718,0.2904862641725165
GTEX-14PQA-0011-R10a-SM-6AJAA.1,BRAIN,54.5,7.0,1109.0,0.5377777529375771,-0.1179646662013243
GTEX-14PQA-0011-R1b-SM-6EU1G.1,BRAIN,54.5,7.5,1109.0,-0.6943300403372648,0.006459493622799317
GTEX-14PQA-0011-R3b-SM-69LQO.1,BRAIN,54.5,6.9,1109.0,-0.9509967812769542,-0.031244987365689852
GTEX-14PQA-0011-R4b-SM-6AJBU.1,BRAIN,54.5,7.1,1109.0,-1.4554437126201627,0.017168241109292545
GTEX-14PQA-0011-R5b-SM-6AJC2.1,BRAIN,54.5,6.2,1109.0,-0.5541724502880302,0.05355780168835905
GTEX-14PQA-0011-R6b-SM-6AJAM.1,BRAIN,54.5,6.2,1109.0,-0.7415870810362801,0.06004756113494557
GTEX-14PQA-0011-R8b-SM-6AJAB.1,BRAIN,54.5,6.9,1109.0,-0.8603339981524873,0.0761933025068981
GTEX-14PQA-0526-SM-7KUFS.1,MUSCLE,54.5,7.2,1177.0,-0.3142841242231301,-0.0077958281240545465
GTEX-14XAO-0008-SM-E9U4M.1,SKIN,64.5,10.0,265.0,1.5566829831556424,0.28564320397829035
GTEX-14XAO-0226-SM-68728.1,LIVER,64.5,6.7,94.0,-0.2518266978492094,-0.007403814647197285
GTEX-14XAO-0926-SM-69LPZ.1,HEART,64.5,9.4,114.0,0.7081301729690421,0.06697661102045598
GTEX-14XAO-1126-SM-6EU11.1,HEART,64.5,8.8,122.0,1.905766761031105,-0.09665326635920085
GTEX-14XAO-1226-SM-6EU1C.1,SKIN,64.5,7.6,125.0,-0.1384378435555137,-0.011124365377166604
GTEX-14XAO-2226-SM-6LLHU.1,MUSCLE,64.5,7.3,263.0,-0.2031038288544028,-0.07761941866527956
GTEX-14XAO-2326-SM-6EU1B.1,SKIN,64.5,7.4,265.0,0.3542933889477719,-0.15984615526587317
GTEX-15CHC-0008-SM-E9U4J.1,SKIN,64.5,9.8,273.0,2.2136346087123004,0.20602515811113883
GTEX-15CHC-0326-SM-5ZZVP.1,HEART,64.5,7.3,194.0,-0.2435427551497747,0.1346158629511263
GTEX-15CHC-0426-SM-6LLHI.1,HEART,64.5,8.7,196.0,0.7566234040814648,-0.027512102656564334
GTEX-15CHC-1126-SM-6LLHQ.1,SKIN,64.5,6.0,218.0,0.0961750870651722,-0.10154093876789991
GTEX-15CHC-2126-SM-6EU21.1,SKIN,64.5,6.7,273.0,-0.1538493357897923,-0.27430859942603386
GTEX-15CHC-2426-SM-6EU22.1,MUSCLE,64.5,7.7,288.0,-0.8512786424663248,0.09233431975120299
GTEX-15CHQ-0008-SM-E9U4I.1,SKIN,64.5,9.3,851.0,1.6939263043432748,0.2306434222852286
GTEX-15CHQ-0011-R10b-SM-6AJBV.1,BRAIN,64.5,8.0,800.0,1.7521105928793594,-0.0889948251947836
GTEX-15CHQ-0011-R11b-SM-686ZZ.1,BRAIN,64.5,8.0,800.0,3.3460086972956677,-0.16139371784505444
GTEX-15CHQ-0011-R1a-SM-6AJAH.1,BRAIN,64.5,7.2,800.0,-0.395334653342925,-0.0155945250717293
GTEX-15CHQ-0011-R1a-SM-6EU31.1,BRAIN,64.5,8.0,800.0,0.7824656630938378,0.022670519320170123
GTEX-15CHQ-0011-R1a-SM-COH27.1,BRAIN,64.5,7.2,800.0,0.1809655621564403,-0.009804550263276528
GTEX-15CHQ-0011-R2b-SM-6AJAD.1,BRAIN,64.5,7.7,800.0,1.3035833250472213,-0.1484046315641641
GTEX-15CHQ-0011-R3b-SM-686ZY.1,BRAIN,64.5,8.1,800.0,1.8157272786424976,0.02823526404102138
GTEX-15CHQ-0011-R4a-SM-686ZX.1,BRAIN,64.5,7.7,800.0,0.0538970421808985,0.03030571084272639
GTEX-15CHQ-0011-R5b-SM-6AJAN.1,BRAIN,64.5,8.6,800.0,1.8045047259333529,0.006265907209951752
GTEX-15CHQ-0011-R6b-SM-69LOX.1,BRAIN,64.5,8.6,800.0,1.2646353362579168,-0.018117098210009383
GTEX-15CHQ-0011-R7b-SM-69LP1.1,BRAIN,64.5,8.0,800.0,1.4631856546671835,0.02182691550982677
GTEX-15CHQ-0011-R7b-SM-6AJAC.1,BRAIN,64.5,8.2,800.0,0.8549397371512978,-0.0025415801044025065
GTEX-15CHQ-0011-R7b-SM-D4P1Q.1,BRAIN,64.5,8.0,800.0,2.162922895430603,0.037553218093964995
GTEX-15CHQ-0011-R8b-SM-6AJAI.1,BRAIN,64.5,7.3,800.0,0.8279750943484238,1.2047751255640627e-06
GTEX-15CHQ-0011-R8b-SM-6EU32.1,BRAIN,64.5,8.2,800.0,1.5135987139197082,0.007368700434922256
GTEX-15CHQ-0011-R8b-SM-CNPO4.1,BRAIN,64.5,7.3,800.0,0.8000032394593894,0.03930687920646177
GTEX-15CHQ-0011-R9a-SM-6LLHX.1,BRAIN,64.5,8.2,800.0,2.803781952996014,0.24715449380566606
GTEX-15CHQ-0326-SM-69LQD.1,SKIN,64.5,6.1,854.0,-0.8027209593389327,-0.10132036176503126
GTEX-15CHQ-0726-SM-6EU18.1,MUSCLE,64.5,7.7,881.0,0.8923311814413841,-0.1619946113169949
GTEX-15CHQ-1326-SM-6871Z.1,HEART,64.5,7.6,891.0,2.8276499174097283,-0.060482036756204685
GTEX-15CHQ-1526-SM-69LPW.1,HEART,64.5,5.8,894.0,-4.237948941991441,0.0042720539234099445
GTEX-15CHR-0008-SM-E9U4K.1,SKIN,54.5,9.9,404.0,2.079040814368541,0.08898007678534012
GTEX-15CHR-0226-SM-7PC2Z.1,HEART,54.5,8.0,179.0,-0.2073006305510799,-0.09429753219962834
GTEX-15CHR-0326-SM-7DHN3.1,HEART,54.5,8.1,187.0,0.0225839794780956,0.007048559294015158
GTEX-15CHR-1126-SM-7EWF4.1,SKIN,54.5,6.3,220.0,-2.413701150742444,-0.11501192556782742
GTEX-15CHR-2426-SM-7DUFX.1,MUSCLE,54.5,7.3,411.0,-1.1350865742272465,-0.23050077897481128
GTEX-15CHS-0011-R11b-SM-68711.1,BRAIN,54.5,6.4,797.0,1.2793997792575,-0.1203907036906574
GTEX-15CHS-0011-R1a-SM-68712.1,BRAIN,54.5,7.6,797.0,-2.32073902421991,-0.01884789505860691
GTEX-15CHS-0011-R2a-SM-6EU2X.1,BRAIN,54.5,6.3,797.0,-1.4885290598355287,0.007717139718147201
GTEX-15CHS-0011-R3a-SM-6AJAE.1,BRAIN,54.5,6.9,797.0,-1.801376924835116,0.01468757076968442
GTEX-15CHS-0011-R3a-SM-6EU1E.1,BRAIN,54.5,6.2,797.0,-1.275179560641528,-0.0277566883232084
GTEX-15CHS-0011-R4b-SM-6EU1D.1,BRAIN,54.5,6.6,797.0,-2.0324501760308915,0.05612061076979433
GTEX-15CHS-0011-R5b-SM-69LP3.1,BRAIN,54.5,7.2,797.0,-3.1114442606639874,0.06384754575631958
GTEX-15CHS-0011-R5b-SM-69LPA.1,BRAIN,54.5,7.3,797.0,-2.7377007245190352,0.0615526875256876
GTEX-15CHS-0011-R6a-SM-6AJC1.1,BRAIN,54.5,7.8,797.0,-1.8696694365564697,0.02343673654969897
GTEX-15CHS-0011-R7a-SM-69LQL.1,BRAIN,54.5,6.1,797.0,-3.5914289327009854,0.06921503160659362
GTEX-15CHS-0011-R8a-SM-6EU1L.1,BRAIN,54.5,5.9,797.0,0.4575492789399979,0.11966817693027369
GTEX-15CHS-0011-R9b-SM-6LLH8.1,BRAIN,54.5,7.9,797.0,1.0672204124631095,0.1515515044489128
GTEX-15CHS-0526-SM-6EU2D.1,MUSCLE,54.5,8.0,917.0,0.1177045438364702,-0.12130939743604342
GTEX-15CHS-0626-SM-6AJA3.1,SKIN,54.5,6.7,922.0,0.1723481627421856,-0.21160772754851723
GTEX-15CHS-1426-SM-6871W.1,LIVER,54.5,5.8,971.0,-1.3182611467654122,0.031177299588994862
GTEX-15D1Q-0008-SM-E9U4L.1,SKIN,44.5,10.0,682.0,2.050826637550854,0.2157076930820197
GTEX-15D1Q-0126-SM-7KUG6.1,SKIN,44.5,6.3,680.0,0.5436483932088538,-0.19546363211584275
GTEX-15D1Q-0426-SM-6AJ9G.1,HEART,44.5,6.2,697.0,-1.7267000609638916,0.1332034091836753
GTEX-15D1Q-2826-SM-6LLH7.1,SKIN,44.5,7.0,747.0,-0.162964779354675,-0.11221396808262706
GTEX-15D79-0008-SM-E6CPM.1,SKIN,54.5,10.0,907.0,2.0478470230995978,0.06762381075034143
GTEX-15D79-0526-SM-6ETZP.1,MUSCLE,54.5,8.2,966.0,1.1113424185922067,-0.07588105380929631
GTEX-15DCD-0008-SM-E76Q6.1,SKIN,74.5,9.8,693.0,2.438039844238241,0.27002766653869065
GTEX-15DCD-0011-R10b-SM-6LPII.1,BRAIN,74.5,8.8,635.0,0.7059634343155748,0.00846500080548526
GTEX-15DCD-0011-R11a-SM-69LP4.1,BRAIN,74.5,8.1,635.0,1.364277883067671,-0.1042232742230608
GTEX-15DCD-0011-R11a-SM-6AJAF.1,BRAIN,74.5,8.4,635.0,1.4935189642579825,-0.1565723777354733
GTEX-15DCD-0011-R11a-SM-D4P1R.1,BRAIN,74.5,8.1,635.0,1.6722812828706566,-0.06040844343809631
GTEX-15DCD-0011-R1b-SM-6LPIJ.1,BRAIN,74.5,7.6,635.0,-2.150634065615737,0.018270691181037278
GTEX-15DCD-0011-R2b-SM-6LPIE.1,BRAIN,74.5,6.8,635.0,-0.6826677286221896,-0.005699770649352313
GTEX-15DCD-0011-R3b-SM-69LOY.1,BRAIN,74.5,7.5,635.0,0.1837059089326633,0.0305083279178442
GTEX-15DCD-0011-R3b-SM-6EU1I.1,BRAIN,74.5,7.5,635.0,1.1410043782603694,0.03917348592210832
GTEX-15DCD-0011-R3b-SM-D4P1P.1,BRAIN,74.5,7.5,635.0,0.7671838689208685,0.05864679718831826
GTEX-15DCD-0011-R4a-SM-69LPB.1,BRAIN,74.5,7.5,635.0,-1.2438456843759245,0.05991448808192192
GTEX-15DCD-0011-R5a-SM-69LPC.1,BRAIN,74.5,8.0,635.0,-0.8764195709990507,0.08498985124651978
GTEX-15DCD-0011-R5a-SM-6EU1F.1,BRAIN,74.5,7.1,635.0,-0.6199895290884587,0.11867478948636954
GTEX-15DCD-0011-R5a-SM-CXZKZ.1,BRAIN,74.5,8.0,635.0,-0.2163259354798577,0.05454474709954661
GTEX-15DCD-0011-R6b-SM-6M46L.1,BRAIN,74.5,8.4,635.0,0.0282944046694779,0.07622029298977544
GTEX-15DCD-0011-R7b-SM-6LPID.1,BRAIN,74.5,7.8,635.0,-1.5624899106068406,0.09707980396069031
GTEX-15DCD-0011-R8b-SM-7KUEF.1,BRAIN,74.5,7.4,635.0,0.1712755592826849,0.08776420426183797
GTEX-15DCD-0011-R9b-SM-7KUED.1,BRAIN,74.5,7.5,635.0,1.4255080489111571,0.13149458438346845
GTEX-15DCD-0126-SM-7KUEK.1,SKIN,74.5,7.9,692.0,0.4437337204647625,-0.14456119100172293
GTEX-15DCD-0626-SM-7KUG7.1,MUSCLE,74.5,8.7,709.0,0.9581821306905328,-0.012359282066887349
GTEX-15DCD-2926-SM-7KULT.1,BRAIN,74.5,6.5,758.0,0.2761585942082205,0.043463984979547246
GTEX-15DCE-0008-SM-E6CPF.1,SKIN,24.5,9.6,670.0,1.3377472020026684,0.3826029107470618
GTEX-15DCE-0826-SM-7KULW.1,HEART,24.5,6.7,693.0,-0.3907661438348422,0.17421902331716338
GTEX-15DCZ-0526-SM-686Z3.1,MUSCLE,24.5,8.1,554.0,-0.446412465558336,-0.00544676233253033
GTEX-15DCZ-0626-SM-6AJ9I.1,SKIN,24.5,6.5,556.0,0.3544581431224357,-0.12321050550722379
GTEX-15DCZ-1126-SM-6871O.1,HEART,24.5,6.3,585.0,-1.7640562663955488,0.2555956497311746
GTEX-15DDE-0008-SM-E6CPH.1,SKIN,54.5,9.9,628.0,2.1660323578340392,0.03612114820994723
GTEX-15DDE-0011-R10a-SM-7KUKW.1,BRAIN,54.5,6.9,594.0,-1.232077554904661,-0.020225551783883404
GTEX-15DDE-0011-R10a-SM-7KULA.1,BRAIN,54.5,7.5,594.0,-0.6776472876246288,0.012588052233350529
GTEX-15DDE-0011-R11b-SM-6LPIF.1,BRAIN,54.5,7.8,594.0,2.872546844207292,-0.18868200661406306
GTEX-15DDE-0011-R4b-SM-7KULI.1,BRAIN,54.5,6.8,594.0,-1.966191595906096,0.2441880563609932
GTEX-15DDE-0011-R5b-SM-7KULJ.1,BRAIN,54.5,7.4,594.0,-0.9889702940093964,0.3838047904750336
GTEX-15DDE-0011-R9b-SM-6M46U.1,BRAIN,54.5,7.4,594.0,-0.5647858513878878,0.09427891429016923
GTEX-15DDE-0126-SM-6LPKH.1,SKIN,54.5,8.1,628.0,1.2839517196845058,-0.08200238279073221
GTEX-15DDE-0526-SM-6ETZQ.1,MUSCLE,54.5,8.1,635.0,1.518169343130714,-0.0341039323178644
GTEX-15DDE-1126-SM-6LLHN.1,HEART,54.5,5.9,654.0,-0.2067988933793951,-0.0537677572837971
GTEX-15DDE-2926-SM-6LLJ3.1,SKIN,54.5,7.4,689.0,-0.0299122836597153,-0.18089954661429453
GTEX-15DDE-3026-SM-6AJ9C.1,BRAIN,54.5,6.9,695.0,1.6807028263096155,-0.20401446250613814
GTEX-15DYW-0008-SM-E76Q4.1,SKIN,64.5,9.9,494.0,1.8330710477461585,-0.023444223856914536
GTEX-15DYW-0011-R11a-SM-6LPIT.1,BRAIN,64.5,9.0,427.0,1.865822569288092,-0.15884536756201442
GTEX-15DYW-0011-R2b-SM-7KUKY.1,BRAIN,64.5,7.3,427.0,-0.6119762411556239,-0.02147464421720508
GTEX-15DYW-0011-R3b-SM-6LPIM.1,BRAIN,64.5,6.7,427.0,-0.8942436662534536,-0.02810606713416901
GTEX-15DYW-0011-R4a-SM-6M46V.1,BRAIN,64.5,8.0,427.0,0.4577299892214215,0.026508992961603747
GTEX-15DYW-0011-R5a-SM-6M46W.1,BRAIN,64.5,8.6,427.0,-0.2546975144296312,0.016789079513731014
GTEX-15DYW-0011-R6b-SM-6PALA.1,BRAIN,64.5,7.1,427.0,0.1366857717182097,0.04503700151198866
GTEX-15DYW-0011-R7a-SM-7KULG.1,BRAIN,64.5,7.4,427.0,-1.711312061342806,0.04227777211172134
GTEX-15DYW-0011-R9b-SM-6PALB.1,BRAIN,64.5,8.0,427.0,1.3164028767573304,0.1600149880751287
GTEX-15DYW-0126-SM-7KULE.1,SKIN,64.5,8.5,493.0,0.3607774220564022,-0.08878159459222164
GTEX-15DYW-1126-SM-6LPK5.1,HEART,64.5,6.7,541.0,-2.2135436601591567,-0.06428669322416058
GTEX-15DYW-1326-SM-6LPIV.1,LIVER,64.5,7.0,545.0,-0.2003162941128171,-0.003532271634352356
GTEX-15DYW-2726-SM-6EU2I.1,SKIN,64.5,5.9,566.0,0.9655282014890848,-0.08351450871860322
GTEX-15DYW-3026-SM-7KFRM.1,BRAIN,64.5,7.3,586.0,1.948590958396765,-0.05425716175992621
GTEX-15DZA-0008-SM-E76Q2.1,SKIN,34.5,10.0,255.0,1.599780395542156,0.34027018548414506
GTEX-15DZA-2026-SM-6PANE.1,MUSCLE,34.5,8.6,250.0,0.306941415830178,-0.08863768857546729
GTEX-15EO6-0008-SM-E6CPJ.1,SKIN,54.5,9.8,1395.0,1.8004184001943186,0.30498585199321815
GTEX-15EO6-0011-R11b-SM-6M47M.1,BRAIN,54.5,10.0,1375.0,2.990382254764322,-0.2469326824071007
GTEX-15EO6-0011-R2a-SM-6M46R.1,BRAIN,54.5,7.5,1375.0,-0.3291141562589815,0.04251263583182052
GTEX-15EO6-0011-R3b-SM-7KUDY.1,BRAIN,54.5,8.0,1375.0,1.0675441803480257,0.01527857238953238
GTEX-15EO6-0011-R4a-SM-7KUKZ.1,BRAIN,54.5,7.6,1375.0,0.3237272845351804,0.09592268437335141
GTEX-15EO6-0011-R4a-SM-7KULH.1,BRAIN,54.5,7.0,1375.0,0.4276796045969773,0.11685545255391887
GTEX-15EO6-0011-R5b-SM-7KUDZ.1,BRAIN,54.5,9.3,1375.0,0.9296048661728524,0.03692896083026826
GTEX-15EO6-0011-R6a-SM-7KULK.1,BRAIN,54.5,7.4,1375.0,-0.8107803695373136,0.13707257857176658
GTEX-15EO6-0011-R7a-SM-6M46Q.1,BRAIN,54.5,7.9,1375.0,-0.3467301822817826,0.03669282701782577
GTEX-15EO6-0011-R9a-SM-6PALG.1,BRAIN,54.5,8.3,1375.0,1.1209361358497845,0.02338534304736149
GTEX-15EO6-2426-SM-6PALZ.1,SKIN,54.5,7.4,1432.0,-0.3801954681731976,-0.05319535230244945
GTEX-15EO6-2826-SM-6PANB.1,MUSCLE,54.5,8.0,1434.0,0.4230082634944468,0.04712724044996642
GTEX-15EO6-2926-SM-6M48D.1,BRAIN,54.5,7.5,1437.0,2.716051251352299,-0.21244889781915113
GTEX-15EO6-3026-SM-7KUMA.1,BRAIN,54.5,7.4,1438.0,0.7558667369958715,-0.07338203237064388
GTEX-15EOM-0008-SM-E6CPI.1,SKIN,24.5,9.9,181.0,1.982793212460032,0.21281233458191406
GTEX-15EOM-0126-SM-7KUGG.1,SKIN,24.5,7.6,186.0,2.278745879714253,-0.006309279570721651
GTEX-15EOM-0326-SM-6LLJH.1,MUSCLE,24.5,6.5,189.0,-3.9993599303401615,0.22488154875687316
GTEX-15EOM-0626-SM-6LPKI.1,HEART,24.5,7.9,200.0,-0.1345343117358791,-0.008910521268301918
GTEX-15EOM-5004-SM-79ONJ.1,MUSCLE,24.5,6.6,190.0,-1.8563179435237385,0.17390878691234773
GTEX-15EOM-5007-SM-793DG.1,HEART,24.5,7.7,200.0,0.9514622611723088,0.05847437837384541
GTEX-15ER7-0008-SM-E6CPG.1,SKIN,24.5,9.9,1366.0,1.7512644174990395,0.18360941532210845
GTEX-15ER7-0011-R11a-SM-6LPIL.1,BRAIN,24.5,9.0,1272.0,3.0242580133380668,-0.20543902210957063
GTEX-15ER7-0011-R1b-SM-7KUE1.1,BRAIN,24.5,8.1,1272.0,0.0763075299700696,0.024209624114372184
GTEX-15ER7-0011-R2a-SM-6M46O.1,BRAIN,24.5,8.0,1272.0,1.7816239761792536,-0.023421903185913254
GTEX-15ER7-0011-R3a-SM-6LPIK.1,BRAIN,24.5,7.1,1272.0,-0.000262591279059,-0.012461448308551198
GTEX-15ER7-0011-R4a-SM-6M46S.1,BRAIN,24.5,6.7,1272.0,-0.907218520288001,0.017447364893421687
GTEX-15ER7-0011-R5b-SM-6M46T.1,BRAIN,24.5,9.5,1272.0,0.3231020294325365,-0.05425681009519816
GTEX-15ER7-0011-R6a-SM-6M46M.1,BRAIN,24.5,9.2,1272.0,0.4446973601972008,-0.01884846391216401
GTEX-15ER7-0011-R7a-SM-6M46N.1,BRAIN,24.5,9.2,1272.0,-0.561696014061293,0.032018330725918434
GTEX-15ER7-0011-R8a-SM-7KUL2.1,BRAIN,24.5,8.1,1272.0,0.2498584878331035,0.05962488129252998
GTEX-15ER7-0011-R9b-SM-6PALF.1,BRAIN,24.5,7.9,1272.0,1.456440220491475,0.2111026880340925
GTEX-15ER7-0226-SM-7KUEU.1,MUSCLE,24.5,8.7,1363.0,0.7097130624104505,-0.06087195812073278
GTEX-15ER7-0326-SM-7KUEV.1,SKIN,24.5,8.5,1365.0,0.2004463178614932,0.019886081159452545
GTEX-15ER7-0626-SM-6PANF.1,SKIN,24.5,8.2,1371.0,-0.2643558185736286,0.01064282657986676
GTEX-15ER7-0826-SM-6PALW.1,HEART,24.5,8.3,1374.0,0.978274375691135,0.10108665734107493
GTEX-15ER7-1726-SM-6PAMX.1,HEART,24.5,7.6,1392.0,-0.3013988693209415,-0.04496971314653215
GTEX-15ER7-1826-SM-6LLI7.1,LIVER,24.5,6.9,1393.0,-1.6701579495281975,-0.06630144833253926
GTEX-15ER7-3026-SM-6M47W.1,BRAIN,24.5,7.1,1411.0,1.6440304992649892,-0.20827289764369575
GTEX-15ER7-3126-SM-7KUGH.1,BRAIN,24.5,6.9,1414.0,-0.2728920413788019,-0.04413941601799826
GTEX-15ETS-0008-SM-E8VNG.1,SKIN,44.5,9.9,593.0,2.935754916589808,0.29618229294613196
GTEX-15ETS-0126-SM-7KUMW.1,SKIN,44.5,7.3,416.0,-1.1859223816100095,-0.012806459868001467
GTEX-15ETS-0326-SM-6PANH.1,MUSCLE,44.5,7.5,437.0,-0.700920254177113,-0.07447162009500848
GTEX-15EU6-0008-SM-E8VNH.1,SKIN,54.5,10.0,301.0,2.9003115888087403,0.212906799329127
GTEX-15EU6-0426-SM-6PAN5.1,SKIN,54.5,8.6,290.0,0.4566989861937788,-0.15516356499440687
GTEX-15EU6-1326-SM-6PANG.1,HEART,54.5,8.2,328.0,0.4703247274731826,-0.027108452837729467
GTEX-15EU6-2226-SM-6EU2L.1,SKIN,54.5,8.1,371.0,0.2059266864695111,-0.12158989293246866
GTEX-15F5U-0008-SM-E8VMZ.1,SKIN,44.5,9.8,875.0,2.284516921042792,-0.1651063583842322
GTEX-15F5U-1526-SM-6PANO.1,SKIN,44.5,8.1,878.0,-1.2915247922532855,-0.208655513899019
GTEX-15F5U-1826-SM-6LLJF.1,MUSCLE,44.5,7.5,880.0,0.7319101812780954,0.11972024799663962
GTEX-15FZZ-0008-SM-E8VNI.1,SKIN,34.5,10.0,420.0,2.464721326348214,0.3201199701826187
GTEX-15FZZ-0526-SM-7KUGD.1,SKIN,34.5,6.8,350.0,-1.1969361500075306,0.0760179455720654
GTEX-15G19-0011-R10b-SM-7KUG4.1,BRAIN,64.5,7.9,509.0,1.4830251133841563,-0.032903365228741974
GTEX-15G19-0011-R11b-SM-6LPIH.1,BRAIN,64.5,7.9,509.0,2.038727666744592,-0.17785748470751958
GTEX-15G19-0011-R3a-SM-6LPIG.1,BRAIN,64.5,6.6,509.0,-1.7912560070846042,0.04920755580083421
GTEX-15G19-0011-R5b-SM-6M46P.1,BRAIN,64.5,8.4,509.0,0.2310987715119852,0.22793105780877077
GTEX-15G19-0011-R6b-SM-7KUM3.1,BRAIN,64.5,7.3,509.0,-1.7863216650131393,0.09700121617626445
GTEX-15G19-0011-R7b-SM-6M479.1,BRAIN,64.5,7.2,509.0,-1.9770224482516203,0.08928703518209213
GTEX-15G19-0011-R8b-SM-7KUL1.1,BRAIN,64.5,6.3,509.0,-1.1974040353583053,0.10363898887736492
GTEX-15G19-0011-R9b-SM-7KUEE.1,BRAIN,64.5,7.4,509.0,0.7060057198649823,0.16960342907041345
GTEX-15G19-0126-SM-6PANQ.1,SKIN,64.5,7.5,589.0,0.31144868181738,0.06905386567723644
GTEX-15G19-0526-SM-6PAMT.1,MUSCLE,64.5,7.9,601.0,1.7295331525244406,0.15249465814083935
GTEX-15G19-2426-SM-7KUMR.1,SKIN,64.5,6.5,676.0,1.0594027946920952,0.036339483074235894
GTEX-15G19-2826-SM-6M48K.1,BRAIN,64.5,7.3,687.0,1.6253466250863844,-0.1508824862921993
GTEX-15G19-2926-SM-7KUFL.1,BRAIN,64.5,6.5,689.0,0.5152464968696101,0.01676800444182498
GTEX-15G1A-0008-SM-E76Q5.1,SKIN,34.5,9.8,252.0,2.179605891025589,0.37985512033611646
GTEX-15G1A-1626-SM-7KUKN.1,SKIN,34.5,8.3,102.0,-1.837965226011452,-0.04805193789874881
GTEX-15G1A-2026-SM-7KUFG.1,MUSCLE,34.5,6.8,249.0,1.6358091196022042,0.03347758884037583
GTEX-15RIE-0008-SM-EAZCH.1,SKIN,64.5,10.0,374.0,1.7617780202314697,0.31758524896485446
GTEX-15RIE-1326-SM-6PAMM.1,HEART,64.5,7.0,275.0,0.4051686353007876,-0.026830457376775644
GTEX-15RIE-1726-SM-7KUMU.1,HEART,64.5,8.7,285.0,0.9790615930648328,-0.13566659733417513
GTEX-15RIE-1926-SM-7KUKJ.1,SKIN,64.5,6.5,291.0,0.222887114537414,-0.16504933312345504
GTEX-15RIE-2426-SM-7KUDS.1,MUSCLE,64.5,8.0,392.0,-0.2225983807952073,-0.07823946679425219
GTEX-15RIF-0008-SM-EAZ34.1,SKIN,24.5,9.9,349.0,1.4774797908689463,0.2773043793521627
GTEX-15RIF-1926-SM-7KUDW.1,SKIN,24.5,7.7,368.0,1.0462543282096912,-0.0028401217342509557
GTEX-15RIF-2126-SM-7KUM8.1,MUSCLE,24.5,8.0,372.0,1.4912431576601988,-0.006096289756419285
GTEX-15RIG-0008-SM-EAZCG.1,SKIN,44.5,9.9,501.0,2.1174405359875026,0.314898394312006
GTEX-15RIG-0226-SM-7KFTL.1,SKIN,44.5,7.3,500.0,-1.2854441721444791,-0.03604665084547791
GTEX-15RIG-0426-SM-7KUF4.1,MUSCLE,44.5,8.2,505.0,0.6336963927113505,-0.03688097350728561
GTEX-15RIG-0726-SM-7KUM7.1,SKIN,44.5,5.8,512.0,-1.819152881015392,0.0007022549518080325
GTEX-15RJ7-0008-SM-EAZCD.1,SKIN,44.5,9.8,303.0,2.1189333746374817,0.2560583759123589
GTEX-15RJ7-0226-SM-7KUMN.1,HEART,44.5,7.8,177.0,0.3597897370119112,-0.035259703833587196
GTEX-15RJ7-2026-SM-6LPJ4.1,LIVER,44.5,8.9,258.0,0.6614605384838791,0.10061661629534299
GTEX-15RJ7-2126-SM-6PAMD.1,SKIN,44.5,8.3,266.0,-0.3678461892175169,-0.0620346031515041
GTEX-15RJ7-2426-SM-6M48L.1,MUSCLE,44.5,8.0,280.0,-0.6548756658896274,-0.057989318110342435
GTEX-15RJE-0008-SM-EAZ31.1,SKIN,44.5,10.0,1220.0,2.1282562598047754,0.2652055913400043
GTEX-15RJE-0011-R2b-SM-79OMP.1,BRAIN,44.5,6.7,1150.0,0.2828240269195941,0.0197046214363327
GTEX-15RJE-0011-R6a-SM-7DHL8.1,BRAIN,44.5,8.2,1150.0,0.6468974079282181,0.011081891820479889
GTEX-15RJE-0011-R7a-SM-7DHL9.1,BRAIN,44.5,8.4,1150.0,0.9394392345225138,0.045537999702638374
GTEX-15RJE-0626-SM-7KUKR.1,HEART,44.5,6.5,1301.0,-1.7913994510435316,-0.11098111988955
GTEX-15RJE-0726-SM-7KUEG.1,HEART,44.5,6.8,1304.0,0.2696596591052868,-0.08449808118223462
GTEX-15RJE-1126-SM-6LPI5.1,LIVER,44.5,6.2,1337.0,-1.164936101334178,0.04990450086977784
GTEX-15RJE-2826-SM-7KUM9.1,SKIN,44.5,6.2,1380.0,-1.1922344336214483,-0.11272602226640964
GTEX-15RJE-3026-SM-7KUM1.1,BRAIN,44.5,6.4,1415.0,-0.8016248810900077,-0.11566650663626049
GTEX-15SB6-0008-SM-EAZCE.1,SKIN,54.5,9.6,714.0,1.993489534160445,0.2630442433685266
GTEX-15SB6-1726-SM-6PAME.1,SKIN,54.5,6.7,717.0,1.4649984654702908,-0.014587517694013123
GTEX-15SB6-1826-SM-6PALN.1,MUSCLE,54.5,8.6,713.0,0.0080357865618818,0.03257878660821521
GTEX-15SDE-0008-SM-EAZCF.1,SKIN,54.5,9.8,337.0,1.8629720757914965,0.4137122311645326
GTEX-15SDE-1826-SM-7KUFN.1,HEART,54.5,6.1,277.0,1.0919243068755191,0.049532076713104424
GTEX-15SDE-2226-SM-7IGLO.1,SKIN,54.5,6.1,339.0,-0.6273646461619103,-0.1344217132083273
GTEX-15SDE-2326-SM-6PAL4.1,MUSCLE,54.5,8.3,342.0,-1.5027088654593044,-0.1258226712857566
GTEX-15SHU-0008-SM-EAZ35.1,SKIN,44.5,9.8,1080.0,1.859415922266619,0.16717473498767932
GTEX-15SHU-0011-R3a-SM-7IGPS.1,BRAIN,44.5,5.8,1020.0,0.1300277575300472,-0.03317588399449379
GTEX-15SHU-0011-R4b-SM-7IGLC.1,BRAIN,44.5,6.2,1020.0,0.1395372702560611,0.024715081160810302
GTEX-15SHU-0011-R5a-SM-7938Q.1,BRAIN,44.5,9.0,1020.0,0.7271508894319428,0.06696076717834443
GTEX-15SHU-0126-SM-7KUEH.1,SKIN,44.5,8.4,1079.0,-0.2531845917791683,-0.09207115793075837
GTEX-15SHU-0626-SM-7KUFH.1,MUSCLE,44.5,8.3,1111.0,0.8893302216691545,0.0209002946580064
GTEX-15SHU-0926-SM-6PAMK.1,HEART,44.5,6.5,1137.0,-1.998759300054958,0.028132647970824678
GTEX-15SHU-1126-SM-7KUMB.1,HEART,44.5,6.5,1143.0,-2.502075253518637,0.08515815786749503
GTEX-15SHU-1826-SM-7KUKS.1,LIVER,44.5,7.1,1158.0,-1.6667387347582605,0.0013432887271544135
GTEX-15SHU-3026-SM-6LPIB.1,BRAIN,44.5,7.2,1205.0,0.8740762638666904,-0.19807280904352714
GTEX-15SHU-3126-SM-6M46H.1,BRAIN,44.5,7.3,1206.0,-0.1327490022865617,-0.04597341994242637
GTEX-15SHV-0008-SM-EAZCA.1,SKIN,64.5,10.0,288.0,2.154352345900476,0.27893505098599697
GTEX-15SHV-0526-SM-7KUEN.1,HEART,64.5,8.0,205.0,0.6702357507010801,0.18986872191935944
GTEX-15SHV-2426-SM-6PAMF.1,SKIN,64.5,7.0,286.0,1.200854760762221,0.07904319067474107
GTEX-15SHV-2526-SM-6PAMG.1,MUSCLE,64.5,9.4,291.0,1.1877491834668166,0.03143509167601263
GTEX-15SHW-0008-SM-EAZ33.1,SKIN,64.5,10.0,575.0,2.4606229886557425,0.30059313243813834
GTEX-15SHW-0226-SM-7LTAT.1,SKIN,64.5,7.5,491.0,1.0932393610860816,-0.10366218664059271
GTEX-15SHW-0326-SM-6PAML.1,SKIN,64.5,7.1,573.0,0.8135640846237053,-0.01229896921384142
GTEX-15SHW-0726-SM-7KUEI.1,MUSCLE,64.5,8.8,589.0,2.119285990729048,0.00015265123109784752
GTEX-15SHW-1226-SM-6M46C.1,HEART,64.5,5.7,626.0,-3.162195498011174,-0.07333967592179302
GTEX-15SKB-0008-SM-EAZ36.1,SKIN,64.5,9.9,448.0,2.323168519780584,0.2796903833393656
GTEX-15SKB-0926-SM-7KUFC.1,HEART,64.5,6.4,549.0,1.893844149287776,-0.11417467247024073
GTEX-15SKB-2526-SM-6PALP.1,MUSCLE,64.5,8.2,606.0,-0.436214753345451,0.08775705932902228
GTEX-15SKB-2826-SM-6PAMH.1,SKIN,64.5,7.6,612.0,1.2443780916878775,-0.03254694711382245
GTEX-15SZO-0008-SM-EAZ38.1,SKIN,54.5,10.0,1093.0,2.590950100388951,0.03986812834309378
GTEX-15SZO-1226-SM-6LPIP.1,LIVER,54.5,5.9,1126.0,-1.0225678775652745,0.10229096046668205
GTEX-15TU5-0011-R10b-SM-793BL.1,BRAIN,64.5,7.7,592.0,0.8088538059052155,-0.0388098030507598
GTEX-15TU5-0011-R1a-SM-7938S.1,BRAIN,64.5,8.5,592.0,-0.4330868567601716,0.044605017997718016
GTEX-15TU5-0011-R8b-SM-793BM.1,BRAIN,64.5,7.8,592.0,0.6950114998480885,0.1102688390170892
GTEX-15TU5-0226-SM-6PALR.1,SKIN,64.5,7.4,679.0,-0.6607485176378138,-0.10884035149510642
GTEX-15TU5-0626-SM-7KUFJ.1,MUSCLE,64.5,6.6,685.0,2.5824415766776143,0.004119393184485576
GTEX-15TU5-1426-SM-7KUN6.1,HEART,64.5,6.1,702.0,-2.141438439528824,0.04529611394689161
GTEX-15TU5-2426-SM-7KUDU.1,SKIN,64.5,7.3,718.0,0.1514685815716756,-0.030152244495008057
GTEX-15TU5-2926-SM-7KUML.1,BRAIN,64.5,7.0,735.0,1.2142120897506912,-0.02583570389435874
GTEX-15UF6-0008-SM-EAZCB.1,SKIN,74.5,9.9,588.0,2.2765690763532973,0.20204086760954057
GTEX-15UF6-0011-R10b-SM-9OSVF.1,BRAIN,74.5,6.3,537.0,-2.3837622940144305,0.038090316158728384
GTEX-15UF6-0011-R1a-SM-9QEGH.1,BRAIN,74.5,6.2,537.0,-2.023231038934979,-0.044661663391018756
GTEX-15UF6-0826-SM-6PALJ.1,SKIN,74.5,7.8,588.0,-0.0549988064494517,0.06673720531570483
GTEX-15UF6-1026-SM-7KUF7.1,MUSCLE,74.5,7.3,590.0,-0.5738826605848067,-0.04654437586966172
GTEX-15UF6-1926-SM-7KUDV.1,SKIN,74.5,8.1,605.0,-0.009631813140381,0.006039551930946747
GTEX-15UF6-3026-SM-7KUKL.1,BRAIN,74.5,5.9,652.0,-1.539178824150777,0.0473640562250293
GTEX-15UF7-0008-SM-EAZ37.1,SKIN,44.5,10.0,447.0,2.4420944247613443,0.3085563158654792
GTEX-15UF7-1526-SM-6LPI7.1,HEART,44.5,9.2,324.0,0.7482038388957731,-0.029368335841009854
GTEX-15UF7-2226-SM-6PAMQ.1,MUSCLE,44.5,7.4,451.0,-0.3351597170820881,0.06327069389727168
GTEX-15UKP-0008-SM-EAZ3A.1,SKIN,24.5,9.9,481.0,1.9316222552246405,0.22872159709062834
GTEX-15UKP-0326-SM-7KUFP.1,MUSCLE,24.5,8.0,479.0,1.2593744345792173,-0.104804514114575
GTEX-15UKP-0426-SM-7KUFQ.1,SKIN,24.5,6.8,481.0,1.3818144795218197,-0.23928709025877293
GTEX-15UKP-1526-SM-6PAL9.1,SKIN,24.5,6.9,569.0,-0.1855868476205439,-0.1567695792666068
GTEX-169BO-0008-SM-EAZ32.1,SKIN,54.5,9.8,154.0,2.276564929244063,0.12001994982290723
GTEX-169BO-1326-SM-9MQK2.1,SKIN,54.5,6.5,155.0,-1.154861023583221,-0.24255028951326718
GTEX-169BO-1526-SM-9KNVR.1,MUSCLE,54.5,8.0,160.0,-0.7480615374553198,-0.024941871654735454
GTEX-16A39-0008-SM-EAZC9.1,SKIN,34.5,10.0,581.0,2.0187468189959343,0.38775281854424737
GTEX-16AAH-0008-SM-EAZC5.1,SKIN,54.5,10.0,248.0,1.8344280557013752,0.1390844053487669
GTEX-16AAH-0626-SM-793C9.1,SKIN,54.5,7.6,166.0,-2.0573664849564475,0.05625545468300818
GTEX-16AAH-1726-SM-7939C.1,SKIN,54.5,8.6,248.0,0.1670683406190763,-0.17260781073642736
GTEX-16AAH-1826-SM-7939D.1,MUSCLE,54.5,8.6,252.0,-0.0126006823588746,-0.07871720690854976
GTEX-16BQI-0008-SM-EAZCC.1,SKIN,34.5,10.0,756.0,2.229632524131981,0.3182320840684731
GTEX-16BQI-0226-SM-7KUEX.1,SKIN,34.5,7.8,712.0,0.4391993975511775,-0.08684747304974161
GTEX-16BQI-0326-SM-6PAM4.1,MUSCLE,34.5,8.2,713.0,0.3850624823742318,-0.0802826995761691
GTEX-16BQI-0926-SM-6M485.1,HEART,34.5,7.8,784.0,0.8267834001747509,0.036144786777997914
GTEX-16BQI-1326-SM-6M486.1,SKIN,34.5,7.4,809.0,-0.4882222263638898,0.03681553223369137
GTEX-16GPK-0008-SM-EAZ39.1,SKIN,64.5,9.8,654.0,1.5983852959525808,0.2675253085798351
GTEX-16GPK-0011-R10b-SM-7MKFG.1,BRAIN,64.5,7.2,570.0,-1.3701502863892134,0.0017171822530388716
GTEX-16GPK-0011-R11b-SM-7MKFF.1,BRAIN,64.5,7.5,570.0,0.8611626964465677,-0.16556463393058424
GTEX-16GPK-0011-R1b-SM-7EWDH.1,BRAIN,64.5,6.3,570.0,-1.0849201083382338,-0.029016000361386237
GTEX-16GPK-0011-R8a-SM-79OMQ.1,BRAIN,64.5,6.7,570.0,-0.7540471977042366,0.01481394244412317
GTEX-16GPK-0126-SM-7DHLE.1,SKIN,64.5,8.4,653.0,-0.8757593805032914,-0.059324476300827524
GTEX-16GPK-0526-SM-7KUER.1,MUSCLE,64.5,7.3,661.0,0.2377687867458068,-0.06605456198233971
GTEX-16GPK-0626-SM-7KFSF.1,SKIN,64.5,6.7,663.0,1.062486177433574,-0.23008487164669417
GTEX-16GPK-1226-SM-7KUE6.1,HEART,64.5,6.8,682.0,0.7309522213225782,0.03007182754027945
GTEX-16GPK-1226-SM-7LTAU.1,HEART,64.5,6.8,682.0,0.6553653421623301,0.03161374227669002
GTEX-16GPK-3026-SM-79ON9.1,BRAIN,64.5,6.5,717.0,-1.3855573624395676,-0.03362873638110003
GTEX-16MT8-0008-SM-EAZC3.1,SKIN,64.5,10.0,447.0,1.96479314790195,0.18892014824336356
GTEX-16MT8-0326-SM-6PAM5.1,MUSCLE,64.5,7.2,445.0,0.1927402080702201,0.12829499953765336
GTEX-16MT8-0426-SM-7KUEY.1,SKIN,64.5,6.6,447.0,-0.6387330404388386,-0.10464233192483101
GTEX-16MT8-0826-SM-7KULO.1,HEART,64.5,6.6,468.0,1.2794902208022108,-0.04543095617792791
GTEX-16MT8-0926-SM-6M487.1,HEART,64.5,6.1,470.0,-3.010751677862517,0.046932786723727915
GTEX-16MT8-2926-SM-7DUFO.1,SKIN,64.5,7.2,499.0,-1.1644428693172073,-0.1927642364569009
GTEX-16MT9-0008-SM-EAZC8.1,SKIN,64.5,9.8,588.0,1.6912367877895056,0.37279835954875606
GTEX-16MT9-0126-SM-7EPI8.1,SKIN,64.5,6.9,477.0,-0.4058278228126599,-0.22407003142102297
GTEX-16MTA-0008-SM-EAZC6.1,SKIN,54.5,10.0,259.0,2.014067638542227,0.3317557972575307
GTEX-16MTA-0926-SM-6M47Z.1,SKIN,54.5,6.0,143.0,-2.663994549232349,-0.030638638049456515
GTEX-16MTA-2026-SM-7KUL3.1,MUSCLE,54.5,8.3,252.0,-1.028313655354269,-0.04997109535817454
GTEX-16NFA-0526-SM-7KULM.1,HEART,54.5,7.7,212.0,0.4300821120345212,0.00523607652652814
GTEX-16NFA-1526-SM-7KULS.1,SKIN,54.5,7.2,276.0,-1.025533836377261,-0.004760288421677657
GTEX-16NFA-2326-SM-7KUE5.1,SKIN,54.5,7.8,304.0,-0.0595710859203391,-0.14666446630040658
GTEX-16NFA-2426-SM-7KUL5.1,MUSCLE,54.5,8.3,308.0,-0.2415412913079246,0.03763370738904367
GTEX-16NGA-0008-SM-EAZC7.1,SKIN,44.5,10.0,227.0,2.4733674627076963,0.3817792193119567
GTEX-16NGA-0726-SM-731AO.1,SKIN,44.5,8.1,126.0,-1.068491718558107,-0.13058181721392692
GTEX-16NGA-1726-SM-731B4.1,SKIN,44.5,7.1,227.0,-0.4687018614342655,-0.1092468707972675
GTEX-16NGA-1926-SM-7LTA6.1,MUSCLE,44.5,9.0,226.0,0.0614837977202418,0.09507101828640217
GTEX-16NPV-0008-SM-EAZC2.1,SKIN,54.5,10.0,619.0,2.132025862839351,0.2688967189750679
GTEX-16NPV-0011-R10a-SM-79OKA.1,BRAIN,54.5,7.0,540.0,-0.5372289359578545,-0.02369292665016449
GTEX-16NPV-0011-R11a-SM-7IGMK.1,BRAIN,54.5,6.1,540.0,-2.093373863182925,0.26290588157141065
GTEX-16NPV-0011-R1b-SM-7MGVZ.1,BRAIN,54.5,5.6,540.0,-3.1843635632796228,0.03696182627751973
GTEX-16NPV-0011-R5a-SM-7EPGK.1,BRAIN,54.5,6.9,540.0,-1.4042753136552764,0.09850971952724721
GTEX-16NPV-0011-R8a-SM-7EPH8.1,BRAIN,54.5,6.9,540.0,-1.2806125672150386,0.09086780686587316
GTEX-16NPV-0011-R9b-SM-79ONF.1,BRAIN,54.5,6.6,540.0,-1.4484218954095749,0.007984711899857796
GTEX-16NPV-2426-SM-6M482.1,MUSCLE,54.5,7.0,652.0,-1.30588314233083,-0.10276985155135439
GTEX-16NPX-0008-SM-EAZC1.1,SKIN,54.5,9.6,565.0,2.3061134793476765,0.3216467086468987
GTEX-16NPX-0226-SM-79OMT.1,SKIN,54.5,6.7,564.0,-0.6316351127641215,-0.2196305655794097
GTEX-16NPX-0626-SM-7KULB.1,MUSCLE,54.5,8.6,570.0,0.6845687397893431,0.10662092021868759
GTEX-16NPX-0726-SM-7KULC.1,SKIN,54.5,7.6,574.0,0.4876604586485857,-0.15112955955065643
GTEX-16NPX-0826-SM-6M489.1,HEART,54.5,8.0,605.0,0.3860244665364045,0.0321281220294127
GTEX-16NPX-0926-SM-7KUEZ.1,HEART,54.5,6.1,607.0,-0.629469303567922,-0.053599528824730715
GTEX-16XZY-0008-SM-EAZCI.1,SKIN,74.5,9.9,670.0,1.7103950732528137,0.384636315201086
GTEX-16XZY-0426-SM-793BI.1,HEART,74.5,7.6,465.0,-0.0209220428797769,-0.08273819795518167
GTEX-16XZY-0526-SM-7DHKY.1,HEART,74.5,8.3,469.0,-0.5511067897811237,0.03188206033361949
GTEX-16XZY-2126-SM-79OK1.1,SKIN,74.5,7.0,671.0,-0.9849382328545658,-0.1678261392035854
GTEX-16XZY-2226-SM-7938N.1,MUSCLE,74.5,8.5,755.0,1.1838671616747585,-0.029238776415596718
GTEX-16XZZ-0008-SM-EAZCJ.1,SKIN,64.5,10.0,441.0,2.236330042078151,0.29937694015749294
GTEX-16XZZ-0011-R10b-SM-7LT91.1,BRAIN,64.5,8.0,322.0,0.7047530231308206,-0.08448326691900593
GTEX-16XZZ-0011-R11a-SM-7EPI3.1,BRAIN,64.5,6.8,322.0,-1.1407038110198302,-0.1057862756025107
GTEX-16XZZ-0011-R1a-SM-7LTAH.1,BRAIN,64.5,8.1,322.0,-0.221520204550856,0.04670881829718419
GTEX-16XZZ-0011-R2a-SM-7IGPG.1,BRAIN,64.5,5.8,322.0,-3.231034920723381,0.09282428735285987
GTEX-16XZZ-0011-R3a-SM-7IGLH.1,BRAIN,64.5,6.1,322.0,-2.238992542515775,0.026404619464956876
GTEX-16XZZ-0011-R6a-SM-7IGNE.1,BRAIN,64.5,6.0,322.0,-3.3471645242488,0.10444000896024626
GTEX-16XZZ-0011-R7b-SM-7MGVT.1,BRAIN,64.5,5.6,322.0,-3.664542485234282,0.11861947669548313
GTEX-16XZZ-0011-R8b-SM-7LT8S.1,BRAIN,64.5,6.3,322.0,-2.2517515415546847,0.03627434466490711
GTEX-16XZZ-0011-R9b-SM-7DHKX.1,BRAIN,64.5,8.0,322.0,2.231470418204993,0.0290865295725821
GTEX-16XZZ-0126-SM-793DV.1,SKIN,64.5,7.8,440.0,-0.0090932537780291,-0.13127116873954398
GTEX-16XZZ-0526-SM-7KUF1.1,MUSCLE,64.5,7.8,463.0,0.1585860245054936,0.04388993666737802
GTEX-16XZZ-0726-SM-7KUF2.1,SKIN,64.5,6.9,477.0,-0.4063448636609411,-0.18852477342915636
GTEX-16XZZ-1026-SM-7DHKS.1,HEART,64.5,8.3,485.0,1.2449876948528478,0.1609959632748487
GTEX-16XZZ-2926-SM-6LPK4.1,BRAIN,64.5,6.6,520.0,-1.006264262965061,-0.1038405972024181
GTEX-16XZZ-3026-SM-79OMJ.1,BRAIN,64.5,6.5,522.0,-0.1657327942095713,-0.01253259890907108
GTEX-16YQH-0008-SM-EAZB8.1,SKIN,34.5,10.0,905.0,2.378458352124146,0.35865731344779506
GTEX-16YQH-0011-R10b-SM-7LT8U.1,BRAIN,34.5,6.9,814.0,0.3571463593439163,0.023020218262098154
GTEX-16YQH-0011-R11b-SM-7LT98.1,BRAIN,34.5,8.9,814.0,3.3785643355499984,-0.1295269030083626
GTEX-16YQH-0011-R1a-SM-7LT8R.1,BRAIN,34.5,7.8,814.0,0.6270404208146061,0.1252833639128142
GTEX-16YQH-0011-R3a-SM-7EPGM.1,BRAIN,34.5,6.8,814.0,1.3300194870548914,0.02790297521610127
GTEX-16YQH-0011-R4a-SM-7EPGI.1,BRAIN,34.5,6.8,814.0,2.117658846977897,0.051803144026039395
GTEX-16YQH-0011-R5b-SM-7938U.1,BRAIN,34.5,9.3,814.0,2.0196359422121413,0.2006464970711646
GTEX-16YQH-0011-R6b-SM-7938T.1,BRAIN,34.5,8.7,814.0,1.1669451400012691,0.005647466192979524
GTEX-16YQH-0011-R7a-SM-79ON1.1,BRAIN,34.5,6.7,814.0,1.2332342088209165,0.07497357336663295
GTEX-16YQH-0011-R8a-SM-7DUFB.1,BRAIN,34.5,7.5,814.0,2.098101637757253,-0.006320127368760106
GTEX-16YQH-0126-SM-7DUFJ.1,SKIN,34.5,7.5,904.0,-0.3479602404632297,-0.019223017111623695
GTEX-16YQH-0426-SM-7KUL7.1,MUSCLE,34.5,8.5,921.0,1.005631639322375,-0.04468575370072588
GTEX-16YQH-0726-SM-7IGM1.1,HEART,34.5,6.1,939.0,1.1732350112300085,0.12473691170167925
GTEX-16YQH-0926-SM-793BC.1,HEART,34.5,7.8,944.0,0.8446687204507819,0.1339343598281302
GTEX-16YQH-2226-SM-7IGM2.1,SKIN,34.5,6.1,1013.0,2.035211769232946,0.06619951439761906
GTEX-16YQH-2926-SM-6LPJE.1,BRAIN,34.5,6.0,1055.0,1.5533948158539277,-0.14455857595660895
GTEX-16YQH-3026-SM-79OMM.1,BRAIN,34.5,6.7,1057.0,-0.4694771341234606,-0.01773500330987163
GTEX-16Z82-0008-SM-EAZBX.1,SKIN,64.5,10.0,519.0,2.566893124629896,0.19780992690474863
GTEX-16Z82-0011-R10a-SM-79OJX.1,BRAIN,64.5,7.0,460.0,-0.4836177000140749,-0.0457353836666368
GTEX-16Z82-0011-R11a-SM-79OKJ.1,BRAIN,64.5,7.1,460.0,-0.5485552819125411,-0.06777043961428517
GTEX-16Z82-0011-R1b-SM-7EPHZ.1,BRAIN,64.5,6.9,460.0,-1.2766823758618018,-0.019477928474368373
GTEX-16Z82-0011-R2b-SM-79OK9.1,BRAIN,64.5,7.1,460.0,-0.4318708079655541,0.08136256535593954
GTEX-16Z82-0011-R5a-SM-7EPGB.1,BRAIN,64.5,6.8,460.0,-2.8521009113172333,0.07946629594083927
GTEX-16Z82-0011-R6a-SM-7IGLV.1,BRAIN,64.5,6.1,460.0,-2.6377788264148934,0.3108816341134286
GTEX-16Z82-0011-R7a-SM-7MKGJ.1,BRAIN,64.5,6.9,460.0,-1.0501277674256135,0.06759632121615265
GTEX-16Z82-0011-R8a-SM-7DUEX.1,BRAIN,64.5,7.5,460.0,0.3077668074989311,0.06916908803835844
GTEX-16Z82-0011-R9a-SM-7DUFA.1,BRAIN,64.5,7.5,460.0,2.401968374634833,0.3409864526395173
GTEX-16Z82-0126-SM-7DHLF.1,MUSCLE,64.5,8.3,516.0,-0.0116899465199608,-0.042411609403974385
GTEX-16Z82-2626-SM-7KULU.1,SKIN,64.5,7.0,562.0,-0.9472017604277956,-0.19672301235203393
GTEX-16Z82-2926-SM-6LPJJ.1,BRAIN,64.5,6.0,591.0,-1.5268291434548096,-0.07303041448963776
GTEX-16Z82-3026-SM-79ON3.1,BRAIN,64.5,6.7,593.0,-0.5959341096691114,-0.023501383089124084
GTEX-178AV-0008-SM-EAZBY.1,SKIN,44.5,10.0,257.0,2.0916074815940497,0.221074579072901
GTEX-178AV-1726-SM-7KUL8.1,SKIN,44.5,8.2,248.0,0.2184994827408403,-0.12631044781395617
GTEX-17EUY-0008-SM-EAZB9.1,SKIN,24.5,10.0,388.0,2.6087701728267265,0.34343804114754056
GTEX-17EUY-0426-SM-793BD.1,SKIN,24.5,7.8,388.0,-0.9015934014308368,-0.23305478919441575
GTEX-17EUY-0626-SM-793BE.1,MUSCLE,24.5,7.9,391.0,0.0310723519353103,-0.12924070474474417
GTEX-17EVP-0008-SM-EAZBZ.1,SKIN,44.5,10.0,961.0,2.14379376271296,0.21959832000310867
GTEX-17EVP-0011-R10a-SM-7IGLP.1,BRAIN,44.5,6.2,811.0,2.378185307038472,0.012036139308591771
GTEX-17EVP-0011-R11a-SM-7EWDL.1,BRAIN,44.5,6.4,811.0,2.6979624775430846,-0.14292356644216989
GTEX-17EVP-0011-R1a-SM-7DHLA.1,BRAIN,44.5,7.9,811.0,0.1113522842516627,0.09753311817100178
GTEX-17EVP-0011-R2a-SM-7LG4W.1,BRAIN,44.5,6.7,811.0,-0.230019805898192,0.04449882058465322
GTEX-17EVP-0011-R3a-SM-7EPI9.1,BRAIN,44.5,6.9,811.0,0.141958360442279,-0.051144145840386304
GTEX-17EVP-0011-R4a-SM-79OML.1,BRAIN,44.5,6.6,811.0,0.6013500923886267,-0.003933768925740989
GTEX-17EVP-0011-R5b-SM-7DHKW.1,BRAIN,44.5,8.4,811.0,0.637914898589623,0.19127654577563383
GTEX-17EVP-0011-R6b-SM-7LT99.1,BRAIN,44.5,8.6,811.0,0.9089638154487928,0.02249275891572783
GTEX-17EVP-0011-R7a-SM-7LTAN.1,BRAIN,44.5,8.2,811.0,0.1027013752042011,0.0831992085421467
GTEX-17EVP-0011-R8b-SM-7DUF9.1,BRAIN,44.5,7.5,811.0,0.5731643457412223,0.03987980080398263
GTEX-17EVP-0326-SM-7DHLG.1,SKIN,44.5,8.0,961.0,0.2616144776893446,-0.058356030204461326
GTEX-17EVP-0526-SM-7EPGY.1,HEART,44.5,6.9,972.0,-1.1615767286335887,0.32460886915070364
GTEX-17EVP-1026-SM-7IGOZ.1,LIVER,44.5,5.8,991.0,-1.1991036639716814,0.0005313040456047943
GTEX-17EVP-1326-SM-7DHMR.1,MUSCLE,44.5,8.0,998.0,-0.1589391517754902,0.013438843346184573
GTEX-17EVP-2626-SM-7IGMA.1,SKIN,44.5,6.3,1111.0,-1.3021973688523614,0.03082700021532313
GTEX-17EVP-2926-SM-793BU.1,BRAIN,44.5,7.6,1121.0,2.1755757625211265,-0.10498888720082541
GTEX-17EVP-3026-SM-7IGQL.1,BRAIN,44.5,5.9,1123.0,-0.8892468011767192,-0.06703806053526656
GTEX-17EVQ-0008-SM-EAZB7.1,SKIN,74.5,10.0,966.0,2.2987755418882307,0.3027569314797505
GTEX-17EVQ-0011-R11a-SM-7LT9C.1,BRAIN,74.5,6.8,880.0,-0.3133679139438431,-0.07717783345494032
GTEX-17EVQ-0011-R1a-SM-7189S.1,BRAIN,74.5,5.8,880.0,-1.28952700612196,0.09977238604941625
GTEX-17EVQ-0011-R3b-SM-7LT9B.1,BRAIN,74.5,6.5,880.0,-2.2707009483065947,0.08704986179583175
GTEX-17EVQ-0011-R4b-SM-7LT94.1,BRAIN,74.5,6.3,880.0,-3.450808391671143,0.05541497414243803
GTEX-17EVQ-0011-R5a-SM-7LT92.1,BRAIN,74.5,7.2,880.0,-2.661689923741303,0.14068151221686737
GTEX-17EVQ-0011-R6a-SM-7189U.1,BRAIN,74.5,6.0,880.0,-1.765646827737437,0.07112500225240055
GTEX-17EVQ-0011-R7a-SM-7EWDA.1,BRAIN,74.5,6.4,880.0,-2.9656192716753367,0.0687470866126838
GTEX-17EVQ-0011-R8a-SM-7189T.1,BRAIN,74.5,6.4,880.0,-0.3448144762060489,0.09697018471585309
GTEX-17EVQ-0011-R9b-SM-79OJY.1,BRAIN,74.5,7.1,880.0,1.185516656549503,0.06775777429570848
GTEX-17EVQ-0126-SM-7IGLR.1,SKIN,74.5,6.0,963.0,0.9036556206589048,-0.20708572845989398
GTEX-17EVQ-0226-SM-7LG4P.1,SKIN,74.5,7.4,965.0,0.1415665835522318,-0.09131844267227045
GTEX-17EVQ-1226-SM-7LG59.1,MUSCLE,74.5,8.2,1008.0,0.350045485910772,-0.03129667814536506
GTEX-17EVQ-2726-SM-7EWDT.1,BRAIN,74.5,6.4,1059.0,0.6634961619297319,-0.14211715505483433
GTEX-17EVQ-2826-SM-7IGQK.1,BRAIN,74.5,5.8,1060.0,-0.7133134400128416,-0.03494699620984039
GTEX-17F96-0008-SM-EAZB6.1,SKIN,74.5,10.0,564.0,2.1973824236885355,0.35217057729291196
GTEX-17F96-0126-SM-7EWDU.1,SKIN,74.5,6.3,472.0,-1.3150716731503174,-0.22875235301008007
GTEX-17F96-0826-SM-7DHLU.1,HEART,74.5,7.9,544.0,0.7431317213900848,-0.06771455921953118
GTEX-17F96-1226-SM-79OK2.1,LIVER,74.5,7.0,557.0,0.2417708646197029,-0.061415606382222994
GTEX-17F96-1626-SM-7DUFL.1,SKIN,74.5,7.2,563.0,0.5589668518828758,-0.238630514601804
GTEX-17F96-2726-SM-7LT9F.1,MUSCLE,74.5,8.5,581.0,2.525060455825991,-0.006704027293196411
GTEX-17F97-0008-SM-EAZBB.1,SKIN,54.5,9.7,917.0,2.4089800395199754,0.24923009704523014
GTEX-17F97-0011-R10b-SM-793BB.1,BRAIN,54.5,7.6,823.0,0.8615381634241845,-0.0175461458253045
GTEX-17F97-0011-R11b-SM-7KFRQ.1,BRAIN,54.5,9.1,823.0,3.2872950501247544,-0.11250163775619638
GTEX-17F97-0011-R1b-SM-7IGM9.1,BRAIN,54.5,6.2,823.0,-2.038870537904758,0.08225632504151474
GTEX-17F97-0011-R3b-SM-7LT9E.1,BRAIN,54.5,7.2,823.0,0.521815461619934,0.06469031310230668
GTEX-17F97-0011-R4b-SM-7KFS2.1,BRAIN,54.5,7.3,823.0,-1.2359894459574932,0.07604066839093979
GTEX-17F97-0011-R5a-SM-7LG4Z.1,BRAIN,54.5,8.5,823.0,-0.4724240889281099,0.11639817046993252
GTEX-17F97-0011-R6a-SM-7EPGS.1,BRAIN,54.5,6.8,823.0,0.5480516242332654,0.07597271449055308
GTEX-17F97-0011-R7b-SM-7MGVY.1,BRAIN,54.5,5.6,823.0,-0.1601925143050411,0.07279411333257424
GTEX-17F97-0011-R8a-SM-7DUET.1,BRAIN,54.5,7.4,823.0,0.4324039308584287,0.03140376019878981
GTEX-17F97-0326-SM-7LG5B.1,SKIN,54.5,7.7,917.0,-1.3749689897728474,-0.010088943228821881
GTEX-17F97-0526-SM-7DUF8.1,MUSCLE,54.5,7.5,920.0,0.7719597708654167,0.16190600561516297
GTEX-17F97-2626-SM-7IGM5.1,SKIN,54.5,6.2,979.0,-2.0672997256483336,0.019493239275242786
GTEX-17F97-2926-SM-7DUEQ.1,BRAIN,54.5,7.4,986.0,1.9260095129333368,-0.1863533863856949
GTEX-17F97-3026-SM-79OKC.1,BRAIN,54.5,7.1,987.0,0.5255346270834464,-0.016442159121528438
GTEX-17F98-0008-SM-EAZBA.1,SKIN,44.5,9.7,275.0,2.6325545509601525,0.020118065262838384
GTEX-17F98-0626-SM-79OMX.1,SKIN,44.5,6.7,274.0,-0.5965621879370947,-0.24727429021799865
GTEX-17F98-1326-SM-7DUEP.1,SKIN,44.5,7.5,304.0,-0.3048805358367245,-0.14838027409812138
GTEX-17F98-1626-SM-7938R.1,MUSCLE,44.5,8.6,318.0,-0.3359663358412378,0.010909178119220129
GTEX-17F9E-0008-SM-EAZB5.1,SKIN,54.5,10.0,216.0,2.0300962701561467,0.3185942288601387
GTEX-17F9E-0226-SM-79OKK.1,MUSCLE,54.5,7.2,234.0,-1.0223341142954152,-0.021375026786123644
GTEX-17F9E-0726-SM-793A1.1,HEART,54.5,8.6,268.0,0.169790818011297,0.21122019623932628
GTEX-17F9E-0926-SM-7IGMG.1,HEART,54.5,6.1,282.0,-0.633746557358492,0.013741424481039754
GTEX-17F9E-2326-SM-79OKD.1,SKIN,54.5,7.2,341.0,-1.9109296162681813,-0.027510341450134607
GTEX-17F9Y-0008-SM-EAZBC.1,SKIN,74.5,9.6,523.0,2.167101985819038,0.3014940730545889
GTEX-17F9Y-0126-SM-79OKX.1,SKIN,74.5,7.1,440.0,-1.1341358422134653,-0.15695716810558938
GTEX-17F9Y-1226-SM-7EPGE.1,HEART,74.5,6.7,542.0,0.248442046502815,-0.09297020775495289
GTEX-17F9Y-1326-SM-7MGW9.1,HEART,74.5,5.7,544.0,-2.454016299653862,0.04515764526906168
GTEX-17GQL-0526-SM-72D5N.1,HEART,64.5,7.9,458.0,2.3722860414014946,-0.23488155261811633
GTEX-17GQL-0626-SM-731CN.1,HEART,64.5,7.4,472.0,0.2307380630632504,-0.13585552514459787
GTEX-17GQL-0926-SM-731E7.1,SKIN,64.5,6.9,480.0,0.7508241412697263,-0.18513044807729412
GTEX-17GQL-1926-SM-718B9.1,MUSCLE,64.5,8.3,504.0,1.011411881616892,-0.01960841250570538
GTEX-17GQL-2026-SM-718BA.1,SKIN,64.5,7.4,508.0,-0.0228821874192552,-0.05422687941114028
GTEX-17HG3-0008-SM-EAZBD.1,SKIN,34.5,8.6,1193.0,2.4470903245705515,0.24322234483021643
GTEX-17HG3-0011-R10b-SM-7LT97.1,BRAIN,34.5,7.9,995.0,2.15725068145763,-0.10912484850828084
GTEX-17HG3-0011-R11b-SM-7KFT4.1,BRAIN,34.5,8.7,995.0,3.2740415220930004,-0.1296749858211955
GTEX-17HG3-0011-R1a-SM-7LG6H.1,BRAIN,34.5,7.1,995.0,-0.3406898595959999,0.03703306850159492
GTEX-17HG3-0011-R2a-SM-7MGVX.1,BRAIN,34.5,5.6,995.0,-1.9722779203068983,0.06573248491640686
GTEX-17HG3-0011-R4a-SM-7IGLL.1,BRAIN,34.5,6.1,995.0,1.380004749860605,0.05083346034512863
GTEX-17HG3-0011-R5a-SM-7DUEW.1,BRAIN,34.5,7.3,995.0,0.1518846656472749,0.149882919156858
GTEX-17HG3-0011-R6b-SM-79OK8.1,BRAIN,34.5,7.1,995.0,-0.3781799690574635,0.010538889160438183
GTEX-17HG3-0011-R7b-SM-7EPGR.1,BRAIN,34.5,6.8,995.0,-1.4886393014035224,0.09776835368864524
GTEX-17HG3-0011-R8a-SM-79OK7.1,BRAIN,34.5,7.0,995.0,-0.3239120197245678,-0.013546143213667908
GTEX-17HG3-1526-SM-7MGWA.1,HEART,34.5,5.7,1034.0,-3.3934603557019285,0.16207323509990434
GTEX-17HG3-2226-SM-7938L.1,SKIN,34.5,8.6,1192.0,-0.0437365660670932,-0.1684866070303914
GTEX-17HG3-2626-SM-7DUF2.1,SKIN,34.5,7.3,1209.0,0.997363731288097,-0.19653446503631858
GTEX-17HG3-2726-SM-7DHL5.1,MUSCLE,34.5,8.2,1211.0,1.2629385119880556,-0.11276916623051494
GTEX-17HG3-2826-SM-7EPGO.1,BRAIN,34.5,6.8,1272.0,1.332826337986237,-0.10899162205852768
GTEX-17HG3-2926-SM-79ON8.1,BRAIN,34.5,6.7,1275.0,-0.0564062965137683,-0.0751999651608373
GTEX-17HGU-0008-SM-EAZBH.1,SKIN,54.5,9.5,364.0,1.777984833059402,0.2947840445894374
GTEX-17HGU-0226-SM-7DHKV.1,SKIN,54.5,8.2,363.0,-0.0783390014192223,-0.18946844147693756
GTEX-17HGU-0626-SM-7939Y.1,MUSCLE,54.5,8.6,395.0,1.2265074345374647,-0.10840822977369839
GTEX-17HGU-1026-SM-79OKL.1,HEART,54.5,7.0,421.0,0.584733843613384,-0.1374698918178005
GTEX-17HGU-1126-SM-793BP.1,HEART,54.5,7.6,423.0,1.0809414236462629,0.010459404093824669
GTEX-17HGU-1826-SM-7IGQM.1,LIVER,54.5,5.9,434.0,-1.4925007927534435,-0.021432649416219095
GTEX-17HGU-2326-SM-7DUFE.1,SKIN,54.5,7.5,446.0,-0.9046111132153896,-0.14524485831160489
GTEX-17HHE-0008-SM-EAZBJ.1,SKIN,54.5,9.8,389.0,2.1227786670652598,0.20607626514779148
GTEX-17HHE-0126-SM-79398.1,LIVER,54.5,8.4,111.0,2.557772248849542,-0.13912698702351367
GTEX-17HHE-1326-SM-7EWDZ.1,SKIN,54.5,6.5,155.0,-2.4548521501896534,-0.06772885997967995
GTEX-17HHE-2026-SM-79OKF.1,SKIN,54.5,7.0,386.0,-1.4262989741868488,-0.19485345645022115
GTEX-17HHE-2126-SM-7DHLO.1,MUSCLE,54.5,8.3,393.0,-0.8499762342494779,-0.04522825326337431
GTEX-17HHY-0008-SM-EAZBE.1,SKIN,54.5,9.6,689.0,2.076504896090749,0.3021309284210303
GTEX-17HHY-0011-R1a-SM-7189V.1,BRAIN,54.5,7.2,610.0,0.3140264055490694,0.05299059787382441
GTEX-17HHY-0011-R3a-SM-7EWDK.1,BRAIN,54.5,6.3,610.0,-0.3181909295810993,-0.03148762983276535
GTEX-17HHY-0011-R5b-SM-79OMZ.1,BRAIN,54.5,6.6,610.0,-1.5163941386050943,0.09753611168272965
GTEX-17HHY-0011-R6b-SM-7189Z.1,BRAIN,54.5,7.1,610.0,0.0586843182146439,0.01789347349243072
GTEX-17HHY-0011-R7a-SM-718A1.1,BRAIN,54.5,7.0,610.0,-2.165701540589988,0.07087563990805579
GTEX-17HHY-0126-SM-7LG5D.1,SKIN,54.5,8.5,688.0,-0.0711672222427645,0.004703259239079965
GTEX-17HHY-0326-SM-7938H.1,MUSCLE,54.5,8.7,692.0,0.5721961996550908,-0.02806460956310051
GTEX-17HHY-0426-SM-7DHLC.1,SKIN,54.5,8.3,693.0,0.4285630435148063,-0.12585350607959309
GTEX-17HHY-1426-SM-7EWDQ.1,HEART,54.5,6.4,721.0,-2.1436528988520025,-0.06614398607254503
GTEX-17HHY-2926-SM-79OJW.1,BRAIN,54.5,7.2,765.0,1.5562399065583874,-0.14999474566726992
GTEX-17HHY-3026-SM-79OKP.1,BRAIN,54.5,7.1,768.0,0.682340855765994,-0.08562782363635468
GTEX-17HII-0008-SM-EAZBF.1,SKIN,54.5,9.6,599.0,2.20096623027689,0.3930014858949705
GTEX-17HII-0011-R10a-SM-79OMY.1,BRAIN,54.5,6.6,462.0,-0.0630000300948807,-0.027956957226517313
GTEX-17HII-0011-R11b-SM-7KFSX.1,BRAIN,54.5,8.2,462.0,3.0642470817985634,-0.143530095588898
GTEX-17HII-0011-R1b-SM-7MGVW.1,BRAIN,54.5,5.6,462.0,-2.0448942369651477,-0.041258123490828184
GTEX-17HII-0011-R3a-SM-7LT9D.1,BRAIN,54.5,7.0,462.0,-0.4918044807404613,0.06315371471620836
GTEX-17HII-0011-R5a-SM-7LG51.1,BRAIN,54.5,8.3,462.0,0.0086221548983901,0.10770366315402971
GTEX-17HII-0011-R7a-SM-79OMS.1,BRAIN,54.5,6.5,462.0,-1.963374758203852,0.043292719196144275
GTEX-17HII-0011-R8a-SM-79OK6.1,BRAIN,54.5,7.1,462.0,0.4528584308960188,0.12066725109856558
GTEX-17HII-0226-SM-7LG4E.1,SKIN,54.5,8.4,599.0,0.1300488739782626,0.055149925819352304
GTEX-17HII-0426-SM-793A3.1,MUSCLE,54.5,8.9,603.0,0.5951993908969102,-0.07503505413536482
GTEX-17HII-1026-SM-7IGLY.1,LIVER,54.5,6.0,657.0,-0.1847266927905503,-0.006537568395968909
GTEX-17HII-1326-SM-7IGOB.1,HEART,54.5,5.9,664.0,4.098979924008546,-0.15595253867001652
GTEX-17HII-1426-SM-7EPGG.1,SKIN,54.5,7.0,665.0,-2.020066526970394,0.006724968020121793
GTEX-17HII-2926-SM-79OMK.1,BRAIN,54.5,6.6,725.0,0.8131608106562341,-0.13577721411874374
GTEX-17HII-3026-SM-7EWFM.1,BRAIN,54.5,6.3,727.0,-0.5086532265514617,-0.03965423730033756
GTEX-17JCI-0008-SM-EAZBG.1,SKIN,64.5,10.0,561.0,2.25151360480746,0.30659904029903406
GTEX-17JCI-0011-R10b-SM-718A2.1,BRAIN,64.5,7.7,435.0,0.8260475770534605,-0.13033181128789967
GTEX-17JCI-0011-R11a-SM-7189Y.1,BRAIN,64.5,7.4,435.0,0.7520551859643719,-0.2134671406513849
GTEX-17JCI-0011-R1b-SM-718A3.1,BRAIN,64.5,6.9,435.0,-0.728862946157059,0.0027241776903201512
GTEX-17JCI-0011-R6a-SM-72D6D.1,BRAIN,64.5,5.9,435.0,-1.73486709346029,0.004626344422308739
GTEX-17JCI-0126-SM-7LG5G.1,SKIN,64.5,8.3,561.0,0.5995027877554183,-0.07891107620334753
GTEX-17JCI-0326-SM-7LG5H.1,MUSCLE,64.5,8.4,566.0,-0.8290257295403819,-0.013763772177529048
GTEX-17JCI-0826-SM-7LT8W.1,HEART,64.5,7.3,582.0,1.176861250586076,0.07525931101936104
GTEX-17JCI-1126-SM-7IGMM.1,HEART,64.5,6.0,588.0,-2.6451214663917475,0.12586774316480767
GTEX-17JCI-2926-SM-7DUFF.1,SKIN,64.5,7.4,628.0,-0.1875216498690051,-0.2759837912344118
GTEX-17JCI-3026-SM-7EWDR.1,BRAIN,64.5,6.5,651.0,0.0510878380184447,-0.19725368724110348
GTEX-17JCI-3126-SM-7LTA2.1,BRAIN,64.5,6.9,654.0,0.2980139013274244,-0.02434509137569752
GTEX-17KNJ-0008-SM-EAZBI.1,SKIN,54.5,7.2,273.0,1.4120796378015057,0.36284898143880134
GTEX-17KNJ-0626-SM-7LT9L.1,HEART,54.5,7.7,216.0,0.3054874328910387,0.06516043601545872
GTEX-17KNJ-0826-SM-793A4.1,HEART,54.5,8.9,223.0,1.0268517702957596,0.012403041493666233
GTEX-17KNJ-2126-SM-718AM.1,SKIN,54.5,8.1,268.0,-0.1684647195649715,-0.144506987649683
GTEX-17KNJ-2326-SM-7DHLQ.1,SKIN,54.5,7.9,279.0,0.5441439646972335,-0.17592351903200598
GTEX-17KNJ-2426-SM-7DHLR.1,MUSCLE,54.5,7.9,283.0,-1.0393455020020397,-0.06172883358156178
GTEX-17MF6-0008-SM-EAZBV.1,SKIN,44.5,9.7,1315.0,2.303207092645148,0.2586750114265964
GTEX-17MF6-0011-R1a-SM-72D6O.1,BRAIN,44.5,5.8,1228.0,-2.584597920050493,0.0001345970149189697
GTEX-17MF6-0011-R5a-SM-731BA.1,BRAIN,44.5,6.5,1228.0,-2.700835786982485,0.13507696946410125
GTEX-17MF6-0011-R6b-SM-7LG6G.1,BRAIN,44.5,7.7,1228.0,-0.6526001275490592,0.027415573396958902
GTEX-17MF6-0011-R7b-SM-7LG6J.1,BRAIN,44.5,6.2,1228.0,-2.734088300032126,0.16450380709020904
GTEX-17MF6-0126-SM-7LG4F.1,SKIN,44.5,6.2,1315.0,0.0866605457720476,-0.06521090552303918
GTEX-17MF6-0726-SM-7LT8E.1,HEART,44.5,6.4,1333.0,-1.1128288355738565,0.028482784750762765
GTEX-17MF6-0926-SM-7LTAL.1,HEART,44.5,7.0,1339.0,0.2317651860717501,0.05097407657919569
GTEX-17MF6-1126-SM-7DUFS.1,LIVER,44.5,7.3,1343.0,1.221636192890209,-0.0017186277297768346
GTEX-17MF6-2026-SM-7LG5I.1,MUSCLE,44.5,8.0,1366.0,0.9984106029305602,0.2007684819672283
GTEX-17MF6-2626-SM-79OKQ.1,SKIN,44.5,7.1,1382.0,-0.299615858836142,-0.05968846390479875
GTEX-17MF6-2926-SM-7LTAW.1,BRAIN,44.5,6.2,1389.0,-2.02116280943688,0.07669342909298926
GTEX-17MFQ-0008-SM-EAZBK.1,SKIN,24.5,9.9,367.0,2.147922147395863,0.3012927288981324
GTEX-17MFQ-1526-SM-7KFRR.1,SKIN,24.5,7.1,362.0,-0.8017665988408044,0.02616050372501786
GTEX-17MFQ-1726-SM-793C7.1,SKIN,24.5,7.6,367.0,-1.2162250095318647,-0.09704148044003408
GTEX-17MFQ-1926-SM-793A6.1,MUSCLE,24.5,9.1,372.0,0.4139474283621585,-0.2432283801886684
GTEX-183FY-0008-SM-EAZBL.1,SKIN,24.5,9.5,244.0,1.7663770402093353,0.4260667604551328
GTEX-183FY-0126-SM-7LT9P.1,SKIN,24.5,7.7,245.0,-0.602812879123847,-0.12257455992753477
GTEX-183FY-0226-SM-7LG54.1,MUSCLE,24.5,8.0,255.0,-1.040404808580062,-0.07185575083654283
GTEX-183FY-1026-SM-7939A.1,SKIN,24.5,8.8,366.0,0.4596098898684418,-0.1796770863332911
GTEX-183WM-0008-SM-EAZBN.1,SKIN,74.5,8.9,873.0,1.5727922403704542,0.2293641274815012
GTEX-183WM-0011-R11a-SM-718A5.1,BRAIN,74.5,6.5,820.0,-0.1537581956501223,-0.19802290911040837
GTEX-183WM-0011-R1a-SM-718A8.1,BRAIN,74.5,5.9,820.0,-2.554683562603864,0.11043041234226583
GTEX-183WM-0011-R4a-SM-7LG6S.1,BRAIN,74.5,5.7,820.0,-3.622156632508952,0.006080214949037057
GTEX-183WM-0011-R5a-SM-718A4.1,BRAIN,74.5,6.9,820.0,-2.493746728323344,0.0782152875503618
GTEX-183WM-0011-R6b-SM-72D66.1,BRAIN,74.5,6.9,820.0,-0.8439460679418822,0.12465402560534035
GTEX-183WM-0011-R7b-SM-731AX.1,BRAIN,74.5,6.7,820.0,-2.4434459492225065,0.10585750462753024
GTEX-183WM-0011-R8a-SM-7189W.1,BRAIN,74.5,6.3,820.0,-2.0786814993761817,0.03177891809936268
GTEX-183WM-0126-SM-7LTAB.1,SKIN,74.5,8.0,872.0,0.7377159254176471,0.03794370254942495
GTEX-183WM-0326-SM-72D5V.1,SKIN,74.5,6.5,875.0,0.1418911753989996,-0.12924734764256401
GTEX-183WM-0426-SM-731B1.1,MUSCLE,74.5,6.3,877.0,-0.0816072143423115,-0.23710297210639425
GTEX-183WM-0926-SM-718AN.1,HEART,74.5,6.8,885.0,-0.0200541010497064,-0.032648643380405226
GTEX-183WM-2726-SM-7KFRF.1,BRAIN,74.5,6.3,940.0,-0.0718694111372164,-0.1548113126180627
GTEX-183WM-2826-SM-731C2.1,BRAIN,74.5,6.6,943.0,-0.3262831561439383,-0.07680101335670193
GTEX-18464-0011-R10a-SM-72D6X.1,BRAIN,54.5,7.5,600.0,1.477687647545786,-0.003986842173850615
GTEX-18464-0011-R11a-SM-72D76.1,BRAIN,54.5,8.0,600.0,2.247987810724873,-0.12946698559379982
GTEX-18464-0011-R2a-SM-731AL.1,BRAIN,54.5,5.7,600.0,-2.103314770446595,-0.006032425063310355
GTEX-18464-0011-R4a-SM-7LG6T.1,BRAIN,54.5,6.7,600.0,-2.027280776871597,0.016978171994123083
GTEX-18464-0011-R5b-SM-718A6.1,BRAIN,54.5,8.5,600.0,0.7042699680124698,0.04276455155983541
GTEX-18464-0011-R6a-SM-731CA.1,BRAIN,54.5,7.3,600.0,1.471844061964144,0.04941965704947605
GTEX-18464-0011-R7b-SM-731CM.1,BRAIN,54.5,7.1,600.0,-1.7625796636354911,0.08426127237710472
GTEX-18464-0011-R8a-SM-72D4Z.1,BRAIN,54.5,6.9,600.0,0.6250942715355228,0.10738503469612945
GTEX-18464-0011-R9a-SM-731BK.1,BRAIN,54.5,6.9,600.0,1.7005014263854614,0.0855897938095441
GTEX-18465-0008-SM-EAZBM.1,SKIN,54.5,8.7,781.0,2.709683668104875,0.28480856065990934
GTEX-18465-0011-R11a-SM-72D78.1,BRAIN,54.5,6.7,690.0,3.158715605524012,-0.21859184682018765
GTEX-18465-0011-R5a-SM-72D5J.1,BRAIN,54.5,6.7,690.0,-2.028244447334356,0.05771516844616768
GTEX-18465-0011-R6a-SM-7LG6M.1,BRAIN,54.5,6.3,690.0,-1.1527810146730857,0.0726068873433664
GTEX-18465-0011-R7b-SM-7LG6V.1,BRAIN,54.5,7.3,690.0,-1.6184119350501964,0.06319249701732536
GTEX-18465-0011-R8b-SM-7LG6O.1,BRAIN,54.5,5.8,690.0,-1.2334970611177476,0.040623888822967025
GTEX-18465-0126-SM-731BN.1,SKIN,54.5,7.8,780.0,0.1623967279472224,-0.17339718139983715
GTEX-18465-0326-SM-7LTAD.1,MUSCLE,54.5,8.3,785.0,1.3014508892330874,0.005776365125621436
GTEX-18465-0726-SM-7LG4L.1,HEART,54.5,6.8,798.0,3.016068766090381,0.16134946938145756
GTEX-18465-0926-SM-731AY.1,HEART,54.5,6.0,805.0,-2.35153628891524,-0.06908651343518454
GTEX-18465-1626-SM-7LG6N.1,LIVER,54.5,6.0,818.0,-1.6488295441938994,0.1687802662369953
GTEX-18465-2826-SM-7LT9J.1,SKIN,54.5,5.9,845.0,-1.3271752476044347,-0.13789879826950277
GTEX-18465-2926-SM-7KFSE.1,BRAIN,54.5,7.3,848.0,2.567193780108096,-0.14870659122763752
GTEX-18465-3026-SM-7LG6Y.1,BRAIN,54.5,6.8,851.0,0.5282685474969608,-0.0993002980532389
GTEX-18A66-0008-SM-EAZBU.1,SKIN,64.5,9.8,282.0,2.393165717810247,0.24029758919722904
GTEX-18A66-0126-SM-731CQ.1,MUSCLE,64.5,8.0,279.0,0.3258457555046033,-0.019038417509547167
GTEX-18A66-0226-SM-718BD.1,SKIN,64.5,8.0,281.0,0.53787288325399,-0.16333169016399762
GTEX-18A66-0626-SM-7LT8Z.1,SKIN,64.5,8.1,292.0,-0.6610189785761051,-0.17398888961100975
GTEX-18A66-1126-SM-731C5.1,HEART,64.5,8.3,355.0,1.308391849499546,0.02052785325746334
GTEX-18A66-1226-SM-7LT8G.1,HEART,64.5,8.8,357.0,4.209935697718096,-0.022759786306018825
GTEX-18A66-2026-SM-7189C.1,LIVER,64.5,7.3,368.0,1.261971809957624,-0.043808843818357736
GTEX-18A67-0008-SM-EAZBP.1,SKIN,54.5,9.6,274.0,2.447841607432236,0.2789683300254353
GTEX-18A67-0126-SM-7LG5P.1,SKIN,54.5,7.6,277.0,-0.3425646347010086,-0.09337385274316913
GTEX-18A67-0326-SM-7LG5X.1,MUSCLE,54.5,8.5,284.0,-0.450189187115175,-0.15289336338688067
GTEX-18A67-1026-SM-731CE.1,HEART,54.5,8.3,329.0,1.2947907791621682,0.19083835945862962
GTEX-18A67-1226-SM-7KFRS.1,HEART,54.5,8.6,344.0,1.4801776758040437,-0.18289516876694614
GTEX-18A67-1626-SM-7LT9T.1,SKIN,54.5,7.8,375.0,-0.6422543129953124,-0.11755653877218977
GTEX-18A6Q-0008-SM-EAZBO.1,SKIN,64.5,6.7,528.0,2.3343323451446807,0.3025271748250272
GTEX-18A6Q-0011-R10b-SM-72D7A.1,BRAIN,64.5,7.4,403.0,1.6922713817558686,-0.028905757994289148
GTEX-18A6Q-0011-R11a-SM-72D6H.1,BRAIN,64.5,6.2,403.0,1.3611375026461274,-0.16625963984030187
GTEX-18A6Q-0011-R1b-SM-731DI.1,BRAIN,64.5,7.3,403.0,0.987231367623695,0.049598515701427516
GTEX-18A6Q-0011-R3a-SM-718A7.1,BRAIN,64.5,6.0,403.0,-0.5811599997584804,-0.0011099909629453486
GTEX-18A6Q-0011-R6a-SM-7LG6R.1,BRAIN,64.5,7.0,403.0,0.2335234942724807,0.09233021005311624
GTEX-18A6Q-0126-SM-731BZ.1,SKIN,64.5,7.9,527.0,-0.1100974130928423,-0.07931310816805368
GTEX-18A6Q-0326-SM-718AT.1,MUSCLE,64.5,8.6,532.0,0.1215136089347583,0.009966809866839751
GTEX-18A6Q-0626-SM-7KFRP.1,SKIN,64.5,8.1,545.0,-0.0913997105999537,-0.1184171657205944
GTEX-18A6Q-1526-SM-731CO.1,HEART,64.5,6.8,596.0,-0.6114826941003423,0.12722037784606052
GTEX-18A6Q-1626-SM-7KFTA.1,HEART,64.5,6.2,598.0,-0.9764881660875476,-0.06908629444009354
GTEX-18A6Q-2026-SM-718AQ.1,LIVER,64.5,7.1,606.0,0.0964068554730372,0.004647199848179999
GTEX-18A6Q-2826-SM-7LTAO.1,BRAIN,64.5,5.8,670.0,0.2480127782188215,-0.12532797950001828
GTEX-18A6Q-2926-SM-718AR.1,BRAIN,64.5,6.8,672.0,0.3030691787040691,-0.07892623911558538
GTEX-18A7A-0008-SM-EAZBR.1,SKIN,54.5,8.8,571.0,1.8542653361509287,0.2468253254280402
GTEX-18A7A-0126-SM-731AH.1,SKIN,54.5,7.7,467.0,-0.4359558247747992,-0.12644672171241778
GTEX-18A7A-0226-SM-718BH.1,SKIN,54.5,8.4,570.0,-0.4741777243301054,-0.07649168956778739
GTEX-18A7A-0626-SM-718BJ.1,MUSCLE,54.5,8.6,576.0,0.3032478793480428,0.022975501106319768
GTEX-18A7A-1226-SM-7LTAJ.1,HEART,54.5,7.8,594.0,0.2434069141191182,0.238764562800892
GTEX-18A7A-1526-SM-72D69.1,LIVER,54.5,6.5,602.0,0.9121200077498478,-0.07430768377432295
GTEX-18A7B-0008-SM-EAZBQ.1,SKIN,74.5,9.2,666.0,1.8524233366591991,0.16917203860968472
GTEX-18A7B-0126-SM-7LG64.1,SKIN,74.5,7.1,668.0,0.4822406749941595,-0.09456608615063263
GTEX-18A7B-0326-SM-7LG65.1,MUSCLE,74.5,8.0,675.0,0.746935955080899,0.07487972924495928
GTEX-18A7B-2726-SM-7LG56.1,SKIN,74.5,7.8,819.0,-0.2087168501718545,-0.23248846879362872
GTEX-18D9A-1426-SM-7LT8M.1,SKIN,34.5,7.3,502.0,-0.4498018889651993,-0.041789328693262816
GTEX-18D9A-1826-SM-718BK.1,MUSCLE,34.5,8.4,609.0,-0.403188194886773,-0.03236164089418515
GTEX-18D9A-1926-SM-7LG6P.1,SKIN,34.5,8.2,611.0,-0.3408446366196815,-0.06704670698597287
GTEX-18D9B-0008-SM-EAZBT.1,SKIN,64.5,9.7,422.0,2.5094374637107086,0.31387123631311603
GTEX-18D9B-0426-SM-7LTAR.1,MUSCLE,64.5,7.8,407.0,-0.1426249385858458,-0.015804741506836327
GTEX-18D9B-0526-SM-7LTAS.1,SKIN,64.5,7.2,422.0,-0.4256876371947208,-0.0779703993555983
GTEX-18D9B-0926-SM-7LG4U.1,SKIN,64.5,7.2,455.0,-0.8583666006240148,0.13949716366853246
GTEX-18D9B-1126-SM-7KFSH.1,HEART,64.5,8.2,469.0,0.829424065363061,0.0930411850376227
GTEX-18D9B-1226-SM-72D6V.1,HEART,64.5,7.7,475.0,0.8923710614304182,-0.0739555240966888
GTEX-18D9B-1526-SM-7KFRK.1,LIVER,64.5,7.5,495.0,1.21376822515124,0.06173469924968862
GTEX-18D9U-0008-SM-EAZBW.1,SKIN,44.5,9.7,805.0,1.2017673831943918,0.3984207539916284
GTEX-18D9U-0126-SM-731BM.1,SKIN,44.5,6.4,269.0,-2.525544491557084,-0.0819044912363217
GTEX-18D9U-0226-SM-718BP.1,SKIN,44.5,6.4,278.0,-2.4657470876017,-0.13944016113488164
GTEX-18D9U-0626-SM-7LTA4.1,MUSCLE,44.5,8.5,307.0,0.3292116595309686,-0.13756204390572774
GTEX-18D9U-1126-SM-72D5Y.1,HEART,44.5,8.4,324.0,0.8639861239345694,-0.08122683131181091
GTEX-18D9U-1426-SM-718BO.1,HEART,44.5,8.6,341.0,0.5954021197413424,0.011094437724141561
GTEX-18QFQ-0008-SM-EAZD7.1,SKIN,34.5,10.0,455.0,2.3093626664206264,0.2375325596407002
GTEX-18QFQ-0126-SM-731BE.1,SKIN,34.5,6.6,457.0,-1.64364304135592,-0.1496580164276322
GTEX-18QFQ-0326-SM-731C3.1,MUSCLE,34.5,8.5,467.0,-0.0359645485611505,-0.07362262603915196
GTEX-18QFQ-1826-SM-72D52.1,SKIN,34.5,6.5,709.0,-1.589452930914828,-0.10206873356747381
GTEX-19HZE-0011-R11b-SM-79ONN.1,BRAIN,74.5,6.7,925.0,0.5206879203056135,-0.14768899218492748
GTEX-19HZE-0011-R5a-SM-79OOU.1,BRAIN,74.5,6.6,925.0,-2.5118961186303026,0.14232885992495878
GTEX-19HZE-0126-SM-73KX7.1,SKIN,74.5,5.9,1000.0,-1.4802275001858898,-0.06669162290551635
GTEX-19HZE-2126-SM-72D4X.1,MUSCLE,74.5,7.6,1035.0,2.110011473429036,0.1948638611307698
GTEX-19HZE-2926-SM-718BQ.1,SKIN,74.5,5.8,1052.0,-1.1737160552726635,0.03137301846668666
GTEX-19HZE-3026-SM-718BR.1,BRAIN,74.5,6.2,1054.0,0.2567453046287367,-0.11586322731086088
GTEX-19HZE-3126-SM-731BC.1,BRAIN,74.5,6.0,1056.0,-2.0001897444243184,0.011811157495785653
GTEX-1A32A-0008-SM-EAZD9.1,SKIN,54.5,10.0,669.0,1.8246337530590924,0.1811660805521435
GTEX-1A32A-0011-R1a-SM-7P8SQ.1,BRAIN,54.5,6.3,529.0,-2.783943563635126,-0.015672056601312444
GTEX-1A32A-0011-R9b-SM-7MGXD.1,BRAIN,54.5,5.7,529.0,0.0668596760633385,0.019995830314700758
GTEX-1A32A-0126-SM-718B1.1,SKIN,54.5,7.1,668.0,0.4711266723363565,-0.059508111066641216
GTEX-1A32A-0526-SM-731B9.1,MUSCLE,54.5,8.5,677.0,0.4405485445615187,0.21364665926492285
GTEX-1A32A-0626-SM-731AQ.1,SKIN,54.5,7.2,679.0,0.1636512979996982,-0.10522727244213052
GTEX-1A32A-0826-SM-72D5C.1,LIVER,54.5,6.7,702.0,-0.1187966850262759,0.20851504181824457
GTEX-1A32A-1326-SM-73KWW.1,HEART,54.5,7.2,712.0,0.9345283460856316,0.24588448057466036
GTEX-1A32A-3026-SM-72D61.1,BRAIN,54.5,5.9,765.0,-0.4218054850135653,-0.160830986428606
GTEX-1A3MV-0008-SM-EAZDA.1,SKIN,34.5,10.0,365.0,1.8839152021554064,0.02613466925725082
GTEX-1A3MV-1826-SM-731CD.1,SKIN,34.5,6.8,336.0,-1.7447676953751992,-0.11176417543690018
GTEX-1A3MV-1926-SM-718BT.1,SKIN,34.5,7.7,365.0,-0.8902550146179564,-0.17876170242911246
GTEX-1A3MV-2026-SM-718BU.1,MUSCLE,34.5,8.0,377.0,-1.2411667768201988,-0.05417454965524318
GTEX-1A3MW-0008-SM-EAZDC.1,SKIN,64.5,10.0,706.0,1.62463224976079,0.27402003287210397
GTEX-1A3MW-0126-SM-73KXX.1,SKIN,64.5,7.9,705.0,0.9247851061353743,-0.06759843150233334
GTEX-1A3MW-0526-SM-731BY.1,MUSCLE,64.5,8.4,711.0,0.327963570954862,-0.04513489490357683
GTEX-1A3MW-0626-SM-731CB.1,SKIN,64.5,7.8,713.0,0.3419491123024344,-0.20649756394268395
GTEX-1A3MW-1326-SM-7189P.1,HEART,64.5,7.0,729.0,-0.650728938782625,-0.08517582175192553
GTEX-1A3MW-3026-SM-72D5E.1,BRAIN,64.5,5.9,758.0,-3.053075691818512,-0.11094687077936023
GTEX-1A3MX-0008-SM-EAZDB.1,SKIN,64.5,10.0,1125.0,1.7320148618174789,0.25177464116235915
GTEX-1A3MX-0011-R10b-SM-7P8PG.1,BRAIN,64.5,5.7,1085.0,0.3478698204561964,-0.02768363063685149
GTEX-1A3MX-0011-R11b-SM-7DUGP.1,BRAIN,64.5,7.5,1085.0,1.6796396649118872,-0.1904819667121555
GTEX-1A3MX-0011-R1b-SM-7P8PH.1,BRAIN,64.5,6.2,1085.0,-1.2876268370784585,0.08533295743728297
GTEX-1A3MX-0011-R2b-SM-7EWFL.1,BRAIN,64.5,6.4,1085.0,-0.1240968602488504,-0.01976378457590236
GTEX-1A3MX-0011-R3b-SM-79OOW.1,BRAIN,64.5,6.7,1085.0,1.029536482784157,0.006099351455726198
GTEX-1A3MX-0011-R4b-SM-7EWFK.1,BRAIN,64.5,6.3,1085.0,-0.2649895897188999,0.011142016645608882
GTEX-1A3MX-0011-R5a-SM-79OM5.1,BRAIN,64.5,7.1,1085.0,-0.064197827770024,0.07618436102456366
GTEX-1A3MX-0011-R6a-SM-7P8S9.1,BRAIN,64.5,7.1,1085.0,0.344356475611814,0.016616844736579404
GTEX-1A3MX-0011-R7a-SM-7DUEM.1,BRAIN,64.5,7.4,1085.0,-0.4156980645197659,0.02318934433566982
GTEX-1A3MX-0011-R8a-SM-7P8PI.1,BRAIN,64.5,6.7,1085.0,0.9004868789221194,-0.04184726955740623
GTEX-1A3MX-0126-SM-731BR.1,SKIN,64.5,8.1,1124.0,1.216766164112948,-0.25392534481254836
GTEX-1A3MX-0526-SM-718A9.1,MUSCLE,64.5,7.6,1135.0,1.0410288459058246,0.05661829795541243
GTEX-1A3MX-1226-SM-731B3.1,HEART,64.5,7.0,1164.0,2.6616286534633296,0.031670754958641335
GTEX-1A3MX-1326-SM-72D58.1,HEART,64.5,6.0,1166.0,0.4001349233890143,0.005725637583808283
GTEX-1A3MX-2626-SM-7PC24.1,SKIN,64.5,6.8,1189.0,-0.1629856959403452,-0.2857657107062651
GTEX-1A3MX-2926-SM-718B7.1,BRAIN,64.5,7.2,1198.0,2.0814217435719904,-0.1340777952147004
GTEX-1A3MX-3026-SM-731BF.1,BRAIN,64.5,6.8,1199.0,1.18654357159208,-0.11630371921849358
GTEX-1A8FM-0008-SM-EAZDD.1,SKIN,54.5,10.0,1204.0,2.3079615292358246,0.3474473617747734
GTEX-1A8FM-0226-SM-7SB7Q.1,SKIN,54.5,7.3,1205.0,0.4216708248131913,-0.09609067209522804
GTEX-1A8FM-0526-SM-7P8SF.1,MUSCLE,54.5,8.3,1212.0,2.3252063457080228,-0.019070854053689815
GTEX-1A8FM-0626-SM-7PC25.1,SKIN,54.5,7.7,1214.0,0.2977022130191359,-0.11511375047916095
GTEX-1A8FM-1026-SM-7PC26.1,HEART,54.5,6.0,1244.0,-0.0514629065344611,-0.034021007432167884
GTEX-1A8FM-1226-SM-7IGMD.1,LIVER,54.5,6.0,1250.0,-0.9982631827171295,0.07880859391086605
GTEX-1A8G6-0008-SM-EWRMK.1,SKIN,64.5,9.8,1163.0,2.2227519024901645,0.29130017186347507
GTEX-1A8G6-0011-R10b-SM-7P8PB.1,BRAIN,64.5,6.1,998.0,-1.014265232996387,-0.04764169185579518
GTEX-1A8G6-0011-R1a-SM-7P8PC.1,BRAIN,64.5,6.6,998.0,-1.839760877150532,0.11644449486265382
GTEX-1A8G6-0011-R5b-SM-7IGQG.1,BRAIN,64.5,5.9,998.0,-1.721871228208762,0.17180078173264804
GTEX-1A8G6-0011-R6b-SM-7P8PE.1,BRAIN,64.5,5.9,998.0,-2.9663738611820936,0.13375894450507084
GTEX-1A8G6-0011-R7b-SM-7MXTV.1,BRAIN,64.5,5.6,998.0,-2.901770130094346,0.10017286790003936
GTEX-1A8G6-0011-R8a-SM-7P8PD.1,BRAIN,64.5,6.0,998.0,-1.099589674219137,0.14205798553868124
GTEX-1A8G6-0126-SM-7DUFY.1,MUSCLE,64.5,7.5,1157.0,1.357513691977476,-0.0356199453116204
GTEX-1A8G6-0426-SM-72D6Q.1,SKIN,64.5,7.4,1163.0,-0.1578063618991381,-0.14270861446253985
GTEX-1A8G6-1626-SM-7MGWO.1,HEART,64.5,5.7,1224.0,-2.91284397142952,0.045240556250889304
GTEX-1A8G6-1826-SM-73KY8.1,HEART,64.5,5.6,1232.0,-0.92680929726686,0.16288091666255158
GTEX-1A8G6-2726-SM-731AR.1,SKIN,64.5,6.7,1241.0,0.2302282612893399,-0.17016639177119164
GTEX-1A8G6-2926-SM-731CK.1,BRAIN,64.5,5.9,1278.0,-1.1449238793605945,-0.004419177926738229
GTEX-1A8G6-3126-SM-731D8.1,BRAIN,64.5,6.1,1280.0,0.8779012973607772,-0.17546868367418422
GTEX-1A8G7-0008-SM-EVYAT.1,SKIN,64.5,9.8,696.0,1.5799182439034878,0.2781116406093446
GTEX-1A8G7-0011-R2a-SM-7IGQI.1,BRAIN,64.5,5.7,588.0,-1.925611663218549,0.044920483831734255
GTEX-1A8G7-0011-R8a-SM-7P8S6.1,BRAIN,64.5,6.1,588.0,-1.3840538578231587,0.12423946166426453
GTEX-1A8G7-0011-R9b-SM-7IGQH.1,BRAIN,64.5,6.0,588.0,2.026739987718444,0.14248557064445316
GTEX-1A8G7-0126-SM-7DUGH.1,SKIN,64.5,7.3,696.0,1.042989015782715,0.2689956428763661
GTEX-1A8G7-0326-SM-72D5B.1,MUSCLE,64.5,8.2,701.0,1.14154525361618,0.02894553593187657
GTEX-1A8G7-1126-SM-731ED.1,LIVER,64.5,6.0,753.0,-0.6650354645278674,-0.04940656672777335
GTEX-1A8G7-1326-SM-73KVM.1,SKIN,64.5,7.5,755.0,0.1550255676252773,-0.0858586241981161
GTEX-1A8G7-3026-SM-73KTT.1,BRAIN,64.5,6.2,847.0,-0.3189316726304433,-0.1944457874757279
GTEX-1A8G7-3126-SM-7IGP7.1,BRAIN,64.5,6.0,847.0,-1.646579650098158,-0.045427329941511274
GTEX-1AMEY-0008-SM-EVYAU.1,SKIN,34.5,9.8,244.0,1.5513845583747417,0.3732572957432414
GTEX-1AMEY-0826-SM-72D65.1,SKIN,34.5,6.6,172.0,-1.4437305159174358,-0.009381768551952734
GTEX-1AMEY-1326-SM-73KYK.1,SKIN,34.5,6.8,248.0,-2.2041958331195453,-0.24007388976351815
GTEX-1AMEY-1526-SM-73KYW.1,MUSCLE,34.5,7.3,267.0,-1.9732936077201173,-0.029788099497526033
GTEX-1AMFI-0008-SM-EVYAV.1,SKIN,54.5,9.9,292.0,2.12596065848005,0.2544459943745351
GTEX-1AMFI-0826-SM-731DV.1,LIVER,54.5,8.8,143.0,1.0103493083844863,-0.10708402464582069
GTEX-1AMFI-1326-SM-7939R.1,SKIN,54.5,7.7,156.0,-0.3920501846925532,0.032744960913132004
GTEX-1AMFI-2026-SM-731BH.1,SKIN,54.5,7.3,292.0,-0.7422670723430146,-0.14997976410969985
GTEX-1AMFI-2226-SM-731C6.1,MUSCLE,54.5,8.4,297.0,0.3346956881313537,0.017444426175289417
GTEX-1AX8Y-0326-SM-73KYY.1,HEART,44.5,8.1,256.0,0.0385030078792165,0.03260244361132349
GTEX-1AX8Y-0426-SM-7189O.1,HEART,44.5,7.8,260.0,0.5833449473036079,-0.12528688102559818
GTEX-1AX8Y-0726-SM-731CX.1,LIVER,44.5,7.9,271.0,1.542152383643452,-0.13683706478397195
GTEX-1AX8Y-1126-SM-731AG.1,SKIN,44.5,5.7,286.0,-0.0053275700341312,-0.14750042928642249
GTEX-1AX8Y-2026-SM-73KUA.1,SKIN,44.5,7.1,333.0,1.3908108748069956,-0.09953440031844496
GTEX-1AX8Y-2226-SM-72D51.1,MUSCLE,44.5,8.5,339.0,1.689561888527634,-0.04300582499647906
GTEX-1AX8Z-0008-SM-EVYAW.1,SKIN,64.5,9.7,318.0,2.2279906572536534,0.21958391390477613
GTEX-1AX8Z-0126-SM-7DHM6.1,SKIN,64.5,8.0,315.0,-0.948825043503982,-0.2134119783484932
GTEX-1AX8Z-0326-SM-731BU.1,MUSCLE,64.5,6.8,327.0,-1.346849712436442,0.11315224346574207
GTEX-1AX8Z-0726-SM-73KTS.1,SKIN,64.5,6.9,338.0,-1.898946245132652,-0.22638743473693984
GTEX-1AX8Z-1026-SM-7189R.1,LIVER,64.5,8.4,358.0,1.5355016100780103,0.042886812133136
GTEX-1AX8Z-1126-SM-731CS.1,HEART,64.5,7.5,360.0,0.8932783690560063,0.0944470323123719
GTEX-1AX8Z-1326-SM-7DHMO.1,HEART,64.5,8.1,368.0,0.2026270848912543,-0.16872633055596428
GTEX-1AX8Z-5004-SM-ARZLD.1,MUSCLE,64.5,7.1,328.0,-0.1191288988438182,0.14153998226187414
GTEX-1AX8Z-5007-SM-AHZ36.1,HEART,64.5,8.7,368.0,0.8830623687300351,-0.12122329704159646
GTEX-1AX9I-0008-SM-EVYAZ.1,SKIN,64.5,10.0,616.0,1.8741003326982884,0.22818733976363775
GTEX-1AX9I-0011-R11b-SM-7DHN4.1,BRAIN,64.5,8.1,524.0,2.313582984013008,-0.1683021567815509
GTEX-1AX9I-0011-R1b-SM-7RHG2.1,BRAIN,64.5,7.2,524.0,0.7634423511921582,0.05615832519890014
GTEX-1AX9I-0011-R4b-SM-7EPIB.1,BRAIN,64.5,6.9,524.0,1.0308644782830902,-0.04521160975651983
GTEX-1AX9I-0011-R5b-SM-793DI.1,BRAIN,64.5,7.5,524.0,0.8111045963464036,-0.024464995276257798
GTEX-1AX9I-0011-R6a-SM-7P8PK.1,BRAIN,64.5,6.8,524.0,0.6511767632771394,0.023551619539268764
GTEX-1AX9I-0011-R7b-SM-7P8Q3.1,BRAIN,64.5,6.8,524.0,0.0651359969488173,0.009564226121299162
GTEX-1AX9I-0011-R8a-SM-7P8PJ.1,BRAIN,64.5,7.2,524.0,1.1626408582834955,0.1254499768185489
GTEX-1AX9I-0126-SM-7SB74.1,SKIN,64.5,7.8,616.0,-1.4066527844055852,-0.11694403983752669
GTEX-1AX9I-0326-SM-73KXQ.1,MUSCLE,64.5,8.2,619.0,0.1663844282753921,0.15710435837578204
GTEX-1AX9I-1026-SM-73KYF.1,HEART,64.5,6.6,660.0,-0.2285488695467104,0.06921673868121068
GTEX-1AX9I-1126-SM-7EPHH.1,HEART,64.5,6.8,661.0,-1.530514372234566,0.013335257918661574
GTEX-1AX9I-1626-SM-72D5D.1,LIVER,64.5,6.1,667.0,-2.066081611822097,0.017682047065323482
GTEX-1AX9I-2226-SM-73KUO.1,SKIN,64.5,7.7,688.0,0.1305469500266946,-0.10530342887724521
GTEX-1AX9I-3026-SM-73KUH.1,BRAIN,64.5,6.9,710.0,-0.4194276375243844,-0.060814179440631645
GTEX-1AX9J-0008-SM-EVYB2.1,SKIN,64.5,10.0,487.0,2.102688127329735,0.27243154648943596
GTEX-1AX9J-0126-SM-73KY2.1,MUSCLE,64.5,8.0,483.0,-0.336077146222892,0.015733532969948144
GTEX-1AX9J-0226-SM-73KXM.1,SKIN,64.5,8.2,488.0,0.3140282826915986,-0.07796950127015446
GTEX-1AX9J-0926-SM-73KXA.1,HEART,64.5,7.5,537.0,-0.1211763420308384,0.04316781800215926
GTEX-1AX9J-1026-SM-72D6E.1,HEART,64.5,7.6,538.0,1.1140956575367915,-0.01837897433474192
GTEX-1AX9J-1326-SM-731BJ.1,SKIN,64.5,7.4,560.0,0.2753411996526645,-0.04410795696680404
GTEX-1AX9K-0008-SM-EVYB1.1,SKIN,54.5,9.6,408.0,1.3090667711221375,0.3767870019423615
GTEX-1AX9K-0426-SM-73KUG.1,HEART,54.5,7.4,282.0,0.3813196661302236,-0.01966341732977232
GTEX-1AX9K-0526-SM-73KV1.1,HEART,54.5,7.0,278.0,0.0233037581147,-0.12172644100443614
GTEX-1AX9K-2326-SM-73KWU.1,SKIN,54.5,7.9,374.0,0.4913159237844874,-0.16306689744395422
GTEX-1AX9K-2726-SM-7DHMA.1,MUSCLE,54.5,8.4,383.0,0.3638838951184894,0.01441194739652395
GTEX-1AYCT-0008-SM-EVYAX.1,SKIN,54.5,9.9,592.0,2.001740220619565,0.2601771795364749
GTEX-1AYCT-0426-SM-73KVZ.1,HEART,54.5,7.8,454.0,-0.073664309309933,-0.008938547257511377
GTEX-1AYCT-0526-SM-7RHHS.1,HEART,54.5,7.9,455.0,0.3799166708905794,0.130833043667995
GTEX-1AYCT-2426-SM-7IGQ3.1,SKIN,54.5,5.8,599.0,-2.281208811609268,-0.14109624354210407
GTEX-1AYD5-0008-SM-EVYAY.1,SKIN,54.5,9.9,385.0,2.3847913317395344,0.24017768775709256
GTEX-1AYD5-2226-SM-73KX3.1,MUSCLE,54.5,7.9,377.0,0.1063771093067314,0.00823193897968008
GTEX-1AYD5-2426-SM-73KXR.1,SKIN,54.5,7.6,384.0,-0.2925690898606613,-0.04408897653773399
GTEX-1AYD5-2626-SM-7PBXY.1,SKIN,54.5,5.7,387.0,-1.410231356812143,-0.0280177089855172
GTEX-1B8KE-0008-SM-EVYB3.1,SKIN,54.5,10.0,197.0,2.508660818627618,0.29064464836717746
GTEX-1B8KE-0126-SM-793AM.1,HEART,54.5,8.5,124.0,0.6561926905449569,-0.16228842180467268
GTEX-1B8KE-0326-SM-73KTY.1,HEART,54.5,7.9,128.0,-0.7831101911111187,-0.0567605486177739
GTEX-1B8KE-1126-SM-7EPHI.1,SKIN,54.5,6.8,157.0,-1.377621015645863,-0.12527219632186148
GTEX-1B8KE-2126-SM-73KYX.1,SKIN,54.5,7.8,197.0,-0.2565168771242836,-0.08618527539464042
GTEX-1B8KE-2226-SM-7939K.1,MUSCLE,54.5,8.0,207.0,0.8234637181001515,-0.05284307122086774
GTEX-1B8KZ-0008-SM-EXOHR.1,SKIN,54.5,9.8,400.0,2.644752175129776,0.19106363952148128
GTEX-1B8KZ-0326-SM-73KY4.1,SKIN,54.5,8.1,305.0,0.3233898314164986,-0.09303341852146965
GTEX-1B8KZ-2026-SM-7DHMB.1,SKIN,54.5,8.4,398.0,-0.5299912613201173,-0.25768523396964926
GTEX-1B8KZ-2126-SM-73KYG.1,MUSCLE,54.5,8.2,405.0,0.1980017711556413,-0.0002998672879026006
GTEX-1B8L1-0008-SM-EXOHQ.1,SKIN,64.5,9.8,856.0,2.348732802932483,0.31994084284605767
GTEX-1B8L1-0011-R10b-SM-7P8Q4.1,BRAIN,64.5,7.5,710.0,0.8622914375237732,-0.04966111117837695
GTEX-1B8L1-0011-R11b-SM-793DJ.1,BRAIN,64.5,7.8,710.0,3.124309842189152,-0.22492422348307575
GTEX-1B8L1-0011-R1a-SM-7P8SS.1,BRAIN,64.5,6.6,710.0,-0.3753234274907457,-0.06531640454034013
GTEX-1B8L1-0011-R2a-SM-9OSVL.1,BRAIN,64.5,5.8,710.0,0.5805286163619422,-0.09359032580570865
GTEX-1B8L1-0011-R3a-SM-7EPIO.1,BRAIN,64.5,6.8,710.0,0.2185099535438263,-0.07979174033450522
GTEX-1B8L1-0011-R4a-SM-7EWFJ.1,BRAIN,64.5,6.3,710.0,0.8393540904692214,0.015953600422335745
GTEX-1B8L1-0011-R5a-SM-7DHN5.1,BRAIN,64.5,7.9,710.0,-0.2268395636472963,0.04483128482565312
GTEX-1B8L1-0011-R6b-SM-7P8SU.1,BRAIN,64.5,7.6,710.0,0.3278688237214381,0.022133463536967855
GTEX-1B8L1-0011-R7b-SM-9OSVK.1,BRAIN,64.5,6.9,710.0,-0.6904599148970593,0.06520830114082635
GTEX-1B8L1-0011-R8b-SM-7P8ST.1,BRAIN,64.5,6.7,710.0,0.9974504079825216,0.08876644419669102
GTEX-1B8L1-0011-R9b-SM-9WG5U.1,BRAIN,64.5,7.0,710.0,-0.0384705616126842,0.0358893863856848
GTEX-1B8L1-0426-SM-7SB76.1,HEART,64.5,7.7,731.0,0.7670511357057155,0.19438619865054374
GTEX-1B8L1-0526-SM-79ONX.1,HEART,64.5,6.6,737.0,-1.421070647803707,0.00024108642154225456
GTEX-1B8L1-0726-SM-7P8RT.1,LIVER,64.5,6.7,739.0,-0.1203516131202025,0.04826190651945238
GTEX-1B8L1-2226-SM-7P8PT.1,SKIN,64.5,7.8,784.0,-0.1714678578955539,-0.11029435761183036
GTEX-1B8L1-2526-SM-9WYTF.1,SKIN,64.5,8.3,858.0,-0.929335747468842,-0.10212137327798661
GTEX-1B8L1-2726-SM-793AL.1,MUSCLE,64.5,8.5,860.0,0.1875939442491593,0.19568594377367385
GTEX-1B8L1-3026-SM-7EPHK.1,BRAIN,64.5,6.9,984.0,0.1245410399003256,-0.10577770481781977
GTEX-1B8L1-3226-SM-7P8OX.1,BRAIN,64.5,6.7,989.0,1.1489500639864425,-0.1630818391026954
GTEX-1B8SF-0008-SM-EXOHU.1,SKIN,64.5,9.9,1059.0,2.643124122251576,0.055574365181945334
GTEX-1B8SF-0011-R10b-SM-7P8SW.1,BRAIN,64.5,6.7,994.0,-0.0130689496984225,-0.034447937123174684
GTEX-1B8SF-0011-R11a-SM-79OOP.1,BRAIN,64.5,6.6,994.0,1.7956072790262825,-0.20577441706001265
GTEX-1B8SF-0011-R1b-SM-7P8Q8.1,BRAIN,64.5,6.7,994.0,-0.7624244355248017,-0.0011395293564122721
GTEX-1B8SF-0011-R5a-SM-79OOO.1,BRAIN,64.5,6.5,994.0,-1.6328868915271468,0.08570544355861077
GTEX-1B8SF-0011-R6b-SM-7MXUD.1,BRAIN,64.5,7.4,994.0,-0.3435024960247217,0.017530513752654964
GTEX-1B8SF-0011-R7b-SM-9OSVM.1,BRAIN,64.5,6.5,994.0,-1.9001650885617687,0.09337003626472426
GTEX-1B8SF-0011-R8b-SM-7P8SX.1,BRAIN,64.5,5.6,994.0,-1.049662747172432,0.06910775173170303
GTEX-1B8SF-0126-SM-7DUG3.1,SKIN,64.5,7.3,1021.0,0.275008877688303,-0.10605533258555629
GTEX-1B8SF-0426-SM-79OL4.1,MUSCLE,64.5,7.1,1045.0,0.6258976983086888,-0.0672133380116807
GTEX-1B8SF-1326-SM-7IGQJ.1,HEART,64.5,5.8,1077.0,-0.091172702195899,0.16281487653279783
GTEX-1B8SF-1426-SM-7DUGL.1,SKIN,64.5,7.3,1060.0,0.6919740154308779,-0.14065192770285972
GTEX-1B8SF-3026-SM-731DX.1,BRAIN,64.5,6.9,1176.0,2.0774420228012924,-0.1475392897119489
GTEX-1B8SF-3126-SM-73KU1.1,BRAIN,64.5,6.6,1175.0,-0.3231446719020516,-0.03801163946501203
GTEX-1B8SG-0008-SM-EXOHS.1,SKIN,54.5,9.9,1216.0,2.2236977853511397,0.2079710489888835
GTEX-1B8SG-0011-R11a-SM-7P8PF.1,BRAIN,54.5,6.3,991.0,-0.9594333487991832,-0.07797551456423019
GTEX-1B8SG-0011-R2b-SM-79OOT.1,BRAIN,54.5,6.6,991.0,-1.3556343204268586,0.093183873724578
GTEX-1B8SG-0011-R8b-SM-7IGNW.1,BRAIN,54.5,6.2,991.0,-1.3986877995401064,0.21561763659987057
GTEX-1B8SG-0126-SM-73KZ3.1,SKIN,54.5,7.8,1216.0,0.2417843264833423,-0.14857708024761762
GTEX-1B8SG-0326-SM-73KXW.1,MUSCLE,54.5,8.5,1235.0,-0.6579136564597196,0.00422321994979935
GTEX-1B8SG-0726-SM-79ONS.1,HEART,54.5,6.7,1345.0,0.9465559908541784,0.01456607907961888
GTEX-1B8SG-0826-SM-7EWF7.1,HEART,54.5,6.4,1353.0,-1.466382288369634,0.012961862774618254
GTEX-1B8SG-1326-SM-79ONT.1,LIVER,54.5,6.6,1396.0,0.5731524233748524,0.03347888238037045
GTEX-1B8SG-1726-SM-73KXK.1,BRAIN,54.5,6.1,1456.0,-2.487634978090924,-0.005539024442107151
GTEX-1B8SG-1926-SM-73KUB.1,BRAIN,54.5,6.4,1458.0,-0.9402382467219836,-0.10680347433394362
GTEX-1B932-0008-SM-EXOHW.1,SKIN,44.5,9.9,224.0,2.418008683014947,0.22453387742811498
GTEX-1B932-0126-SM-7PC2M.1,SKIN,44.5,6.6,227.0,-0.4616872489423994,-0.05524168556567644
GTEX-1B932-0526-SM-73KU7.1,MUSCLE,44.5,8.4,239.0,-0.796966560752422,-0.16043408197970885
GTEX-1B932-1026-SM-793CL.1,HEART,44.5,7.6,275.0,1.3372209775051718,-0.1878545651880332
GTEX-1B932-1326-SM-79OM4.1,HEART,44.5,7.1,296.0,-0.6825406087838519,0.004538324790161509
GTEX-1B932-1426-SM-793AN.1,LIVER,44.5,8.5,299.0,1.3013613448169754,-0.002823334907791644
GTEX-1B932-2326-SM-79OL5.1,SKIN,44.5,7.2,348.0,-0.881902549247291,-0.15231452496684014
GTEX-1B933-0008-SM-EXOHV.1,SKIN,54.5,9.8,653.0,2.541649590932248,0.1563392193924924
GTEX-1B933-0011-R10b-SM-9OSVN.1,BRAIN,54.5,6.7,549.0,0.9755178189797108,-0.05127536170812504
GTEX-1B933-0011-R11a-SM-7P8PM.1,BRAIN,54.5,6.5,549.0,2.5452483553634,-0.16650265801737998
GTEX-1B933-0011-R1b-SM-9QEGW.1,BRAIN,54.5,6.3,549.0,0.6154229985300014,0.06952245428109176
GTEX-1B933-0011-R2b-SM-7IGNM.1,BRAIN,54.5,6.3,549.0,1.1479594907979935,-0.03755465232721484
GTEX-1B933-0011-R3b-SM-7P8PL.1,BRAIN,54.5,5.9,549.0,1.201314793482313,0.03205059692418339
GTEX-1B933-0011-R5b-SM-7P8SA.1,BRAIN,54.5,6.7,549.0,0.524068703975428,0.12688651672221382
GTEX-1B933-0011-R6b-SM-79OOQ.1,BRAIN,54.5,6.6,549.0,1.0374358784910531,0.00022113687163723464
GTEX-1B933-0011-R7a-SM-7DUGX.1,BRAIN,54.5,7.2,549.0,0.7105283104354262,0.011276447956352771
GTEX-1B933-0011-R8a-SM-9QEGX.1,BRAIN,54.5,7.4,549.0,1.8475683056272945,0.16355732623704025
GTEX-1B933-0011-R9a-SM-79OOR.1,BRAIN,54.5,6.7,549.0,1.7254579622474375,0.13393954851115605
GTEX-1B933-0126-SM-7PC29.1,SKIN,54.5,7.3,654.0,-0.1864364188139586,-0.1487671070467214
GTEX-1B933-0426-SM-7DHMC.1,MUSCLE,54.5,8.0,665.0,0.7888938574584388,-0.06217372824190745
GTEX-1B933-0826-SM-79OMW.1,HEART,54.5,6.6,702.0,-0.1772250168315038,-0.0032516550898907992
GTEX-1B933-1226-SM-731DW.1,LIVER,54.5,6.6,716.0,-0.9379126805998914,-0.007796056999962646
GTEX-1B933-2426-SM-7DHMD.1,SKIN,54.5,8.0,771.0,1.2210091066210629,-0.2734208558193372
GTEX-1B933-3026-SM-731DB.1,BRAIN,54.5,7.4,828.0,2.692172303018155,-0.23182301448870368
GTEX-1B933-3126-SM-7P8RL.1,BRAIN,54.5,7.1,829.0,0.5774491655523304,-0.09303618244234699
GTEX-1B97I-0008-SM-EXOHX.1,SKIN,44.5,9.9,-490.0,2.317864646880081,0.23962966727797924
GTEX-1B97I-0626-SM-73KUZ.1,SKIN,44.5,7.1,678.0,-2.077123048375575,-0.0658225611606579
GTEX-1B97I-1626-SM-73KYO.1,SKIN,44.5,8.6,824.0,-0.0455741364165481,-0.06791045257474712
GTEX-1B97I-2026-SM-7DHN2.1,MUSCLE,44.5,8.1,949.0,0.792752121822452,0.06958965220824348
GTEX-1B97J-0326-SM-7939H.1,HEART,54.5,8.7,206.0,-0.2276736805986155,0.0009666324334071094
GTEX-1B97J-0726-SM-7RHG3.1,HEART,54.5,8.0,215.0,-0.1514393491617113,-0.06704086318634588
GTEX-1B97J-1226-SM-7PBZR.1,MUSCLE,54.5,7.8,239.0,-1.4720415803860174,-0.12164856894107556
GTEX-1B98T-0826-SM-7DHME.1,SKIN,64.5,8.1,874.0,0.6877780507143842,-0.09977065916038566
GTEX-1B98T-1126-SM-7EPHO.1,LIVER,64.5,6.8,888.0,0.1205468167871126,0.007384893217609997
GTEX-1B98T-1326-SM-7EPI7.1,HEART,64.5,6.9,893.0,1.2142366649615155,-0.07044340375105242
GTEX-1B98T-3126-SM-73KV2.1,BRAIN,64.5,5.6,996.0,-2.361468763203954,0.02065428658706559
GTEX-1B996-0008-SM-EXOHY.1,SKIN,64.5,10.0,1032.0,2.4243486530343485,0.22159690156709877
GTEX-1B996-0011-R10b-SM-CJI3T.1,BRAIN,64.5,8.3,890.0,0.5596054415559192,0.09626922254348574
GTEX-1B996-0011-R11b-SM-7MXTM.1,BRAIN,64.5,6.7,890.0,0.8972185225565406,-0.16005624081599756
GTEX-1B996-0011-R1b-SM-7P8PO.1,BRAIN,64.5,6.2,890.0,-0.2437110953647343,0.16139264928117142
GTEX-1B996-0011-R2a-SM-7IGON.1,BRAIN,64.5,5.9,890.0,-0.1739054057058309,0.031726823177812884
GTEX-1B996-0011-R3b-SM-9QEGY.1,BRAIN,64.5,6.7,890.0,0.1676461456635364,0.0898284946910689
GTEX-1B996-0011-R4b-SM-9OSVO.1,BRAIN,64.5,7.0,890.0,0.827690794638342,0.062054200841902545
GTEX-1B996-0011-R5a-SM-7P8PN.1,BRAIN,64.5,7.8,890.0,0.4126448901929315,0.23245503930801495
GTEX-1B996-0011-R6b-SM-793AQ.1,BRAIN,64.5,8.7,890.0,2.149816366420575,0.06380354632291238
GTEX-1B996-0011-R7b-SM-7IGNT.1,BRAIN,64.5,6.1,890.0,1.51076081346919,0.1390729345559676
GTEX-1B996-0011-R8b-SM-79OOS.1,BRAIN,64.5,6.7,890.0,0.8200951950149997,0.04437134874692457
GTEX-1B996-0226-SM-7RHGO.1,SKIN,64.5,7.9,1032.0,-0.9673692302482249,-0.10655657030101313
GTEX-1B996-0326-SM-7DHMU.1,MUSCLE,64.5,8.2,1034.0,0.3732288985609792,0.06779417722938753
GTEX-1B996-0426-SM-7EWF8.1,SKIN,64.5,6.3,1035.0,-1.1291688606488737,-0.07489547976342
GTEX-1B996-1026-SM-793CF.1,HEART,64.5,7.6,1056.0,0.8670649899450347,-0.010710266420619676
GTEX-1B996-1126-SM-73KWN.1,HEART,64.5,7.6,1062.0,0.6815061006065732,0.05292524018788683
GTEX-1B996-1426-SM-7EPIA.1,LIVER,64.5,6.8,1067.0,0.2199681675521438,-0.04952920001743998
GTEX-1B996-2926-SM-7MXUH.1,BRAIN,64.5,6.9,1137.0,1.8175390209775533,-0.17786839091222967
GTEX-1BAJH-0008-SM-EXOI3.1,SKIN,74.5,7.6,1242.0,2.4257493860430097,0.20160998377612974
GTEX-1BAJH-0011-R10a-SM-7MXT9.1,BRAIN,74.5,6.0,1100.0,-1.2829936301180616,-0.07521617153724473
GTEX-1BAJH-0011-R11b-SM-7IGLM.1,BRAIN,74.5,6.0,1100.0,-0.0438590716711962,-0.12354437502529533
GTEX-1BAJH-0011-R1a-SM-7P8SV.1,BRAIN,74.5,5.9,1100.0,-1.5015152611156637,0.10378316768495899
GTEX-1BAJH-0011-R3a-SM-7IGNU.1,BRAIN,74.5,6.1,1100.0,-1.0438107669990278,-0.026125090163507367
GTEX-1BAJH-0011-R6b-SM-7MXT2.1,BRAIN,74.5,6.1,1100.0,-1.025726941107699,0.05565446302120125
GTEX-1BAJH-0011-R8a-SM-7MXUB.1,BRAIN,74.5,6.0,1100.0,-1.5374524495083444,0.05117476169708871
GTEX-1BAJH-0011-R9b-SM-7EPIQ.1,BRAIN,74.5,6.8,1100.0,-0.2094289967186477,0.07902680846910062
GTEX-1BAJH-0126-SM-7DHMF.1,MUSCLE,74.5,8.4,1232.0,0.1597382401669148,-0.1038088390671135
GTEX-1BAJH-0526-SM-793CQ.1,SKIN,74.5,7.8,1242.0,-0.223974348678845,-0.17452958920235878
GTEX-1BAJH-1026-SM-7EWEG.1,HEART,74.5,6.3,1293.0,0.5865896861474875,0.05069094016153781
GTEX-1BAJH-1526-SM-7RHGI.1,LIVER,74.5,6.9,1311.0,1.287677578595504,-0.032893342106631855
GTEX-1BAJH-1626-SM-73KUV.1,HEART,74.5,6.8,1312.0,-0.7840321114069884,-0.095986081269269
GTEX-1BAJH-2426-SM-7IGP8.1,SKIN,74.5,6.0,1328.0,0.079204240789076,-0.049978872117103765
GTEX-1BAJH-3126-SM-7MGXY.1,BRAIN,74.5,5.7,1368.0,-0.7062935912212924,-0.16850672171119896
GTEX-1C2JI-0008-SM-EXOHZ.1,SKIN,54.5,9.7,482.0,2.2415309176400915,0.24870252243267482
GTEX-1C2JI-0526-SM-7EWEQ.1,HEART,54.5,6.4,427.0,-0.3076023491624754,-0.0022803136385508216
GTEX-1C2JI-0626-SM-7DHM1.1,HEART,54.5,8.1,430.0,-0.3828795347228937,-0.009263543939489272
GTEX-1C2JI-1026-SM-73KY1.1,SKIN,54.5,7.3,445.0,-1.6766386336822752,0.03474817855695902
GTEX-1C2JI-1826-SM-73KXC.1,SKIN,54.5,7.7,481.0,-1.086644589720278,-0.23212247105426145
GTEX-1C2JI-2126-SM-793CG.1,MUSCLE,54.5,7.9,565.0,-1.121170957950695,0.013344583503442739
GTEX-1C475-0008-SM-EXOI1.1,SKIN,44.5,9.6,211.0,2.3760001692229453,0.18206333588865425
GTEX-1C475-1326-SM-7SB73.1,SKIN,44.5,6.2,110.0,-2.4342355567628653,0.09051373139285462
GTEX-1C475-1726-SM-73KVX.1,MUSCLE,44.5,8.6,208.0,-1.3746064198452943,0.12625847060850193
GTEX-1C475-1826-SM-73KWA.1,SKIN,44.5,9.1,214.0,0.3992543751130933,-0.1548928209053449
GTEX-1C4CL-0008-SM-EXOI2.1,SKIN,34.5,9.9,348.0,2.094277951750509,0.345521503441358
GTEX-1C4CL-0326-SM-7DHMH.1,MUSCLE,34.5,8.0,344.0,-0.5844628661499195,-0.1966494953611446
GTEX-1C4CL-0526-SM-73KVK.1,SKIN,34.5,7.9,348.0,-1.2862689297461427,-0.2570443907103687
GTEX-1C64N-0008-SM-EXUR6.1,SKIN,54.5,7.8,748.0,2.7792991053118725,0.2040901899620318
GTEX-1C64N-0011-R11b-SM-7P8Q6.1,BRAIN,54.5,6.3,470.0,0.0597329101859752,-0.1066922775779365
GTEX-1C64N-0011-R1b-SM-7P8Q7.1,BRAIN,54.5,5.6,470.0,-1.8470018843687983,0.07669658639700068
GTEX-1C64N-0011-R6a-SM-7IGO9.1,BRAIN,54.5,5.7,470.0,-3.2720480442517976,0.14214590580883207
GTEX-1C64N-0011-R7a-SM-7IGOI.1,BRAIN,54.5,5.9,470.0,-3.5271322330105304,0.17380338953162755
GTEX-1C64N-0011-R8b-SM-7MGXE.1,BRAIN,54.5,5.7,470.0,-3.1347131722625354,0.09013184834060646
GTEX-1C64N-0126-SM-793D7.1,SKIN,54.5,7.7,861.0,0.3101631767123701,-0.07062178803696079
GTEX-1C64N-0326-SM-7P8QC.1,MUSCLE,54.5,8.0,863.0,-1.79277046786714,-0.09113168587895822
GTEX-1C64N-0826-SM-7RHGQ.1,HEART,54.5,6.8,882.0,0.6261957175945677,0.07642801345882158
GTEX-1C64N-2626-SM-7PC2N.1,SKIN,54.5,7.9,946.0,-1.5090590708447909,0.047040614565717176
GTEX-1C64N-3026-SM-7MGVU.1,BRAIN,54.5,5.7,1029.0,-1.954463013543392,0.019223374254662147
GTEX-1C64N-3126-SM-79OO3.1,BRAIN,54.5,6.5,1031.0,0.971270004484589,-0.18579532483602063
GTEX-1C64O-0008-SM-EXUR5.1,SKIN,64.5,7.9,436.0,2.277747382859808,0.34304340506926084
GTEX-1C64O-0126-SM-7SB8P.1,SKIN,64.5,6.7,437.0,-1.1844080573962583,-0.12350967099960665
GTEX-1C64O-0326-SM-73KVW.1,MUSCLE,64.5,8.5,447.0,0.3236121208643008,-0.01849082118502854
GTEX-1C64O-0826-SM-79OKZ.1,HEART,64.5,7.1,506.0,0.4957550993323195,-0.13018262831573077
GTEX-1C64O-0926-SM-79OLN.1,HEART,64.5,7.0,516.0,0.5565634029517933,-0.02640230520950446
GTEX-1C64O-1326-SM-7MGWR.1,SKIN,64.5,5.7,540.0,-1.84388903697522,-0.19531849503548904
GTEX-1C6VQ-0008-SM-EXUR8.1,SKIN,54.5,8.4,897.0,1.6956555739244985,0.27233054474019114
GTEX-1C6VQ-0011-R10b-SM-7P8Q1.1,BRAIN,54.5,5.9,801.0,-1.054743148123874,0.09476097858203682
GTEX-1C6VQ-0011-R1a-SM-7P8Q2.1,BRAIN,54.5,5.8,801.0,-2.317096292673124,0.149370262592321
GTEX-1C6VQ-0011-R9a-SM-7SB85.1,BRAIN,54.5,6.6,801.0,0.6047808873869724,0.1134327665428998
GTEX-1C6VQ-0126-SM-7P8RI.1,SKIN,54.5,7.5,896.0,1.4424213578481502,0.12153058476097861
GTEX-1C6VQ-0326-SM-7DHMS.1,MUSCLE,54.5,8.4,915.0,1.2838273665978726,-0.1311249674653841
GTEX-1C6VQ-0826-SM-7PBZT.1,HEART,54.5,6.5,934.0,-0.3553620177341494,0.06200517013242113
GTEX-1C6VQ-1126-SM-7EWET.1,HEART,54.5,6.3,944.0,-3.23386206263924,-0.016283847230529714
GTEX-1C6VQ-1226-SM-73KYD.1,SKIN,54.5,8.1,945.0,-0.1041602343503142,-0.00044649710977901825
GTEX-1C6VQ-1626-SM-79OO1.1,LIVER,54.5,6.6,951.0,1.3235554907142535,-0.11799756027108793
GTEX-1C6VQ-3026-SM-7IGPU.1,BRAIN,54.5,6.0,976.0,-0.8260988400993092,0.04907741684124434
GTEX-1C6VR-0011-R10b-SM-7P8QA.1,BRAIN,64.5,6.5,916.0,-0.467087648141362,-0.04271327033809257
GTEX-1C6VR-0011-R1a-SM-7MXUE.1,BRAIN,64.5,5.8,916.0,-1.6881284953807512,0.03495522396432576
GTEX-1C6VR-0011-R2a-SM-7RHGZ.1,BRAIN,64.5,5.6,916.0,-1.896784740626039,0.11933584576995901
GTEX-1C6VR-0011-R4b-SM-9QEGZ.1,BRAIN,64.5,5.7,916.0,-0.7326625010733963,0.14948023112438233
GTEX-1C6VR-0011-R5a-SM-9QEH1.1,BRAIN,64.5,6.1,916.0,-2.681054238620136,0.14302115960285058
GTEX-1C6VR-0011-R6a-SM-7MXU8.1,BRAIN,64.5,6.6,916.0,-0.1652804752758244,0.08234862913382837
GTEX-1C6VR-0011-R8b-SM-7MXUF.1,BRAIN,64.5,7.5,916.0,1.003617549098093,0.14110242289450903
GTEX-1C6VR-0126-SM-7RHGB.1,SKIN,64.5,6.4,961.0,-0.0115908282730476,-0.1257460561809455
GTEX-1C6VR-2426-SM-79OLD.1,SKIN,64.5,7.0,1093.0,0.3005976298467827,-0.1411131641583794
GTEX-1C6VR-2526-SM-7DHMT.1,MUSCLE,64.5,8.3,1098.0,0.5174977758093388,-0.020259003580490896
GTEX-1C6VR-3026-SM-7IGLW.1,BRAIN,64.5,6.2,1158.0,0.287128747189136,-0.1294293531887098
GTEX-1C6VS-0008-SM-EXOI4.1,SKIN,64.5,7.5,745.0,2.3607412453362397,0.2912428744796764
GTEX-1C6VS-0011-R5a-SM-7MXU9.1,BRAIN,64.5,5.9,599.0,-3.0303681875185,0.1518479788287768
GTEX-1C6VS-0011-R9b-SM-9WG5W.1,BRAIN,64.5,6.2,599.0,-1.9527178194887984,0.04638541572918714
GTEX-1C6VS-0126-SM-7PC2H.1,MUSCLE,64.5,7.5,737.0,1.478237041737782,0.14039818184214384
GTEX-1C6VS-0526-SM-7DUEN.1,SKIN,64.5,7.5,746.0,0.5440248428111113,-0.059598887830740625
GTEX-1C6VS-3026-SM-79OLA.1,BRAIN,64.5,7.0,953.0,-0.3160016089369898,0.023659635430252453
GTEX-1C6WA-0008-SM-EXUR7.1,SKIN,64.5,8.7,1135.0,2.0080224227542534,0.16618458074794992
GTEX-1C6WA-0011-R3a-SM-9OSVP.1,BRAIN,64.5,5.7,1092.0,0.5430164115356628,0.012409841892295978
GTEX-1C6WA-0011-R4a-SM-9QEH2.1,BRAIN,64.5,5.9,1092.0,-0.2155801401749227,0.05079914938933945
GTEX-1C6WA-0011-R5a-SM-9WG5X.1,BRAIN,64.5,6.3,1092.0,-0.512770576878098,0.016126298524165257
GTEX-1C6WA-0011-R6a-SM-7PBYP.1,BRAIN,64.5,6.6,1092.0,0.3667202147992515,0.11250881364138791
GTEX-1C6WA-0011-R7b-SM-7P8S8.1,BRAIN,64.5,5.9,1092.0,-1.0465930895000108,0.03503253352035376
GTEX-1C6WA-0011-R8b-SM-7P8S7.1,BRAIN,64.5,6.7,1092.0,-0.5418802983603875,0.07921440549418234
GTEX-1C6WA-0126-SM-7PC2B.1,SKIN,64.5,8.0,1138.0,-0.9406518754001216,-0.04908361858975614
GTEX-1C6WA-0326-SM-7DUGE.1,MUSCLE,64.5,7.3,1147.0,-0.1481820270527802,-0.07469436955638936
GTEX-1C6WA-0826-SM-7PBXS.1,HEART,64.5,6.1,1209.0,2.3721299320890874,-0.005533525689925184
GTEX-1C6WA-2626-SM-7MKGM.1,SKIN,64.5,7.0,1295.0,-1.1545002167896028,0.006751548058368245
GTEX-1C6WA-3026-SM-7P8RQ.1,BRAIN,64.5,6.1,1390.0,-0.5153968389764423,-0.05258179969204709
GTEX-1C6WA-3326-SM-7MKGN.1,BRAIN,64.5,6.7,1387.0,1.207215589330203,-0.17657556274460925
GTEX-1CAMQ-0008-SM-EXOI5.1,SKIN,44.5,7.7,588.0,2.048449216293624,0.20744075029420128
GTEX-1CAMQ-0011-R8a-SM-ARU85.1,BRAIN,44.5,5.7,498.0,-4.035531297398698,0.06285284703968434
GTEX-1CAMQ-0011-R9a-SM-9WG5Z.1,BRAIN,44.5,6.4,498.0,-1.481950882162074,0.06574601422465211
GTEX-1CAMQ-0226-SM-7IGPK.1,SKIN,44.5,5.8,589.0,-1.6527550503630115,-0.1354858630886629
GTEX-1CAMQ-0326-SM-7MXUI.1,MUSCLE,44.5,6.9,590.0,-0.8593074408299572,0.013623289836290837
GTEX-1CAMQ-0726-SM-7P8SG.1,HEART,44.5,6.9,596.0,1.2746160108428437,0.03997455710732297
GTEX-1CAMQ-1326-SM-7P8RV.1,SKIN,44.5,6.6,613.0,-2.3187188880182474,-0.07141454704281798
GTEX-1CAMQ-1426-SM-7MKFL.1,LIVER,44.5,5.7,616.0,-1.706469741122272,-0.0026144357156927573
GTEX-1CAMR-0008-SM-EXURA.1,SKIN,24.5,8.6,345.0,2.3017414491780364,0.08858771515704368
GTEX-1CAMR-1326-SM-7PC1F.1,SKIN,24.5,6.0,171.0,-3.105176204562782,-0.020111600473465063
GTEX-1CAMR-1726-SM-793CU.1,MUSCLE,24.5,7.9,343.0,-0.4765860956953875,0.0769619227281883
GTEX-1CAMR-1926-SM-7EPI2.1,SKIN,24.5,6.9,345.0,-1.1327874897441188,-0.20367490408096375
GTEX-1CAMS-0008-SM-EXURB.1,SKIN,44.5,8.7,358.0,2.140223257350692,0.20627098922256026
GTEX-1CAMS-0126-SM-79396.1,MUSCLE,44.5,8.8,349.0,1.110407184371582,0.065884908590204
GTEX-1CAMS-0426-SM-7P8T2.1,SKIN,44.5,7.1,360.0,-1.219767221045987,-0.06469984484463742
GTEX-1CAMS-1126-SM-7MXUQ.1,HEART,44.5,7.4,405.0,0.4172164377089475,-0.0216740353734693
GTEX-1CAMS-1326-SM-79OJR.1,HEART,44.5,7.0,411.0,0.6633776031038504,-0.14398229521247852
GTEX-1CAMS-2226-SM-7PBXQ.1,SKIN,44.5,5.6,440.0,-3.8313832691080383,0.03500983516641806
GTEX-1CAV2-0008-SM-EXURC.1,SKIN,44.5,8.7,1247.0,2.161709936260684,0.21131081537819466
GTEX-1CAV2-0011-R11a-SM-ARU8D.1,BRAIN,44.5,6.2,1143.0,-2.436092970062685,-0.023832728611501847
GTEX-1CAV2-0011-R1a-SM-ARZML.1,BRAIN,44.5,5.7,1143.0,-3.642526993740381,0.13073598293188285
GTEX-1CAV2-0011-R5b-SM-9QEH4.1,BRAIN,44.5,5.7,1143.0,-3.740579417066412,0.13037004347317124
GTEX-1CAV2-0011-R9b-SM-9WG5M.1,BRAIN,44.5,5.7,1143.0,-0.5968594481632308,0.03904782920668299
GTEX-1CAV2-0126-SM-7IGN7.1,SKIN,44.5,6.1,1165.0,0.2878265256679741,-0.08458833441917527
GTEX-1CAV2-2226-SM-7P8P2.1,SKIN,44.5,6.6,1248.0,-1.8358839114668688,-0.04201598695245932
GTEX-1CAV2-2426-SM-7P8QF.1,MUSCLE,44.5,7.7,1251.0,0.2730778488102838,-0.03761621138208498
GTEX-1CAV2-2726-SM-7IGNN.1,BRAIN,44.5,6.2,1283.0,-2.621767560997069,0.041070129344651755
GTEX-1CB4E-0008-SM-EXURD.1,SKIN,64.5,10.0,566.0,2.065167522341936,0.25710678248880403
GTEX-1CB4E-0526-SM-7MXTK.1,HEART,64.5,8.2,331.0,0.4453601116108128,-0.058050298045423894
GTEX-1CB4E-0626-SM-7DHMW.1,HEART,64.5,8.4,337.0,0.8995704870838246,-0.0031089947725509446
GTEX-1CB4E-0926-SM-7EPHT.1,SKIN,64.5,6.8,360.0,-1.5822480936868757,-0.11011433370669199
GTEX-1CB4E-2126-SM-793AP.1,MUSCLE,64.5,8.6,602.0,0.7318596504292467,0.042801645553589666
GTEX-1CB4E-2226-SM-793DC.1,SKIN,64.5,7.7,615.0,-1.5392004587776018,-0.10610623494156605
GTEX-1CB4F-0008-SM-EXURE.1,SKIN,64.5,6.7,474.0,2.5127374968196112,0.264952545986624
GTEX-1CB4F-0326-SM-9MQKD.1,MUSCLE,64.5,8.1,472.0,-0.962035352750787,-0.0512267021157203
GTEX-1CB4F-0426-SM-9KNV4.1,SKIN,64.5,7.4,476.0,-2.1986547032450128,-0.15472916986689172
GTEX-1CB4F-1026-SM-7DUH1.1,SKIN,64.5,7.4,489.0,-1.308735066310243,-0.024693346301864053
GTEX-1CB4F-1726-SM-7MGXH.1,LIVER,64.5,6.6,510.0,2.3115920568539576,-0.05241059510167156
GTEX-1CB4G-0008-SM-EXURF.1,SKIN,64.5,6.8,470.0,1.941747346050457,0.10171506546294785
GTEX-1CB4G-0011-R10a-SM-9QEHS.1,BRAIN,64.5,7.3,365.0,1.122459478257107,-0.05940363722006683
GTEX-1CB4G-0011-R11a-SM-9OSWG.1,BRAIN,64.5,6.9,365.0,2.5763830762632125,-0.19195211982665625
GTEX-1CB4G-0011-R1b-SM-9QEHT.1,BRAIN,64.5,6.5,365.0,-0.232949551462457,-0.06078879008169625
GTEX-1CB4G-0011-R2a-SM-9QEGQ.1,BRAIN,64.5,6.4,365.0,-0.0479369064024313,0.03130736311006631
GTEX-1CB4G-0011-R3a-SM-CE6QQ.1,BRAIN,64.5,6.1,365.0,-0.812267756252971,-0.023345090209428487
GTEX-1CB4G-0011-R4b-SM-CJI28.1,BRAIN,64.5,6.6,365.0,-1.500780809281458,0.041941075505621817
GTEX-1CB4G-0011-R5a-SM-CKZNM.1,BRAIN,64.5,7.7,365.0,-0.4023254196626976,0.11824291069561699
GTEX-1CB4G-0011-R6b-SM-9QEGO.1,BRAIN,64.5,6.8,365.0,-0.5283798267112464,0.010754541313922871
GTEX-1CB4G-0011-R7b-SM-9QEGP.1,BRAIN,64.5,7.3,365.0,-0.9651486712424648,0.13513887858529736
GTEX-1CB4G-0011-R8b-SM-9WG7H.1,BRAIN,64.5,6.4,365.0,-1.872635406131474,0.00032208211515590945
GTEX-1CB4G-0226-SM-7PC3O.1,SKIN,64.5,7.8,469.0,-0.2532329223360023,-0.004505877379202933
GTEX-1CB4G-0426-SM-7MXUN.1,MUSCLE,64.5,8.6,473.0,-0.6183431993728346,-0.06224915468976191
GTEX-1CB4G-0726-SM-79OOJ.1,HEART,64.5,6.7,491.0,-0.2773785910054396,0.1732456362357782
GTEX-1CB4G-0826-SM-7DUGF.1,HEART,64.5,7.4,493.0,-0.356188456302321,-0.13488355697691537
GTEX-1CB4G-2926-SM-7MKFQ.1,BRAIN,64.5,7.2,540.0,1.6227209578761306,-0.2068527927186889
GTEX-1CB4H-0011-R10b-SM-9QEH3.1,BRAIN,64.5,6.5,939.0,0.9244908845782644,-0.0008636341639991496
GTEX-1CB4H-0011-R3b-SM-9OSVI.1,BRAIN,64.5,6.7,939.0,0.5316931010872744,0.0071040591365071105
GTEX-1CB4H-0011-R5b-SM-9QEGN.1,BRAIN,64.5,7.1,939.0,-0.7201467566944633,0.16357303924521202
GTEX-1CB4H-0011-R6b-SM-CKZNK.1,BRAIN,64.5,6.6,939.0,-2.412849690757119,0.11931466184454491
GTEX-1CB4H-0011-R7b-SM-CJI27.1,BRAIN,64.5,7.1,939.0,-2.141705406494066,0.051441414948131335
GTEX-1CB4H-0011-R8b-SM-CJI26.1,BRAIN,64.5,6.4,939.0,-2.0849856803908398,-0.004725312802333593
GTEX-1CB4H-0011-R9a-SM-CKZNL.1,BRAIN,64.5,6.8,939.0,-1.846311693446672,-0.04190406456764137
GTEX-1CB4H-0226-SM-7PBXM.1,SKIN,64.5,7.7,949.0,0.5786140991992481,-0.08625354373258139
GTEX-1CB4H-0426-SM-7MXTL.1,MUSCLE,64.5,7.3,953.0,-0.6042616772248941,-0.04389277609346915
GTEX-1CB4H-0626-SM-7IGN3.1,HEART,64.5,6.1,959.0,-0.5049625698372949,-0.03584526708465209
GTEX-1CB4H-1126-SM-7MKGL.1,SKIN,64.5,6.8,970.0,0.204885645941686,0.03890790071392581
GTEX-1CB4H-3026-SM-79OLX.1,BRAIN,64.5,7.0,1016.0,0.7304867947973855,-0.1542538084075874
GTEX-1CB4H-3126-SM-7IGN4.1,BRAIN,64.5,6.2,1018.0,-0.1491118437271068,-0.00924501712121138
GTEX-1CB4I-0008-SM-EXURG.1,SKIN,54.5,7.1,514.0,2.6787805072286224,0.19182454392670045
GTEX-1CB4I-0126-SM-7RHGG.1,SKIN,54.5,6.0,472.0,-1.1963533114233218,-0.25271318404595206
GTEX-1CB4I-0226-SM-79OLH.1,SKIN,54.5,7.1,518.0,-1.46819210594189,-0.226682530531541
GTEX-1CB4I-0326-SM-7DHMM.1,MUSCLE,54.5,8.1,519.0,-0.1286390483836579,-0.05327949805314733
GTEX-1CB4I-1526-SM-7DHMY.1,HEART,54.5,7.9,567.0,0.7025301484001306,0.27952686621393263
GTEX-1CB4I-1626-SM-7RHGV.1,HEART,54.5,6.8,567.0,1.0490357768376828,-0.07768130855231717
GTEX-1CB4J-0008-SM-EXURH.1,SKIN,64.5,7.4,943.0,2.412483920483941,0.01407572580430304
GTEX-1CB4J-0011-R10a-SM-9WG63.1,BRAIN,64.5,6.9,865.0,2.638670599978901,0.17138853934701753
GTEX-1CB4J-0011-R1a-SM-9WG64.1,BRAIN,64.5,6.1,865.0,1.895349331276316,0.11205875590906879
GTEX-1CB4J-0011-R2a-SM-9WG5N.1,BRAIN,64.5,6.9,865.0,0.3412750652259235,0.07014558656470342
GTEX-1CB4J-0011-R3b-SM-9WG5Q.1,BRAIN,64.5,6.4,865.0,1.282744307097614,-0.009855698238863488
GTEX-1CB4J-0011-R4b-SM-9WG5P.1,BRAIN,64.5,6.1,865.0,0.5894180028571057,0.14231811105297257
GTEX-1CB4J-0011-R5a-SM-9WG5Y.1,BRAIN,64.5,7.2,865.0,-0.4601673894362545,0.19049558427488572
GTEX-1CB4J-0011-R6b-SM-9WG7B.1,BRAIN,64.5,6.9,865.0,1.3545519350677024,-0.003984251651867403
GTEX-1CB4J-0011-R7a-SM-9WG5O.1,BRAIN,64.5,6.4,865.0,-3.52267624338076,0.132585635806431
GTEX-1CB4J-0011-R8a-SM-9QEHU.1,BRAIN,64.5,6.4,865.0,-0.6258701605399021,0.30169377416687815
GTEX-1CB4J-0226-SM-7P8T4.1,HEART,64.5,6.4,926.0,0.4330692947715185,0.150559318962609
GTEX-1CB4J-0326-SM-7PBZO.1,HEART,64.5,7.6,928.0,0.6238225432163897,0.09167188942752554
GTEX-1CB4J-0626-SM-7DHMP.1,SKIN,64.5,8.0,944.0,-0.2141929685618545,-0.21872560700386123
GTEX-1CB4J-0726-SM-7IGN8.1,LIVER,64.5,6.2,940.0,0.2350772680592769,-0.03253780572288029
GTEX-1CB4J-1226-SM-7P8P3.1,MUSCLE,64.5,8.5,946.0,-0.733659685490186,0.021108518477729724
GTEX-1CB4J-1326-SM-7P8RX.1,SKIN,64.5,7.7,946.0,-0.6667350889927883,0.01113136122104289
GTEX-1CB4J-2926-SM-7PBZ2.1,BRAIN,64.5,6.1,1003.0,2.63644277353861,0.21108707710964764
GTEX-1E1VI-0011-R10b-SM-ARU8F.1,BRAIN,54.5,7.3,851.0,0.528297130871673,-0.03460401449069037
GTEX-1E1VI-0011-R11a-SM-9OSWI.1,BRAIN,54.5,7.7,851.0,0.3379603042657993,-0.133938913668277
GTEX-1E1VI-0011-R1a-SM-ARZMM.1,BRAIN,54.5,6.1,851.0,-2.8731750154556788,0.09188429786627958
GTEX-1E1VI-0011-R2a-SM-9QEGS.1,BRAIN,54.5,6.1,851.0,-1.0277237204707856,0.02453655239221958
GTEX-1E1VI-0011-R3a-SM-9OSWH.1,BRAIN,54.5,6.8,851.0,-1.4028346483524226,0.05702005474502716
GTEX-1E1VI-0011-R4b-SM-9QEHV.1,BRAIN,54.5,6.5,851.0,-1.812000477047067,0.1143437229246683
GTEX-1E1VI-0011-R5b-SM-9WG5V.1,BRAIN,54.5,5.8,851.0,-3.2772973216464867,0.1480251334251458
GTEX-1E1VI-0011-R6a-SM-9OSVJ.1,BRAIN,54.5,6.4,851.0,-1.5519778544809033,0.13601802953010889
GTEX-1E1VI-0011-R7b-SM-9QEGR.1,BRAIN,54.5,6.2,851.0,-3.0602296899236445,0.13225345033011238
GTEX-1E1VI-0011-R8b-SM-ARU8E.1,BRAIN,54.5,7.0,851.0,-0.1598206505780255,0.2145782076626632
GTEX-1E1VI-0126-SM-7DHMZ.1,SKIN,54.5,8.1,969.0,-0.2034333425487308,-0.14750767242769833
GTEX-1E1VI-0326-SM-793D1.1,SKIN,54.5,7.6,980.0,0.7425954535546686,-0.28285280621785297
GTEX-1E1VI-0426-SM-7DHN1.1,MUSCLE,54.5,8.3,986.0,-0.7179443528603472,0.00036131769551249726
GTEX-1E1VI-1326-SM-7IGQD.1,HEART,54.5,5.8,1059.0,-0.331935981096864,0.045503468929819484
GTEX-1E1VI-1426-SM-793CY.1,HEART,54.5,7.8,1061.0,2.426512671221602,0.21389782623843978
GTEX-1E1VI-2926-SM-7IGLT.1,BRAIN,54.5,6.2,1086.0,-1.4259590596473155,-0.044489538560331755
GTEX-1E1VI-3026-SM-7RHHU.1,BRAIN,54.5,6.8,1089.0,-0.4641006913047794,-0.008319804195312539
GTEX-1E2YA-0008-SM-EXURI.1,SKIN,54.5,7.8,561.0,1.9612913899980533,0.057692973380780575
GTEX-1E2YA-0011-R1b-SM-CJI29.1,BRAIN,54.5,6.9,485.0,-2.023530276366121,0.021987887405961092
GTEX-1E2YA-0011-R5a-SM-9QEGT.1,BRAIN,54.5,6.4,485.0,-2.580167837279592,0.14073035969417544
GTEX-1E2YA-0011-R6b-SM-CE6R2.1,BRAIN,54.5,6.1,485.0,-4.416620503310028,0.10000961357352521
GTEX-1E2YA-0011-R7a-SM-CJI1Z.1,BRAIN,54.5,6.1,485.0,-3.767049817049384,0.0872501516470409
GTEX-1E2YA-0011-R8a-SM-CKZNG.1,BRAIN,54.5,7.0,485.0,-1.7575012061796709,0.14739052311397238
GTEX-1E2YA-0126-SM-9KNUC.1,SKIN,54.5,7.0,560.0,-0.4384652016867131,-0.05902250277298537
GTEX-1E2YA-0526-SM-7P8RY.1,MUSCLE,54.5,8.3,567.0,-0.2936226175073255,0.13897806350776404
GTEX-1E2YA-0626-SM-7P8P4.1,HEART,54.5,6.7,580.0,1.282518587575865,0.032182187754601604
GTEX-1E2YA-1226-SM-7MGY3.1,LIVER,54.5,6.5,597.0,-0.0560526370799417,-0.07764436029393948
GTEX-1E2YA-2126-SM-7MXUO.1,SKIN,54.5,6.6,614.0,1.0916511987474873,-0.12525867175114566
GTEX-1E2YA-2926-SM-7MGWX.1,BRAIN,54.5,5.7,632.0,-1.900339294268478,-0.15733504645363305
GTEX-1E2YA-3026-SM-7IGO7.1,BRAIN,54.5,5.9,634.0,-1.82217588380083,-0.05484134454344988
GTEX-1EH9U-0011-R10a-SM-CJI2A.1,BRAIN,64.5,7.5,677.0,-0.501904219778825,-0.0109243966534917
GTEX-1EH9U-0011-R11b-SM-CE6R1.1,BRAIN,64.5,5.9,677.0,-3.4102773103064674,0.036056008946347175
GTEX-1EH9U-0011-R1b-SM-CJI2B.1,BRAIN,64.5,6.7,677.0,-2.238309340242408,0.05079580253383929
GTEX-1EH9U-0011-R3b-SM-CL534.1,BRAIN,64.5,6.2,677.0,-2.2132328262673857,0.07339152617275374
GTEX-1EH9U-0011-R5a-SM-CJI2K.1,BRAIN,64.5,6.0,677.0,-3.3292783014118044,0.13995992114020578
GTEX-1EH9U-0011-R6a-SM-CJI2C.1,BRAIN,64.5,6.4,677.0,-2.644718610113034,0.1767759942095164
GTEX-1EH9U-0011-R7a-SM-9QEGU.1,BRAIN,64.5,6.0,677.0,-2.950051037156728,0.1539359386179203
GTEX-1EH9U-0011-R9b-SM-9WG5T.1,BRAIN,64.5,6.9,677.0,0.096227100116138,0.03643558869150912
GTEX-1EH9U-0126-SM-7SB87.1,SKIN,64.5,7.2,754.0,-0.1730543789179973,-0.19705540105114192
GTEX-1EH9U-0326-SM-7P8S2.1,MUSCLE,64.5,8.2,759.0,0.581461889651285,-0.016449994052100528
GTEX-1EH9U-0626-SM-7PC33.1,HEART,64.5,6.6,778.0,-0.581514471616019,-0.06139701399803067
GTEX-1EH9U-0826-SM-7IGPT.1,HEART,64.5,6.0,792.0,-2.6691972849046626,0.006679467249055766
GTEX-1EH9U-1126-SM-7IGLU.1,LIVER,64.5,6.0,801.0,0.2585206887670837,0.005175564749438692
GTEX-1EH9U-2826-SM-7DUGT.1,SKIN,64.5,7.5,876.0,-0.0138360895552855,-0.20792909842321852
GTEX-1EH9U-3126-SM-7MXU5.1,BRAIN,64.5,5.7,939.0,-1.6924192804725475,-0.05977003408509233
GTEX-1EKGG-0011-R11a-SM-9QEHZ.1,BRAIN,64.5,6.7,782.0,1.1065942047271755,-0.18370878686296838
GTEX-1EKGG-0011-R1b-SM-9QEI1.1,BRAIN,64.5,6.2,782.0,-0.8183408550407159,0.0783167091504471
GTEX-1EKGG-0011-R2a-SM-CE6R8.1,BRAIN,64.5,6.5,782.0,-0.4554379632773503,-0.03239060623036213
GTEX-1EKGG-0011-R5a-SM-9OSVQ.1,BRAIN,64.5,6.8,782.0,-1.896603165159897,0.10455036432656838
GTEX-1EKGG-0011-R6a-SM-CL538.1,BRAIN,64.5,7.2,782.0,0.4099619296741361,0.08711609863023946
GTEX-1EKGG-0011-R7a-SM-CKZNN.1,BRAIN,64.5,7.5,782.0,-0.995185658114167,0.0947916148319598
GTEX-1EKGG-0011-R9a-SM-CMKFV.1,BRAIN,64.5,6.4,782.0,1.689120115699326,0.11669601165833886
GTEX-1EKGG-0226-SM-9WYTH.1,SKIN,64.5,8.1,848.0,-0.3974943566302623,-0.10843326824198697
GTEX-1EKGG-0526-SM-7P8SZ.1,MUSCLE,64.5,8.2,854.0,0.1198937724202322,-0.04390268384827151
GTEX-1EKGG-0626-SM-7DUGJ.1,SKIN,64.5,7.2,930.0,-0.2399165680453989,-0.043258984040798705
GTEX-1EKGG-1126-SM-7MGXB.1,HEART,64.5,5.6,947.0,-3.0410476013320635,0.09006661726195592
GTEX-1EKGG-1226-SM-7IGNO.1,LIVER,64.5,6.3,948.0,-1.2332383120186858,0.0703368336750342
GTEX-1EKGG-2926-SM-7EPIH.1,BRAIN,64.5,6.9,1028.0,0.0262386470507773,-0.020881217868211413
GTEX-1EKGG-3126-SM-9WPO5.1,BRAIN,64.5,6.5,1033.0,0.6416685995035623,-0.1821930061792322
GTEX-1EMGI-0011-R10a-SM-9OSWY.1,BRAIN,64.5,7.0,365.0,0.9461182562931402,-0.04570940797800086
GTEX-1EMGI-0011-R11b-SM-9OSWX.1,BRAIN,64.5,7.1,365.0,2.7959717785710554,-0.07888624735633122
GTEX-1EMGI-0011-R1b-SM-9OSWZ.1,BRAIN,64.5,7.8,365.0,0.4453056037997847,0.09008031837307835
GTEX-1EMGI-0011-R2b-SM-9OSVS.1,BRAIN,64.5,5.8,365.0,0.4483467427144255,-0.07350252586696535
GTEX-1EMGI-0011-R3b-SM-CE6R9.1,BRAIN,64.5,7.3,365.0,0.7282435447971347,-0.021172813142284905
GTEX-1EMGI-0011-R4b-SM-CJI2D.1,BRAIN,64.5,7.3,365.0,0.596375220252218,0.01969161066697843
GTEX-1EMGI-0011-R5a-SM-CJI2E.1,BRAIN,64.5,8.1,365.0,0.5595886340787404,0.027856082934297116
GTEX-1EMGI-0011-R6a-SM-9OSVR.1,BRAIN,64.5,7.3,365.0,0.2829139085198919,-1.927215885520356e-05
GTEX-1EMGI-0011-R7b-SM-9QEH5.1,BRAIN,64.5,7.5,365.0,-0.2618666690945702,0.049391878237295905
GTEX-1EMGI-0011-R8b-SM-9QEID.1,BRAIN,64.5,7.1,365.0,0.9914386464187764,-0.0039004912821978964
GTEX-1EMGI-0126-SM-9KNUE.1,SKIN,64.5,7.8,499.0,-0.71382678480237,-0.18285751173962533
GTEX-1EMGI-0326-SM-9MQM5.1,MUSCLE,64.5,7.8,501.0,0.1546063291570677,0.025898444238753253
GTEX-1EMGI-1126-SM-9KNUF.1,HEART,64.5,6.5,560.0,-0.8839024214233,0.12809195121215175
GTEX-1EMGI-1226-SM-793DD.1,HEART,64.5,7.5,560.0,1.1070184404644878,-0.01888412944154727
GTEX-1EMGI-2326-SM-7PBYA.1,SKIN,64.5,6.3,586.0,-2.156783075739418,0.046666646709607774
GTEX-1EMGI-3026-SM-7P8P6.1,BRAIN,64.5,7.1,628.0,0.4654143827855059,-0.07196269521325385
GTEX-1EMGI-3126-SM-7MXUR.1,BRAIN,64.5,6.1,629.0,1.965696254896705,-0.09711087338640895
GTEX-1EN7A-0011-R3a-SM-9OSVT.1,BRAIN,44.5,5.6,862.0,-2.5511927387018787,0.023236539792122157
GTEX-1EN7A-0011-R5a-SM-9QEH6.1,BRAIN,44.5,5.9,862.0,-3.467124607730163,0.11728102105715127
GTEX-1EN7A-0011-R6b-SM-9QEHW.1,BRAIN,44.5,6.0,862.0,-3.159876410982545,0.11432821061893053
GTEX-1EN7A-0011-R7b-SM-9QEHX.1,BRAIN,44.5,6.2,862.0,-3.458917546976118,0.11360640551150256
GTEX-1EN7A-0126-SM-7SB81.1,SKIN,44.5,8.3,985.0,1.5563611915672466,-0.2408695040211691
GTEX-1EN7A-0326-SM-7P8T1.1,MUSCLE,44.5,7.2,989.0,-0.2818960379936886,-0.08548439654727871
GTEX-1EN7A-0726-SM-7PBXT.1,HEART,44.5,6.0,1029.0,-3.0124693006322465,0.05009474411725588
GTEX-1EN7A-2026-SM-7MGY4.1,LIVER,44.5,5.7,1053.0,-0.111413669006573,0.023385707052855257
GTEX-1EN7A-2426-SM-793DB.1,SKIN,44.5,7.6,1059.0,0.7231590676184125,-0.09098672743441803
GTEX-1EN7A-3026-SM-7PBYT.1,BRAIN,44.5,5.8,1075.0,-1.6848095950138484,0.0024932711222763397
GTEX-1EU9M-0011-R2b-SM-9QEH7.1,BRAIN,64.5,6.1,685.0,-1.5712191107290172,0.0893342156982243
GTEX-1EU9M-0011-R3a-SM-9QEHY.1,BRAIN,64.5,6.0,685.0,-1.7473293043601914,0.049447009239257926
GTEX-1EU9M-0011-R7b-SM-9OSVU.1,BRAIN,64.5,6.3,685.0,-3.1282931744064406,0.12512222862428152
GTEX-1EU9M-0011-R9a-SM-9WG61.1,BRAIN,64.5,7.0,685.0,-0.4363005989520262,0.13497722902699358
GTEX-1EU9M-0126-SM-7P8P8.1,MUSCLE,64.5,8.1,834.0,0.344925307133559,0.09493217167953452
GTEX-1EU9M-0226-SM-7P8SP.1,SKIN,64.5,7.0,837.0,0.1197343026704725,-0.12210324600588957
GTEX-1EU9M-1426-SM-793AI.1,SKIN,64.5,8.6,883.0,0.2246084350804016,-0.10232403749093565
GTEX-1EU9M-1826-SM-7DUGU.1,HEART,64.5,7.4,888.0,1.3701502273518864,0.02184291028843006
GTEX-1EU9M-1926-SM-7RHH4.1,HEART,64.5,6.9,889.0,0.1728627687568339,0.17466426803033702
GTEX-1EU9M-2926-SM-793DF.1,BRAIN,64.5,7.6,945.0,1.6807157775585693,-0.1714759975348684
GTEX-1EWIQ-0008-SM-EVR3F.1,SKIN,74.5,10.0,618.0,1.5879909270403032,0.13945189343760028
GTEX-1EWIQ-0011-R11a-SM-9OSX6.1,BRAIN,74.5,5.7,575.0,-3.155954306290872,0.033363467050790664
GTEX-1EWIQ-0011-R1a-SM-9OSX7.1,BRAIN,74.5,6.6,575.0,-1.5945134866007151,-0.06814164679933216
GTEX-1EWIQ-0011-R6a-SM-ARU8G.1,BRAIN,74.5,5.9,575.0,-3.4969762718802717,0.07224226504839458
GTEX-1EWIQ-0011-R8a-SM-9OSX8.1,BRAIN,74.5,6.8,575.0,-0.7598201297690748,-0.13039923229019432
GTEX-1EWIQ-0011-R9a-SM-ARL8L.1,BRAIN,74.5,7.5,575.0,0.0558842473014907,0.08039329796226419
GTEX-1EWIQ-0126-SM-7RHH2.1,SKIN,74.5,7.2,617.0,-0.4555272425127057,-0.07840980038139428
GTEX-1EWIQ-0326-SM-7DHMQ.1,SKIN,74.5,7.9,621.0,-0.3699884498556885,0.021978957503913557
GTEX-1EWIQ-0626-SM-7PBYW.1,MUSCLE,74.5,7.0,636.0,0.3364964905541731,-0.07124971084745638
GTEX-1EWIQ-0726-SM-7MKFW.1,LIVER,74.5,6.9,645.0,-1.0261826670645613,-0.019275831416863374
GTEX-1EWIQ-1126-SM-7EPIK.1,HEART,74.5,6.8,657.0,-0.9065548609595824,-0.07276887452939694
GTEX-1EWIQ-1426-SM-7IGOS.1,HEART,74.5,5.7,664.0,-3.4333801708274843,0.0014397374978100408
GTEX-1EWIQ-3026-SM-7IGOJ.1,BRAIN,74.5,5.9,707.0,-1.1621859767759488,-0.14797577548145902
GTEX-1EWIQ-3126-SM-7MXTI.1,BRAIN,74.5,5.6,709.0,-1.186330055048491,-0.037678271362763
GTEX-1EX96-0008-SM-EWRMB.1,SKIN,54.5,10.0,788.0,1.8546731267364236,0.10536637405345205
GTEX-1EX96-0011-R10b-SM-CE6QR.1,BRAIN,54.5,6.1,704.0,2.447518048909383,0.0191950354670787
GTEX-1EX96-0011-R1a-SM-CE6R5.1,BRAIN,54.5,6.0,704.0,-0.7990087518416222,0.002930174183805377
GTEX-1EX96-0011-R3b-SM-ARZMH.1,BRAIN,54.5,5.7,704.0,0.3250062136315736,0.061812427553297786
GTEX-1EX96-0011-R4a-SM-ARU82.1,BRAIN,54.5,5.8,704.0,-1.8349271118594337,0.03996739649205218
GTEX-1EX96-0011-R5a-SM-ARU83.1,BRAIN,54.5,7.3,704.0,-0.0768533420428889,0.14246790414563618
GTEX-1EX96-0011-R6a-SM-9OSVV.1,BRAIN,54.5,7.0,704.0,-0.3413290252619481,0.04223702215927067
GTEX-1EX96-0011-R7a-SM-9OSVW.1,BRAIN,54.5,6.5,704.0,-1.118395236832073,0.08850515394300332
GTEX-1EX96-1026-SM-7MKG2.1,SKIN,54.5,7.8,779.0,-0.9422912872947912,0.09677162334601401
GTEX-1EX96-1526-SM-7PBXK.1,MUSCLE,54.5,8.3,786.0,0.0769972378409729,0.0719627770486455
GTEX-1EX96-1626-SM-7PBXR.1,SKIN,54.5,7.4,789.0,-1.1048089227032638,0.09397620308560865
GTEX-1EX96-2526-SM-7RHGW.1,HEART,54.5,5.6,817.0,-3.981043517590556,0.11508633880931927
GTEX-1EX96-2626-SM-9MQJV.1,HEART,54.5,6.1,819.0,-0.5971869121725897,0.01765678455585334
GTEX-1EX96-3026-SM-7RHH5.1,BRAIN,54.5,6.3,850.0,0.099112627454239,0.04693098925078971
GTEX-1EX96-3126-SM-9JGGC.1,BRAIN,54.5,6.7,852.0,0.84794719682692,-0.2065024887366603
GTEX-1F48J-0008-SM-EWRMD.1,SKIN,54.5,10.0,892.0,2.7168379683652795,0.1454030090215419
GTEX-1F48J-0011-R10a-SM-9QEIB.1,BRAIN,54.5,7.9,805.0,1.7067386967561933,-0.01217854954256736
GTEX-1F48J-0011-R11b-SM-9OSWV.1,BRAIN,54.5,7.6,805.0,1.358366521031269,-0.17601052538124473
GTEX-1F48J-0011-R1a-SM-9QEIC.1,BRAIN,54.5,7.7,805.0,1.4000119252109626,-0.044816909436305535
GTEX-1F48J-0011-R2a-SM-CL535.1,BRAIN,54.5,6.6,805.0,-0.9652052960038446,0.004339108095405725
GTEX-1F48J-0011-R3b-SM-9OSVY.1,BRAIN,54.5,6.1,805.0,0.397970283768,0.03821839769763587
GTEX-1F48J-0011-R4b-SM-9OSVX.1,BRAIN,54.5,6.7,805.0,0.3706685253320387,0.03507431511473176
GTEX-1F48J-0011-R5b-SM-9OSVZ.1,BRAIN,54.5,6.7,805.0,-0.8069284363084113,0.07068156668794717
GTEX-1F48J-0011-R6a-SM-CJI2F.1,BRAIN,54.5,7.5,805.0,-0.3435072303117555,0.05151319369189599
GTEX-1F48J-0011-R7a-SM-CJI2G.1,BRAIN,54.5,7.2,805.0,-1.7266737384588646,0.05676077480794411
GTEX-1F48J-0011-R8a-SM-9OSWW.1,BRAIN,54.5,7.1,805.0,0.4133025467453539,0.021526949441116206
GTEX-1F48J-0126-SM-7P8TT.1,SKIN,54.5,8.3,891.0,-0.3167285860131165,-0.020511261237909563
GTEX-1F48J-0526-SM-9WYSX.1,MUSCLE,54.5,8.4,903.0,0.3496632408921497,0.004849810697077254
GTEX-1F48J-0726-SM-7RHGS.1,SKIN,54.5,8.5,921.0,0.8736731311541323,0.014336410931517456
GTEX-1F48J-1026-SM-7P8SO.1,HEART,54.5,5.8,930.0,-1.33556447933034,0.0964480515895554
GTEX-1F48J-1126-SM-9WYSY.1,HEART,54.5,6.5,933.0,-0.2080038892098727,0.11767385137564329
GTEX-1F48J-2726-SM-7P8PW.1,BRAIN,54.5,6.8,980.0,1.4033991522584182,-0.17483315442562516
GTEX-1F48J-2826-SM-7P8R4.1,BRAIN,54.5,6.9,982.0,0.9496516336275174,-0.06938766874191254
GTEX-1F52S-0008-SM-EWRME.1,SKIN,64.5,10.0,987.0,2.0415099614290044,0.258072240627588
GTEX-1F52S-0011-R11a-SM-CJI23.1,BRAIN,64.5,7.1,872.0,1.469429541386605,-0.25267079111548535
GTEX-1F52S-0011-R1a-SM-9OSX9.1,BRAIN,64.5,6.3,872.0,-1.543118584666604,0.11357295334096555
GTEX-1F52S-0011-R3a-SM-CKZNI.1,BRAIN,64.5,6.0,872.0,-0.46499109533371,0.016250419985251764
GTEX-1F52S-0011-R5a-SM-CJI22.1,BRAIN,64.5,6.8,872.0,-1.5831155659762346,0.04313314086861771
GTEX-1F52S-0011-R7b-SM-9QEH8.1,BRAIN,64.5,6.0,872.0,-2.638369231944571,0.09802750288763028
GTEX-1F52S-0011-R8a-SM-9OSXA.1,BRAIN,64.5,6.8,872.0,-0.7209135415095778,0.06529036989119662
GTEX-1F52S-0011-R9a-SM-9WG62.1,BRAIN,64.5,6.5,872.0,0.3504231522550171,0.050151447611910586
GTEX-1F52S-0126-SM-9MQJU.1,SKIN,64.5,7.7,987.0,-1.085210948909887,-0.15011559016979906
GTEX-1F52S-0826-SM-7P8TQ.1,MUSCLE,64.5,8.6,1006.0,0.658536263880265,-0.010623280673943447
GTEX-1F52S-2926-SM-7MKGA.1,SKIN,64.5,7.4,1038.0,-1.199136433475677,-0.15403532635454317
GTEX-1F52S-3026-SM-7P8PV.1,BRAIN,64.5,6.7,1041.0,0.2178832478787412,-0.1574878622939151
GTEX-1F52S-3126-SM-7PC3M.1,BRAIN,64.5,6.0,1043.0,-1.373720526884827,0.0013835722707555417
GTEX-1F5PK-0326-SM-9KNUD.1,HEART,54.5,7.9,134.0,0.4357898274332314,-0.09553813218972983
GTEX-1F5PK-2226-SM-7SB6N.1,SKIN,54.5,6.3,231.0,-0.3125503650542058,-0.022489092020240527
GTEX-1F5PK-2426-SM-7RHHY.1,SKIN,54.5,7.3,237.0,-0.0653089107728703,-0.13279620630033345
GTEX-1F5PK-2626-SM-7RHH6.1,MUSCLE,54.5,8.1,247.0,2.5463315712130976,0.02483621660713471
GTEX-1F5PL-0008-SM-EWRMC.1,SKIN,44.5,10.0,410.0,2.0332136566417938,0.318879205949492
GTEX-1F5PL-0326-SM-7P8PQ.1,SKIN,44.5,7.5,412.0,-1.1861631334799592,-0.09844526702695326
GTEX-1F5PL-0426-SM-7P8PR.1,MUSCLE,44.5,9.0,423.0,-0.2591414166182136,0.2196879435783683
GTEX-1F5PL-0926-SM-7PC2W.1,SKIN,44.5,8.7,433.0,0.2226609261308517,-0.041063288313669365
GTEX-1F6I4-0008-SM-EWRMF.1,SKIN,64.5,10.0,748.0,1.7978387798918023,0.2836230250146625
GTEX-1F6I4-0011-R10b-SM-9OSWT.1,BRAIN,64.5,7.3,719.0,1.1250733543554627,0.002397823012436912
GTEX-1F6I4-0011-R11b-SM-9OSWS.1,BRAIN,64.5,7.3,719.0,2.855170881107355,-0.1660755269252552
GTEX-1F6I4-0011-R1a-SM-9OSWU.1,BRAIN,64.5,7.7,719.0,-0.9942732574999956,0.03048726556664336
GTEX-1F6I4-0011-R2a-SM-CL536.1,BRAIN,64.5,6.6,719.0,0.7813503563398172,-0.0023242748456737054
GTEX-1F6I4-0011-R3a-SM-9QEH9.1,BRAIN,64.5,5.7,719.0,-0.6072136940439912,0.017026996378927624
GTEX-1F6I4-0011-R5b-SM-9QEHA.1,BRAIN,64.5,5.7,719.0,-1.6775617922379449,0.0942296082851457
GTEX-1F6I4-0011-R6a-SM-CE6R4.1,BRAIN,64.5,6.6,719.0,-0.7265967933130772,0.08708417123143519
GTEX-1F6I4-0011-R7a-SM-CJI24.1,BRAIN,64.5,5.9,719.0,-2.477739858302724,0.07036673883315595
GTEX-1F6I4-0011-R8a-SM-9QEIA.1,BRAIN,64.5,6.3,719.0,-1.4920435775127667,0.06076362808125435
GTEX-1F6I4-0011-R9a-SM-CMKFU.1,BRAIN,64.5,7.3,719.0,1.1657798683726135,0.11604311140577424
GTEX-1F6I4-0126-SM-9MQL2.1,SKIN,64.5,6.3,750.0,-0.9924854779120852,-0.16312566193576739
GTEX-1F6I4-0326-SM-7P8T8.1,MUSCLE,64.5,8.0,757.0,1.2541678524788986,0.003815368369674331
GTEX-1F6I4-0726-SM-7PC2P.1,HEART,64.5,7.1,831.0,0.312586435061216,-0.003778456368758479
GTEX-1F6I4-0826-SM-7RHGK.1,HEART,64.5,7.3,835.0,0.2278158783050226,-0.039415763390444496
GTEX-1F6I4-2326-SM-7RHGL.1,SKIN,64.5,7.2,910.0,-1.833649708603224,-0.16583824077811354
GTEX-1F6I4-3026-SM-7P8SI.1,BRAIN,64.5,6.0,1025.0,2.5309546092901907,-0.18916545307397323
GTEX-1F6I4-3126-SM-7P8SD.1,BRAIN,64.5,6.1,1024.0,-0.9032140457737232,0.001388772031257397
GTEX-1F6IF-0008-SM-EWRMJ.1,SKIN,64.5,10.0,963.0,2.231070077474862,0.06710747006100314
GTEX-1F6IF-0011-R10a-SM-9QEIN.1,BRAIN,64.5,7.9,833.0,0.915466688206332,-0.013518283468183743
GTEX-1F6IF-0011-R1b-SM-9WG78.1,BRAIN,64.5,6.3,833.0,-0.8214758521549754,0.13149364654648824
GTEX-1F6IF-0011-R2b-SM-9QEHB.1,BRAIN,64.5,5.7,833.0,-0.3077524002379782,0.06860975905093118
GTEX-1F6IF-0011-R4b-SM-CKZNJ.1,BRAIN,64.5,5.8,833.0,-0.6555958284683412,0.0723432861319112
GTEX-1F6IF-0011-R5b-SM-CM2RH.1,BRAIN,64.5,7.5,833.0,0.3314643919737837,0.08355400307435522
GTEX-1F6IF-0011-R6a-SM-9QEIO.1,BRAIN,64.5,7.4,833.0,0.379023894917575,0.020972368082761785
GTEX-1F6IF-0011-R8a-SM-9OSX5.1,BRAIN,64.5,6.5,833.0,-0.4819696136049286,0.1757469546600124
GTEX-1F6IF-0226-SM-7PBZ6.1,MUSCLE,64.5,8.4,946.0,1.2565567874162826,0.053649667431814485
GTEX-1F6IF-0726-SM-7P8TW.1,SKIN,64.5,7.6,963.0,-0.92079341636284,-0.07896952543206542
GTEX-1F6IF-0926-SM-7SB7M.1,SKIN,64.5,6.7,965.0,1.2520803735209602,-0.14345300180820128
GTEX-1F6IF-2526-SM-7P8TV.1,HEART,64.5,6.5,1058.0,-1.5179376932345292,4.7193393496427046e-05
GTEX-1F6IF-3026-SM-7P8QN.1,BRAIN,64.5,7.3,1069.0,0.2801061607164909,-0.09654493381963057
GTEX-1F6RS-0008-SM-EWRMG.1,SKIN,64.5,10.0,1176.0,2.3176380866555304,0.1087310963754799
GTEX-1F6RS-0126-SM-9MQKZ.1,SKIN,64.5,7.3,1175.0,-0.773561058531738,-0.16670098171452222
GTEX-1F6RS-2026-SM-7RHHC.1,SKIN,64.5,7.5,1231.0,1.2722496354918,-0.04152843001596828
GTEX-1F6RS-3026-SM-7MXTQ.1,BRAIN,64.5,6.4,1253.0,1.339265570030307,-0.2184036615647351
GTEX-1F6RS-3126-SM-9MQK7.1,BRAIN,64.5,6.6,1255.0,-0.2351976379011384,-0.0960193201867115
GTEX-1F75A-0008-SM-EAZCQ.1,SKIN,54.5,9.9,1258.0,2.1760982386060843,0.11983002803439362
GTEX-1F75A-0011-R11a-SM-AHZ35.1,BRAIN,54.5,6.8,1250.0,2.2343843134709886,-0.21829273663642337
GTEX-1F75A-0011-R1b-SM-CE6RA.1,BRAIN,54.5,6.1,1250.0,0.5889709336908043,-0.007604897006903606
GTEX-1F75A-0011-R3b-SM-ARL8K.1,BRAIN,54.5,6.5,1250.0,0.6674451143572299,-0.06770443659630505
GTEX-1F75A-0011-R4a-SM-ARL8J.1,BRAIN,54.5,6.1,1250.0,1.0549600162546653,0.07414236531805264
GTEX-1F75A-0011-R5a-SM-ARZMJ.1,BRAIN,54.5,7.0,1250.0,-0.0083816309597476,0.019984391490702254
GTEX-1F75A-0011-R6b-SM-9QEHD.1,BRAIN,54.5,6.2,1250.0,0.9260266871950836,-0.033581640564000766
GTEX-1F75A-0011-R7b-SM-9QEHE.1,BRAIN,54.5,6.1,1250.0,0.2259378525290506,0.036930529623292
GTEX-1F75A-0011-R8a-SM-CL539.1,BRAIN,54.5,6.1,1250.0,-0.8158254863349181,0.022627725788606178
GTEX-1F75A-0126-SM-7RHGM.1,SKIN,54.5,7.0,1257.0,-0.7324212088976545,-0.059631676358025874
GTEX-1F75A-0626-SM-7PBYI.1,MUSCLE,54.5,8.5,1265.0,0.4880949240512797,-0.023970298320175547
GTEX-1F75A-0726-SM-7RHHD.1,SKIN,54.5,7.5,1267.0,-0.7765683583885716,-0.03432270622897165
GTEX-1F75A-1026-SM-7PC3W.1,HEART,54.5,6.8,1275.0,0.8102463217958179,-0.13397186255321833
GTEX-1F75A-1626-SM-9JGGT.1,LIVER,54.5,6.3,1284.0,-3.3796273536897585,0.08156343346756863
GTEX-1F75A-2926-SM-7MXVN.1,BRAIN,54.5,7.0,1304.0,1.6843113447463407,-0.2122331583741685
GTEX-1F75A-3026-SM-9KNU2.1,BRAIN,54.5,7.0,1306.0,0.65563202790155,-0.07520593480376492
GTEX-1F75B-0008-SM-EAZCP.1,SKIN,54.5,9.9,726.0,1.7539938783868418,0.11365583973435509
GTEX-1F75B-0011-R11a-SM-9OSXB.1,BRAIN,54.5,5.7,655.0,-3.334341696644608,0.031698812721827174
GTEX-1F75B-0011-R1b-SM-9QEIP.1,BRAIN,54.5,5.7,655.0,-2.823706109914172,0.032875333821164344
GTEX-1F75B-0011-R2a-SM-ARL8I.1,BRAIN,54.5,6.1,655.0,-2.1755056498358,0.014603047288718715
GTEX-1F75B-0011-R5a-SM-9QEHC.1,BRAIN,54.5,6.2,655.0,0.0516888570911436,0.21583314279199803
GTEX-1F75B-0011-R6a-SM-ARZMI.1,BRAIN,54.5,6.3,655.0,-2.7851211009613968,0.02244562770890661
GTEX-1F75B-0011-R7a-SM-ARU84.1,BRAIN,54.5,5.6,655.0,-2.7940884363888463,-0.006029232690426757
GTEX-1F75B-0126-SM-9KNVL.1,SKIN,54.5,7.2,726.0,-1.0006441124459453,-0.19290791996440185
GTEX-1F75B-0526-SM-7P8T5.1,MUSCLE,54.5,7.8,734.0,1.6005174050512108,0.09964692446334715
GTEX-1F75B-0726-SM-7PC3R.1,SKIN,54.5,6.9,747.0,-0.914834922404736,-0.038005507935398065
GTEX-1F75B-1126-SM-7RHGP.1,HEART,54.5,5.6,757.0,-2.257281772505148,0.12179096917372402
GTEX-1F75B-3026-SM-7PBZ7.1,BRAIN,54.5,6.7,787.0,-1.2673468910551522,0.025887242030355338
GTEX-1F75I-0008-SM-EWRMH.1,SKIN,44.5,10.0,440.0,1.9128975886508357,0.255695022024581
GTEX-1F75I-0326-SM-9YFLU.1,SKIN,44.5,6.4,449.0,-1.473475377989076,-0.28025929474175787
GTEX-1F75I-0526-SM-7RHI3.1,MUSCLE,44.5,7.9,450.0,0.4445114980670761,-0.017137324957606684
GTEX-1F75I-1126-SM-9WYUO.1,HEART,44.5,8.0,510.0,0.515736280013452,-0.1402974615926738
GTEX-1F75I-1326-SM-7PBZX.1,HEART,44.5,7.2,513.0,-0.3887052250938215,0.3144132521781582
GTEX-1F75I-2226-SM-7SB8U.1,SKIN,44.5,8.2,537.0,-1.130858829549803,-0.15313621842632047
GTEX-1F75W-0008-SM-EAZCU.1,SKIN,64.5,10.0,894.0,1.3513913045024908,0.24429260710306525
GTEX-1F75W-0011-R10b-SM-ARU7Z.1,BRAIN,64.5,6.7,724.0,-0.4970999592658979,-0.09261332737219534
GTEX-1F75W-0011-R11b-SM-AHZ34.1,BRAIN,64.5,6.8,724.0,1.066643784901147,-0.18164350749978916
GTEX-1F75W-0011-R1a-SM-ARU81.1,BRAIN,64.5,5.9,724.0,-2.781840461720405,0.08150960750269776
GTEX-1F75W-0011-R5b-SM-9QEGV.1,BRAIN,64.5,7.1,724.0,-0.949018900205401,0.07690909543163793
GTEX-1F75W-0011-R6a-SM-9QEI5.1,BRAIN,64.5,7.1,724.0,-0.6042408292154532,0.06423303542843782
GTEX-1F75W-0011-R7a-SM-9QEI6.1,BRAIN,64.5,6.9,724.0,-1.2870417855608765,0.11149837631454451
GTEX-1F75W-0011-R8a-SM-9QEI4.1,BRAIN,64.5,6.1,724.0,-0.2845192036693842,0.0647475554837876
GTEX-1F75W-0126-SM-9KNVT.1,SKIN,64.5,7.4,896.0,0.278046486393196,-0.18006583982589328
GTEX-1F75W-0326-SM-7PC2Q.1,MUSCLE,64.5,7.6,899.0,1.099968228396434,-0.011616313470046068
GTEX-1F75W-2726-SM-7SB8H.1,SKIN,64.5,6.2,1107.0,-0.0686411014905794,-0.12173383039426161
GTEX-1F75W-3126-SM-7P8SJ.1,BRAIN,64.5,6.1,1187.0,1.323329075953997,-0.09067713540622026
GTEX-1F7RK-0008-SM-EWRMI.1,SKIN,24.5,10.0,1330.0,2.152425113216664,0.17788278285899223
GTEX-1F7RK-0011-R10b-SM-ARU7Y.1,BRAIN,24.5,6.0,1130.0,0.1697050922027742,-0.12762285851225938
GTEX-1F7RK-0011-R11b-SM-9QEI2.1,BRAIN,24.5,7.8,1130.0,3.1411368952999235,-0.21395314259726916
GTEX-1F7RK-0011-R3b-SM-9OSWJ.1,BRAIN,24.5,5.6,1130.0,-0.2218839215750374,0.010163975239589998
GTEX-1F7RK-0011-R4b-SM-9QEI7.1,BRAIN,24.5,6.2,1130.0,0.5426213875643662,-0.004879457037716022
GTEX-1F7RK-0011-R5b-SM-9WG5S.1,BRAIN,24.5,6.8,1130.0,0.5153116418304786,-0.05204915019818556
GTEX-1F7RK-0011-R6b-SM-ARZMG.1,BRAIN,24.5,7.2,1130.0,0.5220871496722792,-0.057884333038540445
GTEX-1F7RK-0126-SM-7PC2S.1,SKIN,24.5,7.3,1329.0,0.0415332721073947,-0.13793253840071165
GTEX-1F7RK-0326-SM-7RHH7.1,MUSCLE,24.5,8.1,1332.0,-0.3522606667454681,-0.07739752666783378
GTEX-1F7RK-1826-SM-7RHI4.1,BRAIN,24.5,6.0,1430.0,-0.1830908281467499,0.025349131203421756
GTEX-1F88E-0008-SM-EAZCR.1,SKIN,64.5,10.0,1106.0,1.3600936520272513,0.3267720701169125
GTEX-1F88E-0011-R6a-SM-CKZNW.1,BRAIN,64.5,6.6,1047.0,-2.3644657053166904,0.12199146721773571
GTEX-1F88E-0011-R8a-SM-CJI2H.1,BRAIN,64.5,7.7,1047.0,-0.544424614515655,0.2024733484474254
GTEX-1F88E-1626-SM-7SB8Z.1,SKIN,64.5,6.5,1123.0,0.3711599635797683,-0.13310702847112174
GTEX-1F88E-1826-SM-9MQLV.1,MUSCLE,64.5,6.7,1126.0,0.9719770183158556,-0.10050721166674155
GTEX-1F88E-2826-SM-7RHHE.1,BRAIN,64.5,5.9,1151.0,-1.560080669974309,0.03882319263327932
GTEX-1F88F-0008-SM-EAZCT.1,SKIN,64.5,10.0,908.0,2.303474847177789,0.1806716964179229
GTEX-1F88F-0011-R7a-SM-9QEI3.1,BRAIN,64.5,6.5,800.0,-4.29094700227259,0.1770241637592078
GTEX-1F88F-0011-R9b-SM-9WG7L.1,BRAIN,64.5,7.1,800.0,0.4283839943874407,0.19565788116096966
GTEX-1F88F-0126-SM-9WYSZ.1,SKIN,64.5,6.6,819.0,-0.5648393290367212,-0.08722380705060771
GTEX-1F88F-0326-SM-9KNV3.1,HEART,64.5,6.1,831.0,0.2373161314665517,-0.006646119748208978
GTEX-1F88F-2526-SM-7PC2R.1,MUSCLE,64.5,6.0,905.0,1.273283074661877,0.04675461500963992
GTEX-1F88F-2726-SM-7PBZZ.1,SKIN,64.5,7.8,909.0,0.0691731927853738,-0.025863076726410875
GTEX-1FIGZ-0008-SM-EAZCS.1,SKIN,44.5,9.9,370.0,1.0709906080297675,0.45735300804275264
GTEX-1FIGZ-1726-SM-9MQKS.1,MUSCLE,44.5,8.2,381.0,-1.067365382479062,-0.049041785357286274
GTEX-1GF9U-0008-SM-EAZCV.1,SKIN,44.5,10.0,736.0,2.087549712211002,0.47930691828168087
GTEX-1GF9U-0426-SM-7RHHA.1,HEART,44.5,7.6,494.0,0.4515202188155707,-0.018296696745174673
GTEX-1GF9U-0526-SM-7P8SK.1,HEART,44.5,6.2,499.0,1.0696152951962954,0.09075266631003691
GTEX-1GF9U-2026-SM-7SB92.1,SKIN,44.5,8.3,579.0,0.1454727810697988,-0.21519392667675397
GTEX-1GF9U-2126-SM-7SB7L.1,SKIN,44.5,6.1,736.0,-0.9798709523564294,-0.0656627635033264
GTEX-1GF9U-2326-SM-7RHH9.1,MUSCLE,44.5,7.2,739.0,-0.3720981013683745,0.030264041880880548
GTEX-1GF9V-0008-SM-EAZCW.1,SKIN,64.5,9.0,658.0,2.367013219060176,0.16117024133834812
GTEX-1GF9V-0011-R10b-SM-CKZNP.1,BRAIN,64.5,7.1,610.0,2.375877843812792,-0.00945296077454263
GTEX-1GF9V-0011-R1a-SM-CKZNQ.1,BRAIN,64.5,5.6,610.0,-2.683427104364089,0.0642393684630872
GTEX-1GF9V-0011-R5a-SM-9QEI8.1,BRAIN,64.5,7.1,610.0,-2.083396135671597,0.09552449827530113
GTEX-1GF9V-0011-R6b-SM-CJI2Q.1,BRAIN,64.5,6.8,610.0,-0.934566950723738,0.0966577773263092
GTEX-1GF9V-0011-R7a-SM-CJI2R.1,BRAIN,64.5,6.8,610.0,-2.0123253623200696,0.10819848775678378
GTEX-1GF9V-0011-R8b-SM-CE6RB.1,BRAIN,64.5,7.7,610.0,0.6402538321424593,0.17112297924536152
GTEX-1GF9V-0011-R9a-SM-CL53K.1,BRAIN,64.5,7.2,610.0,1.7783865015907865,0.28328220999210457
GTEX-1GF9V-0126-SM-9WYT2.1,MUSCLE,64.5,8.7,674.0,1.6486675428969395,0.126188448134012
GTEX-1GF9V-0326-SM-7RHI5.1,SKIN,64.5,8.0,675.0,0.0554324581460071,-0.11869497961056984
GTEX-1GF9V-0826-SM-9KNUV.1,SKIN,64.5,7.4,707.0,-0.6864510475767844,-0.10861126491038778
GTEX-1GF9V-1226-SM-7MKGY.1,LIVER,64.5,6.4,728.0,-1.6277436721714869,0.03956594908737564
GTEX-1GF9V-1626-SM-7PBXL.1,HEART,64.5,6.6,734.0,-0.7958800741375581,0.16249690039739606
GTEX-1GF9V-1726-SM-9KNW4.1,HEART,64.5,6.4,735.0,-0.388040979249424,-0.0006046197341073681
GTEX-1GF9V-2926-SM-7PBXO.1,BRAIN,64.5,6.4,803.0,-0.7190004777278323,0.013012107302474079
GTEX-1GF9V-3026-SM-7P8R8.1,BRAIN,64.5,6.2,804.0,-0.1728310187372746,-0.13589629742518194
GTEX-1GF9W-0008-SM-EAZCY.1,SKIN,64.5,10.0,657.0,2.0350089380308187,0.16570278855475037
GTEX-1GF9W-0011-R10a-SM-9OSXH.1,BRAIN,64.5,7.3,486.0,1.6929048262405508,0.09105196169288979
GTEX-1GF9W-0011-R11b-SM-9OSXG.1,BRAIN,64.5,5.7,486.0,1.1586417272637617,-0.09114595050964922
GTEX-1GF9W-0011-R1a-SM-9QEIQ.1,BRAIN,64.5,6.7,486.0,0.0059108982151412,0.0695704643055971
GTEX-1GF9W-0011-R3b-SM-CJI2S.1,BRAIN,64.5,6.0,486.0,-0.5818592719999398,0.08045721896020681
GTEX-1GF9W-0011-R4a-SM-CE6RH.1,BRAIN,64.5,5.9,486.0,-1.911346468920762,0.061191970782786084
GTEX-1GF9W-0011-R5a-SM-CKZO4.1,BRAIN,64.5,7.5,486.0,-0.3653300379062609,0.18865282373847497
GTEX-1GF9W-0011-R6b-SM-9QEIE.1,BRAIN,64.5,7.2,486.0,-0.5095157234754715,0.127782294986421
GTEX-1GF9W-0011-R7b-SM-9QEIF.1,BRAIN,64.5,6.3,486.0,-2.011996167775909,0.16518752870354533
GTEX-1GF9W-0011-R8b-SM-9QEIR.1,BRAIN,64.5,6.1,486.0,0.203260101398437,0.18407773205648256
GTEX-1GF9W-0011-R9b-SM-9WG7J.1,BRAIN,64.5,5.8,486.0,-3.406525666054867,0.01533921616051836
GTEX-1GF9W-0326-SM-9KNUN.1,SKIN,64.5,5.8,656.0,-1.010598940396546,-0.12145000798867756
GTEX-1GF9W-0526-SM-9MQJP.1,MUSCLE,64.5,7.7,660.0,-0.1535851191941901,0.0840979224057198
GTEX-1GF9W-0826-SM-7MKHI.1,LIVER,64.5,6.1,675.0,0.8851734202053624,0.21314685857882976
GTEX-1GF9W-1426-SM-7PBYM.1,SKIN,64.5,7.6,691.0,-1.0620258455096483,-0.09350659195459092
GTEX-1GF9W-2626-SM-7P8TA.1,BRAIN,64.5,6.2,781.0,0.4930566534412013,0.04201625587180621
GTEX-1GF9W-2726-SM-9JGGW.1,BRAIN,64.5,6.9,783.0,2.4323968774165032,0.27266238342877536
GTEX-1GF9X-0008-SM-EAZCX.1,SKIN,44.5,10.0,485.0,2.0030755079421034,0.21277213217171645
GTEX-1GF9X-0426-SM-7MKHN.1,LIVER,44.5,7.7,380.0,-0.0166489615751901,-0.1063333230455363
GTEX-1GF9X-1326-SM-7PC2Y.1,SKIN,44.5,8.1,434.0,-0.0317954926977702,-0.10319232241386703
GTEX-1GF9X-2026-SM-7PC3A.1,SKIN,44.5,7.0,492.0,-1.5365258269877071,-0.05701328217744016
GTEX-1GF9X-2126-SM-7PBXN.1,MUSCLE,44.5,8.0,494.0,-0.5288451792212048,-0.04340031592262277
GTEX-1GL5R-0008-SM-EAZCZ.1,SKIN,54.5,10.0,195.0,2.254299480569997,0.15773424165511762
GTEX-1GL5R-0326-SM-9WYTJ.1,HEART,54.5,8.7,104.0,-0.6400234702630277,-0.016085277020527297
GTEX-1GL5R-0426-SM-9WPOP.1,HEART,54.5,7.9,107.0,-1.180434526479628,0.029191631980086622
GTEX-1GL5R-1326-SM-7RHHF.1,SKIN,54.5,7.7,147.0,-0.9130288962236954,0.04901861512984423
GTEX-1GL5R-1826-SM-9KNUY.1,SKIN,54.5,7.0,195.0,-0.0112184244828416,-0.1518185818422469
GTEX-1GMR2-0008-SM-EAZD1.1,SKIN,54.5,10.0,297.0,2.3654317798992395,0.3459953654888278
GTEX-1GMR2-0826-SM-7PC3V.1,SKIN,54.5,5.9,168.0,-2.5937163707523485,-0.07545349815773594
GTEX-1GMR2-1326-SM-9KNUT.1,HEART,54.5,8.1,187.0,-0.1111565941068051,0.054447332193627816
GTEX-1GMR2-1426-SM-7RHHK.1,HEART,54.5,7.9,190.0,-0.1108530685377905,-0.008589783207037512
GTEX-1GMR2-2126-SM-7P8TX.1,MUSCLE,54.5,7.5,292.0,-0.7075542535515723,-0.03121382582632457
GTEX-1GMR3-0008-SM-EAZD2.1,SKIN,44.5,10.0,290.0,2.448388687301403,0.30159500904185693
GTEX-1GMR3-0126-SM-A9SLW.1,SKIN,44.5,7.8,245.0,0.6697759141831465,-0.27412367410834193
GTEX-1GMR3-0326-SM-7P8QT.1,HEART,44.5,7.8,253.0,1.3808655244957893,0.12763609043610444
GTEX-1GMR3-0426-SM-7PC17.1,HEART,44.5,7.3,255.0,1.0830245015380688,0.16973020933341781
GTEX-1GMR3-1926-SM-9KNUZ.1,SKIN,44.5,6.4,290.0,0.8762402756636863,-0.09758863299958927
GTEX-1GMR3-2126-SM-9WYTZ.1,MUSCLE,44.5,8.5,294.0,0.0521721948123978,0.12599756783637323
GTEX-1GMR8-0008-SM-EAZD3.1,SKIN,54.5,10.0,725.0,1.7679961865695963,0.30984123844299194
GTEX-1GMR8-0011-R10a-SM-CJI21.1,BRAIN,54.5,6.4,722.0,1.0515937429074014,-0.05662867125235509
GTEX-1GMR8-0011-R11b-SM-9OSX2.1,BRAIN,54.5,6.6,722.0,1.458883498680394,-0.20668158621090865
GTEX-1GMR8-0011-R1b-SM-CJI2O.1,BRAIN,54.5,5.6,722.0,-0.9660214296050909,0.006231528196351369
GTEX-1GMR8-0011-R2a-SM-CE6RD.1,BRAIN,54.5,5.8,722.0,-1.5475022695309746,-0.019354435058510117
GTEX-1GMR8-0011-R3b-SM-9QEIG.1,BRAIN,54.5,6.7,722.0,0.0947207594138914,0.001155971795904844
GTEX-1GMR8-0011-R4a-SM-9OSX1.1,BRAIN,54.5,6.2,722.0,-1.678704411194846,-0.008619021492357172
GTEX-1GMR8-0011-R5b-SM-9QEIH.1,BRAIN,54.5,7.5,722.0,-1.214068588606514,-0.01227538311360855
GTEX-1GMR8-0011-R6b-SM-CE6RC.1,BRAIN,54.5,7.6,722.0,-0.429683200064143,0.006149261555793152
GTEX-1GMR8-0011-R7b-SM-CJI2I.1,BRAIN,54.5,6.7,722.0,-1.981876683635431,-0.017017739048998365
GTEX-1GMR8-0011-R8a-SM-CKZNX.1,BRAIN,54.5,6.5,722.0,0.7722993265567736,0.044760830494909726
GTEX-1GMR8-0126-SM-9WYTM.1,SKIN,54.5,7.9,726.0,-0.4668995348457709,-0.15221837931719706
GTEX-1GMR8-0326-SM-9KNUO.1,MUSCLE,54.5,8.1,728.0,0.901800179511157,-0.0353242906573002
GTEX-1GMR8-0626-SM-7RHI7.1,SKIN,54.5,7.2,732.0,-0.1457020266934186,-0.14184504780821233
GTEX-1GMR8-1026-SM-9MQLA.1,HEART,54.5,7.9,743.0,1.1991496284845558,0.19329326731157676
GTEX-1GMR8-3026-SM-9KNVF.1,BRAIN,54.5,7.2,830.0,0.1410865067688582,-0.06872644354890395
GTEX-1GMRU-0008-SM-EAZD4.1,SKIN,54.5,10.0,552.0,2.390867802164593,0.2197041478065468
GTEX-1GMRU-0011-R10b-SM-CJI2L.1,BRAIN,54.5,6.5,401.0,1.4829421842863286,-0.0904757996948736
GTEX-1GMRU-0011-R11b-SM-C1YQ4.1,BRAIN,54.5,5.9,401.0,0.5406525793895454,-0.17069213343107947
GTEX-1GMRU-0011-R5a-SM-CKZNS.1,BRAIN,54.5,7.6,401.0,-1.769015845721429,0.12246965277069861
GTEX-1GMRU-0011-R6b-SM-A9G3B.1,BRAIN,54.5,6.5,401.0,-1.942689821943549,0.07616388716563949
GTEX-1GMRU-0011-R7b-SM-A96TJ.1,BRAIN,54.5,6.2,401.0,-2.418866965473084,0.11357180211302226
GTEX-1GMRU-0126-SM-9YFLV.1,SKIN,54.5,8.7,552.0,0.0092615899503768,-0.12380813245361769
GTEX-1GMRU-0326-SM-9WYT6.1,MUSCLE,54.5,8.6,575.0,0.7903959797717113,-0.017106517196886557
GTEX-1GMRU-1326-SM-9WYUI.1,HEART,54.5,7.0,629.0,1.810959780339927,0.06425493272570632
GTEX-1GMRU-1526-SM-9WYT5.1,HEART,54.5,7.2,636.0,2.660069728835251,0.1482593726234586
GTEX-1GMRU-2126-SM-7P8RA.1,SKIN,54.5,8.1,649.0,-0.6064958350142275,-0.03339088907549712
GTEX-1GMRU-3026-SM-7P8TC.1,BRAIN,54.5,6.9,672.0,0.812455588503374,-0.021092303019474273
GTEX-1GN1U-0008-SM-EZ6MA.1,SKIN,54.5,9.8,511.0,2.377231388312221,0.19641134795560672
GTEX-1GN1U-0011-R10b-SM-CKZNH.1,BRAIN,54.5,6.4,454.0,3.4122040912525966,0.19588143231394495
GTEX-1GN1U-0011-R1a-SM-CJI25.1,BRAIN,54.5,6.1,454.0,0.0523038361725281,0.09068242840465054
GTEX-1GN1U-0011-R2a-SM-CL53A.1,BRAIN,54.5,5.9,454.0,-1.1172532956871075,0.018724820492382638
GTEX-1GN1U-0011-R3a-SM-A8N9M.1,BRAIN,54.5,6.1,454.0,-0.719239184455321,0.06479635888200935
GTEX-1GN1U-0011-R5a-SM-9QEIS.1,BRAIN,54.5,6.5,454.0,1.5316801674563545,0.2077591564694275
GTEX-1GN1U-0011-R6a-SM-CKZNO.1,BRAIN,54.5,7.0,454.0,1.091143991872343,0.1176916854303206
GTEX-1GN1U-0011-R7a-SM-CE6RE.1,BRAIN,54.5,8.1,454.0,2.9162662243825457,0.1101278279781698
GTEX-1GN1U-0011-R8a-SM-CL537.1,BRAIN,54.5,5.8,454.0,0.5215572368986877,0.002397978118984826
GTEX-1GN1U-0011-R9b-SM-CMKFW.1,BRAIN,54.5,8.1,454.0,3.201071185212021,0.15659432167922394
GTEX-1GN1U-0126-SM-7PBZK.1,SKIN,54.5,8.5,510.0,-0.4401402970487054,-0.07559538762040321
GTEX-1GN1U-0626-SM-9MQL9.1,SKIN,54.5,8.4,561.0,0.0544882567602786,-0.0765637966962637
GTEX-1GN1U-0926-SM-9WPPY.1,LIVER,54.5,6.8,570.0,-0.1807056770609089,0.010458337877023367
GTEX-1GN1U-1426-SM-7P8TF.1,HEART,54.5,7.6,578.0,1.3170948433081189,0.1301248084116094
GTEX-1GN1U-2226-SM-9MQK1.1,MUSCLE,54.5,8.2,591.0,-0.7335084816140718,0.12956053015544955
GTEX-1GN1U-3126-SM-9KNV6.1,BRAIN,54.5,6.9,610.0,1.2668640544423129,0.17830292228664055
GTEX-1GN1V-0008-SM-EAZD5.1,SKIN,64.5,10.0,1117.0,1.8630128372423111,0.35783869500274607
GTEX-1GN1V-0011-R10a-SM-CKZNU.1,BRAIN,64.5,5.6,1092.0,-2.5862149403536017,0.018735938549376406
GTEX-1GN1V-0011-R11b-SM-A8N9N.1,BRAIN,64.5,6.0,1092.0,-1.5768492154353302,0.09036829132527807
GTEX-1GN1V-0011-R8a-SM-CKZNV.1,BRAIN,64.5,5.7,1092.0,-2.4321080669967987,0.14206648060323582
GTEX-1GN1V-0126-SM-9WPOS.1,SKIN,64.5,6.9,1118.0,-1.313796717191657,-0.023476670684438983
GTEX-1GN1V-0326-SM-9WYTO.1,MUSCLE,64.5,8.0,1125.0,1.4728963299930498,0.24889811689049868
GTEX-1GN1V-0826-SM-9KNU6.1,HEART,64.5,5.8,1188.0,-2.0983254073470103,0.21396126744675878
GTEX-1GN1V-1026-SM-CNPPS.1,HEART,64.5,6.2,1198.0,-2.865908102044608,0.3080800694057395
GTEX-1GN1V-2826-SM-9JGIA.1,SKIN,64.5,7.0,1267.0,-0.629540548028743,0.01283446928055755
GTEX-1GN1V-3126-SM-7PBZG.1,BRAIN,64.5,5.9,1330.0,-2.575145519067997,0.061919082307345163
GTEX-1GN1W-0008-SM-EZ6MB.1,SKIN,54.5,9.9,283.0,2.7416304095361763,0.17483518539317983
GTEX-1GN1W-0226-SM-7P8QY.1,HEART,54.5,9.6,233.0,0.586877777475314,-0.01681215584524468
GTEX-1GN1W-0326-SM-9JGHF.1,HEART,54.5,8.9,238.0,0.7842096366823341,-0.17601632090378883
GTEX-1GN1W-0526-SM-9MQJQ.1,SKIN,54.5,7.8,271.0,-0.1544574924120658,-0.16025051037600505
GTEX-1GN1W-0726-SM-9KNTV.1,MUSCLE,54.5,7.8,298.0,-1.177973246109756,0.06823529369874981
GTEX-1GN1W-2426-SM-9KNUU.1,SKIN,54.5,7.9,421.0,-1.1847446629863456,-0.19085243840628272
GTEX-1GN2E-0011-R10a-SM-CE6RI.1,BRAIN,64.5,6.4,860.0,-0.6530135819719238,0.016597623725268316
GTEX-1GN2E-0011-R1b-SM-CE6RJ.1,BRAIN,64.5,6.2,860.0,-2.8240545635370387,0.07402527144252813
GTEX-1GN2E-0011-R2a-SM-9WG7D.1,BRAIN,64.5,5.6,860.0,-3.002854191484538,0.0575889212054646
GTEX-1GN2E-0011-R5b-SM-CJI2M.1,BRAIN,64.5,6.3,860.0,-2.1053015838648355,0.1607553412294822
GTEX-1GN2E-0011-R6b-SM-9QEII.1,BRAIN,64.5,6.7,860.0,-2.0640216385664294,0.08710281224361456
GTEX-1GN2E-0011-R7b-SM-9QEIJ.1,BRAIN,64.5,6.8,860.0,-2.586757432596768,0.11102049081939551
GTEX-1GN2E-0011-R8a-SM-CE6RK.1,BRAIN,64.5,6.5,860.0,-1.481750248512033,-0.029305396025726793
GTEX-1GN2E-0011-R9b-SM-9WG7F.1,BRAIN,64.5,5.9,860.0,-2.201933610050383,0.052444058313670355
GTEX-1GN2E-0226-SM-9WG6K.1,SKIN,64.5,6.8,875.0,0.3047182583122375,-0.08149766201594431
GTEX-1GN2E-0426-SM-9MQKX.1,SKIN,64.5,7.7,886.0,-0.1488803735472521,-0.04324371841602638
GTEX-1GN2E-0726-SM-9MQLU.1,MUSCLE,64.5,7.9,895.0,0.690015946082803,-0.008567983948218137
GTEX-1GN2E-0926-SM-9WPOH.1,LIVER,64.5,6.7,904.0,-0.3968621117978299,0.1447195351973154
GTEX-1GN2E-1326-SM-9KNVG.1,HEART,64.5,5.8,924.0,-3.1691029282760117,-0.010998456782273836
GTEX-1GN2E-1426-SM-7RHHI.1,HEART,64.5,7.1,929.0,3.087127053716618,-0.033481024598122716
GTEX-1GN2E-3026-SM-9WG6I.1,BRAIN,64.5,6.0,1004.0,-1.0482263497984032,0.0013842205050967186
GTEX-1GN73-0008-SM-EAZD6.1,SKIN,64.5,9.9,889.0,1.3256421520634984,0.43352606148566464
GTEX-1GN73-0011-R10b-SM-CKZNR.1,BRAIN,64.5,6.8,710.0,2.0484622549063563,0.01167264164156533
GTEX-1GN73-0011-R11b-SM-9OSX4.1,BRAIN,64.5,8.3,710.0,2.2429619180534064,-0.19287166362261313
GTEX-1GN73-0011-R1a-SM-CKZNT.1,BRAIN,64.5,5.7,710.0,-0.2130490759234969,0.054674819164136954
GTEX-1GN73-0011-R2a-SM-CJI2V.1,BRAIN,64.5,6.3,710.0,0.3904162374119075,-0.14760291675309917
GTEX-1GN73-0011-R3b-SM-9QEIL.1,BRAIN,64.5,7.0,710.0,0.5574419814901618,-0.007638625606347852
GTEX-1GN73-0011-R4b-SM-9QEIK.1,BRAIN,64.5,7.1,710.0,0.4199462012700932,0.027939812222364566
GTEX-1GN73-0011-R5a-SM-9QEIM.1,BRAIN,64.5,8.6,710.0,0.4990305938628269,0.03675721435196522
GTEX-1GN73-0011-R6b-SM-CJI2T.1,BRAIN,64.5,6.6,710.0,1.0310103925069722,0.0009947427310111616
GTEX-1GN73-0011-R7a-SM-CJI2U.1,BRAIN,64.5,7.6,710.0,-0.2155707106936128,0.012053399183557264
GTEX-1GN73-0011-R8b-SM-CKZNY.1,BRAIN,64.5,6.4,710.0,1.4143107278812306,0.12867106757628022
GTEX-1GN73-0011-R9a-SM-CKZO5.1,BRAIN,64.5,7.9,710.0,1.3032476051401187,0.011179615776292192
GTEX-1GN73-0126-SM-CNPPT.1,MUSCLE,64.5,8.7,885.0,-0.4209460799775636,0.08577394993437049
GTEX-1GN73-0226-SM-9WG67.1,SKIN,64.5,7.2,889.0,-0.8551912743295051,-0.10290631340088588
GTEX-1GN73-0726-SM-7P8TJ.1,SKIN,64.5,7.6,897.0,-0.5966837935299867,0.03779835587504075
GTEX-1GN73-1126-SM-9OSW5.1,LIVER,64.5,6.5,907.0,-0.4102668620555619,0.06762958283906863
GTEX-1GN73-2326-SM-9MQKV.1,HEART,64.5,7.8,935.0,0.9281421581635428,0.09746713335513331
GTEX-1GN73-2426-SM-7RHFQ.1,HEART,64.5,7.4,935.0,0.6241086730315185,0.08098654684433755
GTEX-1GN73-3026-SM-7MXV8.1,BRAIN,64.5,7.4,968.0,1.377566893144277,-0.2204854483425081
GTEX-1GN73-3126-SM-9KNTY.1,BRAIN,64.5,6.8,970.0,-0.2181112554987983,-0.01154416274877857
GTEX-1GPI6-0011-R5a-SM-CJI2W.1,BRAIN,64.5,6.6,1187.0,-3.0165435877492306,0.13860393238873284
GTEX-1GPI6-0126-SM-9WG69.1,SKIN,64.5,7.4,1280.0,-1.0313259007210562,-0.1885446071249024
GTEX-1GPI6-0326-SM-9MQM6.1,MUSCLE,64.5,7.4,1299.0,-0.2886557597189886,-0.13874855670177008
GTEX-1GPI6-1926-SM-9KNV7.1,SKIN,64.5,7.4,1394.0,-0.411354746521074,-0.03948102095172205
GTEX-1GPI7-0126-SM-9MQL8.1,SKIN,24.5,7.3,357.0,-0.969604346354884,-0.13138007599008947
GTEX-1GPI7-0426-SM-7RHHP.1,MUSCLE,24.5,8.5,393.0,-2.247777724911463,-0.03148521054919149
GTEX-1GPI7-1826-SM-9KNU1.1,SKIN,24.5,7.1,488.0,-2.679919088045665,-0.047480982000471315
GTEX-1GTWX-0011-R10b-SM-CJI2X.1,BRAIN,64.5,7.8,875.0,0.0739802806267,-0.010515022150127225
GTEX-1GTWX-0011-R11b-SM-C1YQJ.1,BRAIN,64.5,6.9,875.0,0.867527572634586,-0.14791686296175038
GTEX-1GTWX-0011-R1a-SM-CE6RL.1,BRAIN,64.5,6.6,875.0,-1.597416524897691,0.026129675327359547
GTEX-1GTWX-0011-R2b-SM-ADEH5.1,BRAIN,64.5,6.7,875.0,-0.2215542091590958,0.08113338805607172
GTEX-1GTWX-0011-R3b-SM-CJI2Z.1,BRAIN,64.5,6.9,875.0,0.1236962279018762,0.03226122365507297
GTEX-1GTWX-0011-R4a-SM-C1YQI.1,BRAIN,64.5,5.6,875.0,-1.0019356975061615,0.031597261282417195
GTEX-1GTWX-0011-R5b-SM-CKZO6.1,BRAIN,64.5,7.7,875.0,0.2592315096729538,0.10602032049795984
GTEX-1GTWX-0011-R6a-SM-A96RN.1,BRAIN,64.5,7.5,875.0,0.1389903329229453,0.048208147428410786
GTEX-1GTWX-0011-R7a-SM-A96RO.1,BRAIN,64.5,7.2,875.0,-0.8689156951844709,0.13118017240288052
GTEX-1GTWX-0011-R8a-SM-CE6RM.1,BRAIN,64.5,7.5,875.0,0.0689202525471854,0.1741222384337035
GTEX-1GTWX-0011-R9a-SM-ADEH4.1,BRAIN,64.5,7.3,875.0,1.232658144463048,0.06546982568041114
GTEX-1GTWX-0126-SM-9YFLK.1,SKIN,64.5,6.8,1037.0,-1.2687407967427893,-0.18346465004646983
GTEX-1GTWX-0326-SM-9WYTP.1,MUSCLE,64.5,8.2,1038.0,-1.296277628813939,0.07974639713482731
GTEX-1GTWX-0926-SM-9MQKM.1,HEART,64.5,6.0,1160.0,2.164069809952184,-0.0739941984212321
GTEX-1GTWX-1026-SM-7P8QW.1,HEART,64.5,5.9,1172.0,-1.2367289006212707,0.11707273427086715
GTEX-1GTWX-2026-SM-9YFLM.1,SKIN,64.5,7.6,1215.0,-1.506736239479307,-0.09264288344834361
GTEX-1GTWX-2926-SM-7MXV4.1,BRAIN,64.5,6.1,1355.0,-0.1136018325964788,-0.10704528147350567
GTEX-1GTWX-3026-SM-9MQL4.1,BRAIN,64.5,6.2,1357.0,0.2916334272006107,0.020480455829764422
GTEX-1GZ2Q-0011-R10b-SM-CE6RN.1,BRAIN,44.5,7.1,1080.0,1.7834143956515045,-0.014838935722178377
GTEX-1GZ2Q-0011-R11a-SM-A8N7T.1,BRAIN,44.5,7.6,1080.0,1.6075392585224857,-0.19459575548922878
GTEX-1GZ2Q-0011-R1a-SM-CJI2Y.1,BRAIN,44.5,6.7,1080.0,0.9451944075640004,-0.0012741451865875123
GTEX-1GZ2Q-0011-R2b-SM-9OSWO.1,BRAIN,44.5,5.7,1080.0,-1.712189023228277,0.04962919841845522
GTEX-1GZ2Q-0011-R3a-SM-A96RP.1,BRAIN,44.5,6.1,1080.0,0.5669626552303948,0.039388691375521256
GTEX-1GZ2Q-0011-R5a-SM-A96RQ.1,BRAIN,44.5,7.5,1080.0,0.1773347972970473,0.03305344864426407
GTEX-1GZ2Q-0011-R6a-SM-9OSWM.1,BRAIN,44.5,7.3,1080.0,-0.2056523497389372,0.006687803084701596
GTEX-1GZ2Q-0011-R7b-SM-9OSWN.1,BRAIN,44.5,7.2,1080.0,-0.9375506405242796,0.054589295352552726
GTEX-1GZ2Q-0011-R8a-SM-CE6RO.1,BRAIN,44.5,5.6,1080.0,-0.0529172572534608,0.18377249060947687
GTEX-1GZ2Q-0011-R9a-SM-9WG7A.1,BRAIN,44.5,7.0,1080.0,0.0960729242611693,0.017244780109133682
GTEX-1GZ2Q-0126-SM-9WG6M.1,SKIN,44.5,5.7,1090.0,0.6316670516689831,-0.3357345806764826
GTEX-1GZ2Q-0226-SM-7P8TL.1,SKIN,44.5,7.2,1094.0,-0.1729827702457061,-0.23751350415402406
GTEX-1GZ2Q-0426-SM-9WPOU.1,MUSCLE,44.5,7.9,1102.0,1.9987171606945675,0.02859220401105979
GTEX-1GZ2Q-0926-SM-7RHHN.1,HEART,44.5,6.7,1121.0,1.146901200183496,0.0417386641574245
GTEX-1GZ2Q-3026-SM-9JGG3.1,BRAIN,44.5,7.2,1235.0,1.7106995911049745,-0.18635248788126216
GTEX-1GZ2Q-3226-SM-9WG6L.1,BRAIN,44.5,6.9,1256.0,1.0737857280961722,-0.017704108472424523
GTEX-1GZ4H-0526-SM-9KNU9.1,SKIN,54.5,6.1,369.0,-2.600332616726249,0.01656629168135341
GTEX-1GZ4H-1626-SM-7PC3F.1,MUSCLE,54.5,8.0,596.0,-0.45672249167698,-0.02903775803791961
GTEX-1GZ4H-1726-SM-7PBZJ.1,SKIN,54.5,8.0,610.0,-0.9753560892233362,-0.1354276171772524
GTEX-1GZ4I-0011-R10a-SM-9OSX3.1,BRAIN,54.5,6.7,623.0,0.6432209475906537,-0.031963117835868055
GTEX-1GZ4I-0011-R11b-SM-9OSWR.1,BRAIN,54.5,7.5,623.0,1.7079476844561934,-0.16465795247711068
GTEX-1GZ4I-0011-R3b-SM-9OSWP.1,BRAIN,54.5,5.7,623.0,-1.425339946930572,-0.005176784337232756
GTEX-1GZ4I-0011-R4a-SM-9QEI9.1,BRAIN,54.5,5.6,623.0,-1.8324306783383395,0.05407525921615627
GTEX-1GZ4I-0011-R5a-SM-9OSWQ.1,BRAIN,54.5,7.8,623.0,-1.1077275592167797,0.06999291770136896
GTEX-1GZ4I-0011-R6b-SM-9WG77.1,BRAIN,54.5,8.0,623.0,0.2546046090888592,-0.004350743611882396
GTEX-1GZ4I-0011-R7b-SM-ARU71.1,BRAIN,54.5,6.3,623.0,-2.005873659791776,0.0567071630579024
GTEX-1GZ4I-0011-R8b-SM-9WG76.1,BRAIN,54.5,6.0,623.0,-1.0273367239539284,0.09032346998939506
GTEX-1GZ4I-0011-R9b-SM-B2LY8.1,BRAIN,54.5,6.6,623.0,0.7116394576023974,-0.014579076766564078
GTEX-1GZ4I-0526-SM-9YFLX.1,MUSCLE,54.5,8.3,726.0,1.4622918113319567,0.16471945030243482
GTEX-1GZ4I-0826-SM-9WG6O.1,HEART,54.5,6.9,786.0,0.4360799488558198,0.21125311677234773
GTEX-1GZ4I-1026-SM-9KNV5.1,HEART,54.5,6.7,793.0,0.9294856931896583,0.020789590256860557
GTEX-1GZ4I-1526-SM-9OSW9.1,LIVER,54.5,6.2,799.0,0.8119932559036674,-0.00615598318154964
GTEX-1GZ4I-2626-SM-9KNU3.1,SKIN,54.5,7.6,824.0,-0.4135990511477807,-0.12249304952899677
GTEX-1GZ4I-2926-SM-9JGGO.1,BRAIN,54.5,6.5,838.0,1.5986011653513872,-0.1820313136715234
GTEX-1GZ4I-3026-SM-9KNTX.1,BRAIN,54.5,6.7,840.0,0.897806108796029,-0.03937325692085819
GTEX-1GZHY-0011-R11a-SM-C1YRQ.1,BRAIN,54.5,6.3,965.0,-0.6719450684104749,-0.1716343646666204
GTEX-1GZHY-0011-R1a-SM-CE6RR.1,BRAIN,54.5,5.7,965.0,-3.0866316275997487,0.1586595299581447
GTEX-1GZHY-0011-R6a-SM-9OSWL.1,BRAIN,54.5,6.5,965.0,-2.256163897148997,0.15431319238999663
GTEX-1GZHY-0011-R8b-SM-9OSWK.1,BRAIN,54.5,6.0,965.0,-2.5396157912250032,0.047880929365493756
GTEX-1GZHY-0011-R9a-SM-9WG5R.1,BRAIN,54.5,7.2,965.0,0.3906300214244604,0.06692149600224584
GTEX-1GZHY-0126-SM-9WYUQ.1,MUSCLE,54.5,8.7,1133.0,0.5748909902930379,0.11292114638007403
GTEX-1GZHY-0326-SM-9QEHI.1,SKIN,54.5,7.8,1135.0,-0.7773941271670581,0.0492017067119633
GTEX-1GZHY-0626-SM-9KNVC.1,SKIN,54.5,7.9,1147.0,-0.6908670654021183,-0.016565564323431366
GTEX-1GZHY-1226-SM-9QEIY.1,HEART,54.5,6.0,1177.0,-3.6419936539655433,0.13597226669620202
GTEX-1GZHY-3026-SM-7MXVA.1,BRAIN,54.5,6.7,1262.0,0.0858103860289613,-0.21131078227660596
GTEX-1GZHY-3126-SM-9QEHH.1,BRAIN,54.5,5.6,1264.0,-1.7608657150454805,-0.03873739629094003
GTEX-1H11D-0226-SM-9WG6Z.1,SKIN,44.5,6.9,304.0,-1.9806008525233776,-0.07222325193423546
GTEX-1H11D-0326-SM-9WG71.1,MUSCLE,44.5,8.7,308.0,-0.5344631478989754,0.05368461334574966
GTEX-1H11D-0826-SM-9OSWB.1,LIVER,44.5,7.8,325.0,1.5224989037933727,-0.023084518700304427
GTEX-1H11D-1026-SM-9QEIU.1,HEART,44.5,7.5,328.0,-0.9927065569883856,-0.020384119938013617
GTEX-1H11D-1226-SM-9WPQ2.1,HEART,44.5,9.1,332.0,1.2349631211127607,-0.12813506559149873
GTEX-1H11D-1826-SM-9QEHM.1,SKIN,44.5,6.5,361.0,-1.761028102270978,0.044033754558519995
GTEX-1H1CY-0011-R10a-SM-CE6SD.1,BRAIN,64.5,6.7,1238.0,-0.4527770465387873,0.016414816922033875
GTEX-1H1CY-0011-R11a-SM-C1YQR.1,BRAIN,64.5,7.2,1238.0,2.7909462814744948,-0.25623544967212963
GTEX-1H1CY-0011-R1a-SM-CKZOZ.1,BRAIN,64.5,6.5,1238.0,-0.5947979305666227,0.0062847270804665175
GTEX-1H1CY-0011-R4b-SM-CJI3G.1,BRAIN,64.5,6.7,1238.0,-2.1862338911092625,-0.010034099237499722
GTEX-1H1CY-0011-R5a-SM-CM2SN.1,BRAIN,64.5,8.0,1238.0,-0.6038065944932469,0.07509192227749273
GTEX-1H1CY-0011-R6b-SM-CE6RP.1,BRAIN,64.5,7.0,1238.0,-0.1101728209755695,0.03629861535249072
GTEX-1H1CY-0011-R7a-SM-CJI32.1,BRAIN,64.5,6.5,1238.0,-1.3361181293756028,0.02735066368073365
GTEX-1H1CY-0011-R8b-SM-CJI31.1,BRAIN,64.5,6.4,1238.0,-0.54666606815778,0.09613530014972115
GTEX-1H1CY-0126-SM-9YFLY.1,SKIN,64.5,7.9,1253.0,0.8074325477561526,-0.15425735934772877
GTEX-1H1CY-0326-SM-9QEIZ.1,HEART,64.5,5.9,1274.0,-2.3443598462859256,-0.016514969827231298
GTEX-1H1CY-0426-SM-9KNVD.1,HEART,64.5,5.8,1275.0,-1.9981524857431685,0.1495376716317426
GTEX-1H1CY-2726-SM-9MQLR.1,MUSCLE,64.5,7.7,1400.0,1.9859340741211344,0.004478383947381396
GTEX-1H1CY-2826-SM-9MQM3.1,SKIN,64.5,7.3,1401.0,-0.0174406522592529,-0.17212453645797937
GTEX-1H1CY-3026-SM-9OSW7.1,BRAIN,64.5,6.1,1429.0,0.8477737889003221,-0.1608504644831091
GTEX-1H1DE-1326-SM-9KNUG.1,SKIN,24.5,6.4,769.0,-1.976965924993737,-0.07782195008521275
GTEX-1H1DE-1726-SM-A9G3G.1,MUSCLE,24.5,7.9,1024.0,-0.6329354624668339,-0.023413142638475413
GTEX-1H1DE-2126-SM-9WG6R.1,SKIN,24.5,6.7,1029.0,-1.085532421259568,-0.21316750813562346
GTEX-1H1DF-0011-R9b-SM-CM2RN.1,BRAIN,44.5,6.0,1289.0,-1.1466188720981272,0.1325853811927575
GTEX-1H1DF-0526-SM-9JGG5.1,MUSCLE,44.5,7.4,1399.0,1.6607625491433784,0.12091384426353645
GTEX-1H1DF-1126-SM-9WG7G.1,SKIN,44.5,7.9,1413.0,-0.5183539643932928,-0.051029274995544
GTEX-1H1DF-1326-SM-9WPPR.1,LIVER,44.5,6.4,1416.0,-1.4359598480202642,0.011767458297175263
GTEX-1H1DG-0011-R10b-SM-CE6S7.1,BRAIN,74.5,7.3,880.0,1.0261072855010271,-0.033726659276214654
GTEX-1H1DG-0011-R11a-SM-C1YQK.1,BRAIN,74.5,6.9,880.0,1.1805832268194694,0.04160887393034161
GTEX-1H1DG-0011-R1b-SM-CKZP1.1,BRAIN,74.5,6.8,880.0,0.1435462580533665,0.07038851874770309
GTEX-1H1DG-0011-R2a-SM-ADEIQ.1,BRAIN,74.5,7.8,880.0,1.1441215381031613,0.11239365682771994
GTEX-1H1DG-0011-R4a-SM-CE6RQ.1,BRAIN,74.5,6.5,880.0,-1.831362747337216,0.07691137759739468
GTEX-1H1DG-0011-R5b-SM-CJI33.1,BRAIN,74.5,7.7,880.0,-0.0892056023635466,0.16580508270690453
GTEX-1H1DG-0011-R6a-SM-A9SK8.1,BRAIN,74.5,7.5,880.0,0.2017947613233333,0.11196166735734654
GTEX-1H1DG-0011-R7b-SM-A96RR.1,BRAIN,74.5,6.4,880.0,-1.0607708224770067,0.14401356351652025
GTEX-1H1DG-0011-R8a-SM-CL54Z.1,BRAIN,74.5,7.0,880.0,0.48189110030874,0.09622192030688773
GTEX-1H1DG-0011-R9b-SM-ACKVB.1,BRAIN,74.5,6.6,880.0,-2.785154175985398,0.06716899075706334
GTEX-1H1DG-0126-SM-9WYU2.1,SKIN,74.5,7.8,945.0,-0.0038517925043078,-0.04694699792985639
GTEX-1H1DG-0326-SM-9QEHK.1,MUSCLE,74.5,7.7,949.0,0.4342566963367206,0.2388168097635466
GTEX-1H1DG-0826-SM-9QEIW.1,HEART,74.5,6.7,1012.0,0.233021373896563,0.06260183942129231
GTEX-1H1DG-2426-SM-9QEHJ.1,SKIN,74.5,6.9,1045.0,0.2732793191386257,-0.11054529396507579
GTEX-1H1DG-2826-SM-9JGHB.1,BRAIN,74.5,6.3,1056.0,0.3365773422120551,-0.06741990055481763
GTEX-1H1DG-2926-SM-9WYU3.1,BRAIN,74.5,6.8,1058.0,0.1417111210870495,-0.010342300458784726
GTEX-1H1E6-0426-SM-9WYUS.1,SKIN,34.5,7.6,147.0,-2.1235756572458806,-0.21898287392719074
GTEX-1H1E6-1726-SM-ACKVK.1,SKIN,34.5,7.9,200.0,-1.4413798203656918,-0.22427017529581367
GTEX-1H1E6-2126-SM-9KNVM.1,MUSCLE,34.5,8.5,213.0,0.21754680465889,-0.09348941883997605
GTEX-1H1ZS-0011-R10b-SM-A9SK9.1,BRAIN,74.5,7.4,1270.0,0.7141379827552615,0.07457596004080967
GTEX-1H1ZS-0011-R11a-SM-C1YQM.1,BRAIN,74.5,7.6,1270.0,2.5992916033654425,-0.17278242933477414
GTEX-1H1ZS-0011-R1b-SM-A9G1E.1,BRAIN,74.5,7.4,1270.0,-0.4011725541537406,0.11554836526423687
GTEX-1H1ZS-0011-R2b-SM-CL54Q.1,BRAIN,74.5,6.0,1270.0,-0.6205270164707323,0.21076925401414276
GTEX-1H1ZS-0011-R3b-SM-CE6RS.1,BRAIN,74.5,6.6,1270.0,0.148438345957563,0.059602731185104334
GTEX-1H1ZS-0011-R4b-SM-CKZO7.1,BRAIN,74.5,7.2,1270.0,0.0622712743646988,0.09378590976314208
GTEX-1H1ZS-0011-R5b-SM-CL53L.1,BRAIN,74.5,8.4,1270.0,0.1498805536585303,0.15163510465572427
GTEX-1H1ZS-0011-R6b-SM-A9G1F.1,BRAIN,74.5,7.8,1270.0,0.353758321388304,0.10038030114688075
GTEX-1H1ZS-0011-R7a-SM-CL54P.1,BRAIN,74.5,8.3,1270.0,0.5767440898003557,0.08472148999226942
GTEX-1H1ZS-0011-R8b-SM-A9SKA.1,BRAIN,74.5,7.0,1270.0,-0.8670682933066038,0.08699497702656842
GTEX-1H1ZS-0011-R9a-SM-CM2SO.1,BRAIN,74.5,7.6,1270.0,2.5466839437047444,0.16110588567157264
GTEX-1H1ZS-0426-SM-9WG6G.1,SKIN,74.5,6.0,1350.0,-1.3788287825143388,-0.1372432829073243
GTEX-1H1ZS-0626-SM-CNPPU.1,MUSCLE,74.5,8.6,1354.0,0.6095754890135566,0.0022668090236264205
GTEX-1H1ZS-1026-SM-9WG6E.1,HEART,74.5,6.5,1364.0,-0.0241707415042189,0.0774386583544254
GTEX-1H1ZS-1126-SM-9MQLJ.1,HEART,74.5,6.6,1365.0,-1.4621653543701092,0.012902333899350261
GTEX-1H1ZS-2726-SM-9WG75.1,SKIN,74.5,6.8,1399.0,0.9693351765777868,-0.07342333982181522
GTEX-1H1ZS-2926-SM-9WPP2.1,BRAIN,74.5,7.2,1403.0,1.722660161625508,-0.0814813490895649
GTEX-1H1ZS-3026-SM-9KNUJ.1,BRAIN,74.5,7.2,1405.0,0.3187814250152558,0.07288976423958113
GTEX-1H23P-0011-R10a-SM-A96RS.1,BRAIN,64.5,5.9,500.0,-0.8632529603098502,-0.028208598895596036
GTEX-1H23P-0011-R1a-SM-ACKVC.1,BRAIN,64.5,6.7,500.0,-1.7373442148932592,-0.055909471612805316
GTEX-1H23P-0011-R2a-SM-CKZP3.1,BRAIN,64.5,5.6,500.0,-3.00486886491946,-0.010093293851413731
GTEX-1H23P-0011-R3b-SM-CL54S.1,BRAIN,64.5,6.7,500.0,-1.0792125094062832,-0.014395573283214306
GTEX-1H23P-0011-R4b-SM-CL54R.1,BRAIN,64.5,7.4,500.0,-1.7181286246932914,0.02237411153050469
GTEX-1H23P-0011-R5a-SM-CKZOI.1,BRAIN,64.5,7.8,500.0,-1.4376852847288493,0.07338031163742978
GTEX-1H23P-0011-R6b-SM-A9G1H.1,BRAIN,64.5,6.3,500.0,-2.856595239780429,0.05787094324840697
GTEX-1H23P-0011-R7b-SM-CKZP2.1,BRAIN,64.5,7.1,500.0,-1.5768347051158549,-0.020434680969321863
GTEX-1H23P-0011-R8b-SM-A9G1G.1,BRAIN,64.5,5.7,500.0,-3.2722109822733048,0.022765803924038153
GTEX-1H23P-0011-R9a-SM-CM2T1.1,BRAIN,64.5,6.9,500.0,-1.0288006137885204,-0.034429951099255104
GTEX-1H23P-0126-SM-ADEJ3.1,SKIN,64.5,7.4,502.0,-0.7779659645624488,-0.14115520912929674
GTEX-1H23P-0526-SM-9WG6S.1,MUSCLE,64.5,7.1,510.0,-1.0566322857237171,0.03943501883441746
GTEX-1H23P-0626-SM-9WG6T.1,SKIN,64.5,6.1,512.0,-1.3071106167220696,-0.2044165603535317
GTEX-1H23P-1226-SM-9QEJ2.1,HEART,64.5,6.7,525.0,-0.8884215014662525,-0.1125486945365601
GTEX-1H23P-1826-SM-A8NA5.1,LIVER,64.5,5.7,532.0,-0.1957215597067934,-0.12925622428204642
GTEX-1H23P-2926-SM-9WYU8.1,BRAIN,64.5,6.6,563.0,-0.8575534701050811,-0.04083489364548659
GTEX-1H2FU-0011-R11a-SM-CE6SB.1,BRAIN,64.5,6.4,791.0,1.0703385355837505,-0.13510728129686891
GTEX-1H2FU-0011-R3b-SM-CKZP4.1,BRAIN,64.5,6.2,791.0,-2.2875496459291864,0.0652520775693836
GTEX-1H2FU-0011-R4a-SM-CL551.1,BRAIN,64.5,6.1,791.0,-2.809266364135352,0.10413705665170964
GTEX-1H2FU-0011-R5b-SM-CL552.1,BRAIN,64.5,7.4,791.0,-0.6327734218978929,0.08232911429272344
GTEX-1H2FU-0011-R9b-SM-CE6S4.1,BRAIN,64.5,6.9,791.0,1.012491004950694,-0.010423702849485673
GTEX-1H2FU-0126-SM-9WYSI.1,SKIN,64.5,7.4,884.0,-1.681471797075594,-0.06526886637746625
GTEX-1H2FU-0526-SM-ACKXO.1,MUSCLE,64.5,7.5,899.0,1.5325836644227713,-0.21242779176819612
GTEX-1H2FU-0826-SM-9WYSU.1,HEART,64.5,6.4,911.0,-0.1514376428563275,-0.08436031823709524
GTEX-1H2FU-0926-SM-9WPPT.1,SKIN,64.5,7.5,912.0,-0.9709004181388944,-0.053504773351256994
GTEX-1H2FU-3126-SM-9WYUJ.1,BRAIN,64.5,6.8,946.0,0.422344156138524,0.0017265199771930122
GTEX-1H3NZ-0011-R11b-SM-CE6SF.1,BRAIN,64.5,9.2,465.0,1.684365588362017,-0.224538050035539
GTEX-1H3NZ-0011-R1a-SM-CKZP5.1,BRAIN,64.5,7.3,465.0,-0.480579953488789,-0.10609161281598499
GTEX-1H3NZ-0011-R3b-SM-CMKH2.1,BRAIN,64.5,6.9,465.0,1.7429810528042942,-0.006233780633307843
GTEX-1H3NZ-0011-R4a-SM-CL54T.1,BRAIN,64.5,7.8,465.0,0.737494997260962,-0.08609118048388116
GTEX-1H3NZ-0011-R5a-SM-CM2SP.1,BRAIN,64.5,8.6,465.0,0.6101295548126752,0.08868401658476098
GTEX-1H3NZ-0011-R6b-SM-A9G1N.1,BRAIN,64.5,6.6,465.0,-0.3744800916052444,-0.035614284364115116
GTEX-1H3NZ-0011-R7a-SM-A9SKD.1,BRAIN,64.5,7.4,465.0,-1.0040091479707771,0.055924393266467365
GTEX-1H3NZ-0011-R8a-SM-CKZP6.1,BRAIN,64.5,7.5,465.0,1.2379295314827856,0.02006531092930627
GTEX-1H3NZ-0011-R9a-SM-ADEH7.1,BRAIN,64.5,6.0,465.0,-1.153680687423975,-0.058995971772764076
GTEX-1H3NZ-0126-SM-ACKX7.1,SKIN,64.5,8.0,521.0,-0.530832162096833,-0.06650486904162832
GTEX-1H3NZ-0326-SM-9MQL6.1,MUSCLE,64.5,8.4,525.0,1.7693505930539408,-0.15486419918059585
GTEX-1H3NZ-1026-SM-A9SM5.1,HEART,64.5,7.8,579.0,0.6347716548464375,0.013734113713780615
GTEX-1H3NZ-1126-SM-9WYT9.1,HEART,64.5,6.1,581.0,-3.276854498437583,-0.007485652511292641
GTEX-1H3NZ-2726-SM-9WYTQ.1,SKIN,64.5,7.2,617.0,0.0053964753082147,-0.08566269080928808
GTEX-1H3NZ-2926-SM-9WPQ8.1,BRAIN,64.5,6.9,635.0,0.4000765430143278,-0.13647741799886548
GTEX-1H3NZ-3026-SM-9JGHW.1,BRAIN,64.5,7.1,638.0,0.2441541324911756,-0.061392673465294055
GTEX-1H3O1-0011-R10a-SM-CJI3O.1,BRAIN,64.5,7.5,1106.0,0.4760221614197857,-0.05800665802392821
GTEX-1H3O1-0011-R11a-SM-A96RV.1,BRAIN,64.5,7.5,1106.0,1.042423840570292,-0.1575368978707087
GTEX-1H3O1-0011-R1b-SM-CL554.1,BRAIN,64.5,7.5,1106.0,1.0882394704128124,0.010093418102815555
GTEX-1H3O1-0011-R2b-SM-CKZOT.1,BRAIN,64.5,6.0,1106.0,-0.5084645574707054,-0.016342125885370463
GTEX-1H3O1-0011-R3a-SM-ACKVD.1,BRAIN,64.5,7.0,1106.0,0.192066616603488,-0.0012864433867477319
GTEX-1H3O1-0011-R4b-SM-A9SKE.1,BRAIN,64.5,6.7,1106.0,-1.2930472557178792,0.017292265815695713
GTEX-1H3O1-0011-R5b-SM-ADEH8.1,BRAIN,64.5,6.0,1106.0,1.1106556912313554,-0.013676914095512608
GTEX-1H3O1-0011-R6b-SM-CL54U.1,BRAIN,64.5,6.2,1106.0,-0.6346848576430584,0.02195992963877396
GTEX-1H3O1-0011-R7a-SM-CE6SJ.1,BRAIN,64.5,6.8,1106.0,-0.2631775075366819,0.03509475759655071
GTEX-1H3O1-0011-R8a-SM-CL555.1,BRAIN,64.5,7.1,1106.0,0.1292490601086749,-0.0025419619946991487
GTEX-1H3O1-0011-R9b-SM-CM2SQ.1,BRAIN,64.5,7.5,1106.0,0.9211598919416764,0.08649849621718425
GTEX-1H3O1-0226-SM-9WYSW.1,HEART,64.5,6.6,1164.0,-1.3691448291382846,-0.08769399203018632
GTEX-1H3O1-0426-SM-9YFKY.1,SKIN,64.5,7.8,1172.0,-1.2186915418462383,-0.21487521588672887
GTEX-1H3O1-0626-SM-9MQM4.1,MUSCLE,64.5,7.8,1180.0,1.2250120101950344,-0.12994940061227675
GTEX-1H3O1-1326-SM-9MQLD.1,SKIN,64.5,6.7,1248.0,-0.7602700309400621,-0.08715039396789616
GTEX-1H3O1-1726-SM-9WYSR.1,BRAIN,64.5,6.4,1342.0,-0.5269724916040999,-0.02396396169200898
GTEX-1H3O1-1826-SM-A96TO.1,BRAIN,64.5,6.6,1343.0,0.4654607981924371,-0.18449178219696208
GTEX-1H3VE-0011-R10b-SM-A9SKC.1,BRAIN,44.5,6.2,740.0,0.3246208836359196,-0.025617474402055786
GTEX-1H3VE-0011-R11b-SM-C1YRP.1,BRAIN,44.5,6.7,740.0,2.1425582636053218,-0.1772177763761036
GTEX-1H3VE-0011-R1a-SM-A9G1K.1,BRAIN,44.5,6.4,740.0,-1.717509402344755,-0.004502055757386508
GTEX-1H3VE-0011-R2a-SM-CE6SA.1,BRAIN,44.5,5.6,740.0,-2.1920708243586904,-0.009703666723836735
GTEX-1H3VE-0011-R3a-SM-CE6SK.1,BRAIN,44.5,5.6,740.0,-2.6727825390552717,0.060582229822143105
GTEX-1H3VE-0011-R5a-SM-CKZOU.1,BRAIN,44.5,7.2,740.0,0.7028578596459439,0.21210034152821317
GTEX-1H3VE-0011-R6b-SM-A9G1M.1,BRAIN,44.5,5.6,740.0,-3.4485982681002474,0.112015456760843
GTEX-1H3VE-0011-R7b-SM-CE6S9.1,BRAIN,44.5,5.8,740.0,-1.999866540757257,0.11576300648488665
GTEX-1H3VE-0011-R8b-SM-A9G1L.1,BRAIN,44.5,7.8,740.0,3.7982791529498425,0.2580205264279877
GTEX-1H3VE-0126-SM-9WYTW.1,MUSCLE,44.5,7.4,1083.0,1.8217828749001752,0.03284124359931569
GTEX-1H3VE-0326-SM-9YFLH.1,SKIN,44.5,8.3,1087.0,-0.3173950703677822,-0.10164342545236381
GTEX-1H3VE-0726-SM-9YFL5.1,SKIN,44.5,5.9,1103.0,0.4120666202151377,-0.043300092786174
GTEX-1H3VE-2726-SM-9WPP3.1,BRAIN,44.5,5.9,1292.0,-1.140139974018465,-0.022377149533248222
GTEX-1H3VE-2826-SM-9WPOL.1,BRAIN,44.5,6.5,1294.0,0.2144512880776485,-0.10537485644824417
GTEX-1H3VY-0126-SM-ACKXD.1,SKIN,54.5,7.9,426.0,-1.1256136593987884,-0.2727857400365893
GTEX-1H3VY-0326-SM-9WYU6.1,MUSCLE,54.5,8.2,430.0,-0.8021322606226228,-0.020301298778289338
GTEX-1H3VY-1126-SM-A96TP.1,HEART,54.5,7.5,460.0,0.552476028261907,-0.04167037747411893
GTEX-1H4P4-0011-R10b-SM-CE6SG.1,BRAIN,54.5,6.4,1076.0,-0.2794151503173516,-0.002010723208957612
GTEX-1H4P4-0011-R11b-SM-CE6S8.1,BRAIN,54.5,6.6,1076.0,0.3418338588220106,-0.13467459444337396
GTEX-1H4P4-0011-R1b-SM-CL54V.1,BRAIN,54.5,5.7,1076.0,-2.9650483834904606,0.02817007764210253
GTEX-1H4P4-0011-R6a-SM-ARZLR.1,BRAIN,54.5,6.2,1076.0,-3.1121097779508027,0.11174949429594179
GTEX-1H4P4-0011-R7b-SM-ARU77.1,BRAIN,54.5,5.7,1076.0,-3.987083050815416,0.12141630158471042
GTEX-1H4P4-0626-SM-9YFKZ.1,MUSCLE,54.5,7.7,1294.0,-0.0020297693135311,0.016473932678529705
GTEX-1H4P4-0726-SM-9YFLR.1,SKIN,54.5,6.6,1294.0,-0.1036019094419766,-0.058981668466637924
GTEX-1H4P4-2126-SM-9WYSL.1,SKIN,54.5,7.7,1335.0,-0.5022615330964614,-0.07530700746941464
GTEX-1H4P4-2726-SM-9JGGB.1,BRAIN,54.5,6.9,1423.0,0.3788040483987285,-0.1848231565272949
GTEX-1HB9E-0011-R10a-SM-CJI3H.1,BRAIN,54.5,6.5,547.0,1.5430891449628723,-0.05420808314934168
GTEX-1HB9E-0011-R11b-SM-ARU79.1,BRAIN,54.5,7.6,547.0,3.099494028936701,-0.20599914833752267
GTEX-1HB9E-0011-R2b-SM-A96RW.1,BRAIN,54.5,6.8,547.0,0.615603950919935,0.0015316709776290896
GTEX-1HB9E-0011-R3a-SM-ARL7D.1,BRAIN,54.5,6.5,547.0,0.8246620888372647,-0.026614172570355782
GTEX-1HB9E-0011-R4b-SM-ARZLS.1,BRAIN,54.5,6.5,547.0,0.6805182381378749,0.050159533303860436
GTEX-1HB9E-0011-R5b-SM-ARU78.1,BRAIN,54.5,7.6,547.0,0.6432056973200417,0.02513045320755293
GTEX-1HB9E-0011-R6b-SM-A9G1P.1,BRAIN,54.5,8.1,547.0,1.0433025456105782,0.01754298617630343
GTEX-1HB9E-0011-R7b-SM-A9G1Q.1,BRAIN,54.5,7.7,547.0,0.1023410088011775,0.02491430823066446
GTEX-1HB9E-0011-R8b-SM-A9G1O.1,BRAIN,54.5,7.5,547.0,1.4551382395978325,0.10006934577691323
GTEX-1HB9E-0126-SM-CM2S5.1,SKIN,54.5,6.4,544.0,-1.03579634027006,-0.08061696772355323
GTEX-1HB9E-0226-SM-E9U4R.1,SKIN,54.5,8.1,561.0,0.6774185445665069,-0.0815512185159416
GTEX-1HB9E-0326-SM-D3LA5.1,MUSCLE,54.5,8.3,572.0,-0.3733159855589408,0.06975585860671395
GTEX-1HB9E-0626-SM-AHZ4K.1,LIVER,54.5,6.0,575.0,0.3139310805656676,-0.10493972670265782
GTEX-1HB9E-2926-SM-D4P3S.1,BRAIN,54.5,6.2,694.0,-0.5172572356377023,0.018436614090453017
GTEX-1HB9E-3126-SM-AHZ4M.1,BRAIN,54.5,6.5,697.0,0.8169864441956007,-0.1664830079753872
GTEX-1HBPH-0011-R10a-SM-CE6SI.1,BRAIN,44.5,5.7,870.0,-0.2098869873860248,-0.02436106207427196
GTEX-1HBPH-0011-R11b-SM-A8N7U.1,BRAIN,44.5,6.3,870.0,1.7632868733525349,-0.1954643655356589
GTEX-1HBPH-0011-R3a-SM-A96RY.1,BRAIN,44.5,7.5,870.0,-1.2161543606036014,-0.010097128366722928
GTEX-1HBPH-0011-R4a-SM-A96RX.1,BRAIN,44.5,6.9,870.0,-1.2867281197528726,-0.022374523848487024
GTEX-1HBPH-0011-R5b-SM-A9G1R.1,BRAIN,44.5,6.2,870.0,-2.600271615778773,0.02899513835214559
GTEX-1HBPH-0011-R6a-SM-CKZOV.1,BRAIN,44.5,6.3,870.0,-0.3948100308113948,0.05154202534005428
GTEX-1HBPH-0011-R8b-SM-CL556.1,BRAIN,44.5,6.9,870.0,1.6673300407413874,-0.004332892135674117
GTEX-1HBPH-0011-R9a-SM-CMKH3.1,BRAIN,44.5,7.5,870.0,3.0737390749565483,0.16303952631703425
GTEX-1HBPH-0126-SM-CNNQ7.1,HEART,44.5,6.7,915.0,0.579392654109309,0.08605949482620247
GTEX-1HBPH-0226-SM-9WYSM.1,HEART,44.5,7.3,916.0,0.6954199193054509,0.13128937214292752
GTEX-1HBPH-0426-SM-B2LW5.1,SKIN,44.5,6.5,990.0,0.9139098497192952,-0.0034476252736951635
GTEX-1HBPH-0826-SM-ARZNB.1,MUSCLE,44.5,7.5,1006.0,1.5321407678869134,0.02834100863968531
GTEX-1HBPH-2026-SM-CMKGL.1,SKIN,44.5,6.2,1040.0,0.3178989117023444,-0.23502417754540206
GTEX-1HBPH-2626-SM-A96TV.1,LIVER,44.5,6.6,1050.0,-0.8738354413255518,0.12988024755801142
GTEX-1HBPH-3026-SM-9WPNY.1,BRAIN,44.5,6.5,1071.0,0.7746273009172697,-0.17425124709006687
GTEX-1HBPH-3126-SM-9WYUV.1,BRAIN,44.5,7.2,1074.0,-0.0781755720310555,-0.048947257288421586
GTEX-1HBPI-0011-R10a-SM-A96RZ.1,BRAIN,54.5,6.8,753.0,1.142720958947354,-0.007953168708433404
GTEX-1HBPI-0011-R11b-SM-CE6SH.1,BRAIN,54.5,6.2,753.0,2.822750586187998,-0.14947022948226318
GTEX-1HBPI-0011-R1b-SM-A9SKF.1,BRAIN,54.5,7.0,753.0,0.3250885708691847,0.07237609777278721
GTEX-1HBPI-0011-R4a-SM-CJI3K.1,BRAIN,54.5,6.4,753.0,-0.9306293990043968,0.09233890682916793
GTEX-1HBPI-0011-R5a-SM-CKZOW.1,BRAIN,54.5,7.8,753.0,-0.2367218787377198,0.08615562958022585
GTEX-1HBPI-0011-R6b-SM-A9G1T.1,BRAIN,54.5,7.3,753.0,-0.8197726186172897,0.0827274338782147
GTEX-1HBPI-0011-R8a-SM-A9G1S.1,BRAIN,54.5,6.6,753.0,-2.488850844583075,0.029082501705292953
GTEX-1HBPI-0011-R9b-SM-ARL76.1,BRAIN,54.5,6.4,753.0,0.9415475516849604,0.08655757610604276
GTEX-1HBPI-0226-SM-ADEJ7.1,MUSCLE,54.5,8.2,933.0,-0.5020142035366217,-0.12361072077783315
GTEX-1HBPI-1026-SM-AHZ4N.1,LIVER,54.5,6.3,942.0,-1.381016064642118,0.039618696575281526
GTEX-1HBPI-1526-SM-C1YQ1.1,SKIN,54.5,8.2,954.0,-0.3523314973509809,-0.14839038983213057
GTEX-1HBPI-2126-SM-ARL9K.1,SKIN,54.5,8.7,1021.0,-0.2767690224247346,-0.15493911287587225
GTEX-1HBPI-2726-SM-9WPPF.1,BRAIN,54.5,6.8,1075.0,1.29385830088986,-0.11559223943403983
GTEX-1HBPI-2826-SM-ARZNO.1,BRAIN,54.5,6.0,1077.0,-0.2539801114004182,0.04494598272540692
GTEX-1HBPM-0011-R10a-SM-CJI3Q.1,BRAIN,64.5,5.9,672.0,-2.3327828726354087,0.04803846528087216
GTEX-1HBPM-0011-R4a-SM-CJI3L.1,BRAIN,64.5,5.7,672.0,-3.762113146578724,0.17432898838871103
GTEX-1HBPM-0011-R5b-SM-CJI3I.1,BRAIN,64.5,6.3,672.0,-0.3030137287163651,0.18781173739510326
GTEX-1HBPM-0011-R6b-SM-ARU73.1,BRAIN,64.5,5.7,672.0,-3.5545389976367616,0.11027260405494824
GTEX-1HBPM-0011-R9b-SM-ARL7C.1,BRAIN,64.5,5.7,672.0,-0.882516867694777,0.10926692713459685
GTEX-1HBPM-0226-SM-ARL9F.1,SKIN,64.5,6.5,677.0,-2.0445316571793857,-0.13482791036958075
GTEX-1HBPM-0426-SM-CKZOO.1,MUSCLE,64.5,8.5,682.0,0.0859473164507989,0.019486308904163654
GTEX-1HBPM-0726-SM-9YFL7.1,SKIN,64.5,6.3,690.0,-0.3968499740939787,-0.061646014221560956
GTEX-1HBPM-1026-SM-ARL9D.1,HEART,64.5,7.1,693.0,1.0220510327012389,0.11045431331619093
GTEX-1HBPM-1226-SM-A9SM8.1,HEART,64.5,6.1,697.0,-1.2883909955112565,0.08495414201097265
GTEX-1HBPM-2926-SM-CL54E.1,BRAIN,64.5,6.6,738.0,-2.635794607974311,0.05879640310064266
GTEX-1HBPN-0126-SM-CGQEF.1,SKIN,54.5,6.1,96.0,-2.598454719236516,-0.06103298073377783
GTEX-1HBPN-0226-SM-9YFM1.1,SKIN,54.5,7.8,104.0,-0.7846729834810907,-0.16725351483167203
GTEX-1HBPN-0526-SM-A9SM6.1,MUSCLE,54.5,8.0,111.0,-1.69804564663716,-0.061010195119058724
GTEX-1HBPN-0926-SM-CGQEG.1,HEART,54.5,8.1,125.0,0.1480264276059456,0.17628059884284003
GTEX-1HC8U-0626-SM-B2LWB.1,HEART,44.5,6.9,339.0,0.3708823872796989,0.03380618638896219
GTEX-1HC8U-0726-SM-ACKXL.1,HEART,44.5,7.4,347.0,0.0423144738430198,-0.0970505693775432
GTEX-1HC8U-1326-SM-9YFMJ.1,SKIN,44.5,8.2,374.0,-0.362721161825233,-0.07839187247085674
GTEX-1HC8U-2626-SM-CNPPH.1,MUSCLE,44.5,6.1,454.0,-1.1739711531837114,0.030121864475388196
GTEX-1HCU6-0011-R10a-SM-CKZP8.1,BRAIN,64.5,6.0,1007.0,0.3002726390394112,0.02672444500764341
GTEX-1HCU6-0011-R11b-SM-AHZ2F.1,BRAIN,64.5,6.5,1007.0,0.614879430359642,-0.15347396410263645
GTEX-1HCU6-0011-R3a-SM-ARU75.1,BRAIN,64.5,6.0,1007.0,-0.7466278471572974,-0.045046522738963285
GTEX-1HCU6-0011-R4b-SM-ARU74.1,BRAIN,64.5,6.0,1007.0,-0.0031780949245447,-0.11865894350443684
GTEX-1HCU6-0011-R5a-SM-ARU76.1,BRAIN,64.5,6.0,1007.0,-2.6912385112371213,0.10037911238452278
GTEX-1HCU6-0011-R7b-SM-ARL77.1,BRAIN,64.5,5.7,1007.0,1.106535027085494,0.08737884714545989
GTEX-1HCU6-0011-R8a-SM-CJI3R.1,BRAIN,64.5,6.1,1007.0,-1.2424802689350751,-0.03492155428133256
GTEX-1HCU6-0126-SM-CL54K.1,SKIN,64.5,8.9,1081.0,-0.7487017733908943,-0.011172244801865164
GTEX-1HCU6-0526-SM-A9SKU.1,MUSCLE,64.5,7.9,1090.0,-0.872235103810605,0.03798861388533046
GTEX-1HCU6-1026-SM-A9G25.1,HEART,64.5,6.4,1097.0,-1.803565289960886,0.14006227396974075
GTEX-1HCU6-2026-SM-A8NA7.1,LIVER,64.5,6.3,1110.0,-1.2819585573596606,0.04732413140524943
GTEX-1HCU6-2526-SM-ADEHL.1,SKIN,64.5,7.8,1116.0,-0.8180919056093272,0.016039286741281772
GTEX-1HCU6-3126-SM-CL54L.1,BRAIN,64.5,6.9,1141.0,0.4636358290409925,-0.01845722708515522
GTEX-1HCU7-0226-SM-CL545.1,SKIN,54.5,8.1,400.0,0.440751060215062,-0.10860338941607466
GTEX-1HCU7-0426-SM-D3L8Q.1,MUSCLE,54.5,8.9,407.0,0.3584642624064154,0.028502770358252667
GTEX-1HCU7-0726-SM-A9SL1.1,SKIN,54.5,7.7,422.0,-0.2998818313078765,-0.09161341459025116
GTEX-1HCU7-1226-SM-B2LX8.1,HEART,54.5,6.6,445.0,-1.5339968145400489,0.20102998028738345
GTEX-1HCU7-1326-SM-CNPPW.1,HEART,54.5,6.6,448.0,-2.2051460791886432,-0.026929561424048988
GTEX-1HCU7-1726-SM-B2LX9.1,LIVER,54.5,5.6,469.0,-0.5133629290668238,0.048947635512287715
GTEX-1HCU8-0626-SM-A9SM9.1,SKIN,64.5,6.8,791.0,-1.145818866703579,-0.017324132995615568
GTEX-1HCU8-2526-SM-CE6RX.1,SKIN,64.5,5.8,823.0,1.102009983480029,-0.14561344827095882
GTEX-1HCU9-0426-SM-9WYSD.1,SKIN,24.5,7.1,857.0,-1.772803626282335,-0.11315264642816324
GTEX-1HCU9-1526-SM-A9SL7.1,SKIN,24.5,6.2,887.0,-2.9624810534774584,-0.10074257973800246
GTEX-1HCU9-1926-SM-9WYSE.1,MUSCLE,24.5,7.5,895.0,-0.907582281808858,-0.03314942880222793
GTEX-1HCUA-0526-SM-A9SMH.1,HEART,54.5,8.5,201.0,0.5179112576745364,-0.1657390568862969
GTEX-1HCUA-0626-SM-ACKVT.1,HEART,54.5,8.4,205.0,0.0480561414366439,-0.011636107865143658
GTEX-1HCUA-0826-SM-ADEHM.1,SKIN,54.5,5.9,215.0,-3.147847422604414,0.11743826914248275
GTEX-1HCUA-2326-SM-ACKVJ.1,MUSCLE,54.5,7.8,288.0,-0.0421540316613566,-0.038340851384733844
GTEX-1HCUA-2426-SM-ADEIS.1,SKIN,54.5,7.9,296.0,-1.1592453288742486,-0.1159085585956091
GTEX-1HCVE-0011-R10a-SM-ARZLT.1,BRAIN,54.5,6.5,600.0,1.2560457501325009,-0.07679456441361836
GTEX-1HCVE-0011-R5b-SM-CKZP7.1,BRAIN,54.5,6.9,600.0,0.6187219737830854,0.008457913473121208
GTEX-1HCVE-0011-R7b-SM-A9G1I.1,BRAIN,54.5,5.7,600.0,-0.6263216510155204,0.03860792256221884
GTEX-1HCVE-0011-R8a-SM-ARU7A.1,BRAIN,54.5,5.6,600.0,-1.2610056677493893,0.13054794426530744
GTEX-1HCVE-0126-SM-CGQEU.1,SKIN,54.5,6.3,753.0,-0.0567626537709635,-0.2237136850597387
GTEX-1HCVE-0326-SM-CGQEW.1,MUSCLE,54.5,7.9,763.0,0.632523569461834,-0.11398453026951466
GTEX-1HCVE-0826-SM-CM2SF.1,HEART,54.5,7.6,823.0,0.9909364792792694,-0.0377979861799509
GTEX-1HCVE-1126-SM-9WPPG.1,HEART,54.5,5.8,828.0,-3.682431664180824,-0.004987819935802463
GTEX-1HCVE-1526-SM-B2LWW.1,LIVER,54.5,6.0,835.0,0.2003123493141177,-0.08829097434672797
GTEX-1HCVE-2726-SM-CL54F.1,SKIN,54.5,8.2,864.0,0.0046432230673974,-0.16064857784263786
GTEX-1HCVE-2926-SM-9WPPJ.1,BRAIN,54.5,7.5,868.0,0.9462574228268912,-0.21205253420850848
GTEX-1HCVE-3026-SM-CL54G.1,BRAIN,54.5,7.7,870.0,0.799264892753011,-0.0793722064925196
GTEX-1HFI6-0011-R10b-SM-ARZLO.1,BRAIN,44.5,6.1,875.0,2.180300676783575,-0.06708131693964027
GTEX-1HFI6-0011-R11b-SM-A96RU.1,BRAIN,44.5,8.6,875.0,3.2038760175113445,-0.23442852547896742
GTEX-1HFI6-0011-R2a-SM-CMKH5.1,BRAIN,44.5,6.3,875.0,1.2441112191703207,-0.053724024457880236
GTEX-1HFI6-0011-R3b-SM-A9SKB.1,BRAIN,44.5,6.5,875.0,1.1326167652713548,-0.035074600139981815
GTEX-1HFI6-0011-R4b-SM-A96RT.1,BRAIN,44.5,6.9,875.0,1.1440769269007525,-0.006340835659835179
GTEX-1HFI6-0011-R5a-SM-A9G1J.1,BRAIN,44.5,7.3,875.0,0.0254403310324008,0.04834144069248189
GTEX-1HFI6-0011-R6b-SM-CM2SR.1,BRAIN,44.5,8.6,875.0,3.0061966786975187,0.12619241288067612
GTEX-1HFI6-0011-R7b-SM-CM2SS.1,BRAIN,44.5,9.4,875.0,0.8490984801633036,0.03595411190040554
GTEX-1HFI6-0011-R8a-SM-ARZLP.1,BRAIN,44.5,5.8,875.0,1.0681482083177218,-0.04718871064641522
GTEX-1HFI6-0011-R9b-SM-CMKH4.1,BRAIN,44.5,7.5,875.0,-0.2800525625459539,0.006410740596094293
GTEX-1HFI6-0126-SM-CNPPI.1,SKIN,44.5,6.4,900.0,1.6288590939709031,-0.1277206276145173
GTEX-1HFI6-0226-SM-ADEHZ.1,SKIN,44.5,7.7,910.0,-1.1891558453533897,-0.1319085586493607
GTEX-1HFI6-0426-SM-B2LXB.1,MUSCLE,44.5,8.2,919.0,0.2869858567563228,-0.018161525721396374
GTEX-1HFI6-0826-SM-9YFM2.1,HEART,44.5,7.3,927.0,0.903308010017504,0.054483615150458756
GTEX-1HFI6-3026-SM-CNPPJ.1,BRAIN,44.5,5.8,1058.0,-0.2340278688742411,0.029047520211673616
GTEX-1HFI6-3126-SM-A8N8J.1,BRAIN,44.5,7.5,1057.0,2.481978350637005,-0.18228971261864652
GTEX-1HFI7-0526-SM-A9SMA.1,HEART,54.5,7.5,372.0,-0.9709103735881583,-0.03386914763292928
GTEX-1HFI7-0826-SM-A9G23.1,HEART,54.5,8.0,386.0,0.2341883474194721,-0.10667719459606752
GTEX-1HFI7-1826-SM-ACKXH.1,SKIN,54.5,6.5,454.0,-0.082748256718502,-0.07512307425634257
GTEX-1HFI7-1926-SM-A96TQ.1,MUSCLE,54.5,7.3,456.0,-0.1397971675272245,0.004045762207228907
GTEX-1HFI7-2326-SM-CGQFS.1,SKIN,54.5,7.1,470.0,-0.3846716223617343,-0.0657754234634111
GTEX-1HGF4-0011-R10b-SM-CE6S5.1,BRAIN,64.5,7.2,760.0,0.2049653994303917,-0.012567307876829447
GTEX-1HGF4-0011-R11a-SM-C1YRR.1,BRAIN,64.5,7.1,760.0,2.102443024327756,-0.1624947549412743
GTEX-1HGF4-0011-R1a-SM-CJI3S.1,BRAIN,64.5,5.9,760.0,-1.9426319853049876,0.007687642578275456
GTEX-1HGF4-0011-R3b-SM-CL54W.1,BRAIN,64.5,8.1,760.0,-1.258260116977791,0.03078079261315221
GTEX-1HGF4-0011-R5b-SM-CM2ST.1,BRAIN,64.5,9.5,760.0,-0.4315305686542145,0.09229817803198262
GTEX-1HGF4-0011-R6a-SM-A96S1.1,BRAIN,64.5,7.1,760.0,-0.853170735281844,0.057693166434071845
GTEX-1HGF4-0011-R7a-SM-A96S2.1,BRAIN,64.5,7.3,760.0,-1.3262182430519849,0.05028784440966109
GTEX-1HGF4-0011-R8b-SM-CKZP9.1,BRAIN,64.5,7.2,760.0,-0.6623691721415539,0.0009202220385493222
GTEX-1HGF4-0011-R9a-SM-ADEH9.1,BRAIN,64.5,6.6,760.0,-3.351396568674746,0.03562505162760182
GTEX-1HGF4-0126-SM-CNPPX.1,SKIN,64.5,6.5,742.0,-2.190873648671551,-0.08576868082914872
GTEX-1HGF4-2426-SM-ACKXM.1,SKIN,64.5,7.4,826.0,-1.6942094864458186,-0.06118575980264896
GTEX-1HGF4-2626-SM-CM2SJ.1,MUSCLE,64.5,8.1,839.0,-0.0704186050444584,0.26815314641647103
GTEX-1HGF4-3026-SM-A8N89.1,BRAIN,64.5,7.1,908.0,1.5186663617335618,-0.0974129993468786
GTEX-1HGF4-3126-SM-CL54M.1,BRAIN,64.5,5.9,908.0,-0.1566654936368667,-0.008656081843885255
GTEX-1HKZK-0226-SM-9WYUG.1,MUSCLE,44.5,8.6,597.0,-0.1194851475557308,0.01779624026543521
GTEX-1HKZK-0326-SM-9WYUH.1,SKIN,44.5,7.0,600.0,-1.9026254658468444,-0.18358943891037005
GTEX-1HKZK-0726-SM-ACKW2.1,SKIN,44.5,7.4,639.0,-2.5296825324975662,0.05123332698883967
GTEX-1HR98-0011-R1a-SM-ARZLQ.1,BRAIN,64.5,5.9,1225.0,-3.031404358390128,0.06964655709463885
GTEX-1HR98-0011-R2a-SM-ARL7A.1,BRAIN,64.5,6.0,1225.0,-0.3376331143393887,0.13292292885671428
GTEX-1HR98-0011-R3b-SM-A9G1U.1,BRAIN,64.5,5.6,1225.0,-2.2098467120683445,0.027230795575644413
GTEX-1HR98-0011-R5a-SM-A9G1V.1,BRAIN,64.5,6.5,1225.0,-2.129187745290685,0.03973483014721891
GTEX-1HR98-0011-R9b-SM-ARL79.1,BRAIN,64.5,5.6,1225.0,-2.3984223354687693,-0.019043726048741164
GTEX-1HR98-0126-SM-B2LWI.1,SKIN,64.5,7.3,1357.0,-0.2940138083398737,-0.17135119003147364
GTEX-1HR98-1026-SM-CKZOM.1,HEART,64.5,6.7,1410.0,0.0005700074825756,0.04489677702607943
GTEX-1HR98-2226-SM-ADEI2.1,SKIN,64.5,5.9,1421.0,-1.3603859967026994,-0.21235491908818174
GTEX-1HR98-3026-SM-CNPPK.1,BRAIN,64.5,6.4,1430.0,0.0392890472638854,-0.006219156286274459
GTEX-1HR9M-0011-R10a-SM-CM2SU.1,BRAIN,64.5,7.9,670.0,-1.2883118958778792,0.04495963999735464
GTEX-1HR9M-0011-R3b-SM-ARL7B.1,BRAIN,64.5,5.8,670.0,-1.106243253591186,-0.03211200030387264
GTEX-1HR9M-0011-R5a-SM-ARU72.1,BRAIN,64.5,5.9,670.0,-3.132278971720469,0.04725791781180716
GTEX-1HR9M-0011-R6a-SM-ARU6Z.1,BRAIN,64.5,6.1,670.0,-0.5563829318884985,0.03036621953685958
GTEX-1HR9M-0326-SM-CL549.1,MUSCLE,64.5,8.0,742.0,0.7582481519579729,-0.09378554904461496
GTEX-1HR9M-2226-SM-CNPPY.1,SKIN,64.5,6.9,861.0,-0.5886739918309627,-0.017517126070131745
GTEX-1HSEH-0126-SM-ACKXN.1,SKIN,64.5,6.2,264.0,-3.335118185613935,-0.1240007570807683
GTEX-1HSEH-0326-SM-A9G26.1,MUSCLE,64.5,8.3,275.0,-0.5011820287525905,-0.13621194216680366
GTEX-1HSGN-0226-SM-CGQFV.1,SKIN,44.5,7.8,318.0,-0.7792413979478674,-0.07145523061975949
GTEX-1HSGN-0326-SM-ACKXQ.1,MUSCLE,44.5,8.3,321.0,-1.783529537922077,0.03560711883583916
GTEX-1HSGN-0826-SM-ACKW3.1,SKIN,44.5,7.1,333.0,-2.553919439462178,0.07677497705812071
GTEX-1HSGN-0926-SM-CNNQM.1,HEART,44.5,7.9,337.0,-0.4572636771170391,0.08871895020372424
GTEX-1HSGN-1126-SM-CJI4G.1,HEART,44.5,8.3,342.0,-0.2833975005013776,0.07090677093751849
GTEX-1HSKV-0011-R10b-SM-CMKH6.1,BRAIN,64.5,5.6,594.0,-0.3535123973039058,-0.011450465904190727
GTEX-1HSKV-0011-R11b-SM-AHZ2E.1,BRAIN,64.5,6.0,594.0,2.3502126091525035,-0.21937558524345938
GTEX-1HSKV-0011-R1b-SM-CMKH7.1,BRAIN,64.5,8.6,594.0,-0.1042030045504205,0.06191789797260858
GTEX-1HSKV-0011-R5b-SM-ARZLN.1,BRAIN,64.5,5.7,594.0,-1.266529296448615,0.11349150801486615
GTEX-1HSKV-0011-R8a-SM-CL54X.1,BRAIN,64.5,8.0,594.0,-0.4076227536570805,0.08793656415556375
GTEX-1HSKV-0126-SM-E6CI1.1,MUSCLE,64.5,8.0,736.0,-0.6741417124614176,-0.015545535326061271
GTEX-1HSKV-0226-SM-A9SKJ.1,SKIN,64.5,7.3,736.0,-0.2730949786287248,-0.10468620671732615
GTEX-1HSKV-0726-SM-ACKWE.1,HEART,64.5,7.0,771.0,-1.0580532364002184,-0.0005901872633687136
GTEX-1HSKV-1226-SM-ADEI4.1,SKIN,64.5,7.4,785.0,-0.680051231723098,0.030006873959000327
GTEX-1HSKV-2926-SM-B2LWJ.1,BRAIN,64.5,6.4,849.0,1.5858435952199963,-0.2092897447593056
GTEX-1HSKV-3026-SM-A96SL.1,BRAIN,64.5,5.6,853.0,-1.0579295819411405,-0.009140687667496945
GTEX-1HSMO-0011-R10a-SM-CL54Y.1,BRAIN,64.5,7.1,683.0,-0.6743615667273322,-0.02722723793158194
GTEX-1HSMO-0011-R1a-SM-CM2SV.1,BRAIN,64.5,8.2,683.0,-1.343124215847758,0.014988848367303268
GTEX-1HSMO-0011-R2a-SM-CL553.1,BRAIN,64.5,6.5,683.0,0.9929160468309096,0.21562311976471266
GTEX-1HSMO-0011-R8b-SM-CM2SW.1,BRAIN,64.5,5.8,683.0,-3.987062770927376,0.15794456043513305
GTEX-1HSMO-0011-R9b-SM-CM2T2.1,BRAIN,64.5,6.3,683.0,-0.6052732060433245,0.17044930760481
GTEX-1HSMO-0126-SM-CL547.1,SKIN,64.5,7.7,805.0,-0.5701737886032248,-0.06123150913189822
GTEX-1HSMO-0526-SM-ACKXB.1,MUSCLE,64.5,8.2,842.0,-0.4417531763312255,0.018265725739959972
GTEX-1HSMO-0626-SM-ACKXC.1,SKIN,64.5,7.7,862.0,-0.6990771229520849,-0.10594270546146246
GTEX-1HSMO-1126-SM-CGQF2.1,HEART,64.5,6.9,873.0,1.6244590945827757,-0.032663865414341006
GTEX-1HSMO-1226-SM-CL548.1,HEART,64.5,7.1,874.0,3.2358398325393463,0.011363350767644465
GTEX-1HSMO-2926-SM-C1YR5.1,BRAIN,64.5,6.5,903.0,-0.118051884523623,-0.2147961453867279
GTEX-1HSMO-3026-SM-A9G3F.1,BRAIN,64.5,6.4,904.0,-0.0697343498958846,-0.07060906975705726
GTEX-1HSMP-0126-SM-E6CJS.1,SKIN,74.5,6.2,321.0,-1.3171829812506666,-0.2532477844999819
GTEX-1HSMP-0326-SM-A9SMC.1,MUSCLE,74.5,8.1,353.0,-0.2089696331250311,-0.08464216329010094
GTEX-1HSMP-0926-SM-A9SKX.1,SKIN,74.5,7.8,378.0,0.0450560271666138,-0.2600812463558345
GTEX-1HSMQ-0226-SM-C1YQL.1,HEART,54.5,8.3,297.0,1.0862582138121455,-0.2268842224872892
GTEX-1HSMQ-0426-SM-ADEIM.1,HEART,54.5,8.2,301.0,0.8489186582167161,0.12036007218450866
GTEX-1HSMQ-1226-SM-CGQFX.1,SKIN,54.5,8.5,375.0,0.6643027899930136,-0.16090000766402102
GTEX-1HSMQ-1326-SM-ADEHS.1,MUSCLE,54.5,8.5,387.0,-0.2253088681042787,-0.02526121637064289
GTEX-1HSMQ-2626-SM-A9SML.1,SKIN,54.5,7.7,573.0,-1.3397572338586312,0.019396911945573463
GTEX-1HT8W-0011-R1b-SM-CJI3V.1,BRAIN,34.5,5.7,1183.0,0.2057904679271388,-0.013220647778630598
GTEX-1HT8W-0011-R2a-SM-CMKH9.1,BRAIN,34.5,6.7,1183.0,0.1217313592936376,-0.030743279164449144
GTEX-1HT8W-0011-R5b-SM-CJI3P.1,BRAIN,34.5,5.6,1183.0,-0.1311157256916292,-0.026044742932756857
GTEX-1HT8W-0011-R6a-SM-CM2SY.1,BRAIN,34.5,8.3,1183.0,0.797912757023485,-0.013691341684657911
GTEX-1HT8W-0011-R7b-SM-CMKH8.1,BRAIN,34.5,8.8,1183.0,-0.4872437404834578,-0.07627657139606749
GTEX-1HT8W-0011-R8b-SM-CM2SX.1,BRAIN,34.5,7.2,1183.0,0.910091095581132,-0.07955796355302838
GTEX-1HT8W-0126-SM-CNPPP.1,SKIN,34.5,7.5,1230.0,-0.495011090367634,-0.10082315973458184
GTEX-1HT8W-0326-SM-CM2SG.1,MUSCLE,34.5,8.4,1233.0,1.0417764767287596,0.048835585318535754
GTEX-1HT8W-0626-SM-A9G2H.1,SKIN,34.5,7.1,1238.0,-0.0455950152725811,-0.12965518454525313
GTEX-1HT8W-0826-SM-C1YRJ.1,LIVER,34.5,5.9,1241.0,0.120062862614538,-0.04064343317845219
GTEX-1HT8W-1326-SM-CGQEN.1,HEART,34.5,6.4,1250.0,0.8392470278053479,0.09680359863738784
GTEX-1HT8W-1726-SM-CNNQB.1,HEART,34.5,5.8,1257.0,-2.754293396394007,0.059138447015561195
GTEX-1HT8W-2926-SM-A8NA9.1,BRAIN,34.5,7.2,1293.0,2.305320273401242,-0.22521797860113718
GTEX-1HT8W-3026-SM-CGQEO.1,BRAIN,34.5,5.5,1295.0,0.9246282470825112,-0.12625792864419666
GTEX-1HUB1-0011-R11b-SM-CE6SC.1,BRAIN,64.5,7.6,655.0,-1.2195911137548388,-0.10758525187049375
GTEX-1HUB1-0011-R3b-SM-CKZOX.1,BRAIN,64.5,8.0,655.0,-0.8787988808185511,-0.00167622288524233
GTEX-1HUB1-0011-R5a-SM-CKZOY.1,BRAIN,64.5,8.0,655.0,-1.6443196210868622,0.09338174358136346
GTEX-1HUB1-0011-R6b-SM-ARU6W.1,BRAIN,64.5,6.6,655.0,-0.8442014108517539,0.06495374473727468
GTEX-1HUB1-0426-SM-E9U4U.1,SKIN,64.5,7.6,801.0,0.0985745336989318,-0.10458649307283065
GTEX-1HUB1-0526-SM-CL54N.1,MUSCLE,64.5,7.7,803.0,-0.1451174705336004,0.07398678404855573
GTEX-1HUB1-0726-SM-CGQF4.1,HEART,64.5,5.6,814.0,-1.379247606952058,0.07859604988090908
GTEX-1HUB1-1426-SM-CGQF5.1,SKIN,64.5,6.8,834.0,0.0358065864971845,-0.05001238420305578
GTEX-1HUB1-2926-SM-ACKXA.1,BRAIN,64.5,6.4,903.0,-1.110760004608532,0.032792120867425924
GTEX-1I19N-0011-R11b-SM-ARU6Y.1,BRAIN,74.5,5.8,725.0,0.932476683179812,-0.23976916151376113
GTEX-1I19N-0011-R5b-SM-ARU6X.1,BRAIN,74.5,6.0,725.0,0.5703136401555606,0.04945732835312078
GTEX-1I19N-0011-R6b-SM-CY8GC.1,BRAIN,74.5,6.3,725.0,0.4776339171841283,0.07127174084353646
GTEX-1I19N-0011-R9a-SM-CMKHN.1,BRAIN,74.5,6.5,725.0,1.229224056168257,0.1628089452978092
GTEX-1I19N-0126-SM-CYPSF.1,SKIN,74.5,6.9,737.0,0.7397790935595678,-0.25907430091593925
GTEX-1I19N-0326-SM-ACKVX.1,SKIN,74.5,8.1,744.0,-0.3949730337763525,-0.1979064283659337
GTEX-1I19N-0626-SM-A9SKY.1,HEART,74.5,8.1,748.0,1.9842442951126924,-0.09955870418114864
GTEX-1I19N-2026-SM-ACKXJ.1,MUSCLE,74.5,8.3,768.0,1.2875767814558157,-0.07866582274163869
GTEX-1I19N-2926-SM-A8N8C.1,BRAIN,74.5,6.1,786.0,-0.2359368879761995,-0.20699968079615524
GTEX-1I19N-3026-SM-CL55E.1,BRAIN,74.5,6.0,788.0,0.1832813497716273,-0.02823835305851766
GTEX-1I1CD-0011-R10b-SM-CJI3W.1,BRAIN,64.5,5.8,594.0,-0.9547210698168782,-0.032526953330911844
GTEX-1I1CD-0011-R2a-SM-CM2T3.1,BRAIN,64.5,5.7,594.0,-2.2933865571582084,-0.003595624804928626
GTEX-1I1CD-0011-R6b-SM-CJI3Y.1,BRAIN,64.5,7.1,594.0,-0.3317822212414604,-0.015102536240481624
GTEX-1I1CD-0011-R7a-SM-CMKHA.1,BRAIN,64.5,6.9,594.0,0.4235917034672702,0.0738950500836719
GTEX-1I1CD-0011-R8b-SM-CJI3X.1,BRAIN,64.5,5.9,594.0,-0.8299524367019934,-0.007600413217434215
GTEX-1I1CD-0011-R9a-SM-CMKHB.1,BRAIN,64.5,6.0,594.0,-1.3796233973952572,-0.05867193711330312
GTEX-1I1CD-0126-SM-CM2TK.1,SKIN,64.5,8.0,680.0,0.0934062839065744,-0.10751171425273537
GTEX-1I1CD-0626-SM-CE6SW.1,SKIN,64.5,8.0,696.0,0.1141583446879946,-0.07960054098859659
GTEX-1I1CD-1326-SM-A9SMM.1,HEART,64.5,6.7,704.0,0.9246919016553424,0.07277530794045939
GTEX-1I1CD-2926-SM-A96SJ.1,BRAIN,64.5,7.5,728.0,1.1170962797949184,-0.22262502173227497
GTEX-1I1CD-3026-SM-B2LY2.1,BRAIN,64.5,6.9,729.0,0.4532136452588357,-0.1092659487901795
GTEX-1I1GP-0008-SM-EXUT6.1,SKIN,54.5,9.9,1344.0,2.043443255716628,0.2563105371048199
GTEX-1I1GP-0626-SM-ARL7H.1,HEART,54.5,7.5,1307.0,1.4843162089524382,0.2078185021954411
GTEX-1I1GP-0826-SM-A96SD.1,HEART,54.5,5.7,1311.0,-3.2878940644000654,0.2514722542193207
GTEX-1I1GP-1326-SM-A9G28.1,SKIN,54.5,7.4,1319.0,-0.2056925494074977,-0.1372457837568929
GTEX-1I1GP-2126-SM-CKZPJ.1,MUSCLE,54.5,8.5,1341.0,-0.3611522030808433,0.1339218710312718
GTEX-1I1GP-2226-SM-CGQFK.1,SKIN,54.5,6.0,1343.0,-0.986450651485237,-0.14999074689520486
GTEX-1I1GQ-0011-R11b-SM-CKZPA.1,BRAIN,54.5,7.1,1015.0,2.1859448145235945,-0.17593718069871145
GTEX-1I1GQ-0011-R1a-SM-CY8GG.1,BRAIN,54.5,6.1,1015.0,-0.2584328133406878,0.04231571755551753
GTEX-1I1GQ-0011-R5a-SM-CMKHJ.1,BRAIN,54.5,6.6,1015.0,-0.4732049861194252,0.07848574248094803
GTEX-1I1GQ-0011-R6b-SM-CE6SE.1,BRAIN,54.5,6.5,1015.0,-0.7117451916897755,0.06465184192768711
GTEX-1I1GQ-0011-R7a-SM-CJI41.1,BRAIN,54.5,6.8,1015.0,-0.6412225150900981,0.11957078179521571
GTEX-1I1GQ-0011-R8a-SM-C1YRS.1,BRAIN,54.5,7.2,1015.0,1.7003956384583856,0.12284140238320573
GTEX-1I1GQ-0126-SM-COH3H.1,SKIN,54.5,7.5,1068.0,0.515376669713598,-0.19882930435275012
GTEX-1I1GQ-0326-SM-A9SKS.1,MUSCLE,54.5,8.7,1072.0,-0.007235652167296,-0.10506137758104707
GTEX-1I1GQ-1226-SM-CL55J.1,HEART,54.5,7.2,1108.0,0.0225804255004462,-0.013535383912449296
GTEX-1I1GQ-1426-SM-B2LWY.1,HEART,54.5,6.3,1113.0,-0.1384293784923127,-0.00845365428473983
GTEX-1I1GQ-2926-SM-A8N83.1,BRAIN,54.5,7.5,1141.0,1.442308976558078,-0.1877638327882739
GTEX-1I1GQ-3026-SM-CL55K.1,BRAIN,54.5,6.1,1143.0,-0.9336115354563272,-0.05640496401028708
GTEX-1I1GR-0011-R11a-SM-CM2T5.1,BRAIN,64.5,7.4,615.0,2.785591060295547,-0.23282967715573735
GTEX-1I1GR-0011-R3a-SM-CM2T4.1,BRAIN,64.5,5.9,615.0,0.2903433412465913,0.011232107455942613
GTEX-1I1GR-0011-R4a-SM-CMKHC.1,BRAIN,64.5,6.3,615.0,-1.089720441735763,0.049702957281493425
GTEX-1I1GR-0011-R5a-SM-CMKHD.1,BRAIN,64.5,6.4,615.0,-0.6564442630451468,0.10043147364775719
GTEX-1I1GR-0011-R6a-SM-CMKHI.1,BRAIN,64.5,6.2,615.0,-0.378295293717459,0.03957044362035823
GTEX-1I1GR-0126-SM-CL55F.1,SKIN,64.5,8.1,769.0,0.2634842175164767,-0.07658193536862395
GTEX-1I1GR-0326-SM-CKZPI.1,MUSCLE,64.5,7.8,774.0,0.0130522050488815,0.0017213149307877293
GTEX-1I1GR-1026-SM-A9SLC.1,HEART,64.5,6.6,857.0,-1.2173118026091254,-0.026741339156233782
GTEX-1I1GR-1526-SM-CNNQE.1,LIVER,64.5,5.6,867.0,-2.280831350090869,0.05969139156169015
GTEX-1I1GR-2826-SM-A8N8F.1,BRAIN,64.5,7.4,900.0,1.9848686579127597,-0.2003746510766861
GTEX-1I1GR-2926-SM-CNNQG.1,BRAIN,64.5,6.9,903.0,-0.2198091710142026,-0.02087168738131154
GTEX-1I1GS-0011-R11a-SM-C1YRU.1,BRAIN,64.5,7.1,686.0,3.4748573409099333,-0.16851489579584528
GTEX-1I1GS-0011-R1a-SM-CJI43.1,BRAIN,64.5,6.5,686.0,-0.5436638396187204,0.08759638365328747
GTEX-1I1GS-0011-R2b-SM-CMKHG.1,BRAIN,64.5,6.2,686.0,-0.515250703187268,0.12204006398081652
GTEX-1I1GS-0011-R3b-SM-CYPS7.1,BRAIN,64.5,5.8,686.0,0.2362579141606056,0.09192616662801661
GTEX-1I1GS-0011-R5a-SM-CKZPC.1,BRAIN,64.5,6.8,686.0,0.5314877429908632,0.10117693375086734
GTEX-1I1GS-0011-R6b-SM-CMKHE.1,BRAIN,64.5,6.7,686.0,-1.0266830505506173,0.08783159978991473
GTEX-1I1GS-0011-R7a-SM-CM2T6.1,BRAIN,64.5,5.6,686.0,-1.910230741298816,0.1448005256464502
GTEX-1I1GS-0011-R8b-SM-CKZPE.1,BRAIN,64.5,6.1,686.0,-0.3405733813683617,0.07436045445382003
GTEX-1I1GS-0011-R9b-SM-CMKHF.1,BRAIN,64.5,6.3,686.0,1.1511698144807496,-0.03188704439315802
GTEX-1I1GS-0126-SM-B2LVW.1,SKIN,64.5,7.6,701.0,-0.2838511970348405,-0.16203106015447624
GTEX-1I1GS-0326-SM-ARL7X.1,MUSCLE,64.5,8.1,707.0,0.8721971325857312,0.0985391188119688
GTEX-1I1GS-2626-SM-B2LY3.1,SKIN,64.5,7.6,813.0,-0.0303299057391163,-0.04249586192417515
GTEX-1I1GS-3026-SM-ACKW4.1,BRAIN,64.5,6.7,878.0,0.6534173630852965,0.07435882004126027
GTEX-1I1GT-0626-SM-CGQER.1,SKIN,64.5,7.0,474.0,-0.0842582244207844,-0.12844638809346315
GTEX-1I1GT-0726-SM-B2LWN.1,MUSCLE,64.5,7.1,475.0,-1.4016223360140618,0.0641882949933964
GTEX-1I1GT-1026-SM-ARZLV.1,SKIN,64.5,7.5,506.0,-1.3222201453546722,0.022507418404006718
GTEX-1I1GU-0008-SM-EXUT7.1,SKIN,44.5,9.9,356.0,1.998848882116001,0.37447508880951785
GTEX-1I1GU-0926-SM-ACKVS.1,SKIN,44.5,7.6,251.0,-1.0687043533868,-0.061860645145323225
GTEX-1I1GU-2126-SM-CGQF9.1,MUSCLE,44.5,8.0,353.0,0.9420208477465016,0.07687385140268232
GTEX-1I1GU-2226-SM-CGQFA.1,SKIN,44.5,7.5,356.0,-0.13580373095959,-0.1164476163485996
GTEX-1I1GV-0011-R10a-SM-CE6S6.1,BRAIN,64.5,6.8,855.0,0.0332986296953425,-0.013078000521872137
GTEX-1I1GV-0011-R11a-SM-CJI3Z.1,BRAIN,64.5,8.0,855.0,1.7927390596768094,-0.2343701942982242
GTEX-1I1GV-0011-R1a-SM-CL559.1,BRAIN,64.5,5.9,855.0,-1.7680105110984563,0.12247728020241985
GTEX-1I1GV-0011-R2a-SM-ARZLF.1,BRAIN,64.5,6.0,855.0,-0.4871564072653188,0.03194804457160482
GTEX-1I1GV-0011-R3a-SM-CL557.1,BRAIN,64.5,5.8,855.0,-1.253457599604101,0.06583377797116402
GTEX-1I1GV-0011-R5b-SM-CKZPD.1,BRAIN,64.5,6.0,855.0,-1.9796735765873172,0.10760060583003589
GTEX-1I1GV-0011-R6b-SM-ARU6Q.1,BRAIN,64.5,6.7,855.0,0.2028394997923707,-0.06019871463651845
GTEX-1I1GV-0011-R7a-SM-ARU6R.1,BRAIN,64.5,6.4,855.0,-1.3357131801172828,0.08899388618639892
GTEX-1I1GV-0011-R9b-SM-ARZLE.1,BRAIN,64.5,5.6,855.0,-2.9405578373889982,-0.0059996365237447655
GTEX-1I1GV-0126-SM-CL55G.1,MUSCLE,64.5,7.7,1137.0,2.108057985942823,-0.020700406889800838
GTEX-1I1GV-0526-SM-A9G29.1,SKIN,64.5,7.1,1142.0,-2.227015139438941,-0.09263615367797984
GTEX-1I1GV-0626-SM-ARL7M.1,SKIN,64.5,8.1,1187.0,0.0122677271803092,-0.17642591731365173
GTEX-1I1GV-1026-SM-A8N8D.1,LIVER,64.5,6.2,1196.0,-1.2934754250551326,0.08699079810911965
GTEX-1I1GV-1326-SM-A96SE.1,HEART,64.5,6.2,1201.0,-2.5111304104534087,-0.04403571472517632
GTEX-1I1GV-1426-SM-B2LXN.1,HEART,64.5,6.5,1203.0,-0.1450936453402942,-0.14415991895974672
GTEX-1I1GV-3026-SM-CNNR9.1,BRAIN,64.5,7.5,1341.0,1.2256440251447418,-0.18671078067408425
GTEX-1I1GV-3126-SM-A96SF.1,BRAIN,64.5,6.3,1344.0,-1.2396295403734223,-0.03459642434354815
GTEX-1I1HK-0011-R10b-SM-CJI3M.1,BRAIN,64.5,6.4,964.0,0.5277045870767337,0.005021702323847751
GTEX-1I1HK-0011-R11a-SM-B2LVN.1,BRAIN,64.5,6.7,964.0,0.8223127240509234,-0.181264706777807
GTEX-1I1HK-0011-R1b-SM-CM2T7.1,BRAIN,64.5,5.8,964.0,-1.3323144412576502,0.09799881878372123
GTEX-1I1HK-0011-R5b-SM-ARU6S.1,BRAIN,64.5,6.3,964.0,-2.006671762340094,0.16492543081982353
GTEX-1I1HK-0011-R6b-SM-CM2T9.1,BRAIN,64.5,5.9,964.0,-1.3206866765504093,0.09872429496364316
GTEX-1I1HK-0011-R8b-SM-E8VN9.1,BRAIN,64.5,6.2,964.0,-1.2998510339903802,0.039903851108036195
GTEX-1I1HK-0011-R9a-SM-CMKHK.1,BRAIN,64.5,6.0,964.0,0.0078806073677371,0.2841600127369243
GTEX-1I1HK-0126-SM-COH49.1,SKIN,64.5,6.4,1004.0,-1.2353835230183488,-0.1422586944504854
GTEX-1I1HK-0326-SM-ACKW5.1,MUSCLE,64.5,8.5,1008.0,-0.8105411250721455,-0.1308334980539941
GTEX-1I1HK-0626-SM-CNPQM.1,HEART,64.5,6.7,1085.0,0.0620996268706126,-0.05307265954974288
GTEX-1I1HK-0726-SM-B2LY4.1,HEART,64.5,6.9,1087.0,0.2815538985106122,-0.013432143891537504
GTEX-1I1HK-1126-SM-AHZ2L.1,LIVER,64.5,5.9,1106.0,-1.535601824213773,0.05229432693778642
GTEX-1I1HK-2326-SM-CKZOH.1,SKIN,64.5,6.8,1171.0,-1.0598598938035335,-0.05175695488311307
GTEX-1I1HK-2726-SM-AHZ2M.1,BRAIN,64.5,6.7,1244.0,0.6605479985178896,-0.14027340014781758
GTEX-1I1HK-2826-SM-CKZPL.1,BRAIN,64.5,6.1,1246.0,-0.6761431659387578,0.05098367841610456
GTEX-1I4MK-0126-SM-CY8G6.1,SKIN,54.5,6.3,178.0,-1.5136815285492586,-0.15519461901451903
GTEX-1I4MK-2226-SM-ACKWD.1,SKIN,54.5,8.1,358.0,-1.2361721524289706,-0.09295137665123339
GTEX-1I4MK-2326-SM-ADEHR.1,MUSCLE,54.5,8.2,359.0,-2.3872317188702485,0.036462062979475775
GTEX-1I6K6-0126-SM-A9SLE.1,SKIN,34.5,7.9,404.0,-0.7146197704589579,-0.2663023000228409
GTEX-1I6K6-0326-SM-CJI4A.1,MUSCLE,34.5,8.4,414.0,-0.2037473792609264,-0.22929134586808453
GTEX-1I6K6-1726-SM-CGQFD.1,SKIN,34.5,7.7,469.0,-0.3046755883527486,-0.23302259656786065
GTEX-1I6K7-0326-SM-B2LXO.1,MUSCLE,44.5,8.8,161.0,-1.4543897897456892,0.02989241373730482
GTEX-1I6K7-0626-SM-ARL7Q.1,HEART,44.5,9.4,179.0,1.0917082804343332,-0.09786069387179701
GTEX-1I6K7-1926-SM-B2LXR.1,SKIN,44.5,8.2,238.0,0.0212016702036518,-0.24655848060774768
GTEX-1ICG6-0626-SM-ACKWS.1,HEART,74.5,7.0,276.0,-1.746785457381429,-0.005723522990722418
GTEX-1ICG6-0726-SM-B2LY5.1,HEART,74.5,8.3,276.0,0.7717577896362404,0.013439180333788303
GTEX-1ICG6-1026-SM-B2LY6.1,LIVER,74.5,8.3,282.0,0.9195214923604632,-0.03628035337633675
GTEX-1ICG6-1226-SM-A9SLN.1,SKIN,74.5,7.2,285.0,-1.2275806560715363,-0.05836723779706818
GTEX-1ICG6-2526-SM-CGQFZ.1,SKIN,74.5,7.4,359.0,-0.0256896718815202,-0.0751523195734214
GTEX-1ICG6-2726-SM-CKZPN.1,MUSCLE,74.5,7.7,363.0,0.0703762335741179,-0.04177090518793788
GTEX-1ICLY-0126-SM-D4P36.1,SKIN,54.5,7.0,472.0,-0.7484859314987066,-0.13648226052175527
GTEX-1ICLY-0326-SM-ARL7S.1,MUSCLE,54.5,7.4,482.0,-1.8456807381981533,0.17381787443516133
GTEX-1ICLY-0826-SM-CMKG1.1,SKIN,54.5,7.5,528.0,0.0785831074365727,-0.06227395133660956
GTEX-1ICLY-1326-SM-CJI47.1,HEART,54.5,6.6,545.0,-1.8703344366631305,0.08157681257941819
GTEX-1ICLY-1526-SM-C1YS4.1,LIVER,54.5,6.0,557.0,-0.0020064532905051,0.04250035187877873
GTEX-1ICLZ-0011-R10a-SM-A9SM2.1,BRAIN,64.5,6.8,1170.0,1.2374836794470363,-0.01624069084755093
GTEX-1ICLZ-0011-R11a-SM-CJI3N.1,BRAIN,64.5,6.8,1170.0,2.2804530936315777,-0.26843658120020447
GTEX-1ICLZ-0011-R1b-SM-A9SM3.1,BRAIN,64.5,6.6,1170.0,0.6391454066736979,0.028732259450415708
GTEX-1ICLZ-0011-R4a-SM-CMKHL.1,BRAIN,64.5,6.2,1170.0,0.0955882252152117,0.05239587413864372
GTEX-1ICLZ-0011-R6b-SM-A9G3A.1,BRAIN,64.5,7.5,1170.0,1.481490232850164,0.04669467432482416
GTEX-1ICLZ-0011-R7a-SM-ARZLU.1,BRAIN,64.5,5.6,1170.0,1.4016919778743393,0.012925466814584381
GTEX-1ICLZ-0011-R8b-SM-ACKX4.1,BRAIN,64.5,6.1,1170.0,-0.2621121364968016,0.09097046973946883
GTEX-1ICLZ-0011-R9a-SM-ARL7E.1,BRAIN,64.5,6.3,1170.0,0.3946271698472689,0.12962873506939354
GTEX-1ICLZ-0126-SM-CKZPO.1,SKIN,64.5,7.7,1283.0,-0.423711856130851,-0.032528204269553405
GTEX-1ICLZ-0326-SM-ARL82.1,SKIN,64.5,7.4,1313.0,-1.1897923922835278,0.10809477736226783
GTEX-1ICLZ-0626-SM-ARL83.1,MUSCLE,64.5,7.4,1322.0,-2.9997930637267216,-0.24527939894199177
GTEX-1ICLZ-1026-SM-A9SLF.1,HEART,64.5,6.1,1337.0,-1.7581356984870258,0.00935063987798371
GTEX-1ICLZ-2726-SM-A8N8R.1,BRAIN,64.5,6.5,1415.0,1.2340495824294249,-0.1666900269313254
GTEX-1ICLZ-2826-SM-CL53U.1,BRAIN,64.5,6.6,1417.0,-0.236031541141587,-0.020263198587460663
GTEX-1IDFM-0126-SM-COH2V.1,SKIN,64.5,7.3,775.0,0.4605345479773938,-0.02535575846946902
GTEX-1IDFM-0326-SM-ARL7V.1,SKIN,64.5,7.6,797.0,0.8168387468299665,-0.21162859073393975
GTEX-1IDFM-1526-SM-ARL7U.1,MUSCLE,64.5,7.9,821.0,2.016190116954462,0.04146412950556365
GTEX-1IDFM-2826-SM-ACKWJ.1,BRAIN,64.5,6.6,846.0,-2.7562924404876137,0.0053913168679839835
GTEX-1IDJC-1526-SM-B2LW4.1,SKIN,54.5,7.8,455.0,-0.3511055986496127,-0.28395173736908735
GTEX-1IDJC-1726-SM-CMKG3.1,SKIN,54.5,8.3,483.0,1.216941393569607,-0.08691026342926202
GTEX-1IDJC-2026-SM-ADEIK.1,MUSCLE,54.5,7.9,475.0,-1.9250980585152024,-0.003274236520147472
GTEX-1IDJD-0226-SM-CKZOA.1,HEART,34.5,9.1,227.0,0.1480159853033357,0.09503177454142826
GTEX-1IDJD-1326-SM-CM2TQ.1,MUSCLE,34.5,7.6,454.0,-0.0692115417355073,0.050893652083201846
GTEX-1IDJD-2326-SM-ACKWX.1,SKIN,34.5,6.8,625.0,-2.153999446639157,-0.05720238835130803
GTEX-1IDJE-0326-SM-CM2TD.1,HEART,54.5,7.5,429.0,0.1559474664007044,0.0739379801786609
GTEX-1IDJE-1426-SM-ADEIW.1,SKIN,54.5,7.8,486.0,-1.1481712721470103,-0.06959225065097704
GTEX-1IDJE-2426-SM-ACKWF.1,MUSCLE,54.5,7.6,743.0,-0.3277289304479923,0.045224920049213975
GTEX-1IDJF-0126-SM-CM2RS.1,SKIN,24.5,8.3,302.0,-0.9416434279420368,-0.14964516165871725
GTEX-1IDJF-0326-SM-ADEIG.1,MUSCLE,24.5,8.3,313.0,-1.7163484718989497,-0.021064541976850745
GTEX-1IDJF-0726-SM-CJI1U.1,HEART,24.5,8.9,346.0,0.9812029687079404,-0.16813471326409685
GTEX-1IDJF-0826-SM-ARU7N.1,HEART,24.5,9.4,379.0,1.080260050392823,0.06337870666358936
GTEX-1IDJF-2026-SM-CL53V.1,SKIN,24.5,7.9,404.0,-0.9166623877970334,-0.13115125413345155
GTEX-1IDJH-0011-R10a-SM-ARZLK.1,BRAIN,74.5,7.1,760.0,1.961317423261192,-0.13742154821297956
GTEX-1IDJH-0011-R11b-SM-C1YRT.1,BRAIN,74.5,6.6,760.0,3.1620860840143474,-0.17159819597946596
GTEX-1IDJH-0011-R1b-SM-ARU6U.1,BRAIN,74.5,6.1,760.0,0.4027819941382908,0.06586717102805179
GTEX-1IDJH-0011-R3a-SM-CJI42.1,BRAIN,74.5,6.7,760.0,1.2397823995549817,-0.03277644317742151
GTEX-1IDJH-0011-R5a-SM-CE6SR.1,BRAIN,74.5,7.4,760.0,0.2692801033806126,0.07853023520631096
GTEX-1IDJH-0011-R6a-SM-A9SLZ.1,BRAIN,74.5,7.3,760.0,1.025866107907543,0.019537034225377725
GTEX-1IDJH-0011-R7a-SM-A9SM1.1,BRAIN,74.5,7.0,760.0,1.0167789433055985,0.019867241433023528
GTEX-1IDJH-0011-R8b-SM-ARZLL.1,BRAIN,74.5,5.9,760.0,0.3530118028736242,0.11925580452640493
GTEX-1IDJH-0011-R9a-SM-ADEIN.1,BRAIN,74.5,7.7,760.0,1.8496015884169137,0.13357757165047304
GTEX-1IDJH-0126-SM-D3L92.1,SKIN,74.5,7.4,774.0,-0.3820063478056648,-0.022135361661808992
GTEX-1IDJH-0226-SM-CYPSB.1,MUSCLE,74.5,8.7,783.0,-0.3952133160173776,0.1582382487752587
GTEX-1IDJH-0326-SM-A9SLQ.1,SKIN,74.5,7.3,784.0,-0.5468952792530373,-0.060092329918703564
GTEX-1IDJH-1026-SM-E9TKH.1,HEART,74.5,5.5,795.0,-4.080919433411966,0.0949785774900135
GTEX-1IDJH-1126-SM-COH3R.1,HEART,74.5,7.4,797.0,0.7767486826307247,-0.012558013236072836
GTEX-1IDJH-1526-SM-A8N96.1,LIVER,74.5,6.0,809.0,-2.3415091449399545,0.12743605743775277
GTEX-1IDJH-3026-SM-CL53B.1,BRAIN,74.5,6.6,880.0,0.6445659894045347,-0.035004338964511855
GTEX-1IDJH-3126-SM-C1YQS.1,BRAIN,74.5,7.3,883.0,2.7561456142459404,-0.18512553233792434
GTEX-1IDJI-0126-SM-CMKHS.1,SKIN,54.5,5.8,367.0,-0.8549699297582478,-0.007316204096672993
GTEX-1IDJI-1026-SM-A96TE.1,HEART,54.5,8.5,442.0,0.8726421734181298,-0.15042843000375836
GTEX-1IDJU-0626-SM-CKZOG.1,HEART,64.5,9.0,94.0,-0.0191374814725288,-0.05204493601660628
GTEX-1IDJU-0726-SM-CNPQ9.1,HEART,64.5,9.3,97.0,0.231558370414332,-0.14707737237702026
GTEX-1IDJU-1726-SM-CMKHU.1,SKIN,64.5,7.2,134.0,-1.2014186807701772,-0.08631646924597156
GTEX-1IDJU-2426-SM-ARZM9.1,MUSCLE,64.5,7.8,363.0,-1.4559643623369842,-0.05516717253842639
GTEX-1IDJU-2626-SM-CM2RT.1,SKIN,64.5,8.3,367.0,-0.001826300884895,-0.1051525125415039
GTEX-1IDJV-0126-SM-COH3Y.1,SKIN,64.5,7.0,633.0,-0.4033940448533442,-0.17301475356960944
GTEX-1IDJV-0426-SM-COH3Z.1,MUSCLE,64.5,7.7,647.0,-0.5945293834466854,-0.050691565600853056
GTEX-1IE54-0126-SM-CMKHW.1,SKIN,44.5,7.1,387.0,-0.3833687537992103,-0.13414309831537466
GTEX-1IE54-0326-SM-ARZMD.1,MUSCLE,44.5,8.8,393.0,0.1145249216974552,0.05762227674249938
GTEX-1IE54-1126-SM-A9G2Z.1,SKIN,44.5,8.1,491.0,-0.6667097420863558,-0.11579042276649675
GTEX-1IGQW-0011-R11a-SM-C1YRV.1,BRAIN,64.5,5.6,1165.0,1.6392399435376834,-0.25838631211162194
GTEX-1IGQW-0011-R2b-SM-D4P26.1,BRAIN,64.5,6.0,1165.0,-1.4096500849050413,0.09922280107243148
GTEX-1IGQW-0011-R5b-SM-CJI44.1,BRAIN,64.5,6.3,1165.0,-1.5312128782044403,0.054973308970881526
GTEX-1IGQW-0011-R6a-SM-CM2TC.1,BRAIN,64.5,5.7,1165.0,-1.6940426335011285,0.07371755429126556
GTEX-1IGQW-0011-R9b-SM-D4P25.1,BRAIN,64.5,6.7,1165.0,-1.3648600695138304,0.01688148084603815
GTEX-1IGQW-0126-SM-COH42.1,SKIN,64.5,7.7,1305.0,0.4224856672010944,-0.1460145379044887
GTEX-1IGQW-0526-SM-CKZO3.1,MUSCLE,64.5,7.1,1311.0,0.978847335547648,-0.10037819561567367
GTEX-1IGQW-2726-SM-A8N9K.1,BRAIN,64.5,6.5,1387.0,0.9509655444532464,-0.1791228770439959
GTEX-1IKJJ-0011-R2b-SM-ARZLJ.1,BRAIN,64.5,6.0,1046.0,-0.285956269584679,-0.009933070573215219
GTEX-1IKJJ-0011-R3b-SM-C1YRW.1,BRAIN,64.5,6.3,1046.0,1.0291695169252355,-0.03441659061475012
GTEX-1IKJJ-0011-R5b-SM-CE6SL.1,BRAIN,64.5,7.5,1046.0,0.1180052259654298,-0.0025327477267556636
GTEX-1IKJJ-0011-R7a-SM-ARZLH.1,BRAIN,64.5,7.4,1046.0,0.2745918002853056,0.028146090387277934
GTEX-1IKJJ-0011-R9a-SM-ARZLI.1,BRAIN,64.5,6.7,1046.0,0.3309999328630059,0.013002081561700789
GTEX-1IKJJ-0126-SM-CNPQB.1,SKIN,64.5,8.1,1209.0,0.1407114385186783,-0.15258144952996952
GTEX-1IKJJ-0326-SM-CL55L.1,MUSCLE,64.5,8.4,1216.0,0.119046669897348,0.05000484572363331
GTEX-1IKJJ-0626-SM-CY8GF.1,HEART,64.5,7.1,1282.0,1.208863836996834,-0.0388825730342595
GTEX-1IKJJ-0826-SM-A96SP.1,HEART,64.5,6.2,1286.0,-3.606114216315912,0.009726973942401566
GTEX-1IKJJ-1526-SM-C1YSC.1,LIVER,64.5,6.9,1311.0,0.0319198534930034,0.07180015304677101
GTEX-1IKJJ-2226-SM-CJI4C.1,SKIN,64.5,7.4,1356.0,-0.4174194470284748,-0.06853193086681243
GTEX-1IKJJ-2926-SM-A9G2N.1,BRAIN,64.5,5.7,1431.0,-1.500399060853166,-0.016723333890497547
GTEX-1IKK5-0011-R10b-SM-CE6SP.1,BRAIN,64.5,5.8,437.0,0.2097679511181758,-0.04588692818655389
GTEX-1IKK5-0011-R11a-SM-C1YRX.1,BRAIN,64.5,6.9,437.0,2.870068200307182,-0.21225274547235998
GTEX-1IKK5-0011-R1b-SM-CE6SQ.1,BRAIN,64.5,6.2,437.0,-0.8326434966121855,0.0752672713740048
GTEX-1IKK5-0011-R3b-SM-C1YRY.1,BRAIN,64.5,5.9,437.0,-0.3626133572150053,0.010349712626836453
GTEX-1IKK5-0011-R5b-SM-CL55B.1,BRAIN,64.5,7.2,437.0,0.4443081693852868,0.12489568791589593
GTEX-1IKK5-0011-R6b-SM-A9SLY.1,BRAIN,64.5,6.8,437.0,0.5012948393094954,0.057062915667551554
GTEX-1IKK5-0011-R7b-SM-A9G39.1,BRAIN,64.5,6.8,437.0,-0.2661064062902103,0.12386839733564019
GTEX-1IKK5-0011-R8b-SM-CJI45.1,BRAIN,64.5,7.4,437.0,0.9929257069784966,0.08170513659028582
GTEX-1IKK5-0326-SM-C1YPY.1,LIVER,64.5,6.3,650.0,0.5293174536949745,0.05172708199987251
GTEX-1IKK5-0426-SM-CL53X.1,MUSCLE,64.5,8.8,654.0,0.3336191060708182,0.1321607919238361
GTEX-1IKK5-0626-SM-ARL8A.1,SKIN,64.5,7.6,658.0,-1.9386319607055165,-0.23760580618800517
GTEX-1IKK5-1526-SM-CKZPW.1,HEART,64.5,7.0,678.0,0.7137535700724877,0.1263900503263879
GTEX-1IKK5-1726-SM-CM2RU.1,HEART,64.5,8.3,682.0,1.024326302510091,0.11766051237385271
GTEX-1IKK5-2926-SM-ARU7Q.1,BRAIN,64.5,6.9,734.0,0.7148502914369312,-0.02030117017637342
GTEX-1IKOE-0626-SM-A9G31.1,HEART,34.5,9.0,485.0,0.2977223104681101,0.005154153811712644
GTEX-1IKOE-1026-SM-ARZMF.1,HEART,34.5,8.4,498.0,0.7223047642636612,-0.12829097344334042
GTEX-1IKOE-1426-SM-CE6T7.1,SKIN,34.5,8.3,506.0,-1.832019283301682,-0.04411308774376372
GTEX-1IKOH-0011-R11a-SM-AHZ38.1,BRAIN,64.5,6.5,1083.0,0.0303788670397769,-0.1483074905637557
GTEX-1IKOH-0011-R2a-SM-CMKHO.1,BRAIN,64.5,5.7,1083.0,0.4270946687434372,0.06905144995768518
GTEX-1IKOH-0011-R5a-SM-ARU8C.1,BRAIN,64.5,6.8,1083.0,-1.8685736350548807,0.09830883737929606
GTEX-1IKOH-0011-R6b-SM-A9G1W.1,BRAIN,64.5,6.3,1083.0,-2.8809999039656606,0.09016937625338588
GTEX-1IKOH-0011-R7b-SM-CKZPH.1,BRAIN,64.5,6.0,1083.0,-3.576476821328661,0.1618900338876548
GTEX-1IKOH-0011-R8a-SM-A9SKG.1,BRAIN,64.5,6.5,1083.0,-1.808988204511924,0.0673325432590988
GTEX-1IKOH-0126-SM-COH4D.1,MUSCLE,64.5,8.3,1287.0,1.0665850847771108,0.10181962977809231
GTEX-1IKOH-0226-SM-COH4E.1,SKIN,64.5,7.8,1287.0,-0.1933930935933655,-0.07678827704040979
GTEX-1IKOH-0926-SM-A9SLU.1,HEART,64.5,6.4,1313.0,-0.8031488082900184,0.2648185550625018
GTEX-1IKOH-2826-SM-CNNRC.1,BRAIN,64.5,6.2,1409.0,-0.3312962797529502,-0.13701619064832454
GTEX-1IL2U-0011-R11a-SM-CE6SO.1,BRAIN,64.5,6.0,397.0,0.9127177846140276,-0.10727945688611742
GTEX-1IL2U-0011-R2a-SM-ARU6V.1,BRAIN,64.5,5.7,397.0,-2.4613971468483107,-0.006433643329764934
GTEX-1IL2U-0011-R5a-SM-CE6SN.1,BRAIN,64.5,6.4,397.0,-3.0610846704116863,0.12868634451673006
GTEX-1IL2U-0011-R6a-SM-ARZLG.1,BRAIN,64.5,6.3,397.0,-1.8678144245934163,0.0095951285281534
GTEX-1IL2U-0226-SM-CE6T8.1,SKIN,64.5,8.0,494.0,-0.3224658626414193,-0.08699231365537405
GTEX-1IL2U-0726-SM-EAZ2Y.1,MUSCLE,64.5,7.5,510.0,1.777730908607548,0.0021089098498620227
GTEX-1IL2U-1226-SM-CL53P.1,HEART,64.5,7.5,559.0,1.318698541565002,-0.04790330608438721
GTEX-1IL2U-1326-SM-A9G2O.1,HEART,64.5,6.3,560.0,-1.468308884694696,-0.06969784430437498
GTEX-1IL2U-2926-SM-A8N8V.1,BRAIN,64.5,6.7,599.0,0.5220299601026153,-0.1462165589688251
GTEX-1IL2U-3026-SM-C1YSH.1,BRAIN,64.5,7.3,602.0,0.1542129618229966,-0.0022708260280453695
GTEX-1IL2V-0011-R10a-SM-CL55A.1,BRAIN,74.5,5.8,827.0,-1.6838464608640895,0.037034281434960736
GTEX-1IL2V-0011-R11a-SM-ARU6T.1,BRAIN,74.5,6.8,827.0,1.5678575961879,-0.2278520810355691
GTEX-1IL2V-0011-R5a-SM-ARL78.1,BRAIN,74.5,5.9,827.0,-1.4586846872304,0.10855219536550494
GTEX-1IL2V-0126-SM-CM2TX.1,SKIN,74.5,5.9,975.0,-0.3779107850514879,-0.17197738794031295
GTEX-1IL2V-0526-SM-ARL8B.1,MUSCLE,74.5,8.0,986.0,0.8322461477236365,-0.02865219774282432
GTEX-1IL2V-1126-SM-CMKGH.1,HEART,74.5,6.5,1052.0,-1.6776438508499938,0.09793974074884144
GTEX-1IL2V-1926-SM-B2LW8.1,SKIN,74.5,5.7,1077.0,-0.5217274615932944,-0.15427367610530793
GTEX-1IL2V-3026-SM-CYPSA.1,BRAIN,74.5,6.0,1156.0,0.8143179827297262,-0.14005200050907415
GTEX-1IOXB-0011-R10a-SM-D3L8I.1,BRAIN,54.5,7.8,611.0,0.901656004452581,-0.031036649100613878
GTEX-1IOXB-0011-R11a-SM-A9G1X.1,BRAIN,54.5,6.2,611.0,-2.0004271423916284,-0.0689884785160029
GTEX-1IOXB-0011-R1a-SM-D4P27.1,BRAIN,54.5,6.3,611.0,0.6540932765083655,0.0037286357749666114
GTEX-1IOXB-0011-R7b-SM-CE6SM.1,BRAIN,54.5,5.9,611.0,-1.0652185266411982,0.0923801441547208
GTEX-1IOXB-0126-SM-ARL8G.1,SKIN,54.5,8.0,766.0,-1.0760590947790538,-0.09916086177354672
GTEX-1IOXB-0326-SM-CL55M.1,MUSCLE,54.5,7.6,778.0,0.4056727017780076,0.11606489144921031
GTEX-1IOXB-0726-SM-A9G32.1,HEART,54.5,6.5,879.0,-2.51552002753486,0.022191320318724905
GTEX-1IOXB-2726-SM-CM2RI.1,SKIN,54.5,6.9,986.0,-0.3518821542237197,-0.13793968927706976
GTEX-1IOXB-3126-SM-CKZO1.1,BRAIN,54.5,5.6,1097.0,-2.0555669259584866,0.04018215969931237
GTEX-1IY9M-0011-R11b-SM-A96TI.1,BRAIN,64.5,7.1,1019.0,2.420387694166052,-0.18889736840013188
GTEX-1IY9M-0011-R1a-SM-EXURZ.1,BRAIN,64.5,6.6,1019.0,0.9612668006933373,0.0006335800082146627
GTEX-1IY9M-0011-R2a-SM-D4P29.1,BRAIN,64.5,6.9,1019.0,1.0312824562568923,-0.011242714126434348
GTEX-1IY9M-0011-R4a-SM-C1YQ2.1,BRAIN,64.5,6.3,1019.0,1.319857519146393,-0.0017974352681869002
GTEX-1IY9M-0011-R5a-SM-A9SLX.1,BRAIN,64.5,7.6,1019.0,0.5732194676141438,0.05022045827440405
GTEX-1IY9M-0011-R6a-SM-D4P28.1,BRAIN,64.5,6.8,1019.0,0.8534833464650069,0.10084730502033827
GTEX-1IY9M-0011-R7a-SM-D4P49.1,BRAIN,64.5,6.8,1019.0,0.3796699487499957,0.09902449836199625
GTEX-1IY9M-0011-R8a-SM-EYYWW.1,BRAIN,64.5,6.1,1019.0,1.5044843080587773,0.0717525253061264
GTEX-1IY9M-0011-R9b-SM-D3L8J.1,BRAIN,64.5,7.6,1019.0,3.63782361176248,0.213301805709241
GTEX-1IY9M-0126-SM-D3L8S.1,SKIN,64.5,8.4,1117.0,-0.332457881877242,-0.1685701702138773
GTEX-1IY9M-0326-SM-ARZMN.1,MUSCLE,64.5,8.5,1129.0,-0.0137358075871333,0.0266269464982906
GTEX-1IY9M-0626-SM-D4P2L.1,HEART,64.5,7.0,1166.0,0.4384322809527584,-0.011599244384548901
GTEX-1IY9M-2826-SM-ARU8H.1,SKIN,64.5,7.9,1297.0,-1.2124760879741063,-0.21481289221084107
GTEX-1IY9M-3026-SM-A9G37.1,BRAIN,64.5,7.4,1341.0,-0.062927593406181,-0.09617720663132885
GTEX-1IY9M-3126-SM-AHZ3A.1,BRAIN,64.5,8.1,1342.0,1.6338663950686836,-0.15568352192997062
GTEX-1J1OQ-0011-R10a-SM-A9G1Y.1,BRAIN,44.5,6.6,1210.0,0.6307465031395043,0.04031733440914388
GTEX-1J1OQ-0011-R11a-SM-A96S3.1,BRAIN,44.5,7.3,1210.0,1.7484013225766404,-0.2510952635470442
GTEX-1J1OQ-0011-R1a-SM-A9G1Z.1,BRAIN,44.5,5.9,1210.0,-1.1328652219672877,0.06280018102412663
GTEX-1J1OQ-0011-R2b-SM-ARU88.1,BRAIN,44.5,6.2,1210.0,-2.18563800901747,0.03128273938830995
GTEX-1J1OQ-0011-R3b-SM-D4P2B.1,BRAIN,44.5,7.0,1210.0,0.5534238184294625,0.10492780189719814
GTEX-1J1OQ-0011-R4a-SM-D4P2A.1,BRAIN,44.5,6.9,1210.0,-0.176170252147238,0.13690158489512058
GTEX-1J1OQ-0011-R5a-SM-D3L8K.1,BRAIN,44.5,7.9,1210.0,0.924037484921648,0.047831100403942936
GTEX-1J1OQ-0011-R6a-SM-ARU86.1,BRAIN,44.5,7.3,1210.0,-0.7961270118136772,0.032473015230603614
GTEX-1J1OQ-0011-R7b-SM-ARU87.1,BRAIN,44.5,7.9,1210.0,0.2517750600760479,0.059718509370862566
GTEX-1J1OQ-0011-R8a-SM-ACKVE.1,BRAIN,44.5,6.4,1210.0,-0.568629714029143,0.03598967959276975
GTEX-1J1OQ-0011-R9b-SM-ARZMK.1,BRAIN,44.5,7.4,1210.0,0.2859974973795396,-0.0017318472939090149
GTEX-1J1OQ-0126-SM-D4P2N.1,SKIN,44.5,5.9,1238.0,-1.181288255330543,-0.10464353369520447
GTEX-1J1OQ-0226-SM-CYPSH.1,SKIN,44.5,6.4,1239.0,-1.2331922076849215,-0.1599064099470074
GTEX-1J1OQ-0426-SM-A9SLI.1,MUSCLE,44.5,7.9,1240.0,0.9225271100270926,0.10209677857393856
GTEX-1J1OQ-0826-SM-CXZJG.1,LIVER,44.5,5.6,1252.0,0.3144558484840714,-0.20540717740334646
GTEX-1J1OQ-2226-SM-A96SS.1,HEART,44.5,7.2,1304.0,0.1374524649719923,0.029900274944914863
GTEX-1J1OQ-3126-SM-D4P2O.1,BRAIN,44.5,7.0,1371.0,2.4372648753589603,-0.1981039534616734
GTEX-1J1OQ-3226-SM-A9G2Q.1,BRAIN,44.5,6.8,1373.0,0.3149434892068729,0.0033204553419093116
GTEX-1J1R8-1726-SM-ARL8M.1,SKIN,44.5,7.7,415.0,-1.4567737895272177,-0.1376480624841972
GTEX-1J1R8-2026-SM-CL53Y.1,SKIN,44.5,6.1,418.0,-2.3410948116651733,-0.11762468255819916
GTEX-1J1R8-2326-SM-CKZPS.1,MUSCLE,44.5,7.9,428.0,-1.7075563805527945,-0.021044607832206883
GTEX-1J8EW-0011-R11a-SM-AHZ37.1,BRAIN,64.5,7.6,1044.0,0.5612761397871225,-0.18632380191242687
GTEX-1J8EW-0011-R3a-SM-ARU8A.1,BRAIN,64.5,5.6,1044.0,-2.8370321125225284,0.01798397381257507
GTEX-1J8EW-0011-R4b-SM-ARU89.1,BRAIN,64.5,5.6,1044.0,-2.697109357470734,0.049834137566165546
GTEX-1J8EW-0011-R5b-SM-ARU8B.1,BRAIN,64.5,6.0,1044.0,-3.1299365477549235,0.08137577415788118
GTEX-1J8EW-0011-R9b-SM-D4P2F.1,BRAIN,64.5,7.2,1044.0,-0.8070101021666406,0.09319925321315524
GTEX-1J8EW-0126-SM-CJI4F.1,SKIN,64.5,6.9,1081.0,-0.5031016312295967,0.06395630847636309
GTEX-1J8EW-0326-SM-CYPSX.1,MUSCLE,64.5,7.7,1087.0,0.1682486574951883,-0.018848000758177712
GTEX-1J8EW-0626-SM-CM2TY.1,HEART,64.5,6.6,1107.0,0.4929499083344036,0.039829273913321715
GTEX-1J8EW-0926-SM-A9G33.1,HEART,64.5,7.7,1120.0,1.367506308066344,0.027009891602443464
GTEX-1J8EW-1626-SM-C1YQ8.1,LIVER,64.5,6.1,1136.0,-1.2166210802331383,0.07749399498024015
GTEX-1J8EW-2726-SM-CY8HR.1,SKIN,64.5,7.0,1189.0,-0.9415308649996802,-0.057612436366238085
GTEX-1J8EW-2926-SM-A8N9A.1,BRAIN,64.5,6.3,1227.0,-0.2034563967833307,-0.13677466150581447
GTEX-1J8JJ-0011-R5a-SM-D4P2G.1,BRAIN,64.5,5.8,1033.0,-3.747609875001787,0.19851133240412142
GTEX-1J8JJ-0011-R9a-SM-ACKVF.1,BRAIN,64.5,6.3,1033.0,0.8631902264985826,0.18824761333773823
GTEX-1J8JJ-0126-SM-D3L93.1,MUSCLE,64.5,7.9,1236.0,0.6716535197009168,0.031081252228682684
GTEX-1J8JJ-0226-SM-CL53I.1,SKIN,64.5,8.4,1237.0,-0.1936424068680909,-0.1913810050792079
GTEX-1J8JJ-0626-SM-ARZMQ.1,SKIN,64.5,7.3,1243.0,0.703478830119008,-0.24089330752803187
GTEX-1J8Q2-0011-R10b-SM-D4P2C.1,BRAIN,64.5,6.5,911.0,1.4097796739444273,0.0521108481219634
GTEX-1J8Q2-0011-R11a-SM-A9SKI.1,BRAIN,64.5,6.1,911.0,-1.8696792237495257,-0.11427401872012755
GTEX-1J8Q2-0011-R1a-SM-D4P2D.1,BRAIN,64.5,6.0,911.0,-2.3293519393218003,0.055660258265097184
GTEX-1J8Q2-0011-R2b-SM-EAZ2X.1,BRAIN,64.5,6.5,911.0,-0.5437444951922874,0.05030202135389379
GTEX-1J8Q2-0011-R3b-SM-ACKVG.1,BRAIN,64.5,6.7,911.0,-0.4925528176879243,0.008865057133618381
GTEX-1J8Q2-0011-R4a-SM-ADEHA.1,BRAIN,64.5,6.0,911.0,-1.369075088729853,0.03733443954803585
GTEX-1J8Q2-0011-R5b-SM-A9SKH.1,BRAIN,64.5,7.2,911.0,-0.540983298142436,0.045608306807701025
GTEX-1J8Q2-0011-R6a-SM-CKZPG.1,BRAIN,64.5,6.0,911.0,0.0268504757671395,0.0021326287058589287
GTEX-1J8Q2-0011-R7a-SM-CKZPF.1,BRAIN,64.5,6.0,911.0,-1.0434209529966878,0.07475797598521108
GTEX-1J8Q2-0011-R8b-SM-D4P2E.1,BRAIN,64.5,7.0,911.0,-0.1073185120594237,0.06829328859691546
GTEX-1J8Q2-0126-SM-E9J2G.1,MUSCLE,64.5,8.8,1087.0,1.8711210582967828,0.027898180538514058
GTEX-1J8Q2-0526-SM-CM2RW.1,SKIN,64.5,7.3,1099.0,0.1380234308650853,-0.18563946709790916
GTEX-1J8Q2-1026-SM-ARU8I.1,HEART,64.5,6.3,1135.0,0.6387720211558195,-0.09068884431143297
GTEX-1J8Q2-1226-SM-A9G2W.1,HEART,64.5,5.9,1152.0,-2.2950020010459435,-0.009805698707734546
GTEX-1J8Q2-2626-SM-ACKWQ.1,SKIN,64.5,6.4,1237.0,-0.9786056568880628,-0.02698954895743967
GTEX-1J8Q2-3026-SM-CKZN8.1,BRAIN,64.5,6.5,1281.0,0.2218660412251407,-0.05822658195803799
GTEX-1J8Q3-0526-SM-ARL8U.1,SKIN,64.5,5.7,117.0,-0.3916119660087832,-0.09706105975439812
GTEX-1J8Q3-1126-SM-ARU8N.1,HEART,64.5,8.7,138.0,0.3680513889329723,-0.06687126066921674
GTEX-1J8Q3-1226-SM-CKZPT.1,HEART,64.5,8.6,138.0,0.5524083504419132,-0.10230605216667665
GTEX-1J8Q3-1426-SM-CKZPU.1,MUSCLE,64.5,8.5,143.0,0.7298614417086033,-0.09042265035323156
GTEX-1J8Q3-1626-SM-CMKGC.1,SKIN,64.5,7.1,149.0,-0.8013994474288966,-0.12567643952838006
GTEX-1J8QM-0326-SM-CL53D.1,HEART,64.5,8.9,181.0,1.428231060945622,-0.0360346587008393
GTEX-1J8QM-0426-SM-AHZ3X.1,HEART,64.5,7.2,194.0,1.6427630400005029,-0.18797721942326492
GTEX-1J8QM-2126-SM-CYPSJ.1,SKIN,64.5,7.2,299.0,0.909195986855306,-0.09559977817995176
GTEX-1J8QM-2226-SM-CYPSK.1,MUSCLE,64.5,8.0,309.0,1.2880999427284476,0.10390384239799569
GTEX-1J8QM-2426-SM-A9SLS.1,SKIN,64.5,8.0,316.0,-0.0192568016156696,-0.012518275253703288
GTEX-1JJ6O-0011-R11b-SM-EXUS2.1,BRAIN,64.5,7.1,640.0,0.9452515285513866,-0.10972719090174929
GTEX-1JJ6O-0011-R7b-SM-EXUTB.1,BRAIN,64.5,7.3,640.0,-0.4125806448179769,0.13438520032070247
GTEX-1JJ6O-0011-R9a-SM-EYYXP.1,BRAIN,64.5,7.7,640.0,0.4855490500609881,0.1464580518055676
GTEX-1JJ6O-0126-SM-E6CI8.1,SKIN,64.5,7.7,946.0,-0.6901420754782536,-0.0444416771725628
GTEX-1JJ6O-0826-SM-CXZJL.1,LIVER,64.5,5.7,963.0,0.1162390387628448,0.06297582039169632
GTEX-1JJ6O-0926-SM-CYPT1.1,MUSCLE,64.5,8.6,964.0,0.5368467594443461,0.017191800726076515
GTEX-1JJ6O-2126-SM-CNNP6.1,HEART,64.5,5.6,995.0,-1.525410881594019,0.022236495603556714
GTEX-1JJ6O-2226-SM-AHZ3I.1,HEART,64.5,6.6,996.0,1.1782397211289308,0.024535222469437894
GTEX-1JJ6O-2726-SM-CNPOG.1,SKIN,64.5,6.8,1014.0,-0.8893357704502853,-0.020360875302666413
GTEX-1JJ6O-3026-SM-C1YQH.1,BRAIN,64.5,7.2,1051.0,0.7583874717996335,-0.16473646649780754
GTEX-1JJ6O-3126-SM-CNNP8.1,BRAIN,64.5,6.9,1050.0,0.2311370785843896,0.005526399369664126
GTEX-1JJE9-0326-SM-CL53Z.1,SKIN,74.5,7.5,1084.0,-0.0492755298025527,-0.17413124067594718
GTEX-1JJE9-1426-SM-ARL8P.1,HEART,74.5,6.4,1113.0,0.0986173039174276,0.08229351800242966
GTEX-1JJE9-2626-SM-ARZMT.1,SKIN,74.5,7.2,1153.0,-0.932516557777774,-0.13904734003806024
GTEX-1JJE9-2926-SM-CY8HV.1,BRAIN,74.5,6.1,1185.0,-2.715866049856726,0.02636170609686004
GTEX-1JJE9-3026-SM-CNNPA.1,BRAIN,74.5,5.8,1188.0,-1.2746289459825118,-0.1530670877001776
GTEX-1JJEA-0011-R11a-SM-EXUTE.1,BRAIN,64.5,7.8,937.0,1.0868708496849695,-0.19308149169272854
GTEX-1JJEA-0011-R3b-SM-EXUTD.1,BRAIN,64.5,6.5,937.0,0.7144524716563889,-0.0173071561261776
GTEX-1JJEA-0011-R4a-SM-EXUTC.1,BRAIN,64.5,5.7,937.0,-3.187447869016786,0.0905222090197158
GTEX-1JJEA-0011-R6a-SM-EXUS1.1,BRAIN,64.5,6.2,937.0,-1.5173338573501425,0.08720559474855948
GTEX-1JJEA-0126-SM-D3L8A.1,MUSCLE,64.5,7.7,1107.0,0.1485599436185701,0.07452933696587806
GTEX-1JJEA-0326-SM-CNPOT.1,SKIN,64.5,8.3,1110.0,0.1184705733986409,-0.09548905904742112
GTEX-1JJEA-0826-SM-CL53T.1,HEART,64.5,6.8,1122.0,-0.5728711078288435,0.0283210151099129
GTEX-1JJEA-0926-SM-CYPSO.1,HEART,64.5,6.7,1123.0,0.1448863848929574,0.19730768682656924
GTEX-1JJEA-1526-SM-CNNPK.1,LIVER,64.5,6.5,1133.0,-0.3490978759521324,0.09407799990551008
GTEX-1JJEA-1826-SM-ARU8P.1,SKIN,64.5,6.5,1139.0,-1.3128341116765945,-0.031916359382775074
GTEX-1JJEA-2826-SM-ARU8R.1,BRAIN,64.5,5.9,1224.0,-0.8600217493057564,-0.04395236277256971
GTEX-1JJEA-2926-SM-C1YSK.1,BRAIN,64.5,7.5,1225.0,1.6507697033521551,-0.21045264650127385
GTEX-1JK1U-0226-SM-ARZMX.1,SKIN,64.5,7.8,130.0,-1.6001734186048038,-0.0622187490334756
GTEX-1JK1U-0526-SM-CYPSQ.1,HEART,64.5,8.3,158.0,0.0010519279494019,-0.06008103009897115
GTEX-1JK1U-0626-SM-CKZOJ.1,HEART,64.5,8.7,168.0,-0.3419952528534905,-0.014217667891611784
GTEX-1JK1U-2026-SM-CM2RZ.1,SKIN,64.5,8.7,281.0,0.0265787490059425,-0.10352029156990512
GTEX-1JK1U-2226-SM-CNNPL.1,MUSCLE,64.5,8.7,293.0,-0.5771475809060999,0.07120045310192456
GTEX-1JKYN-0826-SM-ARU8S.1,SKIN,34.5,6.3,143.0,-2.4149306042054595,-0.07140839493924334
GTEX-1JKYN-1326-SM-CGQG9.1,SKIN,34.5,8.6,183.0,-0.2651076170146463,-0.17482250116108192
GTEX-1JKYN-1826-SM-ARZMZ.1,MUSCLE,34.5,6.9,188.0,-1.8502372398585012,-0.10460950567561586
GTEX-1JKYR-0126-SM-CNPOJ.1,SKIN,24.5,6.8,409.0,-1.5322428468926357,-0.1774142322041921
GTEX-1JKYR-0326-SM-CNPOL.1,MUSCLE,24.5,8.6,414.0,-0.5727657401206022,-0.0003901411489133462
GTEX-1JKYR-0626-SM-ARL8R.1,SKIN,24.5,8.4,421.0,0.2123094572388258,-0.13751993841014723
GTEX-1JMLX-0011-R6b-SM-EXUT9.1,BRAIN,54.5,8.3,1113.0,1.5438912752616565,-0.020824303927546854
GTEX-1JMLX-0011-R9a-SM-EYYXM.1,BRAIN,54.5,7.9,1113.0,0.5203820663397719,-0.02095362741486309
GTEX-1JMLX-0226-SM-CM2RO.1,SKIN,54.5,7.3,1276.0,-1.6194806226400424,-0.07925415878519208
GTEX-1JMLX-0326-SM-CM2RP.1,MUSCLE,54.5,8.3,1277.0,1.132073965165758,0.07966988804661615
GTEX-1JMLX-0626-SM-ARL8T.1,SKIN,54.5,7.3,1281.0,-1.7408002173708126,-0.10790049421406339
GTEX-1JMLX-1326-SM-CXZJO.1,LIVER,54.5,7.0,1330.0,0.1896324202332969,-0.10445822098321941
GTEX-1JMLX-1626-SM-ARZMV.1,HEART,54.5,7.2,1333.0,0.0101276481695736,-0.025237141327563956
GTEX-1JMLX-1826-SM-CNPOX.1,HEART,54.5,6.3,1334.0,0.3169871515183006,0.051076058490564645
GTEX-1JMLX-2926-SM-CL54C.1,BRAIN,54.5,6.3,1387.0,-0.0131260289056666,0.002554761602285675
GTEX-1JMLX-3026-SM-EV79Q.1,BRAIN,54.5,7.1,1389.0,1.3830551495110468,-0.1894188088755214
GTEX-1JMOU-0011-R11b-SM-EXUTA.1,BRAIN,64.5,7.3,1300.0,0.1342806701574639,-0.20367474540482222
GTEX-1JMOU-0011-R3a-SM-EYYXN.1,BRAIN,64.5,6.8,1300.0,0.2903086531883705,-0.10677987233378532
GTEX-1JMOU-0226-SM-CNNPD.1,HEART,64.5,5.8,1321.0,-3.2348481014633874,-0.03991172008397295
GTEX-1JMOU-0326-SM-ARL8X.1,HEART,64.5,6.2,1324.0,-1.9154814345706652,0.04813785949231152
GTEX-1JMOU-1026-SM-CYPSS.1,SKIN,64.5,6.4,1350.0,-0.6385787749529741,-0.2220623237524331
GTEX-1JMOU-1526-SM-CL54I.1,SKIN,64.5,7.9,1370.0,0.2953177036862189,-0.11587434738004344
GTEX-1JMOU-2726-SM-CY8IO.1,BRAIN,64.5,6.6,1420.0,-0.0846065514417599,-0.08380094673435187
GTEX-1JMOU-2826-SM-EV79R.1,BRAIN,64.5,7.0,1422.0,0.5948900428775321,-0.21615000051288796
GTEX-1JMPY-0226-SM-CKZOK.1,SKIN,34.5,7.0,159.0,-3.165511924585492,0.015541658774146618
GTEX-1JMPY-1226-SM-CJI3A.1,MUSCLE,34.5,8.3,378.0,-1.4068359030375297,0.05705784376834115
GTEX-1JMPY-1326-SM-ARL8Y.1,SKIN,34.5,7.3,384.0,-1.958826764005182,-0.09105688359565413
GTEX-1JMPZ-0011-R3a-SM-EYYWX.1,BRAIN,34.5,5.5,475.0,2.382130788070836,0.08834070263740026
GTEX-1JMPZ-0011-R5b-SM-EYYWY.1,BRAIN,34.5,6.0,475.0,1.6062860154770244,0.16268703681962168
GTEX-1JMPZ-0126-SM-CNPOZ.1,MUSCLE,34.5,7.9,737.0,1.754436482212814,0.03260672590198674
GTEX-1JMPZ-0226-SM-CNPP1.1,SKIN,34.5,7.5,740.0,-0.371203497563408,-0.07188763248754268
GTEX-1JMPZ-0726-SM-CY8HZ.1,SKIN,34.5,7.9,748.0,0.5462603916403963,-0.20142105675622748
GTEX-1JMPZ-1426-SM-CJI3C.1,HEART,34.5,5.7,766.0,0.2349036141076323,-0.01393804248173293
GTEX-1JMPZ-2726-SM-ARZNF.1,BRAIN,34.5,6.8,830.0,1.5276606530340555,0.013624315027317742
GTEX-1JMPZ-2826-SM-C1YRA.1,BRAIN,34.5,8.3,834.0,3.344228276242261,-0.2039140164640933
GTEX-1JMQI-1726-SM-ARL93.1,SKIN,54.5,6.8,597.0,-1.43255750007285,-0.13686409554573767
GTEX-1JMQI-2126-SM-CM2SC.1,MUSCLE,54.5,8.3,698.0,0.9543946067176172,0.05212604016551482
GTEX-1JMQI-2226-SM-CM2SD.1,SKIN,54.5,7.9,702.0,-0.3739262873306502,-0.18470040404708535
GTEX-1JMQJ-0011-R11a-SM-EXOJY.1,BRAIN,54.5,8.5,725.0,3.5297617188867147,-0.18484475333915729
GTEX-1JMQJ-0011-R4b-SM-EXUT8.1,BRAIN,54.5,6.7,725.0,1.9532526768799523,-0.006522338398389917
GTEX-1JMQJ-0011-R5a-SM-EYYXO.1,BRAIN,54.5,7.4,725.0,0.3299201716788426,0.03305319747774506
GTEX-1JMQJ-0126-SM-E6CI2.1,MUSCLE,54.5,8.1,851.0,1.5828733248630282,0.005680276542904008
GTEX-1JMQJ-0526-SM-CYPSU.1,SKIN,54.5,8.1,862.0,0.0756204624991118,-0.11528200406793829
GTEX-1JMQJ-0826-SM-CNPP7.1,SKIN,54.5,6.7,917.0,-0.8190404274963394,-0.010495796206157936
GTEX-1JMQJ-3026-SM-D5OVS.1,BRAIN,54.5,6.3,981.0,-0.0038035097299974,0.02702595905634897
GTEX-1JMQJ-3126-SM-EV79G.1,BRAIN,54.5,6.6,983.0,1.6978183263493394,-0.1530178183557884
GTEX-1JMQK-0011-R2a-SM-EYYXQ.1,BRAIN,64.5,7.5,683.0,1.7487433647271704,0.0567828054620449
GTEX-1JMQK-0011-R7b-SM-EXUTF.1,BRAIN,64.5,7.8,683.0,-0.7832503600102867,0.011420350451861397
GTEX-1JMQK-0226-SM-CL543.1,SKIN,64.5,8.0,934.0,-0.163374467698024,-0.13619400985216548
GTEX-1JMQK-0326-SM-ARZN5.1,MUSCLE,64.5,8.2,936.0,1.2386750008080458,0.1224593825781004
GTEX-1JMQK-0626-SM-D4P2R.1,HEART,64.5,6.7,940.0,0.8960265556857792,-0.13167799002969513
GTEX-1JMQK-0926-SM-ARL96.1,HEART,64.5,6.3,946.0,0.3960175602638102,-0.13186837351459701
GTEX-1JMQK-1226-SM-D4P2S.1,SKIN,64.5,7.1,951.0,-0.7980491162367567,-0.18800748269708828
GTEX-1JMQK-2926-SM-D4P2T.1,BRAIN,64.5,7.0,1024.0,1.147137489459171,-0.18112346917396116
GTEX-1JMQK-3026-SM-ARL95.1,BRAIN,64.5,6.3,1025.0,-0.5837342209185209,-0.1020781840827587
GTEX-1JMQL-0126-SM-CY8HN.1,MUSCLE,54.5,7.3,874.0,1.3843281523569568,0.19710435292138784
GTEX-1JMQL-0226-SM-CNPP5.1,SKIN,54.5,6.5,876.0,-0.5902872181484748,-0.11590312744103955
GTEX-1JMQL-1026-SM-CMKGV.1,HEART,54.5,6.6,928.0,1.522119469666132,0.017595247461986967
GTEX-1JMQL-2226-SM-CNPP4.1,SKIN,54.5,7.3,951.0,-0.2319677547429474,0.09624468375441067
GTEX-1JMQL-2826-SM-ARU91.1,BRAIN,54.5,6.0,995.0,-0.0751861720532987,0.015268249268012768
GTEX-1JMQL-2926-SM-CXZJI.1,BRAIN,54.5,5.6,996.0,-0.585950486632494,-0.10381010379081662
GTEX-1JN1M-0011-R9a-SM-EZ6MR.1,BRAIN,64.5,5.8,519.0,2.17942711603846,0.17774047754834008
GTEX-1JN1M-0326-SM-CYPT3.1,SKIN,64.5,7.0,581.0,-0.9027425878004428,-0.07048401076449254
GTEX-1JN1M-0526-SM-CJI3D.1,MUSCLE,64.5,6.9,584.0,0.4821754641185713,0.18348450306680794
GTEX-1JN1M-1026-SM-CNPOS.1,HEART,64.5,5.7,622.0,-2.0085690515532155,0.13312002545399565
GTEX-1JN1M-2726-SM-CY8I4.1,SKIN,64.5,8.4,711.0,0.884949851540908,-0.049515420421019606
GTEX-1JN1M-3126-SM-AHZ4E.1,BRAIN,64.5,7.1,790.0,1.1497050096605403,-0.22096599955195043
GTEX-1JN6P-0011-R4a-SM-EZ6MS.1,BRAIN,64.5,5.8,885.0,-2.650031268527485,0.043162097523621934
GTEX-1JN6P-0126-SM-D3L98.1,SKIN,64.5,8.1,869.0,-0.742210303282404,-0.10180669087453968
GTEX-1JN6P-0526-SM-COH33.1,MUSCLE,64.5,8.8,887.0,0.343297015085558,-0.00631630665195394
GTEX-1JN6P-0826-SM-ARL97.1,HEART,64.5,6.9,959.0,0.4064735400522254,-0.1542418610961261
GTEX-1JN6P-1126-SM-CKZON.1,HEART,64.5,5.7,975.0,-4.405578047918285,0.059387284271331796
GTEX-1JN6P-2926-SM-CL54D.1,SKIN,64.5,6.9,1054.0,-1.3851078805849797,-0.16066286374803232
GTEX-1JN76-0126-SM-CNPPE.1,SKIN,24.5,8.5,123.0,-0.2368050826393117,-0.020139517292252357
GTEX-1JN76-0326-SM-ARZNJ.1,MUSCLE,24.5,8.6,128.0,-0.7102862309219031,-0.07998135724140792
GTEX-1JN76-0626-SM-CKZOQ.1,SKIN,24.5,8.8,137.0,-0.4889451896966087,-0.17710219700912486
GTEX-1K2DA-1026-SM-CGQGF.1,SKIN,54.5,5.8,159.0,-3.30186583725624,-0.14803694256422412
GTEX-1K2DA-1826-SM-CGQGT.1,SKIN,54.5,8.5,199.0,-0.7204311815964057,-0.13499260545361363
GTEX-1K2DA-2226-SM-CGQGM.1,MUSCLE,54.5,8.5,220.0,-0.7959972874056848,0.009882502549115359
GTEX-1K2DU-0226-SM-DIPF6.1,HEART,24.5,7.5,408.0,0.2476567032274146,-0.04088570472147551
GTEX-1K2DU-1226-SM-CYPT4.1,SKIN,24.5,7.4,481.0,-0.1407757338870986,-0.16710554645031697
GTEX-1K2DU-2326-SM-E9TIV.1,SKIN,24.5,7.9,560.0,0.6446165895859828,-0.2275689144516709
GTEX-1K2DU-2526-SM-D3L8V.1,MUSCLE,24.5,8.0,574.0,-0.527732117103061,-0.014740976460752765
GTEX-1K9T9-0126-SM-EVYCF.1,SKIN,54.5,6.9,440.0,-0.2087329869430355,-0.15613253398891475
GTEX-1K9T9-0326-SM-EWRNQ.1,MUSCLE,54.5,7.0,442.0,0.232111785117086,0.020029020114347575
GTEX-1K9T9-0726-SM-CXZJZ.1,LIVER,54.5,7.6,484.0,0.2144095593673846,0.1349845432685867
GTEX-1K9T9-1126-SM-D3L9E.1,HEART,54.5,7.5,492.0,0.299584193082114,-0.03281419474813169
GTEX-1K9T9-1226-SM-EVR4R.1,HEART,54.5,7.8,494.0,3.6434241269348586,-0.2976464722752514
GTEX-1K9T9-1526-SM-DIPFR.1,SKIN,54.5,7.0,500.0,-0.8677858239284015,-0.20152240671629637
GTEX-1KAFJ-0126-SM-DIPEK.1,SKIN,54.5,6.6,475.0,-1.086696039305017,-0.032207168221181144
GTEX-1KAFJ-0726-SM-CXZKF.1,LIVER,54.5,6.4,545.0,0.1994930352103797,-0.018190601264636407
GTEX-1KAFJ-2026-SM-CY8ID.1,SKIN,54.5,7.5,614.0,-0.566560855140037,-0.1038575995757866
GTEX-1KAFJ-2326-SM-D3L8Z.1,MUSCLE,54.5,8.3,625.0,-0.706370054389272,0.013169240149287142
GTEX-1KANA-0726-SM-D3L9I.1,SKIN,24.5,7.8,127.0,-0.6477573554397457,-0.21522289445524492
GTEX-1KANA-0926-SM-D3L9K.1,MUSCLE,24.5,8.0,130.0,-1.4401938717394782,0.04228891634046779
GTEX-1KANA-1326-SM-DIPFA.1,SKIN,24.5,7.9,135.0,-1.29816846761089,-0.15158859281121126
GTEX-1KANB-0011-R9b-SM-EZ6MO.1,BRAIN,54.5,5.9,541.0,0.4185355558570824,0.12119787206416105
GTEX-1KANB-0126-SM-E6CJT.1,MUSCLE,54.5,7.4,746.0,1.017592785358809,0.10599603486057316
GTEX-1KANB-0526-SM-E6CJH.1,SKIN,54.5,7.3,755.0,-0.2457335077566275,-0.10874530822805087
GTEX-1KANB-1126-SM-DHXJT.1,HEART,54.5,6.7,764.0,0.5923038731997852,-0.0874006277255196
GTEX-1KANB-2226-SM-DHXJW.1,LIVER,54.5,6.7,808.0,-0.0279578061356938,0.00723434427713589
GTEX-1KANB-2826-SM-CY8I6.1,SKIN,54.5,7.8,833.0,0.5570285672763964,-0.06214630089071763
GTEX-1KANB-3226-SM-D4P3G.1,BRAIN,54.5,6.3,892.0,-1.4795195735113138,-0.12264403654174225
GTEX-1KANC-0226-SM-E9TIW.1,HEART,54.5,8.0,209.0,-0.5540586594590571,0.0589630075066369
GTEX-1KANC-0426-SM-CXZK5.1,HEART,54.5,8.5,212.0,0.4406495241457712,-0.111039662350679
GTEX-1KANC-1226-SM-CYPT7.1,SKIN,54.5,7.3,230.0,-0.5015567101077995,-0.10754336333093997
GTEX-1KANC-1526-SM-D3LAB.1,SKIN,54.5,8.2,323.0,-0.587966523939804,-0.1405389078022337
GTEX-1KANC-1626-SM-E6CIA.1,MUSCLE,54.5,8.4,328.0,0.4622461194425579,-0.05984862878900401
GTEX-1KD4Q-0011-R11b-SM-EXOIE.1,BRAIN,44.5,7.6,706.0,2.483553463968729,-0.14180272252711218
GTEX-1KD4Q-0011-R3b-SM-EXOID.1,BRAIN,44.5,5.8,706.0,-0.7781844811236259,0.04040352214458266
GTEX-1KD4Q-0226-SM-E9TJ9.1,SKIN,44.5,8.2,818.0,0.634114114995417,-0.1654300043213596
GTEX-1KD4Q-0326-SM-E9TJA.1,MUSCLE,44.5,8.2,829.0,1.5760615332679355,0.04114212844448732
GTEX-1KD4Q-0726-SM-DIPGE.1,HEART,44.5,6.0,933.0,-3.846656709079416,0.08259967687440753
GTEX-1KD4Q-1526-SM-D4P3L.1,LIVER,44.5,5.7,963.0,-2.410493707043349,0.016695231324007603
GTEX-1KD4Q-2926-SM-D3L9N.1,BRAIN,44.5,7.3,1149.0,0.2864277136595444,-0.07348959597386598
GTEX-1KD4Q-3026-SM-EV7A7.1,BRAIN,44.5,6.5,1152.0,0.3168811918097127,-0.1608753774137171
GTEX-1KD5A-0126-SM-E9U54.1,SKIN,54.5,7.8,531.0,0.4582811578454409,-0.21437328129209843
GTEX-1KD5A-0226-SM-D5OV3.1,SKIN,54.5,8.3,537.0,0.7574724025045276,-0.11803832838581307
GTEX-1KD5A-0726-SM-DIPEO.1,MUSCLE,54.5,8.1,550.0,0.3011770892002781,-0.08490197838377368
GTEX-1KD5A-0926-SM-D4P3U.1,HEART,54.5,6.4,559.0,-2.412305307001445,-0.02800015387570835
GTEX-1KD5A-1026-SM-CY8I8.1,HEART,54.5,7.3,563.0,1.1119628518553717,0.027852355646199888
GTEX-1KD5A-1226-SM-CXZK7.1,LIVER,54.5,6.7,571.0,1.5171949300880667,-0.005953584956765037
GTEX-1KWVE-0326-SM-EV7AF.1,LIVER,34.5,6.4,1342.0,-0.7365451852452596,0.09259595047060186
GTEX-1KWVE-0926-SM-CXZKP.1,MUSCLE,34.5,8.1,1349.0,1.2590414865993234,-0.05966690811535681
GTEX-1KWVE-1026-SM-D3L9O.1,SKIN,34.5,7.8,1349.0,-0.0273440297073829,-0.16562742057913143
GTEX-1KWVE-1426-SM-E9TJO.1,SKIN,34.5,7.1,1355.0,-0.2527289787317227,-0.193667781910381
GTEX-1KWVE-2226-SM-CXZKN.1,BRAIN,34.5,6.8,1373.0,1.5045262679882467,-0.23707873458564974
GTEX-1KWVE-2326-SM-D4P3N.1,BRAIN,34.5,6.6,1375.0,0.3067099321546279,-0.10143344887489844
GTEX-1KXAM-1326-SM-E9TJW.1,HEART,64.5,8.8,149.0,0.374621042205562,-0.023003867791345535
GTEX-1KXAM-1426-SM-D3LAC.1,HEART,64.5,8.8,152.0,-0.15973702320667,0.052093490692185655
GTEX-1KXAM-1626-SM-D3LAD.1,SKIN,64.5,7.3,159.0,-0.8604692542032366,0.008601703284525225
GTEX-1KXAM-2226-SM-CYPTC.1,SKIN,64.5,7.3,194.0,-0.6580013296453407,-0.0780807393935755
GTEX-1KXAM-2426-SM-DIPFC.1,MUSCLE,64.5,9.2,199.0,-0.6514103673771725,-0.03328602095348102
GTEX-1L5NE-0426-SM-E9TIX.1,HEART,54.5,8.7,95.0,0.3597019429496295,-0.08725569901841662
GTEX-1L5NE-0526-SM-DIPG5.1,HEART,54.5,8.5,98.0,0.4470291793381902,0.10955540867190312
GTEX-1L5NE-1126-SM-D3L9P.1,SKIN,54.5,7.5,110.0,-1.545400083991673,-0.14505158644556365
GTEX-1L5NE-2226-SM-CXZKS.1,MUSCLE,54.5,8.5,145.0,-1.1599260774181537,-0.03153896756137707
GTEX-1L5NE-2526-SM-E6CIE.1,SKIN,54.5,7.1,150.0,0.0441984073255828,-0.07391112574080173
GTEX-1LB8K-0011-R1b-SM-EZ6MV.1,BRAIN,54.5,7.1,651.0,0.4069781191178863,0.13287044161967898
GTEX-1LB8K-0011-R2a-SM-EZ6MQ.1,BRAIN,54.5,5.9,651.0,-0.0748907160833465,0.1296681992018927
GTEX-1LB8K-0011-R6a-SM-EXURT.1,BRAIN,54.5,5.6,651.0,-2.5413118954283824,0.12470509624921974
GTEX-1LB8K-0011-R9a-SM-EZ6MP.1,BRAIN,54.5,6.9,651.0,-0.518312682623914,0.210184940718826
GTEX-1LB8K-0126-SM-EVYCN.1,MUSCLE,54.5,8.0,812.0,-0.0005056774666123,-0.04377135319715257
GTEX-1LB8K-0226-SM-EWRNW.1,SKIN,54.5,7.8,812.0,0.1535929471017009,-0.12292804293261107
GTEX-1LB8K-0726-SM-D5OV2.1,SKIN,54.5,8.1,819.0,-0.1838053016790346,0.014008228337657186
GTEX-1LB8K-0926-SM-D4P42.1,HEART,54.5,7.0,824.0,2.2614180615772077,0.11627462568595302
GTEX-1LB8K-1026-SM-DHXJJ.1,HEART,54.5,5.8,825.0,-2.1738293509295152,0.01741844139826615
GTEX-1LB8K-3126-SM-E9U57.1,BRAIN,54.5,5.8,912.0,0.5768944613696226,0.13879896785460955
GTEX-1LBAC-0126-SM-DIPEZ.1,SKIN,24.5,7.8,324.0,0.1214508627026935,-0.08199127796832018
GTEX-1LBAC-0326-SM-DIPF1.1,MUSCLE,24.5,8.3,332.0,0.2363076625632688,-0.2686548865355054
GTEX-1LBAC-0826-SM-CY8IJ.1,SKIN,24.5,7.0,344.0,-2.2977860699454054,0.03287358485880926
GTEX-1LC47-0011-R10b-SM-EYYWE.1,BRAIN,64.5,6.3,577.0,-0.9855201686586632,0.06881635517544471
GTEX-1LC47-0011-R6b-SM-EZ6MI.1,BRAIN,64.5,6.3,577.0,-1.7943264974197264,0.1607380562122568
GTEX-1LC47-0326-SM-E9TJP.1,SKIN,64.5,8.0,596.0,1.0696588361707224,-0.16483687375963976
GTEX-1LC47-0626-SM-DIPFE.1,MUSCLE,64.5,8.7,610.0,0.5915551193464891,0.06432388488356637
GTEX-1LC47-1026-SM-D3LAH.1,HEART,64.5,7.5,624.0,0.8955322527133818,-0.11703462020034747
GTEX-1LC47-2926-SM-CXZKC.1,BRAIN,64.5,6.0,773.0,-1.0126004476887616,-0.010211547365139129
GTEX-1LG7Y-0011-R11a-SM-EXOIH.1,BRAIN,54.5,8.1,899.0,3.3611872472242226,-0.2092540193891698
GTEX-1LG7Y-0011-R1a-SM-EYYWV.1,BRAIN,54.5,5.8,899.0,-1.0234603554146506,0.07344997256359818
GTEX-1LG7Y-0011-R5a-SM-EZ6MU.1,BRAIN,54.5,7.4,899.0,0.4416593357120838,0.043932587672551045
GTEX-1LG7Y-0126-SM-E6CJ8.1,MUSCLE,54.5,8.3,1078.0,-0.5261247509679707,-0.013126513620161801
GTEX-1LG7Y-0526-SM-DKPQC.1,SKIN,54.5,7.0,1080.0,-0.1086286756943794,-0.2305268883399764
GTEX-1LG7Y-1226-SM-CXZKD.1,HEART,54.5,5.9,1093.0,-2.769085162966366,0.044591033953749665
GTEX-1LG7Y-1426-SM-D4P31.1,HEART,54.5,6.8,1095.0,-0.2958316647956254,-0.043929528376153534
GTEX-1LG7Y-2526-SM-EWRO7.1,SKIN,54.5,6.9,1126.0,-0.977573984360692,-0.04460446862538879
GTEX-1LG7Y-3026-SM-D5OVI.1,BRAIN,54.5,6.8,1176.0,0.5775780651737794,-0.0643289999793386
GTEX-1LG7Y-3126-SM-EV7AS.1,BRAIN,54.5,7.1,1178.0,2.3317364806469216,-0.17767580696944082
GTEX-1LG7Z-1626-SM-CXKYR.1,SKIN,34.5,5.7,227.0,-2.164876273915425,-0.21587436430438195
GTEX-1LG7Z-1726-SM-D3LA4.1,SKIN,34.5,7.4,231.0,-0.7431829622084619,-0.11201726097257284
GTEX-1LG7Z-2126-SM-CXKYU.1,MUSCLE,34.5,8.1,243.0,-0.1749076830428453,0.08330418706913942
GTEX-1LGOU-0326-SM-D3LAM.1,HEART,24.5,9.0,104.0,0.132821130306672,0.11778139327481046
GTEX-1LGOU-0726-SM-E9TIY.1,HEART,24.5,8.9,154.0,0.6658493031483337,-0.03175471934441152
GTEX-1LGOU-1326-SM-D3L8M.1,SKIN,24.5,8.1,188.0,-1.794733388240619,-0.09086345476532864
GTEX-1LGOU-2026-SM-DIPFF.1,SKIN,24.5,8.1,225.0,-0.0164904849775144,-0.04434752132256278
GTEX-1LGOU-2126-SM-DIPFG.1,MUSCLE,24.5,8.2,231.0,-0.408792940964747,0.0188046596426051
GTEX-1LGRB-0626-SM-CNNQH.1,LIVER,54.5,9.6,158.0,1.1499710263111087,-0.11326823262670382
GTEX-1LGRB-0926-SM-COH3K.1,SKIN,54.5,7.7,200.0,-0.8452135658868825,-0.08062670022421534
GTEX-1LGRB-1026-SM-CNPQD.1,HEART,54.5,8.7,199.0,0.2240424022532446,-0.11909630596781474
GTEX-1LGRB-1126-SM-CNPP2.1,HEART,54.5,8.5,206.0,0.4246416814463187,-0.08505247964612044
GTEX-1LGRB-2526-SM-CNPPQ.1,SKIN,54.5,8.0,381.0,-0.6256971253547087,-0.15811031154468708
GTEX-1LGRB-2626-SM-CNPPR.1,MUSCLE,54.5,8.4,399.0,-0.1311067079314532,0.04828002996087953
GTEX-1LH75-0011-R2b-SM-EYYWQ.1,BRAIN,54.5,6.9,995.0,1.586243444199981,-0.0884136563726419
GTEX-1LH75-0011-R6a-SM-EXURS.1,BRAIN,54.5,7.0,995.0,1.7963349844949903,0.016260485782798904
GTEX-1LH75-0011-R7a-SM-EXOIF.1,BRAIN,54.5,7.4,995.0,1.0923552838771502,0.1538423622356334
GTEX-1LH75-0426-SM-E9TJF.1,HEART,54.5,7.4,1029.0,2.0302058091278004,-0.007243255180656057
GTEX-1LH75-0526-SM-DIPG2.1,HEART,54.5,7.2,1033.0,0.6652981957581978,0.0769437742542411
GTEX-1LH75-0926-SM-EAZ5C.1,LIVER,54.5,7.0,1056.0,1.7242225631005703,0.01517061284311745
GTEX-1LH75-2426-SM-E9TJE.1,SKIN,54.5,6.7,1118.0,-0.2016192537792439,-0.11133514829660236
GTEX-1LH75-2626-SM-E9TKL.1,MUSCLE,54.5,7.8,1120.0,0.5207805354514408,0.05893121243248756
GTEX-1LKK1-0011-R11a-SM-EXOIG.1,BRAIN,54.5,5.6,660.0,-2.266109503791169,-0.040987263839077144
GTEX-1LKK1-2626-SM-DKPQE.1,SKIN,54.5,6.1,973.0,-1.5461320980383189,-0.12970478647461978
GTEX-1LKK1-3126-SM-EWRNY.1,BRAIN,54.5,5.8,1046.0,0.4617660987685486,-0.07205236935498614
GTEX-1LNCM-1126-SM-E9U5E.1,SKIN,54.5,6.9,512.0,-0.1914576701347246,-0.2006372738834614
GTEX-1LNCM-1226-SM-E9U5C.1,MUSCLE,54.5,7.0,515.0,0.094753933966571,-0.09160827516080233
GTEX-1LSNL-0011-R2a-SM-EZ6MK.1,BRAIN,54.5,6.6,1143.0,-0.6553879227001287,-0.028359872077379517
GTEX-1LSNL-0011-R7a-SM-EYYWI.1,BRAIN,54.5,5.7,1143.0,-0.7215358000889818,0.0765832923124357
GTEX-1LSNL-0011-R9b-SM-EYYWK.1,BRAIN,54.5,6.7,1143.0,0.688889246775808,0.005617164908556791
GTEX-1LSNL-0126-SM-EWRNR.1,MUSCLE,54.5,8.1,1278.0,0.4208532064203744,0.10870489292249497
GTEX-1LSNL-0226-SM-EVYCG.1,SKIN,54.5,7.5,1278.0,-0.951435201301964,-0.09394600554997398
GTEX-1LSNL-0626-SM-DIPFJ.1,HEART,54.5,6.1,1290.0,-1.9836040434322395,0.29283791428269423
GTEX-1LSNL-2726-SM-E9TKJ.1,SKIN,54.5,7.8,1398.0,-0.0669070130583495,-0.12036946176528367
GTEX-1LSNM-0426-SM-E9TIZ.1,HEART,54.5,8.6,219.0,0.1656295368853629,-0.001556943131581796
GTEX-1LSNM-0526-SM-DIPG6.1,HEART,54.5,8.3,222.0,0.3574486544578582,-0.2252736670710761
GTEX-1LSNM-0826-SM-DIPG8.1,SKIN,54.5,6.0,230.0,-3.379205793476522,-0.15016642138087236
GTEX-1LSNM-1926-SM-E6CII.1,SKIN,54.5,7.8,371.0,-1.2831682510859146,-0.18360573159749752
GTEX-1LSNM-2326-SM-EWRO8.1,MUSCLE,54.5,8.2,380.0,0.0721715988370784,-0.03526228199889016
GTEX-1LSVX-0011-R11b-SM-EXOIA.1,BRAIN,64.5,7.7,560.0,1.9478710963191483,-0.1622886117029734
GTEX-1LSVX-0011-R4b-SM-EXURP.1,BRAIN,64.5,6.4,560.0,0.2093007348452244,0.045496981366223994
GTEX-1LSVX-2526-SM-DIPEU.1,SKIN,64.5,7.7,806.0,-0.061790476319374,-0.08059891794081028
GTEX-1LSVX-2826-SM-EVR58.1,BRAIN,64.5,5.8,870.0,2.0505572436363093,-0.1624678001516394
GTEX-1LVA9-0011-R2a-SM-EZ6MJ.1,BRAIN,54.5,6.2,1142.0,-0.5541303961965346,0.12483355847601209
GTEX-1LVA9-0011-R6a-SM-EYYWH.1,BRAIN,54.5,5.8,1142.0,-0.8166900505308412,0.08849912150916169
GTEX-1LVA9-0011-R7a-SM-EYYWG.1,BRAIN,54.5,5.7,1142.0,-2.5755935416061826,0.17972404404388284
GTEX-1LVA9-0011-R9a-SM-EYYWF.1,BRAIN,54.5,6.5,1142.0,-0.3824634618876686,0.11358234857487229
GTEX-1LVA9-0326-SM-DLHBU.1,MUSCLE,54.5,9.1,1212.0,1.1488533479534944,-0.04609648637599292
GTEX-1LVA9-0926-SM-EVR5G.1,HEART,54.5,5.7,1278.0,-3.244692655237042,0.040904233094098096
GTEX-1LVA9-2626-SM-EVYD4.1,SKIN,54.5,7.1,1394.0,-0.3299510755706286,-0.09205762595862195
GTEX-1LVA9-3026-SM-E9U5M.1,BRAIN,54.5,5.9,1436.0,-0.7557966139176792,0.09938344738837852
GTEX-1LVAM-0326-SM-DIPFL.1,MUSCLE,54.5,8.6,380.0,-0.4303165374893191,0.016187293533021337
GTEX-1LVAM-0726-SM-E6CIL.1,SKIN,54.5,7.3,387.0,-1.4452407392178652,-0.12454406776684822
GTEX-1LVAN-0226-SM-COH3S.1,SKIN,54.5,7.8,329.0,-1.4886915545399717,0.024496255054168047
GTEX-1LVAN-0526-SM-CNNQ1.1,MUSCLE,54.5,8.2,358.0,-1.0512884561557296,0.045702981924665535
GTEX-1LVAN-0626-SM-CNPOQ.1,SKIN,54.5,5.6,376.0,-3.7628385252339496,0.042050250752723874
GTEX-1LVAN-1526-SM-CNPQN.1,HEART,54.5,7.4,448.0,-0.2517104994060484,-0.021020967107442456
GTEX-1LVAN-1726-SM-CNNR1.1,HEART,54.5,7.4,456.0,0.3481002199539629,-0.05978938901826588
GTEX-1LVAO-0011-R11b-SM-EXOI8.1,BRAIN,64.5,7.7,884.0,1.0441571429911525,-0.16391151699585102
GTEX-1LVAO-0011-R2a-SM-EYYX1.1,BRAIN,64.5,6.4,884.0,-0.3071891603392713,0.024199033696985995
GTEX-1LVAO-0011-R3a-SM-EXOI7.1,BRAIN,64.5,5.9,884.0,0.5891549903539836,0.0661307083800733
GTEX-1LVAO-0011-R4a-SM-EXURO.1,BRAIN,64.5,6.0,884.0,-0.010274883964327,-0.0057548307735874145
GTEX-1LVAO-0011-R6b-SM-EZ6MX.1,BRAIN,64.5,7.0,884.0,1.1736364425577126,0.05248777689815035
GTEX-1LVAO-0011-R7a-SM-EYYWZ.1,BRAIN,64.5,7.4,884.0,0.3723271815928809,0.02562194350943728
GTEX-1LVAO-0011-R9a-SM-EZ6MY.1,BRAIN,64.5,6.6,884.0,-0.7295371795006997,-0.1111745868728183
GTEX-1LVAO-0526-SM-EWRNS.1,MUSCLE,64.5,5.9,986.0,-1.947437214164568,0.05848170419104002
GTEX-1LVAO-0626-SM-EWRNT.1,HEART,64.5,5.9,1019.0,0.1998895604243694,-0.014277212416004697
GTEX-1LVAO-2726-SM-E9TJ8.1,SKIN,64.5,6.3,1111.0,0.0810872914632641,-0.11963340944067753
GTEX-1M4P7-0011-R11b-SM-EXOIK.1,BRAIN,64.5,6.5,922.0,0.3489308133696517,-0.12618074604809593
GTEX-1M4P7-0011-R3a-SM-EYYX2.1,BRAIN,64.5,5.8,922.0,-3.30119757512679,0.13401292500553286
GTEX-1M4P7-0126-SM-DKPQF.1,MUSCLE,64.5,7.3,1058.0,2.0504299537838504,-0.005953713183331722
GTEX-1M4P7-0226-SM-DIPEV.1,SKIN,64.5,6.9,1059.0,0.7654673453211635,-0.12738312643951252
GTEX-1M4P7-0726-SM-E6CJ3.1,SKIN,64.5,7.6,1065.0,-0.4224086798431773,-0.10717229539512532
GTEX-1M4P7-2726-SM-E9TJQ.1,BRAIN,64.5,6.0,1180.0,-1.413661918346946,-0.014488336119337673
GTEX-1M5QR-1026-SM-DHXK9.1,HEART,44.5,6.0,454.0,-0.3979023273677635,-0.13673579831597718
GTEX-1M5QR-1226-SM-EWROB.1,SKIN,44.5,7.0,459.0,-1.2854052519159729,-0.0791040109459781
GTEX-1M5QR-1326-SM-EWROC.1,MUSCLE,44.5,7.9,462.0,0.8965271403065794,0.007858909755429648
GTEX-1M5QR-1626-SM-E9U5O.1,HEART,44.5,6.5,472.0,-0.9327441276432294,0.08455480357080633
GTEX-1MA7W-1826-SM-DIPFP.1,MUSCLE,24.5,7.8,231.0,-0.3870690714792758,-0.0677334741078896
GTEX-1MA7W-2026-SM-E9TJ6.1,SKIN,24.5,8.5,241.0,0.3898832152585371,-0.029009880462316704
GTEX-1MA7X-0011-R2b-SM-EZ6MT.1,BRAIN,64.5,6.5,844.0,-0.392111014229865,0.07866701667926423
GTEX-1MA7X-0011-R6a-SM-EYYWR.1,BRAIN,64.5,7.1,844.0,-0.1353592265586082,0.05210032127592135
GTEX-1MA7X-0011-R7b-SM-EYYWS.1,BRAIN,64.5,5.9,844.0,-2.4396946351717324,0.13809643126075483
GTEX-1MA7X-2226-SM-E6CIY.1,SKIN,64.5,7.8,976.0,-0.2269454736733658,-0.024456225261335857
GTEX-1MCC2-0226-SM-EVYD5.1,HEART,34.5,8.1,151.0,0.6625135459114698,-0.03434973603009151
GTEX-1MCC2-0326-SM-EV7AK.1,HEART,34.5,8.9,161.0,0.2782521927563308,-0.02016419718494389
GTEX-1MCC2-1826-SM-DIPEX.1,SKIN,34.5,7.1,241.0,-0.5047345061836204,-0.07293501403565171
GTEX-1MCC2-2726-SM-EWRN3.1,MUSCLE,34.5,8.6,386.0,1.3262910594318034,-0.06819293586305818
GTEX-1MCQQ-0011-R3a-SM-EXURW.1,BRAIN,64.5,6.1,1184.0,-0.7208942386968875,0.04256476679228765
GTEX-1MCQQ-0626-SM-E9U5Q.1,MUSCLE,64.5,8.4,1275.0,0.1054556948267357,0.0018013742174468757
GTEX-1MCQQ-0826-SM-DLHC2.1,SKIN,64.5,7.4,1283.0,-0.0619360211466589,-0.09469566708210417
GTEX-1MCQQ-2526-SM-E9TJZ.1,BRAIN,64.5,5.6,1390.0,-0.3168901072365114,-0.013970722094216874
GTEX-1MCYP-0526-SM-E9U6Q.1,SKIN,24.5,7.4,102.0,-3.471553710061701,0.007389205023992816
GTEX-1MCYP-1926-SM-E9J2R.1,SKIN,24.5,6.0,212.0,-2.507997882048779,-0.10065552043948353
GTEX-1MCYP-2026-SM-DTXE4.1,MUSCLE,24.5,7.9,216.0,-0.4809162169197204,0.04358396470133041
GTEX-1MGNQ-0126-SM-EVYCJ.1,SKIN,44.5,6.7,237.0,-1.6318747483065763,-0.11171171903047925
GTEX-1MJIX-0326-SM-EVR42.1,HEART,44.5,6.8,432.0,-1.3851489324355994,-0.08651951679259318
GTEX-1MJIX-0426-SM-DTXEN.1,HEART,44.5,8.0,433.0,-0.3664009115034258,0.03488304661213002
GTEX-1MJIX-0726-SM-DPRYP.1,LIVER,44.5,6.6,436.0,-2.376775498644723,-0.10759149135586034
GTEX-1MJIX-2126-SM-E9J3A.1,MUSCLE,44.5,7.6,620.0,0.1380862486468056,0.16034929299839581
GTEX-1MJK2-0011-R2b-SM-EXUS5.1,BRAIN,54.5,6.7,1022.0,0.4173035948791352,0.0672321261211478
GTEX-1MJK2-0011-R6a-SM-EXUS3.1,BRAIN,54.5,7.2,1022.0,0.0772897063083394,0.004542615844169797
GTEX-1MJK2-0011-R7a-SM-EXUS4.1,BRAIN,54.5,6.8,1022.0,-0.6548416823136778,0.13297328730203573
GTEX-1MJK2-0011-R9b-SM-EZ6MZ.1,BRAIN,54.5,7.3,1022.0,2.0790891254406496,0.3510845900436756
GTEX-1MJK2-0426-SM-DTXE5.1,SKIN,54.5,7.5,1165.0,0.0250130527009169,-0.10219179985068862
GTEX-1MJK2-1626-SM-EVYCQ.1,HEART,54.5,6.0,1278.0,-2.2873273233238263,-0.04537875378055181
GTEX-1MJK2-3026-SM-EV7A5.1,BRAIN,54.5,7.1,1342.0,2.048033024782713,-0.2270123010768292
GTEX-1MJK3-0726-SM-E6CJC.1,SKIN,24.5,7.4,477.0,-1.5549473503200328,0.025798099505162823
GTEX-1MJK3-1426-SM-E9TK1.1,MUSCLE,24.5,8.1,654.0,-0.5143378361939721,-0.04634211257449888
GTEX-1MUQO-0126-SM-EAZ58.1,SKIN,64.5,6.7,376.0,-0.2573686946915727,-0.0779525297566981
GTEX-1MUQO-0226-SM-E9TJL.1,MUSCLE,64.5,8.6,378.0,0.7274464867081925,-0.0667827690834797
GTEX-1MUQO-1226-SM-E9TJK.1,HEART,64.5,8.3,391.0,1.178801916338503,-0.07791619201400286
GTEX-1N2DV-0226-SM-E6CJ6.1,SKIN,44.5,7.7,161.0,-1.784606259345933,-0.13765528132866123
GTEX-1N2DV-0526-SM-DTX8W.1,MUSCLE,44.5,9.2,173.0,0.08941137813383,-0.16395228914140977
GTEX-1N2DV-1526-SM-DTXEP.1,SKIN,44.5,8.8,207.0,-1.1923227964253873,-0.09073470514391321
GTEX-1N2DW-0011-R11b-SM-EXOIL.1,BRAIN,54.5,6.7,856.0,1.7788373366224417,-0.19020888746293932
GTEX-1N2DW-0011-R4b-SM-EZ6MD.1,BRAIN,54.5,6.6,856.0,-0.5185438346985234,0.11320128594984366
GTEX-1N2DW-0011-R5a-SM-EYYX3.1,BRAIN,54.5,6.7,856.0,-1.2418993545075825,0.11411330247739385
GTEX-1N2DW-0011-R6a-SM-EZ6MW.1,BRAIN,54.5,6.9,856.0,-0.8361466533199629,0.07909313368658406
GTEX-1N2DW-0226-SM-E9TK2.1,SKIN,54.5,6.9,882.0,-1.0292449111353317,-0.060246487564787496
GTEX-1N2DW-0426-SM-E9TK4.1,MUSCLE,54.5,7.7,892.0,1.3123867199977095,0.10900983326512911
GTEX-1N2DW-2826-SM-E9TK5.1,BRAIN,54.5,5.5,1041.0,-1.002382434310396,0.017039296200429144
GTEX-1N2EE-0011-R11b-SM-EXOIJ.1,BRAIN,64.5,8.1,1049.0,2.8561862561191607,-0.2108530254493193
GTEX-1N2EE-0011-R3b-SM-EXURY.1,BRAIN,64.5,6.2,1049.0,0.475678837384683,-0.0006941108347996288
GTEX-1N2EE-0011-R4a-SM-EXOII.1,BRAIN,64.5,6.3,1049.0,-1.3999072931162764,0.13335385161294722
GTEX-1N2EE-0626-SM-E76PW.1,SKIN,64.5,6.8,1165.0,0.3461310354725516,-0.0024426581716950097
GTEX-1N2EF-0226-SM-EYYXB.1,SKIN,64.5,8.3,615.0,1.1048368561646067,-0.12987557684905093
GTEX-1N2EF-0526-SM-E76OK.1,MUSCLE,64.5,7.3,619.0,1.5608286914702578,-0.0379506766477703
GTEX-1N2EF-2826-SM-E6CQF.1,HEART,64.5,5.7,665.0,-0.4942820879873875,-0.06683403903747025
GTEX-1N5O9-0926-SM-E9J3C.1,SKIN,64.5,7.5,1051.0,-0.1650432240840392,-0.2251482067753783
GTEX-1N5O9-2926-SM-EXUSN.1,BRAIN,64.5,6.4,1108.0,-0.7392355297599169,-0.037267761169309424
GTEX-1NHNU-0626-SM-E6CP1.1,HEART,54.5,7.7,221.0,0.3560540530727369,0.08486194895256953
GTEX-1NHNU-1026-SM-E9J2A.1,SKIN,54.5,6.5,286.0,0.0946855053794233,-0.22606730268396572
GTEX-1NHNU-1226-SM-DTX8I.1,MUSCLE,54.5,8.3,288.0,1.2727035270113407,0.06164356951135791
GTEX-1NSGN-0726-SM-DTXEF.1,SKIN,54.5,7.7,424.0,-0.6139228810107483,0.0932517357130197
GTEX-1NSGN-1226-SM-E76OL.1,HEART,54.5,7.1,436.0,1.4819744644795618,0.11914302243060038
GTEX-1NUQO-0726-SM-E9J3K.1,MUSCLE,24.5,8.3,495.0,-0.370069407660457,0.10497118148438839
GTEX-1NV5F-0226-SM-E8VNY.1,SKIN,64.5,6.9,918.0,-1.038757091169796,-0.17490809905671512
GTEX-1NV5F-0626-SM-DTXEG.1,SKIN,64.5,7.8,936.0,-0.5441853814128833,0.06241982384527064
GTEX-1NV5F-3226-SM-EXUSL.1,BRAIN,64.5,6.6,1060.0,-1.314049373306315,0.01886896759416444
GTEX-1NV8Z-1526-SM-DTX8X.1,HEART,64.5,6.1,1282.0,-3.355765388823772,-0.01955754672779951
GTEX-1NV8Z-1626-SM-DPRYT.1,LIVER,64.5,6.5,1284.0,0.3407328480151572,-0.002546935938426668
GTEX-1NV8Z-3026-SM-DTX8Z.1,BRAIN,64.5,7.3,1350.0,2.483896773236706,-0.2210749719289816
GTEX-1NV8Z-3126-SM-E76R3.1,BRAIN,64.5,6.8,1351.0,0.7195249759419502,-0.011926044829960573
GTEX-1O97I-0326-SM-EYYX7.1,SKIN,64.5,8.0,1164.0,0.2607410831689681,-0.07423615071753685
GTEX-1O97I-0826-SM-E8VNE.1,HEART,64.5,6.2,1184.0,-3.5402325505179344,-0.05012257482787353
GTEX-1O9I2-0226-SM-EYYXD.1,SKIN,54.5,6.4,1248.0,-0.1498899308807636,-0.1863346648554088
GTEX-1O9I2-0526-SM-EYYXI.1,MUSCLE,54.5,7.2,1272.0,1.89180323950536,0.13100600082017105
GTEX-1O9I2-1126-SM-DTXEA.1,HEART,54.5,5.6,1297.0,3.1073547106236514,0.14761185766303583
GTEX-1O9I2-3026-SM-E76PX.1,BRAIN,54.5,5.9,1428.0,0.87929727958034,0.07093560574408102
GTEX-1OFPY-0926-SM-DTX8Q.1,HEART,64.5,8.2,159.0,-0.4918347198408349,0.015463166201581788
GTEX-1OFPY-1026-SM-EXUSO.1,HEART,64.5,8.0,158.0,0.3726132674038493,-0.07547739006749318
GTEX-1OFPY-2426-SM-DTXEJ.1,SKIN,64.5,7.7,374.0,-0.7510263173827789,-0.14121947794389575
GTEX-1OFPY-2526-SM-DTXEK.1,MUSCLE,64.5,8.1,375.0,-0.6437653358745956,0.03784905904825542
GTEX-1OJC3-0126-SM-E76QX.1,SKIN,24.5,7.7,172.0,-0.8995626897364805,-0.1537608603573982
GTEX-1OJC3-1226-SM-DTXER.1,SKIN,24.5,8.4,211.0,-2.1642242014351565,-0.012048428471817356
GTEX-1OJC4-0011-R6a-SM-EXOIM.1,BRAIN,54.5,6.8,1219.0,0.918281050420482,0.0032787904154470628
GTEX-1OJC4-0011-R7a-SM-EYYX4.1,BRAIN,54.5,5.8,1219.0,-0.2443291042716576,0.04525395342308116
GTEX-1OJC4-0011-R9a-SM-EZ6N1.1,BRAIN,54.5,6.3,1219.0,-1.7935510212397126,0.007917143425977546
GTEX-1OJC4-0126-SM-E9J2E.1,SKIN,54.5,6.4,1270.0,-0.168561456373626,0.1672700758932219
GTEX-1OJC4-2726-SM-E76PJ.1,SKIN,54.5,7.3,1337.0,0.6704278388719049,-0.10276247304938681
GTEX-1OJC4-2826-SM-E6CQX.1,BRAIN,54.5,6.6,1370.0,0.2221520863757123,-0.01337591671022564
GTEX-1OKEX-0726-SM-DPRYE.1,HEART,64.5,7.9,263.0,0.6089798527835523,-0.08530101590838374
GTEX-1OKEX-2026-SM-E8VNL.1,SKIN,64.5,5.6,317.0,-0.7676840511338963,-0.12245396853102952
GTEX-1P4AB-0326-SM-EXUT3.1,MUSCLE,54.5,6.9,698.0,0.4426562428763703,-0.09887588594279703
GTEX-1P4AB-0926-SM-E76PV.1,HEART,54.5,7.3,784.0,0.4132571447344509,0.05914751438762131
GTEX-1P4AB-3026-SM-EXOJS.1,BRAIN,54.5,7.4,999.0,1.9172799723032408,-0.11897841160512594
GTEX-1PBJI-0526-SM-E8VNK.1,SKIN,24.5,5.5,1259.0,-0.6189909830949787,-0.11053650380012583
GTEX-1PBJI-1426-SM-EYYXG.1,SKIN,24.5,7.4,1278.0,-0.0579362998231101,-0.053014100739623045
GTEX-1PBJJ-0326-SM-E8VNT.1,MUSCLE,34.5,8.1,677.0,-0.5986690692944338,0.07922115103694116
GTEX-1PBJJ-0626-SM-DPRYO.1,LIVER,34.5,6.1,680.0,-0.9278484553609034,0.027848455557977526
GTEX-1PBJJ-1026-SM-E76OS.1,SKIN,34.5,7.8,683.0,-0.2946014333722311,0.0774893576365207
GTEX-1PDJ9-0326-SM-DTX95.1,SKIN,24.5,8.9,835.0,0.8226388555569097,-0.11995281557699887
GTEX-1PDJ9-0526-SM-DTXDL.1,MUSCLE,24.5,6.5,880.0,0.3738599863453812,0.07753782398289674
GTEX-1PDJ9-1226-SM-EXUSX.1,SKIN,24.5,9.4,966.0,-0.3913657787039808,-0.07040249738228385
GTEX-1PFEY-1526-SM-E76PP.1,SKIN,34.5,6.3,557.0,-1.7130014171039658,-0.02841800399788164
GTEX-1PIEJ-0326-SM-EVYB5.1,MUSCLE,24.5,8.1,324.0,0.1847278767731711,-0.05414085761850073
GTEX-1PIGE-0126-SM-EVYBJ.1,SKIN,24.5,8.1,475.0,-0.8759584604012967,-0.14877366762449099
GTEX-1PIGE-0226-SM-E76OT.1,MUSCLE,24.5,8.2,483.0,-0.5866111761146392,-0.09177919703226085
GTEX-1PIGE-1826-SM-E8VOU.1,SKIN,24.5,6.7,567.0,1.5801030983002886,-0.10983972916647887
GTEX-1PIIG-0126-SM-E9J46.1,MUSCLE,34.5,8.3,1442.0,1.6444589179735354,0.07582063520447589
GTEX-1PIIG-0226-SM-EWRN6.1,SKIN,34.5,7.2,1443.0,-0.5052026530126082,-0.056266157250339094
GTEX-1PIIG-1326-SM-EXOIR.1,LIVER,34.5,6.0,1468.0,-2.930428038689846,-0.0012527069637320392
GTEX-1PIIG-2326-SM-DTXFR.1,SKIN,34.5,7.7,1478.0,-0.0706672116281955,-0.0833919887088962
GTEX-1PIIG-2726-SM-E76PQ.1,BRAIN,34.5,6.7,1481.0,0.5761854743111734,0.025551047573363572
GTEX-1PIIG-2826-SM-DTX7O.1,BRAIN,34.5,6.9,1482.0,2.004555896825986,-0.1612122570523108
GTEX-1POEN-0126-SM-EYYXJ.1,SKIN,34.5,8.1,1159.0,0.6905790816174222,-0.09623851721040953
GTEX-1POEN-0626-SM-EVR4B.1,HEART,34.5,5.5,1180.0,2.6404942416481685,-0.07986760785477404
GTEX-1POEN-0726-SM-DTXDU.1,HEART,34.5,5.7,1182.0,-1.3900990821783132,0.09225744596950149
GTEX-1POEN-2326-SM-E9J2L.1,SKIN,34.5,6.0,1240.0,-0.7659580813639947,0.015211129639423083
GTEX-1POEN-2726-SM-E9U6B.1,BRAIN,34.5,6.5,1303.0,1.9821097465793087,-0.17988066816815756
GTEX-1PPGY-0426-SM-DTXFE.1,MUSCLE,64.5,8.7,832.0,1.6875793290494303,0.06592076360830104
GTEX-1PPGY-0926-SM-DTXFF.1,HEART,64.5,7.6,905.0,1.3345901213245428,0.004819253188782502
GTEX-1PPGY-1126-SM-E76OU.1,HEART,64.5,7.0,909.0,-0.2386335326319205,0.029005577152369337
GTEX-1PPGY-1626-SM-EVYBL.1,SKIN,64.5,7.1,918.0,0.2900946185872207,-0.07814892715476345
GTEX-1PPGY-3126-SM-EXUSR.1,BRAIN,64.5,7.0,973.0,0.5107417910720049,0.022788270458922736
GTEX-1PPH7-1126-SM-DTX9A.1,SKIN,44.5,8.1,608.0,-0.1837365774481562,-0.1648509864678896
GTEX-1PPH7-2026-SM-E9J3N.1,HEART,44.5,6.9,663.0,4.577165370044952,0.016570457176563885
GTEX-1PPH7-2326-SM-EVYB8.1,SKIN,44.5,7.7,820.0,0.1960701533677845,-0.15405478491506597
GTEX-1PPH7-2526-SM-E76OJ.1,MUSCLE,44.5,7.4,826.0,1.260073949975673,-0.039323256968749457
GTEX-1PPH8-0126-SM-EWRN8.1,SKIN,24.5,6.3,446.0,-1.6542148774170773,-0.03926306669568252
GTEX-1PPH8-0226-SM-E8VND.1,SKIN,24.5,7.2,453.0,-1.6477907779527543,-0.18336912229629096
GTEX-1PPH8-0326-SM-E76PR.1,MUSCLE,24.5,8.5,455.0,-0.4771859373604807,-0.0457129476690613
GTEX-1PWST-0226-SM-E76QJ.1,SKIN,74.5,7.2,1006.0,0.2100874815748474,0.08986249066829348
GTEX-1PWST-0426-SM-E76QV.1,MUSCLE,74.5,7.5,1010.0,0.7693763466785695,0.21981237490922534
GTEX-1PWST-1026-SM-DTXF2.1,HEART,74.5,7.0,1022.0,-1.23163794927074,0.2635762520841725
GTEX-1PWST-3026-SM-EAZ3H.1,BRAIN,74.5,7.0,1081.0,2.32527405893678,-0.07382530906902293
GTEX-1PWST-3126-SM-EXUSE.1,BRAIN,74.5,6.6,1083.0,0.3423444004574002,0.050513695384199586
GTEX-1QAET-0326-SM-EVR3U.1,SKIN,54.5,7.2,357.0,-0.1074900872411601,-0.16806189253748427
GTEX-1QAET-0926-SM-E76QM.1,SKIN,54.5,7.2,371.0,-0.6025348596832623,-0.05809602734960628
GTEX-1QAET-2026-SM-E9J3S.1,MUSCLE,54.5,8.3,410.0,0.162047488297345,-0.08976718137507313
GTEX-1QCLY-0226-SM-EWRNH.1,SKIN,34.5,6.9,842.0,0.045332803688289,-0.22645699366658895
GTEX-1QCLY-0326-SM-E8VOG.1,SKIN,34.5,6.8,848.0,0.033817410384687,-0.14493184825025218
GTEX-1QCLY-0426-SM-E8VOH.1,MUSCLE,34.5,7.9,849.0,0.9776747018733458,0.036679633955220656
GTEX-1QCLZ-0326-SM-DTXG2.1,MUSCLE,64.5,7.6,255.0,0.1730400027454498,-0.0456763181075858
GTEX-1QCLZ-0926-SM-E6CQZ.1,HEART,64.5,7.6,278.0,0.7412534460042368,-0.06249483300783392
GTEX-1QCLZ-1126-SM-EWRNB.1,HEART,64.5,7.9,282.0,0.3611517369474518,0.06493688818801108
GTEX-1QCLZ-1226-SM-EAZ49.1,LIVER,64.5,8.1,288.0,1.5371171047165144,-0.09556457397423786
GTEX-1QCLZ-2426-SM-EVYBW.1,SKIN,64.5,7.5,333.0,-0.1752294152266535,-0.1894184606332581
GTEX-1QEPI-0126-SM-EWRMQ.1,SKIN,64.5,8.2,660.0,1.3668698734098554,-0.08024297576708533
GTEX-1QEPI-0526-SM-E76QF.1,MUSCLE,64.5,7.9,669.0,0.5965208823517241,-0.03587266608748715
GTEX-1QEPI-1126-SM-E8VN7.1,HEART,64.5,6.2,719.0,3.706547898279414,-0.0789721691374666
GTEX-1QEPI-2626-SM-DTXF4.1,SKIN,64.5,7.9,759.0,0.9678586668723124,-0.14720652106510204
GTEX-1QEPI-3026-SM-EXOIW.1,BRAIN,64.5,5.6,1038.0,-0.6194334658472328,-0.1390756378651584
GTEX-1QMI2-0226-SM-EVYBX.1,SKIN,64.5,8.6,730.0,1.1296914429846645,0.0733304013777253
GTEX-1QMI2-0526-SM-DTXFU.1,MUSCLE,64.5,8.1,735.0,1.020896455414666,0.05533488323224187
GTEX-1QMI2-1026-SM-DTX7T.1,HEART,64.5,6.6,779.0,1.2499320534918823,-0.09352186727154933
GTEX-1QMI2-2526-SM-E8VNZ.1,SKIN,64.5,7.6,825.0,0.8752531620894586,-0.08409798772146741
GTEX-1QMI2-3126-SM-EXUT5.1,BRAIN,64.5,6.4,1059.0,1.414054623563076,-0.042446135855676075
GTEX-1QP28-0526-SM-E8VNR.1,MUSCLE,54.5,8.0,794.0,0.2979824381562361,0.03654598956697575
GTEX-1QP28-1126-SM-EVYC4.1,SKIN,54.5,6.4,871.0,-0.7315389088628859,-0.06817109395202861
GTEX-1QP29-0626-SM-EWRMX.1,SKIN,54.5,5.9,539.0,0.0924341305933192,-0.1264859916823263
GTEX-1QP29-1426-SM-DTX9Q.1,HEART,54.5,7.6,608.0,0.984441653040453,-0.11380869952068601
GTEX-1QP29-1526-SM-EXUSY.1,HEART,54.5,7.6,609.0,1.2491889199579949,-0.1327991793798192
GTEX-1QP29-1826-SM-DTX9S.1,SKIN,54.5,8.2,635.0,0.7481909320260439,0.030441657714615933
GTEX-1QP2A-0126-SM-E9J43.1,SKIN,54.5,8.0,398.0,-0.0585574088826239,-0.297707407140377
GTEX-1QP2A-0526-SM-E8VN5.1,MUSCLE,54.5,7.9,410.0,0.6845886248013017,-0.03737308282202885
GTEX-1QP2A-1126-SM-EVR3H.1,HEART,54.5,8.3,448.0,0.8354401027122603,-0.20276604538084814
GTEX-1QP2A-1726-SM-E76QC.1,SKIN,54.5,7.3,497.0,-0.8361780968475491,0.003688556650384941
GTEX-1QP66-0226-SM-DPRXS.1,LIVER,54.5,6.8,49.0,0.037445742144265,0.042349236384545894
GTEX-1QP66-1226-SM-DTX7U.1,SKIN,54.5,6.6,832.0,0.064580744164935,-0.22106143921129132
GTEX-1QP66-1626-SM-E76PC.1,MUSCLE,54.5,8.2,837.0,2.7048269655951764,0.02051504997253743
GTEX-1QP66-1726-SM-E8VO1.1,SKIN,54.5,5.9,834.0,-2.1301171889590456,-0.07557428519757918
GTEX-1QP67-1626-SM-EAZ3X.1,SKIN,44.5,5.7,431.0,-0.6080309690954258,-0.07614858073833274
GTEX-1QP67-1826-SM-DTX8D.1,MUSCLE,44.5,8.2,431.0,-0.1072205089610417,-0.04442978493475808
GTEX-1QP6S-0326-SM-DTXF7.1,SKIN,44.5,7.9,1253.0,0.7497571371872919,0.08513350049849376
GTEX-1QP6S-0426-SM-DTXG4.1,MUSCLE,44.5,8.4,1255.0,2.043420127068221,0.1855322252601157
GTEX-1QP6S-1026-SM-DTXFW.1,HEART,44.5,5.6,1265.0,-1.3251158375572838,0.2866918716991072
GTEX-1QP6S-1326-SM-DPRZ8.1,LIVER,44.5,6.6,1273.0,0.2757734249251927,0.006074238770383581
GTEX-1QP6S-2926-SM-DTXF8.1,BRAIN,44.5,6.6,1357.0,0.7599127529426435,0.030012303639890287
GTEX-1QP6S-3026-SM-EAZ4N.1,BRAIN,44.5,6.4,1358.0,2.402155335581784,-0.1676419970144459
GTEX-1QP9N-1226-SM-E76QN.1,SKIN,34.5,7.5,262.0,-0.4733215727081229,-0.06899274669972509
GTEX-1QP9N-1426-SM-DTXFL.1,SKIN,34.5,7.3,277.0,-1.986527358347056,-0.12623831907843325
GTEX-1QP9N-1926-SM-E6CPY.1,MUSCLE,34.5,7.9,290.0,-0.0447439609567119,0.06349533560919937
GTEX-1QPFJ-0226-SM-E76PB.1,SKIN,34.5,6.8,349.0,-0.1326363747281105,-0.08713318360918354
GTEX-1QPFJ-0326-SM-E8VO2.1,MUSCLE,34.5,5.5,358.0,0.5678814817629471,-0.17243453475093493
GTEX-1QPFJ-0926-SM-EVR3K.1,HEART,34.5,8.9,377.0,1.60652123555404,0.23459788324930328
GTEX-1QPFJ-1026-SM-E6CR6.1,HEART,34.5,8.5,379.0,1.196614314744963,-0.07449761029044714
GTEX-1QPFJ-1126-SM-E9U5V.1,LIVER,34.5,7.8,382.0,1.5123123412937756,0.01647190636295348
GTEX-1QPFJ-1926-SM-EVYBD.1,SKIN,34.5,7.9,404.0,-0.7589000506482113,-0.034994127430498206
GTEX-1QW4Y-1126-SM-DTXE3.1,SKIN,34.5,7.4,496.0,-1.3194946598058936,-0.06897986423949501
GTEX-1QW4Y-1526-SM-EAZ3Z.1,SKIN,34.5,7.2,735.0,-0.4331698399663803,-0.014804537089323033
GTEX-1QW4Y-1726-SM-EWRN1.1,MUSCLE,34.5,7.9,738.0,0.9214320047356191,0.020931687544967457
GTEX-1R46S-0011-R6a-SM-EZ6N6.1,BRAIN,64.5,6.5,761.0,-1.6890470830657198,0.13515185329973936
GTEX-1R46S-0011-R7b-SM-EXUTH.1,BRAIN,64.5,5.6,761.0,-2.9292707513360043,0.15400386351359782
GTEX-1R46S-0011-R9a-SM-EZ6N7.1,BRAIN,64.5,6.8,761.0,2.1950217096612827,0.17406365554418426
GTEX-1R46S-0326-SM-EWRNE.1,MUSCLE,64.5,7.2,871.0,0.6852329590536241,0.03133794680908839
GTEX-1R46S-0626-SM-E9J41.1,SKIN,64.5,7.3,873.0,-0.3194324134675367,-0.026478210621731207
GTEX-1R46S-2426-SM-E76QA.1,SKIN,64.5,7.8,895.0,0.1284895398213921,0.05076955544564267
GTEX-1R46S-3026-SM-DTXFP.1,BRAIN,64.5,6.2,934.0,1.1315893957100722,0.07537502730519739
GTEX-1R46S-3126-SM-DPRZ9.1,BRAIN,64.5,6.6,935.0,1.5169415874567225,-0.14274200726291245
GTEX-1R7EU-0226-SM-EVR4G.1,SKIN,64.5,7.1,384.0,-0.6452095008973694,-0.13069961279146775
GTEX-1R7EU-0626-SM-DTX9N.1,MUSCLE,64.5,8.7,393.0,-0.1803470848793714,0.024167524392354235
GTEX-1R7EU-1626-SM-DTXG3.1,SKIN,64.5,7.6,419.0,0.3906110874726072,-0.051440921008092506
GTEX-1R7EV-0326-SM-E76PA.1,HEART,44.5,6.7,328.0,-0.8741173077667143,-0.010380593434421052
GTEX-1R7EV-0426-SM-DTX7Z.1,HEART,44.5,8.1,352.0,-0.0120542795132372,0.13915414445180666
GTEX-1R7EV-2026-SM-DTX83.1,MUSCLE,44.5,7.3,493.0,0.9620534746120988,0.022659159149566944
GTEX-1R7EV-2426-SM-EVYBG.1,SKIN,44.5,7.6,509.0,-0.1004544415519967,-0.09644981309076674
GTEX-1R9JW-0426-SM-E76QL.1,HEART,34.5,7.9,276.0,0.4970231505839961,0.0006971088370290541
GTEX-1R9JW-0526-SM-EWRNK.1,HEART,34.5,7.2,279.0,0.0610486376111666,-0.010896396371451601
GTEX-1R9JW-0826-SM-DPRZJ.1,LIVER,34.5,8.7,298.0,0.8734365348191694,-0.023423108282926864
GTEX-1R9JW-2426-SM-DTXFI.1,MUSCLE,34.5,8.9,466.0,4.42070436241526,0.09433614263180395
GTEX-1R9K4-0011-R11a-SM-EZ6N9.1,BRAIN,64.5,6.3,1140.0,1.105597323051206,-0.13195927795597354
GTEX-1R9K4-0011-R5b-SM-EZ6N8.1,BRAIN,64.5,6.6,1140.0,0.684973128142141,0.06542912076540124
GTEX-1R9K4-0126-SM-DTX9X.1,SKIN,64.5,7.8,1013.0,1.9625914828051507,-0.0291132438489267
GTEX-1R9K4-0626-SM-E76OZ.1,MUSCLE,64.5,8.0,1026.0,1.2493796603971914,0.05683533253724045
GTEX-1R9K4-1026-SM-EXUT1.1,HEART,64.5,9.6,1046.0,0.7497610086142941,0.07593929251154681
GTEX-1R9K4-1326-SM-DTX8G.1,HEART,64.5,6.9,1068.0,0.5735932823023177,0.08527161136288162
GTEX-1R9K4-2826-SM-DTX8F.1,SKIN,64.5,7.4,1118.0,-0.5537369740212054,-0.08168013481816629
GTEX-1R9K4-3126-SM-DTX9Y.1,BRAIN,64.5,6.2,1374.0,0.3691655570725372,-0.04919423522890425
GTEX-1R9K5-0326-SM-EWRNG.1,MUSCLE,54.5,7.2,398.0,1.4376303252731573,-0.2619713941085385
GTEX-1R9K5-1326-SM-E6CPR.1,HEART,54.5,7.9,444.0,0.584463696283958,-0.2171113418539308
GTEX-1R9PM-1926-SM-EVR3O.1,SKIN,24.5,7.0,1040.0,-1.000997360707192,-0.18019288116646603
GTEX-1R9PM-2026-SM-E76OY.1,SKIN,24.5,7.3,1048.0,-0.3394895355679902,-0.1373813026999513
GTEX-1R9PM-2226-SM-E8VOC.1,MUSCLE,24.5,7.3,1060.0,0.2500606850039917,-0.20032882463489773
GTEX-1R9PN-0426-SM-DTXDT.1,SKIN,44.5,5.9,390.0,-1.39214563869542,-0.051708381741468794
GTEX-1R9PN-1826-SM-E8VO4.1,MUSCLE,44.5,8.0,413.0,0.8062063891680914,0.055881300233944456
GTEX-1R9PO-0011-R11b-SM-EZ6NB.1,BRAIN,64.5,8.6,1040.0,2.5681354305511457,-0.14673168045787127
GTEX-1R9PO-0011-R5a-SM-EZ6NA.1,BRAIN,64.5,6.6,1040.0,1.7655875134850272,0.08788038535846272
GTEX-1R9PO-0326-SM-DTXA1.1,HEART,64.5,6.9,1073.0,0.7932338745428232,0.07922146508516086
GTEX-1R9PO-2126-SM-E9J4O.1,SKIN,64.5,7.1,1130.0,-0.4017973236280983,-0.19361154997660984
GTEX-1R9PO-2426-SM-EVYBS.1,MUSCLE,64.5,8.0,1133.0,0.2959885492579702,0.0987763371330261
GTEX-1R9PO-2826-SM-E6CPV.1,BRAIN,64.5,7.3,1169.0,2.7875390760115635,-0.12891360185851605
GTEX-1R9PO-2926-SM-EVYBR.1,BRAIN,64.5,6.2,1169.0,1.3417658516828568,0.04232799775158549
GTEX-1RAZA-0126-SM-E6CI3.1,SKIN,24.5,7.2,319.0,-1.8273393265217497,-0.09243760812118226
GTEX-1RAZA-0526-SM-E76R2.1,MUSCLE,24.5,8.3,334.0,-0.7385596697009487,0.013602514633748657
GTEX-1RAZA-2226-SM-E9U4X.1,SKIN,24.5,7.4,393.0,0.3998819093978319,-0.2897971900250968
GTEX-1RAZQ-0426-SM-DTXFQ.1,MUSCLE,34.5,8.6,466.0,-0.3885862488476803,-0.07395861700297746
GTEX-1RAZQ-0726-SM-EAZ43.1,SKIN,34.5,6.0,480.0,-1.0537633578656986,-0.2362875068282738
GTEX-1RAZQ-1326-SM-E9TK6.1,SKIN,34.5,6.4,698.0,-1.2402431276108614,-0.01741063936722799
GTEX-1RAZR-0326-SM-EWRNM.1,MUSCLE,44.5,8.1,474.0,-0.3997225215719217,0.015933064391756065
GTEX-1RAZR-2126-SM-E9U6T.1,SKIN,44.5,7.1,604.0,-0.1705262819354444,-0.11555655688609943
GTEX-1RAZS-0826-SM-E76QP.1,HEART,54.5,5.8,1240.0,-2.9112111125811646,0.06132545280387173
GTEX-1RAZS-2526-SM-E6CHT.1,SKIN,54.5,7.6,1287.0,-0.5439857447213832,-0.12306584522034054
GTEX-1RB15-0326-SM-E6CQB.1,HEART,64.5,8.2,1737.0,0.4424769465186262,-0.1331242351208881
GTEX-1RB15-0426-SM-E9U4Y.1,HEART,64.5,8.2,1739.0,0.6410586083920389,0.0963552592369941
GTEX-1RB15-1326-SM-E76Q9.1,SKIN,64.5,7.6,1777.0,-0.6261021451721227,-0.15198140646131472
GTEX-1RB15-2126-SM-E9TIM.1,SKIN,64.5,7.6,1938.0,0.3515421664923883,-0.07806723348797627
GTEX-1RB15-2226-SM-DTXFZ.1,MUSCLE,64.5,7.9,2075.0,-0.4269346313432873,0.053734843464087356
GTEX-1RDX4-0126-SM-E9J4P.1,SKIN,54.5,7.4,741.0,-0.0284676953101805,-0.06112723052095926
GTEX-1RDX4-2926-SM-E8VOF.1,SKIN,54.5,6.0,850.0,0.0103335337247037,0.026434298588123437
GTEX-1RDX4-3226-SM-DPS14.1,BRAIN,54.5,6.2,894.0,1.406039038650904,-0.2049588449861309
GTEX-1RLM8-0011-R2a-SM-EZ6N4.1,BRAIN,54.5,5.9,727.0,-1.9201299456191925,0.19277970929377342
GTEX-1RLM8-0011-R6a-SM-EYYXS.1,BRAIN,54.5,5.5,727.0,-2.50296097716846,0.21708943948230652
GTEX-1RLM8-0011-R8a-SM-EYYXR.1,BRAIN,54.5,7.7,727.0,1.5922065895557478,0.06116358201962927
GTEX-1RLM8-0226-SM-E6CJY.1,HEART,54.5,5.5,803.0,-0.5963744025789085,0.09272036637771013
GTEX-1RLM8-2326-SM-EWRN4.1,SKIN,54.5,6.7,927.0,-0.3026421919400224,-0.12019116370183223
GTEX-1RLM8-2926-SM-E8VON.1,SKIN,54.5,7.2,940.0,0.5339309863988636,-0.08613032782343093
GTEX-1RMOY-0626-SM-E9TIE.1,HEART,54.5,8.6,227.0,0.4894928014099262,-0.09829265605683592
GTEX-1RMOY-1326-SM-E9TIH.1,SKIN,54.5,6.4,254.0,-2.274399857628141,-0.11017333297170111
GTEX-1RNSC-0011-R11b-SM-EXUTG.1,BRAIN,64.5,5.7,466.0,-3.954196073813905,0.06119914540640665
GTEX-1RNSC-0011-R5a-SM-EZ6N5.1,BRAIN,64.5,5.9,466.0,-2.8010062591341747,0.1567310529011619
GTEX-1RNSC-3126-SM-EVR4V.1,BRAIN,64.5,5.7,728.0,-1.7073905521494033,-0.05880434638205381
GTEX-1RQEC-0011-R9a-SM-EZ6N3.1,BRAIN,64.5,7.5,1038.0,1.5873244550906542,0.1852958446319431
GTEX-1RQEC-0126-SM-E9J2H.1,MUSCLE,64.5,8.6,1212.0,0.8542227481724903,-0.011000021550849351
GTEX-1RQEC-0426-SM-E6CHU.1,SKIN,64.5,7.4,1214.0,-0.0493436904069107,-0.08828910549927124
GTEX-1RQEC-0926-SM-EWROG.1,HEART,64.5,6.8,1243.0,1.4669035670229795,0.021233147711393955
GTEX-1RQEC-1126-SM-EAZ5E.1,LIVER,64.5,6.2,1268.0,-2.6104743181375767,0.008869223764256603
GTEX-1RQEC-2926-SM-EVR5A.1,BRAIN,64.5,5.6,1360.0,-0.6462183373581708,0.05020431638227882
GTEX-1RQEC-3026-SM-DPRXM.1,BRAIN,64.5,6.1,1362.0,0.2221079698045645,-0.06997413492999509
GTEX-1RQED-0126-SM-E9U6M.1,SKIN,64.5,6.0,1025.0,-1.6151234217588577,-0.0773692936520815
GTEX-1RQED-0426-SM-E6CJP.1,MUSCLE,64.5,7.6,1034.0,-0.5278490474431572,0.038784907149822356
GTEX-1S3DN-0726-SM-E9TIO.1,HEART,54.5,7.9,219.0,0.2507315385857367,0.1594461643666397
GTEX-1S3DN-2126-SM-E9TIN.1,SKIN,54.5,6.0,274.0,-2.091017094542696,-0.19700335357077323
GTEX-1S3DN-2226-SM-EVYCD.1,SKIN,54.5,7.2,281.0,-0.4113125781610434,-0.11934005152656675
GTEX-1S5VW-0526-SM-E6CHL.1,MUSCLE,64.5,8.4,924.0,0.1233928234013118,0.09161795409861084
GTEX-1S5VW-1326-SM-E9TKA.1,HEART,64.5,5.7,958.0,-4.076237276397173,0.13729265575521954
GTEX-1S5VW-1826-SM-EAZ53.1,LIVER,64.5,5.5,986.0,-2.091788324252954,0.0678649835988426
GTEX-1S5ZA-0126-SM-EVYCV.1,SKIN,24.5,6.8,237.0,-1.318307493679315,-0.07321290059766644
GTEX-1S5ZA-0526-SM-EWRO1.1,MUSCLE,24.5,7.7,252.0,0.3509058211651487,-0.006921225324405451
GTEX-1S5ZU-2526-SM-E6CIF.1,SKIN,24.5,7.5,625.0,0.2817877065677785,-0.14288588922472598
GTEX-1S82P-0326-SM-E9TIR.1,MUSCLE,64.5,8.6,284.0,-0.303688779751836,0.03206547895076327
GTEX-1S82P-2126-SM-E6CI5.1,SKIN,64.5,7.3,353.0,-1.2396114761648684,0.026948279122383005
GTEX-1S82U-1026-SM-E6CJK.1,SKIN,34.5,6.2,157.0,-1.920979035004664,0.10945995420575787
GTEX-1S82U-1426-SM-E6CJL.1,MUSCLE,34.5,7.8,165.0,-1.7523892523541302,0.05415891033938271
GTEX-1S82Y-1026-SM-EV7BJ.1,LIVER,44.5,5.5,449.0,-2.4695747833292003,0.02306631672549054
GTEX-1S82Y-2026-SM-EVYCM.1,SKIN,44.5,7.4,515.0,-0.5153811748578181,-0.20206254844133614
GTEX-1S82Y-2226-SM-EWRNV.1,MUSCLE,44.5,6.6,518.0,1.0843644283380451,-0.07215552479465531
GTEX-1S82Z-0826-SM-E6CHY.1,SKIN,34.5,8.1,165.0,-0.1835582718777877,-0.04985879851330843
GTEX-1S831-1826-SM-EWROF.1,SKIN,24.5,6.7,187.0,-1.3869270162262048,0.101279438166924
GTEX-1S83E-0126-SM-EWRO4.1,SKIN,44.5,7.9,447.0,-0.5291099090488152,-0.11532282761349688
GTEX-1S83E-1326-SM-E6CJM.1,SKIN,44.5,7.0,496.0,0.3447818023079466,0.01200558495428129
GTEX-1S83E-2126-SM-EWRO6.1,MUSCLE,44.5,7.0,572.0,0.1394491263541117,0.015983448805506336
GTEX-N7MS-0008-SM-4E3JI.1,SKIN,64.5,10.0,,2.274605035707101,0.03827686592828193
GTEX-N7MS-0011-R10A-SM-2HMJK.1,BRAIN,64.5,7.1,1106.0,0.4817252687564746,-0.13987446872708567
GTEX-N7MS-0011-R11A-SM-2HMJS.1,BRAIN,64.5,6.6,1106.0,3.231342892930777,-0.21791073595898566
GTEX-N7MS-0011-R1a-SM-2HMJG.1,BRAIN,64.5,7.3,1106.0,0.3117210397672987,-0.12785914802537332
GTEX-N7MS-0011-R2a-SM-2HML6.1,BRAIN,64.5,7.0,1106.0,1.208444671344823,-0.10818756645478732
GTEX-N7MS-0011-R3a-SM-2HMKD.1,BRAIN,64.5,7.6,1106.0,2.1417511415415804,-0.16567382582429407
GTEX-N7MS-0011-R3a-SM-33HC6.1,BRAIN,64.5,7.6,1106.0,0.8314972999340928,-0.11708965811045913
GTEX-N7MS-0011-R3a-SM-5SI8H.1,BRAIN,64.5,7.6,1106.0,1.618875773287821,-0.17058672359217564
GTEX-N7MS-0011-R4a-SM-2HMKW.1,BRAIN,64.5,6.2,1106.0,0.1970347575844188,-0.010700884412062758
GTEX-N7MS-0011-R5a-SM-2HMK8.1,BRAIN,64.5,7.8,1106.0,0.3029305651457855,0.003909564073400741
GTEX-N7MS-0011-R6a-SM-2HMJ4.1,BRAIN,64.5,7.6,1106.0,1.1200967845833127,-0.0742128013744738
GTEX-N7MS-0011-R7a-SM-2HMKN.1,BRAIN,64.5,6.4,1106.0,-0.9894322694806008,-0.02441248780502101
GTEX-N7MS-0011-R8a-SM-2YUMK.1,BRAIN,64.5,6.8,1106.0,0.7617172707463444,-0.12210523536318618
GTEX-N7MS-0225-SM-4E3HO.1,SKIN,64.5,7.7,1180.0,0.4040268406775043,-0.22816193703951007
GTEX-N7MS-0426-SM-2YUN6.1,MUSCLE,64.5,6.6,1193.0,0.0008215366533764,0.05233280702647138
GTEX-N7MS-0826-SM-2HML4.1,HEART,64.5,8.5,1229.0,0.4426394387501701,-0.07947343059156624
GTEX-N7MS-2425-SM-26GMD.1,BRAIN,64.5,8.7,1285.0,-0.3595090051112558,-0.06227992888980085
GTEX-N7MS-2425-SM-26GMU.1,BRAIN,64.5,8.7,1285.0,1.4818492447111526,0.01336110404825054
GTEX-N7MS-2526-SM-26GMA.1,BRAIN,64.5,9.6,1286.0,1.3672621838274686,-0.23913524416836948
GTEX-N7MS-2526-SM-26GMR.1,BRAIN,64.5,9.6,1286.0,2.5869197079827497,-0.10165124395214982
GTEX-N7MS-2526-SM-2D7W3.1,BRAIN,64.5,9.6,1286.0,2.143774141372625,-0.28638484505910095
GTEX-N7MT-0011-R10A-SM-2I3E1.1,BRAIN,64.5,6.8,443.0,0.5377198281837947,-0.09573767507024494
GTEX-N7MT-0011-R11A-SM-2I3DZ.1,BRAIN,64.5,6.4,443.0,6.535100630022939e-05,-0.12180489854922995
GTEX-N7MT-0011-R1a-SM-2TC6G.1,BRAIN,64.5,7.0,443.0,0.1179822160292358,-0.08077244556700067
GTEX-N7MT-0011-R1a-SM-5SI7S.1,BRAIN,64.5,7.0,443.0,-0.3182083772508106,-0.12735417438074623
GTEX-N7MT-0011-R1a-SM-CNPO1.1,BRAIN,64.5,7.0,443.0,-0.2864072666178133,-0.08941123379699097
GTEX-N7MT-0011-R2a-SM-2I3GI.1,BRAIN,64.5,6.6,443.0,1.0747331118225874,-0.14932177608815592
GTEX-N7MT-0011-R3a-SM-2I3GC.1,BRAIN,64.5,6.4,443.0,1.2416961797890251,-0.05826002680537076
GTEX-N7MT-0011-R4a-SM-2I3G9.1,BRAIN,64.5,6.5,443.0,-0.9859687658524896,-0.07816050814516111
GTEX-N7MT-0011-R5a-SM-2I3G6.1,BRAIN,64.5,7.4,443.0,0.4082268915645919,-0.0007591350077161678
GTEX-N7MT-0011-R6a-SM-2I3G3.1,BRAIN,64.5,7.5,443.0,0.7105602247451834,-0.05083496457706595
GTEX-N7MT-0011-R7a-SM-2I3FZ.1,BRAIN,64.5,7.3,443.0,-0.1269811093799299,-0.023255326916953287
GTEX-N7MT-0011-R8a-SM-2I5GU.1,BRAIN,64.5,5.3,443.0,-0.2445282836151999,-0.05612540955647681
GTEX-N7MT-1126-SM-2YUNQ.1,BRAIN,64.5,7.2,536.0,0.2631377311571847,0.17477071032631852
GTEX-N7MT-1126-SM-5SI7V.1,BRAIN,64.5,7.2,536.0,-0.3273236679606261,-0.13323222317259217
GTEX-N7MT-1126-SM-CYPQY.1,BRAIN,64.5,7.2,536.0,-0.0227596770135594,-0.11353300930739678
GTEX-N7MT-1226-SM-26GMC.1,BRAIN,64.5,9.5,538.0,0.5604901687355481,-0.239812008003761
GTEX-N7MT-1226-SM-26GMT.1,BRAIN,64.5,9.5,538.0,2.214978999675012,-0.12104291411918679
GTEX-N7MT-1226-SM-2D7W4.1,BRAIN,64.5,9.5,538.0,0.925814674684314,-0.24878370454238247
GTEX-N7MT-1226-SM-2TC6K.1,BRAIN,64.5,9.5,538.0,1.085254795663977,-0.2548455149463338
GTEX-N7MT-1226-SM-DKPOK.1,BRAIN,64.5,9.5,538.0,1.217689552544705,-0.22326485381074818
GTEX-N7MT-1326-SM-2I3FV.1,HEART,64.5,7.9,465.0,-3.6430533221721655,0.05815616606479616
GTEX-NFK9-0008-SM-4E3JE.1,SKIN,44.5,10.0,,1.90212526359246,0.27214103200727097
GTEX-NFK9-0226-SM-2HMKQ.1,SKIN,44.5,9.6,294.0,-0.8340482554737827,-0.07797846672898653
GTEX-NFK9-0626-SM-2HMIV.1,MUSCLE,44.5,9.9,330.0,0.6693777826557935,0.0485925092006844
GTEX-NFK9-0926-SM-2HMJU.1,HEART,44.5,9.4,351.0,-0.7820145599610571,-0.12264685813319529
GTEX-NL3G-0008-SM-4E3JX.1,SKIN,64.5,10.0,,1.7420813128467918,0.317308448468701
GTEX-NL3H-0008-SM-4E3HU.1,SKIN,64.5,10.0,,1.828388052928956,0.4175484786694639
GTEX-NL3H-0011-R10A-SM-2I3E9.1,BRAIN,64.5,7.7,680.0,1.7530576664599142,-0.11861579069629916
GTEX-NL3H-0011-R11A-SM-2I3E6.1,BRAIN,64.5,7.0,680.0,2.909947536149444,-0.28091195498053434
GTEX-NL3H-0011-R1a-SM-48TDJ.1,BRAIN,64.5,6.7,680.0,-1.7237949763592526,0.03167935701105987
GTEX-NL3H-0011-R2a-SM-2I3GG.1,BRAIN,64.5,6.3,680.0,-1.475594508644387,-0.009516704266305938
GTEX-NL3H-0011-R3a-SM-2I3GL.1,BRAIN,64.5,7.6,680.0,-0.1979854899725125,-0.0125177565634812
GTEX-NL3H-0011-R4a-SM-2I3GK.1,BRAIN,64.5,7.0,680.0,-1.3115909665139447,0.038131996409987844
GTEX-NL3H-0011-R5a-SM-2I3GB.1,BRAIN,64.5,7.8,680.0,-1.151144646431118,0.07710521171801121
GTEX-NL3H-0011-R6a-SM-2I3G8.1,BRAIN,64.5,8.4,680.0,0.3246736159688586,-0.08226880030064773
GTEX-NL3H-0011-R7a-SM-2I3G5.1,BRAIN,64.5,7.0,680.0,-2.3596482700043926,0.06508590450712093
GTEX-NL3H-0011-R8a-SM-2YUNH.1,BRAIN,64.5,7.1,680.0,-1.282255294086895,0.19297716085500718
GTEX-NL3H-0011-R8a-SM-5S2VF.1,BRAIN,64.5,7.1,680.0,-1.6718072598108478,0.0644952200644543
GTEX-NL3H-0011-R8a-SM-DIPDY.1,BRAIN,64.5,7.1,680.0,-1.1193485400564285,0.04107062141292814
GTEX-NL4W-0008-SM-4E3I2.1,SKIN,54.5,10.0,,1.7750808184840774,0.3252267832346617
GTEX-NL4W-0011-R10A-SM-2I3DY.1,BRAIN,54.5,6.1,852.0,-0.4476510469541561,-0.06118531563526462
GTEX-NL4W-0011-R11A-SM-2I3DW.1,BRAIN,54.5,5.0,852.0,1.4804783118016298,-0.1433509073094612
GTEX-NL4W-0011-R2a-SM-2I5GV.1,BRAIN,54.5,5.1,852.0,-1.8322508446230543,0.07387103612684287
GTEX-NL4W-0011-R4a-SM-2I5GZ.1,BRAIN,54.5,5.9,852.0,-0.4676340874008221,0.05254962723968074
GTEX-NL4W-0011-R5a-SM-2I3GD.1,BRAIN,54.5,7.5,852.0,-0.9333311950720458,0.09723929321670373
GTEX-NL4W-0011-R6a-SM-2I3GA.1,BRAIN,54.5,7.2,852.0,-0.5928426545908511,0.043359146412497884
GTEX-NL4W-0011-R8a-SM-2I3G4.1,BRAIN,54.5,6.5,852.0,-0.1911786053929233,0.0920609887019288
GTEX-NL4W-0011-R9a-SM-2I3G1.1,BRAIN,54.5,6.0,852.0,-0.9135791087536608,0.05998028939031541
GTEX-NPJ7-0008-SM-4E3JS.1,SKIN,64.5,10.0,,1.773244486528553,0.3260869603444997
GTEX-NPJ7-0011-R10A-SM-2I3E5.1,BRAIN,64.5,7.3,650.0,1.072492399340382,0.03550630234766159
GTEX-NPJ7-0011-R11A-SM-2I3E8.1,BRAIN,64.5,7.2,650.0,0.9214691469997712,-0.24341098722272467
GTEX-NPJ7-0011-R1a-SM-3GACT.1,BRAIN,64.5,6.7,650.0,-1.172763880454077,-0.012390731144437958
GTEX-NPJ7-0011-R2a-SM-2I3GF.1,BRAIN,64.5,7.0,650.0,0.8882562938063459,-0.00419177556727638
GTEX-NPJ7-0011-R4a-SM-2I3GJ.1,BRAIN,64.5,6.0,650.0,-1.1462268991191564,0.031098146503939036
GTEX-NPJ7-0011-R5a-SM-2I5GY.1,BRAIN,64.5,5.9,650.0,-1.5503309440891222,0.11077480541167582
GTEX-NPJ7-0011-R5a-SM-33HBK.1,BRAIN,64.5,5.9,650.0,-1.4684171217505215,0.11070074157379027
GTEX-NPJ7-0011-R6a-SM-2I3G7.1,BRAIN,64.5,7.7,650.0,0.1068626890165321,-0.04979358102388114
GTEX-NPJ7-0011-R7a-SM-EV79B.1,BRAIN,64.5,5.6,650.0,-2.106835301489004,0.029724210100231976
GTEX-NPJ7-0011-R8a-SM-2I3G2.1,BRAIN,64.5,7.1,650.0,0.6196975330496174,-0.0203224847764518
GTEX-NPJ7-0011-R9a-SM-2TC5R.1,BRAIN,64.5,7.0,650.0,0.0535624158654672,0.060950685558971124
GTEX-NPJ7-2726-SM-2I3FT.1,BRAIN,64.5,8.9,643.0,-0.7343575422791986,0.040913825130136736
GTEX-NPJ7-2826-SM-2I3FU.1,BRAIN,64.5,9.4,646.0,-0.0303391438859603,-0.08296975035320597
GTEX-NPJ8-0011-R10A-SM-2YUMO.1,BRAIN,44.5,7.8,379.0,2.3657588596237886,0.019118628871549123
GTEX-NPJ8-0011-R11A-SM-2YUMS.1,BRAIN,44.5,7.8,379.0,2.173394667098598,-0.15930326081299587
GTEX-NPJ8-0011-R1a-SM-2HMLC.1,BRAIN,44.5,6.6,379.0,-1.7732777778667113,0.01892400581869231
GTEX-NPJ8-0011-R1a-SM-33HCB.1,BRAIN,44.5,6.6,379.0,-2.3592935987811483,0.029848130171879504
GTEX-NPJ8-0011-R1a-SM-5SI8B.1,BRAIN,44.5,6.6,379.0,-1.94834079856043,0.006585818322891356
GTEX-NPJ8-0011-R2a-SM-2TC6M.1,BRAIN,44.5,5.9,379.0,-1.4035463850194934,0.0767400072288577
GTEX-NPJ8-0011-R3a-SM-2HMIW.1,BRAIN,44.5,7.3,379.0,1.3107793049463814,0.032413188086769504
GTEX-NPJ8-0011-R4a-SM-2HML3.1,BRAIN,44.5,6.5,379.0,-1.308569800245769,0.1242975132957741
GTEX-NPJ8-0011-R5a-SM-2HMJY.1,BRAIN,44.5,7.3,379.0,-0.284618309060029,0.15264340163517398
GTEX-NPJ8-0011-R6a-SM-2HMKB.1,BRAIN,44.5,7.8,379.0,1.0042600288270926,0.09845098775647539
GTEX-NPJ8-0011-R7a-SM-2HMJV.1,BRAIN,44.5,6.1,379.0,-1.2282553669563576,0.06270060445491385
GTEX-NPJ8-0011-R8a-SM-2HMLG.1,BRAIN,44.5,7.9,379.0,1.944731931626324,0.30161271271166373
GTEX-NPJ8-0011-R9a-SM-2YUN5.1,BRAIN,44.5,7.5,379.0,1.5365842926958848,0.08190121942730924
GTEX-NPJ8-0126-SM-2YUNR.1,SKIN,44.5,7.5,311.0,0.4866907178199746,-0.18341199359202146
GTEX-NPJ8-0426-SM-2HMK6.1,HEART,44.5,8.8,325.0,0.1642079042990903,-0.0571625311447591
GTEX-NPJ8-1526-SM-26GMH.1,BRAIN,44.5,9.4,379.0,1.0849509940330226,-0.07979553503150397
GTEX-NPJ8-1526-SM-26GMY.1,BRAIN,44.5,9.4,379.0,1.5497811195533058,0.07367232490407806
GTEX-NPJ8-1526-SM-2D7VU.1,BRAIN,44.5,9.4,379.0,1.6746695183342424,-0.055506732475483794
GTEX-NPJ8-1626-SM-2HMIY.1,MUSCLE,44.5,9.8,308.0,2.070151220030761,-0.10588640516664573
GTEX-NPJ8-2626-SM-26GMI.1,BRAIN,44.5,8.8,380.0,0.9248858635389464,-0.131387420852667
GTEX-NPJ8-2626-SM-26GMZ.1,BRAIN,44.5,8.8,380.0,3.2278735725201138,0.02083286901215535
GTEX-NPJ8-2626-SM-2D7W2.1,BRAIN,44.5,8.8,380.0,1.156868173678602,-0.13819155383419557
GTEX-O5YT-0008-SM-4E3IQ.1,SKIN,24.5,10.0,239.0,1.499381150763607,0.13181547725356085
GTEX-O5YT-0126-SM-48TBW.1,SKIN,24.5,5.9,242.0,0.5808601607905913,-0.07950381262842621
GTEX-O5YT-0326-SM-32PKA.1,HEART,24.5,8.0,139.0,0.7159131192166246,-0.015260757371535656
GTEX-O5YT-0826-SM-3TW8N.1,LIVER,24.5,7.4,168.0,4.0529103356225775,0.0111495064850567
GTEX-O5YT-1626-SM-32PK6.1,MUSCLE,24.5,7.7,248.0,-1.162293131709065,-0.03975724370869441
GTEX-O5YU-0008-SM-4E3I7.1,SKIN,64.5,10.0,,1.8461841018714944,0.1847643012082174
GTEX-O5YV-0008-SM-4E3HP.1,SKIN,64.5,10.0,,1.791913519247724,0.20959414389880787
GTEX-O5YV-0326-SM-2I5H2.1,HEART,64.5,6.9,248.0,0.4084383276893514,-0.14734219543043175
GTEX-O5YV-0726-SM-EV798.1,LIVER,64.5,5.7,260.0,1.0097410192953054,0.04770640570837202
GTEX-O5YV-2026-SM-26GMK.1,MUSCLE,64.5,7.1,293.0,-1.060093455059682,-0.08440917442660899
GTEX-O5YV-2026-SM-26GN2.1,MUSCLE,64.5,7.1,293.0,-0.6527814163682928,-0.04289661926489073
GTEX-O5YV-2026-SM-2D7VS.1,MUSCLE,64.5,7.1,293.0,-0.4782659744942634,-0.038711246645660016
GTEX-O5YW-0008-SM-4E3IE.1,SKIN,54.5,10.0,,1.3231671270407552,0.21564964600538994
GTEX-O5YW-0126-SM-3LK6D.1,SKIN,54.5,5.4,194.0,-1.1978154091602713,-0.08433334756795724
GTEX-O5YW-0326-SM-2I5EI.1,HEART,54.5,8.0,138.0,-0.287807197676151,-0.05306140286685774
GTEX-OHPJ-0008-SM-4E3JG.1,SKIN,64.5,10.0,,1.8087557987816705,0.23712501919362905
GTEX-OHPJ-0926-SM-2HMJ1.1,HEART,64.5,8.2,437.0,0.2098990872360277,0.007205302421519457
GTEX-OHPJ-1626-SM-2HMKO.1,MUSCLE,64.5,7.5,456.0,-1.822586136886843,0.03264037363621032
GTEX-OHPK-0008-SM-4E3JL.1,SKIN,54.5,10.0,264.0,2.245713691668403,0.3246909455719174
GTEX-OHPK-0326-SM-2HMJO.1,HEART,54.5,7.3,313.0,-0.3069895268725048,-0.0595530414483863
GTEX-OHPK-1626-SM-2YUN3.1,MUSCLE,54.5,6.9,441.0,-0.2696496877254242,0.07161159523535215
GTEX-OHPL-0008-SM-4E3I9.1,SKIN,64.5,10.0,,1.6203826326491977,0.1702429755960472
GTEX-OHPL-0126-SM-2HMJ7.1,SKIN,64.5,7.1,189.0,-1.5153123144855538,-0.1827065053775406
GTEX-OHPL-0326-SM-2HMKS.1,HEART,64.5,8.5,84.0,0.3733911621530015,-0.11113817390013493
GTEX-OHPL-0326-SM-33HC8.1,HEART,64.5,8.5,84.0,-0.9513048960904928,-0.02066273525504141
GTEX-OHPL-1626-SM-2HMIR.1,MUSCLE,64.5,8.0,193.0,-0.3649193113110019,0.13447089440916538
GTEX-OHPM-0008-SM-4E3IP.1,SKIN,54.5,10.0,,1.8525083365842905,0.286796733587143
GTEX-OHPM-0126-SM-2YUN9.1,SKIN,54.5,6.1,149.0,-2.57015400400067,-0.18560726327824378
GTEX-OHPM-0326-SM-2HMKT.1,HEART,54.5,7.3,72.0,0.3957072050323287,-0.047025450525218705
GTEX-OHPM-0326-SM-33HCA.1,HEART,54.5,7.3,72.0,-0.5860653022310895,-0.04064961975049823
GTEX-OHPM-1626-SM-2HMK4.1,MUSCLE,54.5,8.5,155.0,0.5188875343926203,0.022982517168641525
GTEX-OHPN-0008-SM-4E3HW.1,SKIN,64.5,10.0,,1.5260729616445268,0.2366803651154766
GTEX-OHPN-0011-R10A-SM-2I5FL.1,BRAIN,64.5,5.7,350.0,-1.799475843680863,-0.07167273384016601
GTEX-OHPN-0011-R10A-SM-33HBU.1,BRAIN,64.5,5.7,350.0,-1.9063218306983276,-0.08024899882875916
GTEX-OHPN-0011-R10A-SM-5S2U3.1,BRAIN,64.5,5.7,350.0,-1.4460748618039578,-0.07699978388964934
GTEX-OHPN-0011-R11A-SM-2I5FM.1,BRAIN,64.5,5.9,350.0,-1.7165476039562435,-0.05549599140869807
GTEX-OHPN-0011-R1A-SM-2I5GB.1,BRAIN,64.5,6.0,350.0,-1.7285373620163154,0.035216830012783695
GTEX-OHPN-0011-R2A-SM-2I5FB.1,BRAIN,64.5,6.0,350.0,-2.005831595093661,0.014321898625487668
GTEX-OHPN-0011-R3A-SM-2I5FC.1,BRAIN,64.5,5.5,350.0,-1.4598959662783937,0.03816792661808785
GTEX-OHPN-0011-R4A-SM-2I5FD.1,BRAIN,64.5,5.0,350.0,-2.1019056312443087,-0.01287196090467473
GTEX-OHPN-0011-R5A-SM-2I5FF.1,BRAIN,64.5,7.4,350.0,-0.5414267716108356,0.05813975341283434
GTEX-OHPN-0011-R6A-SM-2I5FH.1,BRAIN,64.5,6.4,350.0,-1.2393596121133186,0.1544237677217358
GTEX-OHPN-0011-R7A-SM-2I5FI.1,BRAIN,64.5,6.4,350.0,-1.7707286197902523,0.08093891277997745
GTEX-OHPN-0011-R8A-SM-2I5FJ.1,BRAIN,64.5,5.4,350.0,-2.4104780471913294,0.030855080844209987
GTEX-OHPN-0011-R8A-SM-33HBT.1,BRAIN,64.5,5.4,350.0,-2.5397399429374783,0.047344048637751476
GTEX-OHPN-0011-R9A-SM-2YUMN.1,BRAIN,64.5,7.0,350.0,0.1666038989795455,-0.05837283412365774
GTEX-OHPN-0011-R9A-SM-4DXUH.1,BRAIN,64.5,7.0,350.0,0.3999361201723162,-0.029135535688872703
GTEX-OHPN-0011-R9A-SM-5TDEJ.1,BRAIN,64.5,7.0,350.0,0.0376854082067238,-0.004166612579976932
GTEX-OHPN-2526-SM-2I5H3.1,BRAIN,64.5,6.8,506.0,0.0537559914811804,-0.008870824069990365
GTEX-OHPN-2626-SM-2I5H1.1,BRAIN,64.5,6.3,507.0,-1.3619220193183403,-0.06723736897698282
GTEX-OHPN-2726-SM-2I5H4.1,MUSCLE,64.5,7.0,510.0,-0.1897536365326264,-0.10065883871229632
GTEX-OIZF-0126-SM-7SB8I.1,SKIN,64.5,7.3,215.0,-0.1874929037985189,-0.19871773253648176
GTEX-OIZF-0326-SM-3MJGY.1,HEART,64.5,8.2,121.0,0.2984328715125972,-0.1324961589251749
GTEX-OIZF-0826-SM-3MJGO.1,LIVER,64.5,8.3,101.0,1.7168636200779672,-0.059522925305429054
GTEX-OIZF-1626-SM-2YUNE.1,MUSCLE,64.5,7.9,222.0,0.297859601218115,-0.06705497796752956
GTEX-OIZG-0008-SM-4E3J2.1,SKIN,54.5,10.0,,1.8454926878949445,0.19308704775128635
GTEX-OIZG-0726-SM-2I5GS.1,SKIN,54.5,5.9,730.0,0.5648904071513755,-0.13360446688101163
GTEX-OIZG-0726-SM-33HBL.1,SKIN,54.5,5.9,730.0,0.7136322325167552,-0.11700973749865051
GTEX-OIZG-1126-SM-2HMIU.1,HEART,54.5,6.7,741.0,-1.085901931896969,-0.07877220793176945
GTEX-OIZG-1326-SM-2HMIQ.1,MUSCLE,54.5,7.8,748.0,-0.589879026438284,-0.22703929927678798
GTEX-OIZH-0126-SM-2HMIS.1,SKIN,54.5,6.6,219.0,0.7441167900420496,-0.036451278174498496
GTEX-OIZH-0326-SM-2HMKC.1,HEART,54.5,7.6,126.0,0.5686984914570888,-0.12432492522493822
GTEX-OIZH-1626-SM-2HMKI.1,MUSCLE,54.5,7.9,234.0,-1.2265436976253028,-0.07796170312123098
GTEX-OIZI-0008-SM-2XCFD.1,SKIN,44.5,10.0,,0.3324553726067166,0.31366855757369
GTEX-OIZI-0626-SM-2XCEH.1,MUSCLE,44.5,8.4,418.0,-2.035494420395665,0.134884234456957
GTEX-OIZI-0926-SM-E6CHF.1,HEART,44.5,5.6,455.0,1.2523977932661827,-0.1947957758561661
GTEX-OOBJ-0008-SM-3NB26.1,SKIN,64.5,10.0,,1.2732514378973612,0.15405725421526875
GTEX-OOBJ-0126-SM-E6CJW.1,SKIN,64.5,5.8,211.0,-2.0116887227237585,-0.06457304769742839
GTEX-OOBJ-0326-SM-2I3F8.1,HEART,64.5,7.5,119.0,0.9138081639927114,-0.1276106515309007
GTEX-OOBJ-0326-SM-33HBO.1,HEART,64.5,7.5,119.0,0.3702346135083438,-0.09721947902134292
GTEX-OOBJ-0326-SM-5SI84.1,HEART,64.5,7.5,119.0,1.2265587617642284,-0.1294455826022529
GTEX-OOBJ-0826-SM-3NB2K.1,LIVER,64.5,7.2,139.0,1.542050586243895,-0.05556890917012391
GTEX-OOBJ-1626-SM-2I3F7.1,MUSCLE,64.5,8.0,217.0,-0.3297453463960896,0.016194425596856406
GTEX-OOBK-0008-SM-3NB27.1,SKIN,44.5,10.0,,1.4826714901407083,0.17603965189388324
GTEX-OOBK-0126-SM-2YUND.1,SKIN,44.5,7.2,261.0,-0.1878609831782268,7.308604084380911e-05
GTEX-OOBK-1626-SM-2HMKG.1,MUSCLE,44.5,7.9,285.0,0.0046354428949605,-0.07902080722815072
GTEX-OOBK-3025-SM-48TBP.1,HEART,44.5,8.2,220.0,3.9867287915519776,0.15531657402647242
GTEX-OXRK-0008-SM-3NB28.1,SKIN,54.5,9.8,,2.575326398098288,0.21718873682625958
GTEX-OXRK-0226-SM-2YUN1.1,SKIN,54.5,6.7,280.0,-1.2647799472659118,-0.0601700925197264
GTEX-OXRK-0226-SM-3NB2G.1,SKIN,54.5,6.7,280.0,-0.9487200574469224,-0.07466890198810477
GTEX-OXRK-0826-SM-2HMK7.1,HEART,54.5,8.6,303.0,1.0056743032316051,-0.11350370122506699
GTEX-OXRK-1826-SM-2HMJE.1,MUSCLE,54.5,7.6,322.0,0.7989463961225768,0.05226785319773259
GTEX-OXRL-0008-SM-3NB29.1,SKIN,54.5,10.0,310.0,1.5005669127767187,0.15687253115437513
GTEX-OXRL-0126-SM-2YUMP.1,SKIN,54.5,6.0,312.0,-2.7401239143319853,-0.086579360213004
GTEX-OXRL-0326-SM-2I3F2.1,HEART,54.5,7.8,250.0,0.2771492985105159,-0.10594068198112147
GTEX-OXRL-0326-SM-447BG.1,HEART,54.5,7.8,250.0,0.6214675294766355,-0.13525615567895263
GTEX-OXRL-0326-SM-4MVNY.1,HEART,54.5,7.8,250.0,0.7103791014881224,-0.08923790983367827
GTEX-OXRL-1626-SM-2YUMU.1,MUSCLE,54.5,7.9,323.0,0.2537326973111857,-0.04872474307590071
GTEX-OXRN-0011-R10A-SM-2I5GC.1,BRAIN,54.5,7.4,514.0,-0.572446221631473,0.006415897824263006
GTEX-OXRN-0011-R5A-SM-2I5EF.1,BRAIN,54.5,6.9,514.0,-2.0623959384129926,0.08880675619388706
GTEX-OXRN-0011-R8A-SM-E9TI1.1,BRAIN,54.5,5.7,514.0,-3.124741014248256,0.1459880718366259
GTEX-OXRN-0126-SM-48TDM.1,SKIN,54.5,8.6,572.0,-0.5114599331779164,-0.13788254418777923
GTEX-OXRN-1326-SM-3LK5V.1,MUSCLE,54.5,7.3,733.0,0.7861160595675329,0.013281109514528159
GTEX-OXRN-2426-SM-2I5EQ.1,BRAIN,54.5,7.2,786.0,-0.7557515013594995,-0.031108867225712558
GTEX-OXRO-0011-R10A-SM-2I5EH.1,BRAIN,64.5,6.1,825.0,-1.2247171442926117,0.059172526544206225
GTEX-OXRO-0011-R2A-SM-3NB1W.1,BRAIN,64.5,6.3,825.0,-1.518424329712608,0.13068611550313877
GTEX-OXRO-0011-R5A-SM-2I5EG.1,BRAIN,64.5,5.3,825.0,-3.432964285155883,0.216338499906713
GTEX-OXRO-0011-R9A-SM-3NB1X.1,BRAIN,64.5,6.1,825.0,-1.1419127041239865,0.17982495163367102
GTEX-OXRO-0011-R9A-SM-5S2RR.1,BRAIN,64.5,6.1,825.0,-1.4391863874416364,0.17776761196520988
GTEX-OXRO-0011-R9A-SM-5S2W3.1,BRAIN,64.5,6.1,825.0,-1.6511157595866028,0.16429384090404311
GTEX-OXRO-0126-SM-2YUN4.1,SKIN,64.5,7.0,835.0,0.1065248359863871,-0.07109982571636128
GTEX-OXRO-1726-SM-3LK6C.1,MUSCLE,64.5,6.4,832.0,0.9202594298270296,-0.007125402082204806
GTEX-OXRO-2026-SM-2YUMZ.1,HEART,64.5,5.1,848.0,-2.302804958662955,0.15889567262058002
GTEX-OXRP-0126-SM-3NB32.1,SKIN,64.5,8.4,1063.0,0.475102491216916,-0.03032424152497705
GTEX-OXRP-0126-SM-48TDI.1,SKIN,64.5,8.4,1063.0,0.6270951633773161,-0.028906523971545372
GTEX-OXRP-2326-SM-2S1NL.1,MUSCLE,64.5,8.0,1113.0,0.5513932709721243,0.12240093718793957
GTEX-P44G-0011-R10A-SM-2I3FF.1,BRAIN,34.5,8.0,574.0,1.0285330598447526,-0.046983184326350916
GTEX-P44G-0011-R11A-SM-2I3FD.1,BRAIN,34.5,8.4,574.0,1.7567294158882585,-0.1403747778333807
GTEX-P44G-0011-R1A-SM-2I3FE.1,BRAIN,34.5,7.3,574.0,-0.2114145163811028,0.03851586961747794
GTEX-P44G-0011-R2A-SM-2XCD2.1,BRAIN,34.5,6.5,574.0,-0.0339419144916321,0.12165093256958945
GTEX-P44G-0011-R3A-SM-2I3FC.1,BRAIN,34.5,7.9,574.0,0.9061975676202504,-0.052532366321217085
GTEX-P44G-0011-R4A-SM-2I3FB.1,BRAIN,34.5,6.6,574.0,-1.421993366863159,0.05309676413222429
GTEX-P44G-0011-R5A-SM-2I3FA.1,BRAIN,34.5,8.0,574.0,-0.8654132110589798,0.09133573147131174
GTEX-P44G-0011-R6A-SM-2XCD3.1,BRAIN,34.5,7.4,574.0,0.352441153966141,0.19828555997596348
GTEX-P44G-0011-R7A-SM-2I3F9.1,BRAIN,34.5,7.5,574.0,-1.4793336019967716,0.09832992500195774
GTEX-P44G-0226-SM-2I3F3.1,SKIN,34.5,6.3,667.0,-1.8448650655673664,-0.14372746848315524
GTEX-P44G-0526-SM-2XCD1.1,MUSCLE,34.5,7.6,698.0,-1.2763015963711788,0.2992648341672419
GTEX-P44G-0826-SM-2I5ES.1,HEART,34.5,5.9,713.0,-2.796138765552885,0.2997356452401283
GTEX-P44G-1126-SM-3NM9D.1,LIVER,34.5,6.0,722.0,-2.330167866372754,0.3779445969450324
GTEX-P44G-2426-SM-2I5ER.1,BRAIN,34.5,7.5,782.0,-0.0178270723684624,-0.015456226087902512
GTEX-P44G-2526-SM-2I5EK.1,BRAIN,34.5,7.0,784.0,0.0106086019913316,-0.046859610239389206
GTEX-P44H-0008-SM-48TDW.1,SKIN,44.5,9.9,,2.29161852799743,0.20506780799198432
GTEX-P44H-0011-R10A-SM-2XCEK.1,BRAIN,44.5,6.4,280.0,0.4594171686242068,0.013199961333746459
GTEX-P44H-0011-R11A-SM-2XCER.1,BRAIN,44.5,6.9,280.0,3.134828581258335,-0.14607462198485902
GTEX-P44H-0011-R1A-SM-3NM8J.1,BRAIN,44.5,6.5,280.0,1.037523937624969,-0.00465859666133998
GTEX-P44H-0011-R3A-SM-2XCEQ.1,BRAIN,44.5,6.1,280.0,0.2761862473972107,0.20797863040445824
GTEX-P44H-0011-R3A-SM-5SI8A.1,BRAIN,44.5,6.1,280.0,0.4758381167052777,-0.005913401200676978
GTEX-P44H-0011-R3A-SM-D3L8E.1,BRAIN,44.5,6.1,280.0,0.986628615500048,-0.03311003633788889
GTEX-P44H-0011-R4A-SM-2XCEW.1,BRAIN,44.5,6.5,280.0,-0.5313804168081453,0.022496755773254825
GTEX-P44H-0011-R5A-SM-2XCEX.1,BRAIN,44.5,7.7,280.0,0.5557306810562846,0.08371663477925088
GTEX-P44H-0011-R6A-SM-2XCF3.1,BRAIN,44.5,6.5,280.0,0.7344510629379328,0.21416803219197011
GTEX-P44H-0011-R8A-SM-2XCEL.1,BRAIN,44.5,6.9,280.0,0.6919716169655459,0.07259351282859529
GTEX-P44H-0226-SM-2XCEU.1,SKIN,44.5,7.0,458.0,-1.4015176195018757,-0.06777851955428116
GTEX-P44H-0426-SM-2XCEZ.1,MUSCLE,44.5,7.9,487.0,-0.8620514333037176,-0.008470926336975564
GTEX-P44H-0726-SM-48TBT.1,HEART,44.5,5.9,504.0,0.0084940303911159,0.04652251709581998
GTEX-P44H-2426-SM-2XCEJ.1,BRAIN,44.5,7.1,597.0,2.3110984151561245,-0.14442277575328696
GTEX-P4PP-0008-SM-48TDV.1,SKIN,34.5,10.0,198.0,2.414417658517531,0.09808260857422413
GTEX-P4PP-0126-SM-3LK69.1,SKIN,34.5,6.1,196.0,1.1467387208928543,-0.01627298075306735
GTEX-P4PP-0326-SM-2HML9.1,HEART,34.5,8.6,78.0,-0.3780956814200318,-0.03712201238495729
GTEX-P4PP-0326-SM-33HC4.1,HEART,34.5,8.6,78.0,-1.3733730061808949,0.05171680187986861
GTEX-P4PP-0326-SM-5S2TQ.1,HEART,34.5,8.6,78.0,-0.9930152263586765,0.015631936913060477
GTEX-P4PP-1626-SM-2HMJF.1,MUSCLE,34.5,8.5,200.0,-1.4414910043036078,-0.04042429077570956
GTEX-P4PQ-0008-SM-48TDX.1,SKIN,64.5,10.0,235.0,2.316979121707325,0.29639800342517736
GTEX-P4PQ-0126-SM-2S1NM.1,SKIN,64.5,6.0,235.0,-0.4230079856244785,-0.05863293760850607
GTEX-P4PQ-0326-SM-2HMJ8.1,HEART,64.5,8.2,164.0,0.1411297839267613,-0.07072186242030218
GTEX-P4PQ-1626-SM-2HMKK.1,MUSCLE,64.5,8.4,241.0,-0.3027490100772445,-0.02680812212081818
GTEX-P4QR-0008-SM-48TE2.1,SKIN,64.5,10.0,412.0,1.9765015152916796,0.14048637109685919
GTEX-P4QR-0326-SM-2S1NU.1,SKIN,64.5,6.2,411.0,-0.9189962175083686,-0.09724837664650095
GTEX-P4QR-0326-SM-5SI8P.1,SKIN,64.5,6.2,411.0,-1.1760860591293751,-0.0716648779747889
GTEX-P4QR-0726-SM-2I5GO.1,MUSCLE,64.5,7.7,445.0,0.0560620963265307,0.042063781161548866
GTEX-P4QS-0008-SM-48TDY.1,SKIN,64.5,10.0,204.0,2.3225849791697137,0.22721087987735317
GTEX-P4QS-0326-SM-2I3EU.1,HEART,64.5,8.8,83.0,1.8664851249799468,0.0030191152237606486
GTEX-P4QS-1626-SM-2S1NH.1,MUSCLE,64.5,7.4,213.0,-1.1998009279191204,0.1925605928880197
GTEX-P4QT-0008-SM-48TDZ.1,SKIN,54.5,10.0,214.0,1.9379611453493188,0.18546678774987607
GTEX-P4QT-0126-SM-2I3FL.1,SKIN,54.5,6.3,212.0,-0.4977603138754601,0.012732200189539682
GTEX-P4QT-1626-SM-2S1NP.1,MUSCLE,54.5,8.3,215.0,-1.2508460515795088,-0.13142675909443224
GTEX-P4QT-1626-SM-5S2UR.1,MUSCLE,54.5,8.3,215.0,-1.674240550003508,-0.05283731941626786
GTEX-P4QT-1626-SM-DHXIR.1,MUSCLE,54.5,8.3,215.0,-1.1623601593824522,-0.07593837140247485
GTEX-P78B-0008-SM-48TE1.1,SKIN,44.5,9.4,479.0,0.6912510668198247,0.2160664171715645
GTEX-P78B-0426-SM-2I5F5.1,HEART,44.5,7.9,532.0,0.6955332054736385,-0.14914149536136895
GTEX-P78B-1326-SM-3P611.1,LIVER,44.5,7.8,573.0,0.8231727139749809,-0.04823542723532102
GTEX-P78B-1326-SM-3P611.2,LIVER,44.5,7.8,573.0,0.8231727139749809,-0.04823542723532102
GTEX-P78B-1326-SM-3P611.3,LIVER,44.5,7.8,573.0,0.8231727139749809,-0.04823542723532102
GTEX-P78B-1626-SM-2S1O1.1,MUSCLE,44.5,8.1,587.0,-0.5234845858716887,-0.03310692329120575
GTEX-P78B-1626-SM-5SI85.1,MUSCLE,44.5,8.1,587.0,-0.1874872070998715,-0.04427552328035952
GTEX-PLZ4-0008-SM-48TE6.1,SKIN,54.5,10.0,653.0,1.7598574767962891,0.1865079295242744
GTEX-PLZ4-0126-SM-2S1OG.1,SKIN,54.5,6.1,652.0,-1.0415148164539605,-0.06099718604450991
GTEX-PLZ4-0126-SM-5SI8O.1,SKIN,54.5,6.1,652.0,-1.4683149740066923,-0.010102553031321595
GTEX-PLZ4-0926-SM-2S1OI.1,MUSCLE,54.5,7.2,680.0,-1.956219226793768,0.07129071197542342
GTEX-PLZ5-0626-SM-2I5F8.1,HEART,54.5,8.1,120.0,-0.5183865261826179,-0.20091099355309144
GTEX-PLZ5-1726-SM-2I5F6.1,MUSCLE,54.5,8.0,208.0,-1.5822030438087975,-0.11012996680894338
GTEX-PLZ5-2026-SM-2S1O4.1,SKIN,54.5,6.7,210.0,-2.391220486830438,-0.13541334807794045
GTEX-PLZ6-0008-SM-48TD5.1,SKIN,34.5,9.6,219.0,1.3213029888411938,0.20032125239927018
GTEX-PLZ6-1426-SM-2S1OQ.1,SKIN,34.5,7.0,231.0,-2.0538920347442167,-0.09039203871773857
GTEX-PLZ6-1426-SM-5S2TR.1,SKIN,34.5,7.0,231.0,-1.9280851822617664,-0.04547163631490119
GTEX-PLZ6-1426-SM-DKPOT.1,SKIN,34.5,7.0,231.0,-1.4401717445788176,-0.06646336616447547
GTEX-PLZ6-1526-SM-2S1OC.1,MUSCLE,34.5,7.9,242.0,-0.9242459559363544,0.013176279417806988
GTEX-POMQ-0008-SM-48TE7.1,SKIN,24.5,8.8,355.0,1.0235472275225224,-0.007587328438995621
GTEX-POMQ-0326-SM-2I5FO.1,HEART,24.5,8.1,214.0,0.1428386941236765,-0.09793054819307385
GTEX-POMQ-1926-SM-3NB1Y.1,MUSCLE,24.5,8.2,313.0,0.0551579005421685,-0.010736455516522135
GTEX-POMQ-2226-SM-2I5FK.1,SKIN,24.5,7.1,362.0,1.6924694654351915,-0.07517960430741356
GTEX-POYW-0008-SM-48TE4.1,SKIN,64.5,10.0,669.0,2.7619789078613706,0.16289567563350502
GTEX-POYW-0526-SM-2XCEY.1,MUSCLE,64.5,7.7,666.0,3.540195386196756,-0.1653287905604464
GTEX-POYW-0526-SM-5KM2H.1,MUSCLE,64.5,7.7,666.0,3.621405146210771,-0.1724687894071318
GTEX-PSDG-0008-SM-48TE5.1,SKIN,54.5,10.0,412.0,2.490830993151201,0.11837930085021924
GTEX-PSDG-0226-SM-2I5FR.1,SKIN,54.5,7.4,411.0,-0.4834653948305252,-0.09252403595760017
GTEX-PSDG-0226-SM-33HC1.1,SKIN,54.5,7.4,411.0,-1.0342185355823286,-0.01934144219645982
GTEX-PSDG-0226-SM-DKPOZ.1,SKIN,54.5,7.4,411.0,-0.1640976318304957,-0.0182058964353159
GTEX-PSDG-0426-SM-2S1OF.1,MUSCLE,54.5,7.6,464.0,-1.2791040370417297,-0.013819803055707538
GTEX-PSDG-0426-SM-5SI86.1,MUSCLE,54.5,7.6,464.0,-1.2280721740808116,-0.020371380486827458
GTEX-PSDG-0926-SM-2I5FP.1,HEART,54.5,7.1,495.0,-0.3011722975494461,-0.09409847831636602
GTEX-PVOW-0008-SM-48TE8.1,SKIN,44.5,9.1,635.0,0.5008054306607035,0.1400827734682616
GTEX-PVOW-0011-R10A-SM-EXOHB.1,BRAIN,44.5,5.5,517.0,2.0240190124122432,-0.1598355077061402
GTEX-PVOW-0011-R1A-SM-32PL6.1,BRAIN,44.5,6.7,517.0,0.4648455773735798,-0.04464677715330801
GTEX-PVOW-0011-R3A-SM-32PKX.1,BRAIN,44.5,7.4,517.0,1.2392653447070068,-0.2169505563995691
GTEX-PVOW-0011-R5A-SM-32PL7.1,BRAIN,44.5,7.9,517.0,0.0296522876010397,0.014418395057558665
GTEX-PVOW-0126-SM-2XCFA.1,SKIN,44.5,7.6,634.0,-1.0576776263917806,-0.07471769879165381
GTEX-PVOW-0426-SM-2XCF8.1,HEART,44.5,6.9,651.0,-1.2120929918481549,-0.15121792507121193
GTEX-PVOW-0426-SM-5MR5R.1,HEART,44.5,6.9,651.0,-1.4874506554670868,-0.14002994095346585
GTEX-PVOW-0426-SM-5N9DW.1,HEART,44.5,6.9,651.0,-0.9666684946561196,-0.1660427493374701
GTEX-PVOW-2526-SM-2XCF7.1,BRAIN,44.5,7.1,755.0,0.4897647301928093,-0.07950241366777315
GTEX-PVOW-2626-SM-32PL8.1,BRAIN,44.5,7.1,758.0,2.268761507022676,-0.21885190173890737
GTEX-PW2O-0008-SM-48TEB.1,SKIN,24.5,10.0,274.0,1.7421574366385402,0.39616713304666645
GTEX-PW2O-1526-SM-2I5FT.1,SKIN,24.5,5.5,278.0,1.0580946835680385,-0.2995912493111537
GTEX-PW2O-1526-SM-7RHHB.1,SKIN,24.5,5.7,278.0,-2.1850547181568056,-0.18672156483584113
GTEX-PW2O-1726-SM-2S1OO.1,MUSCLE,24.5,6.7,283.0,-2.36855783954843,-0.07103302609765282
GTEX-PWCY-0008-SM-48TE9.1,SKIN,24.5,9.8,276.0,1.0327664346314869,0.21165297107858252
GTEX-PWCY-0526-SM-2I3ER.1,HEART,24.5,8.8,203.0,0.6500988612980426,-0.11772223516187202
GTEX-PWCY-0526-SM-5P9HG.1,HEART,24.5,8.8,203.0,0.3983980163460224,-0.0984994739711642
GTEX-PWCY-0526-SM-5PNU8.1,HEART,24.5,8.8,203.0,0.544073252822129,-0.07885769645269146
GTEX-PWCY-1826-SM-2S1OK.1,SKIN,24.5,6.2,281.0,-0.9993170086077774,-0.11290691711247935
GTEX-PWCY-1826-SM-5SI7U.1,SKIN,24.5,6.2,281.0,-0.8201764746087332,-0.11043018058305748
GTEX-PWCY-1826-SM-DHXIZ.1,SKIN,24.5,6.2,281.0,-0.2237612533469253,-0.09717886331537166
GTEX-PWCY-2026-SM-2S1NF.1,MUSCLE,24.5,8.1,290.0,-2.283771144571099,-0.017184152984284773
GTEX-PWCY-2026-SM-5Q5BF.1,MUSCLE,24.5,8.1,290.0,-1.4023298671922249,0.019216114410888798
GTEX-PWCY-2026-SM-5QGQ9.1,MUSCLE,24.5,8.1,290.0,-1.4916831267006625,0.01219329499588807
GTEX-PWCY-2026-SM-5SI8R.1,MUSCLE,24.5,8.1,290.0,-1.5575899324283151,-0.008280808566389398
GTEX-PWN1-0008-SM-48TEA.1,SKIN,44.5,10.0,210.0,2.0581169305704963,0.3461437124807396
GTEX-PWN1-0126-SM-2I3FK.1,SKIN,44.5,7.3,212.0,-1.5160666179821425,-0.0758923334273726
GTEX-PWN1-1626-SM-2S1OL.1,MUSCLE,44.5,8.1,220.0,-1.584951824121159,-0.016563046214694004
GTEX-PWO3-0011-R1A-SM-2I5EW.1,BRAIN,64.5,6.8,1279.0,-1.0057545616058792,0.026156577705794805
GTEX-PWO3-0011-R2A-SM-2S1OX.1,BRAIN,64.5,6.7,1279.0,-1.1304431542971325,0.030854414756656866
GTEX-PWO3-0011-R3A-SM-2I5EX.1,BRAIN,64.5,6.5,1279.0,-0.6403367297985586,-0.029411085256616894
GTEX-PWO3-0011-R5A-SM-2I5EZ.1,BRAIN,64.5,6.7,1279.0,-1.2079188220436134,0.06843191764105784
GTEX-PWO3-0011-R6A-SM-2I5F3.1,BRAIN,64.5,7.5,1279.0,-0.3247512869812577,0.1474258637547917
GTEX-PWO3-0011-R8A-SM-2I5GD.1,BRAIN,64.5,7.8,1279.0,0.3119429467780897,0.14213436705676902
GTEX-PWO3-0011-R9A-SM-EVR2V.1,BRAIN,64.5,5.5,1279.0,1.6827488922325582,0.07679485666513784
GTEX-PWO3-0926-SM-2I5EY.1,BRAIN,64.5,5.4,1374.0,-1.4848826542285174,-0.0014567842107453231
GTEX-PWO3-1026-SM-2I5F2.1,BRAIN,64.5,6.0,1376.0,0.0590697197962429,-0.1721597889950935
GTEX-PWO3-1526-SM-48TCM.1,SKIN,64.5,5.9,1290.0,-0.5694825880379752,-0.11266711853510716
GTEX-PWOO-0008-SM-48TDU.1,SKIN,44.5,9.2,235.0,0.4239163132362165,0.05141033156876991
GTEX-PWOO-0526-SM-2S1Q3.1,HEART,44.5,8.3,123.0,0.2315521667845026,-0.17081356145211543
GTEX-PWOO-0826-SM-48TCL.1,LIVER,44.5,7.8,178.0,1.0582884244513266,0.061074153638353126
GTEX-PWOO-2326-SM-2S1PQ.1,MUSCLE,44.5,7.8,251.0,-0.5037955369283321,0.021226151420561282
GTEX-PX3G-0008-SM-48U2L.1,SKIN,24.5,10.0,246.0,2.6245085571418496,0.020132869076270956
GTEX-PX3G-0126-SM-2I3EN.1,SKIN,24.5,7.5,247.0,-1.2321701302769303,-0.14804589784130082
GTEX-PX3G-0326-SM-2I3EO.1,HEART,24.5,8.7,119.0,0.0074919493496657,-0.06094683373934819
GTEX-PX3G-0826-SM-48TZS.1,LIVER,24.5,7.5,222.0,0.7830139824208064,0.04422675826271217
GTEX-PX3G-1626-SM-2S1PT.1,MUSCLE,24.5,8.7,255.0,0.5814025850621375,-0.1130148951849649
GTEX-Q2AG-0008-SM-48U2K.1,SKIN,44.5,9.8,696.0,0.8077607693678749,0.425823465083554
GTEX-Q2AG-0011-R10A-SM-2HMLA.1,BRAIN,44.5,8.5,615.0,1.2806205176109513,-0.17211899594596183
GTEX-Q2AG-0011-R11A-SM-2HMKZ.1,BRAIN,44.5,9.5,615.0,2.9867182189652226,-0.3048170041972464
GTEX-Q2AG-0011-R1A-SM-2HMJI.1,BRAIN,44.5,8.3,615.0,1.1216563218253026,-0.14708061812973838
GTEX-Q2AG-0011-R2A-SM-2HMIT.1,BRAIN,44.5,8.1,615.0,1.145643911167568,-0.04067826514462504
GTEX-Q2AG-0011-R3A-SM-2HMJ9.1,BRAIN,44.5,7.6,615.0,1.2356463751607314,-0.11733584851472764
GTEX-Q2AG-0011-R4A-SM-2HMKA.1,BRAIN,44.5,7.7,615.0,0.9593582222108143,-0.05579092608026114
GTEX-Q2AG-0011-R5A-SM-2HMJH.1,BRAIN,44.5,8.5,615.0,0.4625804899939327,-0.02112205652947856
GTEX-Q2AG-0011-R6A-SM-2HML7.1,BRAIN,44.5,8.3,615.0,0.2761542345538919,-0.13305696656595814
GTEX-Q2AG-0011-R7A-SM-2HMJP.1,BRAIN,44.5,8.8,615.0,-0.9947240154695098,-0.08647131987852605
GTEX-Q2AG-0011-R8A-SM-2HMK5.1,BRAIN,44.5,6.5,615.0,-0.6864994793159845,-0.05668738934015779
GTEX-Q2AG-0011-R9A-SM-2HMJ6.1,BRAIN,44.5,7.0,615.0,-2.169917947129988,-0.0258106499247642
GTEX-Q2AG-0126-SM-2HMLB.1,SKIN,44.5,7.4,696.0,-0.0509352401842082,0.010367085700632172
GTEX-Q2AG-0126-SM-33HBV.1,SKIN,44.5,7.4,696.0,-0.3538129118009245,0.070022236417498
GTEX-Q2AG-0426-SM-2S1PU.1,MUSCLE,44.5,8.1,718.0,-0.0324409413957673,-0.02037707589910378
GTEX-Q2AG-1126-SM-48U1P.1,LIVER,44.5,6.2,807.0,-1.807712414547901,-0.02503269057001564
GTEX-Q2AG-2826-SM-2HMJQ.1,BRAIN,44.5,6.3,854.0,1.6280119897688825,-0.21979108102709008
GTEX-Q2AG-2926-SM-2HMJ3.1,BRAIN,44.5,6.0,851.0,-0.1391772013817228,-0.035426774992132405
GTEX-Q2AH-0008-SM-48U2J.1,SKIN,44.5,10.0,180.0,1.4173032942663215,0.17565612235493971
GTEX-Q2AH-0526-SM-2I3ED.1,HEART,44.5,8.2,108.0,0.1651741029514402,-0.2038965840934054
GTEX-Q2AH-1626-SM-3GAF8.1,SKIN,44.5,6.9,186.0,-1.8748856122311088,0.022393758401181473
GTEX-Q2AH-1826-SM-2S1Q2.1,MUSCLE,44.5,8.2,190.0,-0.5646044145737869,0.03866407406851722
GTEX-Q2AI-0008-SM-48U2H.1,SKIN,44.5,9.1,186.0,0.489584068130625,0.031043056693774287
GTEX-Q2AI-1326-SM-2S1PL.1,SKIN,44.5,7.3,185.0,-2.184868554967423,-0.12328008171897113
GTEX-Q2AI-1526-SM-3GIJ3.1,MUSCLE,44.5,8.4,186.0,-0.9682066889105292,0.18154319236350702
GTEX-Q734-0008-SM-48U2I.1,SKIN,44.5,9.5,130.0,0.2024571488568488,0.27084973463984585
GTEX-Q734-0326-SM-48U15.1,LIVER,44.5,8.7,45.0,1.035114970790408,-0.1458366040820382
GTEX-Q734-1926-SM-2I5EV.1,SKIN,44.5,5.4,130.0,-1.918930080289111,0.03444495572362132
GTEX-Q734-2026-SM-3GADA.1,MUSCLE,44.5,8.5,135.0,0.0097827161962772,-0.1608823813711861
GTEX-QCQG-0008-SM-48U2G.1,SKIN,54.5,9.8,301.0,1.2110503684346008,0.2779793017502995
GTEX-QCQG-1726-SM-3GIJ9.1,SKIN,54.5,6.7,298.0,-1.2818059798072658,-0.05282129929007227
GTEX-QCQG-2126-SM-2S1P8.1,MUSCLE,54.5,7.9,315.0,-1.1211082283257636,0.005991447974832621
GTEX-QCQG-2126-SM-DTXFV.1,MUSCLE,54.5,8.2,315.0,-0.4033829785186825,0.02293477341711436
GTEX-QDT8-0008-SM-48U2F.1,SKIN,34.5,9.8,448.0,1.492660650271798,0.2062290863842117
GTEX-QDT8-0011-R10A-SM-32PKG.1,BRAIN,34.5,9.0,370.0,2.19441868488609,0.04693704357679522
GTEX-QDT8-0011-R11A-SM-32PKD.1,BRAIN,34.5,8.6,370.0,2.607490421431577,-0.15419371101455603
GTEX-QDT8-0011-R1A-SM-32PKS.1,BRAIN,34.5,6.2,370.0,-0.1849195691332449,0.06135997880794419
GTEX-QDT8-0011-R2A-SM-32PKQ.1,BRAIN,34.5,7.1,370.0,0.4549310939646689,0.061260053386398304
GTEX-QDT8-0011-R3A-SM-32PKR.1,BRAIN,34.5,6.6,370.0,-0.0871413273596986,-0.009890162849481583
GTEX-QDT8-0011-R4A-SM-32PKM.1,BRAIN,34.5,7.3,370.0,0.0518095474374336,0.024464905670053785
GTEX-QDT8-0011-R5A-SM-32PKN.1,BRAIN,34.5,7.0,370.0,-1.2206992229621905,0.18613277677966322
GTEX-QDT8-0011-R6A-SM-32PKI.1,BRAIN,34.5,7.0,370.0,-0.9245227761307871,0.11773580459776298
GTEX-QDT8-0011-R7A-SM-32PKF.1,BRAIN,34.5,8.9,370.0,0.8032600259601914,-0.011884374502231648
GTEX-QDT8-0011-R8A-SM-32PKE.1,BRAIN,34.5,7.2,370.0,-0.7513638781853329,0.1232678158392854
GTEX-QDT8-0011-R9A-SM-32PKH.1,BRAIN,34.5,7.4,370.0,0.8644087056372489,0.12317089465705604
GTEX-QDT8-0011-R9A-SM-5SI8J.1,BRAIN,34.5,7.4,370.0,1.1392354575340558,0.09298965027758471
GTEX-QDT8-0011-R9A-SM-CYPRD.1,BRAIN,34.5,7.4,370.0,1.508065321242127,0.13034474222676154
GTEX-QDT8-0126-SM-48TZ1.1,SKIN,34.5,5.9,446.0,-0.7974821653777693,-0.021969984009421618
GTEX-QDT8-0526-SM-32PL5.1,MUSCLE,34.5,7.4,507.0,-1.0929998889591783,-0.02708725537056341
GTEX-QDT8-0526-SM-3NMD8.1,MUSCLE,34.5,7.4,507.0,-0.0840484085198379,-0.024479654351152992
GTEX-QDT8-0526-SM-4LMJR.1,MUSCLE,34.5,7.4,507.0,-0.7667515667308733,-0.039427942416662955
GTEX-QDT8-2926-SM-32PKC.1,BRAIN,34.5,6.5,694.0,0.1957655315725046,0.04229318553276428
GTEX-QDT8-3026-SM-32PKB.1,BRAIN,34.5,7.3,696.0,2.1290359010688817,-0.14893080357081448
GTEX-QDVJ-0008-SM-48U2E.1,SKIN,54.5,8.8,536.0,-0.1517363735420858,0.14591211676090965
GTEX-QDVJ-0426-SM-2I5FW.1,HEART,54.5,8.2,479.0,0.3672017607286293,-0.11357096080988548
GTEX-QDVJ-1726-SM-2I5FX.1,SKIN,54.5,6.5,535.0,-1.832830409095409,-0.07132598388414649
GTEX-QDVJ-1926-SM-2S1PJ.1,MUSCLE,54.5,7.8,540.0,-1.1140924942314503,-0.17779642314626146
GTEX-QDVN-0008-SM-48U2D.1,SKIN,54.5,9.3,260.0,-0.0078743037927493,0.251909056898541
GTEX-QDVN-0326-SM-2I3FS.1,HEART,54.5,8.7,125.0,0.3889223757780294,-0.1799254692243957
GTEX-QDVN-0826-SM-48TZ2.1,LIVER,54.5,8.8,152.0,2.0244666878948334,-0.10711898546703828
GTEX-QDVN-2026-SM-3GAEP.1,SKIN,54.5,6.0,260.0,0.6602767013626882,-0.054910413784575646
GTEX-QDVN-2426-SM-2S1Q4.1,MUSCLE,54.5,7.7,281.0,0.5999592619856298,0.07377775971912191
GTEX-QEG4-0008-SM-48TYZ.1,SKIN,34.5,8.9,893.0,-0.0201398679584129,0.0798081353879625
GTEX-QEG4-0226-SM-2S1PY.1,SKIN,34.5,7.3,893.0,-1.6895406237534418,-0.13197753179638877
GTEX-QEG4-0426-SM-2I5GK.1,HEART,34.5,7.2,899.0,0.2715746440887408,-0.02637212887827506
GTEX-QEG4-0426-SM-33HC3.1,HEART,34.5,7.2,899.0,0.5549301562966525,0.008395962884850993
GTEX-QEG4-0426-SM-5S2VQ.1,HEART,34.5,7.2,899.0,0.7294104923053817,-0.027942459944893187
GTEX-QEG4-0626-SM-2S1OY.1,MUSCLE,34.5,8.5,907.0,0.3312230219272527,-0.07278644835828621
GTEX-QEG4-1826-SM-447AK.1,LIVER,34.5,7.4,970.0,2.218237504841253,-0.1379602481107481
GTEX-QEG4-1826-SM-4R1JN.1,LIVER,34.5,7.4,970.0,-0.1439783783136812,0.004806153766561564
GTEX-QEG4-1826-SM-CKZN9.1,LIVER,34.5,7.4,970.0,0.0537237128736568,-0.009110911637395344
GTEX-QEG5-0008-SM-4R1KL.1,SKIN,24.5,9.6,591.0,1.148392749753511,0.16580492872988647
GTEX-QEG5-0008-SM-CE6QS.1,SKIN,24.5,9.6,591.0,1.3234985129971384,0.17398959544990453
GTEX-QEG5-0226-SM-2I5GI.1,SKIN,24.5,7.3,590.0,-0.1725257618405954,-0.0989473197751847
GTEX-QEG5-0426-SM-2I5GJ.1,MUSCLE,24.5,7.8,612.0,-0.3489522680629136,0.13616236821131378
GTEX-QEG5-0926-SM-2TC64.1,HEART,24.5,7.0,685.0,2.076132962582544,-0.008521650222389019
GTEX-QEL4-0008-SM-447AZ.1,SKIN,54.5,9.6,477.0,-0.009919530550598,0.25470620980888065
GTEX-QEL4-0626-SM-3GIJM.1,MUSCLE,54.5,7.7,504.0,-1.082591704631749,0.005653833489968806
GTEX-QEL4-0926-SM-3GAD1.1,HEART,54.5,6.7,523.0,0.4420306496594807,-0.051044943749083416
GTEX-QEL4-1226-SM-447A4.1,LIVER,54.5,7.9,532.0,1.6103952897318814,-0.1530809201364424
GTEX-QESD-0008-SM-447B2.1,SKIN,24.5,9.7,327.0,0.1617572965850822,0.15671585480961578
GTEX-QESD-0526-SM-2I5G5.1,HEART,24.5,8.0,242.0,-0.0404220871488211,0.10627466247968423
GTEX-QESD-1426-SM-2S1R9.1,SKIN,24.5,6.8,326.0,-0.841633654808137,-0.11203017689487399
GTEX-QESD-1626-SM-2S1RB.1,MUSCLE,24.5,7.8,338.0,0.099534841502739,0.1763965457391698
GTEX-QESD-2026-SM-447BI.1,LIVER,24.5,7.4,367.0,1.103448578552856,0.2554709217363295
GTEX-QLQ7-0008-SM-447AW.1,SKIN,64.5,10.0,173.0,1.4763165722650993,0.3425769631081057
GTEX-QLQ7-0526-SM-2I5G3.1,HEART,64.5,7.9,91.0,0.1074002840932372,-0.0771986777565901
GTEX-QLQ7-1626-SM-2S1R8.1,SKIN,64.5,6.6,178.0,-1.2636571356704636,-0.2500828741777008
GTEX-QLQ7-1726-SM-2S1QQ.1,MUSCLE,64.5,8.2,182.0,0.3238608767547014,0.011797102599985529
GTEX-QLQW-1126-SM-2S1Q8.1,SKIN,34.5,7.3,159.0,-1.0037617440960525,-0.12742493185601092
GTEX-QLQW-1326-SM-2S1QS.1,MUSCLE,34.5,8.1,168.0,-0.450745276167563,-0.18086884523253663
GTEX-QMR6-0008-SM-447AV.1,SKIN,54.5,9.8,791.0,1.1788582665237737,0.1606909061355705
GTEX-QMR6-0011-R10A-SM-32PKO.1,BRAIN,54.5,7.8,783.0,0.9328613085459868,-0.0613988099468633
GTEX-QMR6-0011-R11A-SM-32PKK.1,BRAIN,54.5,8.1,783.0,1.4368117822611004,-0.178541975755333
GTEX-QMR6-0011-R1A-SM-32PKW.1,BRAIN,54.5,6.1,783.0,0.7173298644705055,0.062111940007378505
GTEX-QMR6-0011-R2A-SM-32PKV.1,BRAIN,54.5,7.3,783.0,0.2320566647787081,-0.016941878651576144
GTEX-QMR6-0011-R4A-SM-32PKU.1,BRAIN,54.5,6.6,783.0,-0.610863517652825,-0.006884996997857479
GTEX-QMR6-0011-R5A-SM-32PKT.1,BRAIN,54.5,6.8,783.0,-0.9115511918659668,0.04473658461216631
GTEX-QMR6-0011-R6A-SM-32PKP.1,BRAIN,54.5,8.1,783.0,0.5907164322965104,0.01542809972797852
GTEX-QMR6-0011-R7A-SM-32PKL.1,BRAIN,54.5,6.4,783.0,-1.4471965540492409,0.09762973491016
GTEX-QMR6-0011-R8A-SM-32PKJ.1,BRAIN,54.5,8.4,783.0,1.7660499676244008,0.05185815358545814
GTEX-QMR6-1326-SM-32PLB.1,BRAIN,54.5,6.9,881.0,0.8597539950729871,-0.11143253407616074
GTEX-QMR6-1426-SM-32PLA.1,BRAIN,54.5,6.9,883.0,0.5129291461634496,0.0030651498353201985
GTEX-QMRM-0008-SM-447B1.1,SKIN,54.5,10.0,206.0,1.4869518942343705,0.12845773254389686
GTEX-QMRM-0526-SM-2I5GA.1,HEART,54.5,8.4,104.0,-0.2885272987629887,-0.1073916584768837
GTEX-QV31-0008-SM-447AT.1,SKIN,34.5,9.7,221.0,1.2179798864867823,0.22697801572585247
GTEX-QV31-1426-SM-2S1QD.1,MUSCLE,34.5,8.0,226.0,-0.4096189621531778,0.07044222041027491
GTEX-QV44-0008-SM-447AX.1,SKIN,54.5,9.7,196.0,0.5388328854768529,0.30906692308604294
GTEX-QV44-0326-SM-4R1KD.1,LIVER,54.5,8.5,83.0,0.7893338834783143,-0.04965359234312755
GTEX-QV44-0326-SM-C1YQX.1,LIVER,54.5,8.5,83.0,1.2270408224357423,-0.04830809760527992
GTEX-QV44-0526-SM-2S1RE.1,HEART,54.5,8.1,104.0,0.6285125616900941,-0.09519336210186147
GTEX-QV44-1926-SM-2S1RF.1,SKIN,54.5,6.4,196.0,-0.4322537221163497,-0.1703628262800314
GTEX-QV44-2026-SM-2S1RD.1,MUSCLE,54.5,8.9,199.0,-0.1062507729736021,-0.11668171207453264
GTEX-QVJO-0008-SM-447AU.1,SKIN,64.5,9.6,1222.0,1.1597981964340258,0.22336929619276183
GTEX-QVJO-0011-R10A-SM-2S1QJ.1,BRAIN,64.5,7.9,1201.0,1.997858672433074,-0.05414972372783334
GTEX-QVJO-0011-R1A-SM-2S1QI.1,BRAIN,64.5,7.6,1201.0,0.5825998637629617,-0.06172221656511464
GTEX-QVJO-0011-R2A-SM-2S1QK.1,BRAIN,64.5,7.1,1201.0,0.5996379129504851,-0.09652283331985113
GTEX-QVJO-0011-R4A-SM-2S1QL.1,BRAIN,64.5,7.7,1201.0,1.197498542590862,-0.014582604296679803
GTEX-QVJO-0011-R5A-SM-2S1QM.1,BRAIN,64.5,7.4,1201.0,1.136941892848028,-0.06525935780248589
GTEX-QVJO-0011-R6A-SM-2S1QN.1,BRAIN,64.5,7.3,1201.0,2.0588884432888817,-0.0744691147305169
GTEX-QVJO-0011-R7A-SM-2S1QO.1,BRAIN,64.5,7.6,1201.0,1.4225286568806428,-0.025140950286294372
GTEX-QVJO-0011-R8A-SM-447C7.1,BRAIN,64.5,5.9,1201.0,0.8564550417864772,0.03708020421497911
GTEX-QVJO-0011-R9A-SM-2S1QH.1,BRAIN,64.5,7.9,1201.0,1.1793152696475788,-0.0697665360071615
GTEX-QVJO-0126-SM-3GIK4.1,MUSCLE,64.5,8.7,1220.0,0.3203524175408789,-0.07857543202411721
GTEX-QVJO-1325-SM-2S1QX.1,BRAIN,64.5,7.3,1276.0,1.891508686943584,-0.18300266502293697
GTEX-QVJO-1426-SM-2S1QY.1,BRAIN,64.5,6.9,1279.0,0.6946165737421298,-0.03442256786831418
GTEX-QVJO-1626-SM-2S1QW.1,SKIN,64.5,6.5,1222.0,-1.577633427006383,-0.11086017751707375
GTEX-QVJO-1926-SM-2S1QZ.1,HEART,64.5,6.6,1249.0,-2.4441775744242724,-0.06138351977048351
GTEX-QVUS-0008-SM-447AY.1,SKIN,64.5,9.6,924.0,1.2153407328308004,0.21437024424788892
GTEX-QVUS-0011-R10A-SM-3GIK3.1,BRAIN,64.5,7.8,923.0,0.6630875342761529,-0.11267349558666141
GTEX-QVUS-0011-R1A-SM-3GAD2.1,BRAIN,64.5,7.6,923.0,1.4935623236416269,0.226181234396049
GTEX-QVUS-0011-R3A-SM-3GAFD.1,BRAIN,64.5,7.9,923.0,1.7272356655110253,0.05265748789163048
GTEX-QVUS-0011-R4A-SM-3GAE7.1,BRAIN,64.5,6.8,923.0,0.4903826677964508,0.03073155818719146
GTEX-QVUS-0011-R6A-SM-3GACX.1,BRAIN,64.5,6.4,923.0,0.4344180856667063,0.06520212872344165
GTEX-QVUS-0011-R8A-SM-3GAD7.1,BRAIN,64.5,7.6,923.0,2.2300344277878734,0.008684726342035482
GTEX-QVUS-0011-R9A-SM-3GIJA.1,BRAIN,64.5,6.0,923.0,1.1814052796228072,0.132384129930597
GTEX-QVUS-0226-SM-3GIJY.1,MUSCLE,64.5,6.9,930.0,-1.412258001483415,0.01729435173523928
GTEX-QVUS-2826-SM-3GADB.1,BRAIN,64.5,6.1,997.0,0.6187427981216638,0.0172440337240546
GTEX-QVUS-2926-SM-3GIJB.1,BRAIN,64.5,7.2,1002.0,1.6660942226647282,-0.1641358647678097
GTEX-QXCU-0008-SM-48FCH.1,SKIN,54.5,10.0,1104.0,2.0438665551677486,0.32250397359732796
GTEX-QXCU-0826-SM-2TC6F.1,HEART,54.5,7.8,1062.0,0.0027742595702716,-0.050533514511813434
GTEX-QXCU-1726-SM-2TC6L.1,MUSCLE,54.5,7.3,1086.0,-1.4098783690313048,0.022978821104999318
GTEX-R3RS-0008-SM-48FF1.1,SKIN,44.5,10.0,1152.0,2.2789084870010545,0.1634430092791983
GTEX-R3RS-0126-SM-3GIJL.1,SKIN,44.5,6.6,1151.0,-0.956769155702236,-0.09584703303534386
GTEX-R3RS-0526-SM-3GADG.1,MUSCLE,44.5,7.6,1175.0,0.7323944102829099,-0.25975472709752623
GTEX-R45C-0008-SM-48FF2.1,SKIN,64.5,10.0,1036.0,1.6141374185643034,0.1994941072080593
GTEX-R45C-0126-SM-EAZ2R.1,SKIN,64.5,5.5,1035.0,-1.9230831934573276,0.04651714245388823
GTEX-R45C-0926-SM-3GAD4.1,HEART,64.5,6.0,1113.0,-1.3519298697272863,-0.06007470281363248
GTEX-R53T-0008-SM-48FEW.1,SKIN,54.5,10.0,185.0,1.60367519616631,0.13974278855458272
GTEX-R53T-0326-SM-48FEC.1,LIVER,54.5,9.4,69.0,6.477807194671863,-0.07895988100196463
GTEX-R53T-0926-SM-3GADH.1,HEART,54.5,7.4,100.0,0.7038379807342257,-0.21384357051464561
GTEX-R53T-1826-SM-3GIJX.1,MUSCLE,54.5,7.2,190.0,-1.3682527585425652,-0.17048000656677456
GTEX-R55C-0008-SM-48FCF.1,SKIN,44.5,10.0,241.0,1.4182949615535874,0.18208551810722262
GTEX-R55C-0326-SM-3GAF1.1,HEART,44.5,8.1,146.0,-0.5142173768371601,0.02531377426954909
GTEX-R55C-1726-SM-3GADJ.1,MUSCLE,44.5,7.0,250.0,-2.2106083922260464,-0.035948191163731005
GTEX-R55D-0008-SM-48FEV.1,SKIN,54.5,10.0,360.0,1.8421277773139595,0.15615509623338966
GTEX-R55D-0626-SM-3GAD5.1,MUSCLE,54.5,8.1,380.0,1.3721642659173146,-0.23391910031637195
GTEX-R55E-0008-SM-48FCG.1,SKIN,24.5,10.0,925.0,2.229874118585058,0.3256919296065869
GTEX-R55E-0011-R11A-SM-2TC6I.1,BRAIN,24.5,8.1,720.0,2.773359271998239,-0.12788039813586466
GTEX-R55E-0011-R1A-SM-2TC6N.1,BRAIN,24.5,6.2,720.0,-0.0128651794302079,-0.013425274097793325
GTEX-R55E-0011-R2A-SM-EYYV9.1,BRAIN,24.5,5.6,720.0,-0.0123327967536183,0.027729461564810237
GTEX-R55E-0011-R4A-SM-2TC5H.1,BRAIN,24.5,6.9,720.0,0.89657979702592,0.006440697457069735
GTEX-R55E-0011-R5A-SM-2TC5N.1,BRAIN,24.5,7.6,720.0,0.2034186259789192,0.047659120945038
GTEX-R55E-0011-R6A-SM-2TC5T.1,BRAIN,24.5,7.7,720.0,0.4101578632939995,-0.027515886461978677
GTEX-R55E-0011-R7A-SM-2TC5Z.1,BRAIN,24.5,7.3,720.0,-0.0791121482591085,0.006429430759414899
GTEX-R55E-0011-R8A-SM-2TC66.1,BRAIN,24.5,6.6,720.0,0.2905164876865205,0.01457398145677841
GTEX-R55E-0011-R9A-SM-2TC6C.1,BRAIN,24.5,7.4,720.0,1.3629528651510538,0.07548109174619548
GTEX-R55E-0126-SM-2TC5Y.1,SKIN,24.5,7.6,924.0,-0.1367952194992734,-0.14070847516788945
GTEX-R55E-0526-SM-2TC6B.1,MUSCLE,24.5,8.0,944.0,-0.0910279476443015,-0.12560184990874793
GTEX-R55E-1026-SM-2TC5S.1,HEART,24.5,7.2,967.0,1.0234201205514966,-0.030731678830109202
GTEX-R55E-2526-SM-2TC6H.1,BRAIN,24.5,6.7,1002.0,1.228082790478175,0.07785210411232654
GTEX-R55F-0008-SM-48FE6.1,SKIN,54.5,9.7,1284.0,1.647301493093016,0.2708361562295245
GTEX-R55F-0011-R5A-SM-2TF5L.1,BRAIN,54.5,6.7,1275.0,-1.248626996051851,0.19389244959509241
GTEX-R55F-0011-R6A-SM-2TF4L.1,BRAIN,54.5,7.5,1275.0,0.0112863141711095,0.06625065734197311
GTEX-R55F-0011-R8A-SM-2TF4F.1,BRAIN,54.5,7.5,1275.0,0.925582876837202,0.12751899049518675
GTEX-R55F-0126-SM-48FCK.1,SKIN,54.5,5.8,1287.0,1.8175399013707996,-0.1892869601578247
GTEX-R55F-1226-SM-2TF59.1,BRAIN,54.5,6.1,1363.0,0.0271251674916472,-0.1283890332893283
GTEX-R55F-1326-SM-2TF5F.1,BRAIN,54.5,6.2,1366.0,0.035941685935717,0.11637845063498321
GTEX-R55F-1326-SM-5S2V4.1,BRAIN,54.5,6.2,1366.0,-0.0045848720732483,0.023332559209973933
GTEX-R55F-1526-SM-2TF4X.1,MUSCLE,54.5,6.5,1288.0,1.956381429268256,0.0020860963615781463
GTEX-R55G-0008-SM-48FEX.1,SKIN,44.5,10.0,189.0,1.72152294258102,0.10401250544858241
GTEX-R55G-0526-SM-2TC5O.1,HEART,44.5,9.1,85.0,1.3051047153525608,-0.0754077414268245
GTEX-R55G-2326-SM-2TC61.1,MUSCLE,44.5,8.4,187.0,0.1696760581294013,-0.19398690213580716
GTEX-R55G-2526-SM-2TC6D.1,SKIN,44.5,7.0,189.0,-0.4786077362516758,-0.19438630298011242
GTEX-REY6-0826-SM-2TF4S.1,MUSCLE,64.5,8.0,293.0,-0.9751849981767482,0.11774621923413434
GTEX-REY6-1026-SM-2TF4Y.1,HEART,64.5,6.3,298.0,-0.6443830818858125,-0.06191635538754087
GTEX-REY6-1226-SM-48FDR.1,LIVER,64.5,6.2,304.0,1.009349149353887,-0.07682178954906768
GTEX-RM2N-0008-SM-48FF3.1,SKIN,54.5,10.0,227.0,2.469979689259441,0.1539590315009767
GTEX-RM2N-1426-SM-2TF4H.1,SKIN,54.5,6.5,227.0,-0.8844243352903912,-0.17721378721461994
GTEX-RM2N-1626-SM-2TF5N.1,MUSCLE,54.5,8.1,221.0,-0.616859875285056,-0.10999467779914886
GTEX-RM2N-1926-SM-48FCU.1,LIVER,54.5,8.9,505.0,1.174054447631378,0.08086065680103864
GTEX-RN64-0008-SM-48FEZ.1,SKIN,54.5,10.0,677.0,1.3138353960931457,0.41338101743266265
GTEX-RN64-0126-SM-2TC68.1,SKIN,54.5,7.2,676.0,-0.4504215570626708,-0.05748638671479938
GTEX-RN64-0326-SM-2TC5J.1,MUSCLE,54.5,8.2,695.0,-0.3839316968207616,-0.003970107587991602
GTEX-RN64-0826-SM-2TC62.1,HEART,54.5,6.5,764.0,-2.7232757356743287,-0.020169493169725522
GTEX-RN64-1826-SM-48FDV.1,LIVER,54.5,6.4,784.0,-0.9351780692400192,0.002586446870213613
GTEX-RNOR-0008-SM-48FEY.1,SKIN,54.5,10.0,825.0,1.1950650146962705,0.29807143840544736
GTEX-RNOR-0011-R1A-SM-2TF5D.1,BRAIN,54.5,6.3,680.0,0.3844484366751344,-0.06027749971598871
GTEX-RNOR-0011-R1A-SM-5SI8F.1,BRAIN,54.5,6.3,680.0,0.1311380431372368,-0.13234753569491117
GTEX-RNOR-0011-R1A-SM-CNNP5.1,BRAIN,54.5,6.3,680.0,0.0351184753267412,-0.09767639730713244
GTEX-RNOR-0011-R3A-SM-2TF5J.1,BRAIN,54.5,7.0,680.0,1.4846055569851258,0.09032494995394806
GTEX-RNOR-0011-R3A-SM-5SI8E.1,BRAIN,54.5,7.0,680.0,0.7229459918650594,-0.10641874638443062
GTEX-RNOR-0011-R4A-SM-3GAD3.1,BRAIN,54.5,6.2,680.0,0.8369271815879644,0.006474553389142995
GTEX-RNOR-0011-R5A-SM-2TF4J.1,BRAIN,54.5,7.9,680.0,1.4754561305757932,-0.1259454122365386
GTEX-RNOR-0011-R7A-SM-2TF4V.1,BRAIN,54.5,7.7,680.0,0.1164705187391415,0.017430682226625582
GTEX-RNOR-0011-R8A-SM-EZ6MN.1,BRAIN,54.5,5.7,680.0,0.7349751189589818,0.01880421351118816
GTEX-RNOR-0011-R9A-SM-2TF52.1,BRAIN,54.5,7.1,680.0,1.970295383153088,0.08722949674911298
GTEX-RNOR-0126-SM-2TF57.1,SKIN,54.5,7.4,827.0,-1.8787684788722585,-0.08709533421480542
GTEX-RNOR-0126-SM-E9J4R.1,SKIN,54.5,6.8,827.0,-1.2526816611147653,-0.07875473790584754
GTEX-RNOR-0526-SM-2TF4O.1,MUSCLE,54.5,8.3,870.0,0.617184257374176,0.016120484675243227
GTEX-RNOR-0826-SM-2TF5C.1,HEART,54.5,6.6,925.0,0.3844425357528522,0.009564792911179397
GTEX-RNOR-1426-SM-48FDJ.1,LIVER,54.5,6.2,940.0,-1.2784483486225688,0.008398816536360664
GTEX-RNOR-2226-SM-2TF5O.1,BRAIN,54.5,6.7,964.0,1.878165989526576,-0.16222259076788048
GTEX-RNOR-2326-SM-2TF4I.1,BRAIN,54.5,6.2,966.0,0.4082229112003361,-0.09405264398312918
GTEX-RTLS-0008-SM-48FET.1,SKIN,64.5,9.3,633.0,0.6157618138712346,0.15368782052218813
GTEX-RTLS-0126-SM-447CA.1,SKIN,64.5,5.9,632.0,-0.4506328924001624,-0.1195937957349031
GTEX-RTLS-0526-SM-2TF64.1,MUSCLE,64.5,7.7,641.0,-0.926595330860822,0.11253109454087713
GTEX-RTLS-0826-SM-2TF5Q.1,HEART,64.5,6.4,658.0,-1.3139893932390605,-0.027888792033239292
GTEX-RTLS-1326-SM-46MUN.1,LIVER,64.5,6.6,668.0,0.4610099737218545,-0.10124796718958735
GTEX-RU1J-0008-SM-46MV9.1,SKIN,24.5,10.0,281.0,1.7459100148979516,0.3670098480273883
GTEX-RU1J-1726-SM-2TF5S.1,MUSCLE,24.5,6.9,289.0,0.0630974388893582,-0.09355581320819539
GTEX-RU72-0008-SM-46MV8.1,SKIN,54.5,10.0,458.0,1.5699908048504376,0.30585798177611495
GTEX-RU72-0011-R10A-SM-2TF6D.1,BRAIN,54.5,6.4,323.0,-0.9436137484281376,0.05843123784837613
GTEX-RU72-0011-R11A-SM-2TF6J.1,BRAIN,54.5,7.8,323.0,1.4799263036939143,-0.08867993568299337
GTEX-RU72-0011-R11A-SM-5SI8G.1,BRAIN,54.5,7.8,323.0,0.9604553982829728,-0.15741734223178955
GTEX-RU72-0011-R11A-SM-CM2U1.1,BRAIN,54.5,7.8,323.0,1.618666054105347,-0.16493134278043914
GTEX-RU72-0011-R2A-SM-2TF6O.1,BRAIN,54.5,6.1,323.0,-1.0546788183732694,-0.03131092479417174
GTEX-RU72-0011-R5A-SM-2TF6U.1,BRAIN,54.5,7.3,323.0,-0.3012571416254226,0.011700052104439756
GTEX-RU72-0011-R6A-SM-2TF71.1,BRAIN,54.5,7.4,323.0,-0.4776542725159596,0.03728560090625508
GTEX-RU72-0011-R7A-SM-2TF5U.1,BRAIN,54.5,6.4,323.0,-1.8097761609055865,0.08216148657474047
GTEX-RU72-0011-R8A-SM-2TF61.1,BRAIN,54.5,7.4,323.0,0.8223976579718348,0.05827905810738366
GTEX-RU72-0011-R9A-SM-2TF67.1,BRAIN,54.5,6.8,323.0,-1.8646007192809129,-0.016445544009903515
GTEX-RU72-0326-SM-2TF5T.1,HEART,54.5,7.8,439.0,1.1121578823907934,0.038967854726913546
GTEX-RU72-0926-SM-2TF6B.1,SKIN,54.5,6.8,457.0,-0.7336497975265717,-0.12834912315858152
GTEX-RU72-1326-SM-2TF6T.1,MUSCLE,54.5,8.6,481.0,0.606983572252962,0.029749626893063014
GTEX-RU72-1426-SM-46MUF.1,LIVER,54.5,6.2,502.0,-0.2201977434313068,-0.0809675509198518
GTEX-RU72-2926-SM-2TF66.1,BRAIN,54.5,7.4,542.0,1.6245634033946834,-0.17312344644131045
GTEX-RU72-3026-SM-2TF6C.1,BRAIN,54.5,6.7,544.0,0.2196276787678429,0.09129833209925009
GTEX-RU72-3026-SM-5SI7Y.1,BRAIN,54.5,6.7,544.0,-0.4298371257125106,-0.012412484747023778
GTEX-RU72-3026-SM-CYPRV.1,BRAIN,54.5,6.7,544.0,-0.0980001037046589,-0.040581092947262226
GTEX-RUSQ-0526-SM-2TF72.1,HEART,54.5,7.8,197.0,-0.3194466732594595,-0.0588269000215958
GTEX-RUSQ-1526-SM-2TF62.1,SKIN,54.5,6.2,288.0,-1.5977562910472265,0.07115598555062806
GTEX-RUSQ-1726-SM-2TF68.1,MUSCLE,54.5,8.1,297.0,-1.8726296518074947,-0.09967965479103785
GTEX-RVPU-0008-SM-3NM8B.1,SKIN,54.5,10.0,1431.0,1.8941799166614697,0.2262121042552242
GTEX-RVPU-0011-R10A-SM-2XCAH.1,BRAIN,54.5,7.0,1254.0,-0.3280370505264185,0.01399971282029551
GTEX-RVPU-0011-R11A-SM-2XCAF.1,BRAIN,54.5,7.5,1254.0,-3.141325157626333,-0.023962015931571684
GTEX-RVPU-0011-R1A-SM-2XCAI.1,BRAIN,54.5,6.5,1254.0,-2.8815514666229265,0.11639350057231669
GTEX-RVPU-0011-R2A-SM-2XCAG.1,BRAIN,54.5,6.8,1254.0,-3.1617982128886317,0.0459288996071126
GTEX-RVPU-0011-R3A-SM-2XCAE.1,BRAIN,54.5,7.1,1254.0,-1.9711010635086883,0.059164736731486575
GTEX-RVPU-0011-R4A-SM-2TF6X.1,BRAIN,54.5,6.2,1254.0,-3.9006118183744753,0.02969453985301148
GTEX-RVPU-0011-R4A-SM-5SI8K.1,BRAIN,54.5,6.2,1254.0,-3.8870974120539374,0.010344371403186961
GTEX-RVPU-0011-R5A-SM-2XCAD.1,BRAIN,54.5,7.4,1254.0,-1.351009333690091,0.04176959816303511
GTEX-RVPU-0011-R6A-SM-2XCAC.1,BRAIN,54.5,7.2,1254.0,-3.895692911558376,0.06554864915532882
GTEX-RVPU-0011-R7A-SM-2XCAB.1,BRAIN,54.5,7.3,1254.0,-2.1783079751852155,0.04671326279718305
GTEX-RVPU-0011-R8A-SM-2TF74.1,BRAIN,54.5,6.3,1254.0,-2.167720369150806,-0.04032235893535022
GTEX-RVPU-0011-R8A-SM-5SI8I.1,BRAIN,54.5,6.3,1254.0,-2.048395187215769,-0.07608210415607412
GTEX-RVPU-0011-R9A-SM-3NM8E.1,BRAIN,54.5,7.6,1254.0,0.1178037334645088,0.1095503329957054
GTEX-RVPU-2226-SM-2XCAQ.1,SKIN,54.5,7.2,1431.0,-0.1289976866847583,0.013151912827143796
GTEX-RVPU-2426-SM-2XCAR.1,MUSCLE,54.5,8.1,1435.0,-0.4419515354623653,0.015709341669415237
GTEX-RVPV-0008-SM-47JYW.1,SKIN,64.5,10.0,1410.0,2.427537789261944,0.11520021547922556
GTEX-RVPV-0011-R11A-SM-2TF6F.1,BRAIN,64.5,6.0,1407.0,1.2383196815829334,-0.20907816176272725
GTEX-RVPV-0011-R3A-SM-2TF63.1,BRAIN,64.5,6.3,1407.0,-0.0824647471522503,-0.08026744905393779
GTEX-RVPV-0011-R5A-SM-2TF69.1,BRAIN,64.5,6.9,1407.0,-1.0536888085543554,0.05259602384387962
GTEX-RVPV-0126-SM-EAZAW.1,SKIN,64.5,5.5,1410.0,0.4822272661203567,-0.04463230323948844
GTEX-RVPV-0926-SM-47JXU.1,MUSCLE,64.5,5.9,1461.0,-3.8940587687835575,0.07179002623932627
GTEX-RWS6-0008-SM-47JYV.1,SKIN,64.5,10.0,234.0,1.4088963148642253,0.3099136116973588
GTEX-RWS6-0326-SM-2XCAP.1,HEART,64.5,8.0,143.0,-0.6229477096733574,-0.04342888892129974
GTEX-RWS6-2026-SM-2XCB5.1,SKIN,64.5,6.6,235.0,-1.4006935345445262,-0.050252012646281825
GTEX-RWS6-2126-SM-2XCAV.1,MUSCLE,64.5,8.0,239.0,-0.6686127946120046,0.06140681256072159
GTEX-RWSA-0008-SM-47JYX.1,SKIN,44.5,10.0,1285.0,2.6260000647474,0.18645597181326545
GTEX-RWSA-0126-SM-2XCBB.1,SKIN,44.5,8.0,1284.0,-0.2988947619018106,-0.11249773587175674
GTEX-RWSA-0626-SM-2XCBD.1,HEART,44.5,7.3,1335.0,-0.1940226006848412,0.19425586177576518
GTEX-RWSA-0726-SM-2XCBE.1,MUSCLE,44.5,8.4,1349.0,0.0872254798223238,0.08706766738042031
GTEX-RWSA-1426-SM-47JXA.1,LIVER,44.5,6.4,1361.0,-1.06031752589086,0.17750702382762554
GTEX-S32W-0626-SM-2XCBG.1,HEART,54.5,8.6,264.0,0.4069219838281116,0.004174030658676302
GTEX-S32W-0626-SM-5S2TC.1,HEART,54.5,8.6,264.0,1.008265738520862,-0.051846810599730654
GTEX-S32W-1926-SM-4AD63.1,LIVER,54.5,7.3,363.0,2.707549956284473,0.00928169879078735
GTEX-S32W-2126-SM-2XCB1.1,SKIN,54.5,7.9,393.0,0.9817277939629812,-0.06183372111777596
GTEX-S32W-2326-SM-2XCAW.1,MUSCLE,54.5,8.1,399.0,-0.3309041838009952,0.12669307970507682
GTEX-S32W-2326-SM-5S2S6.1,MUSCLE,54.5,8.1,399.0,0.5765942670536731,0.10812281685343439
GTEX-S33H-0008-SM-4AD6C.1,SKIN,34.5,10.0,235.0,1.581830250149323,0.3175260539688465
GTEX-S33H-0526-SM-2XCBK.1,HEART,34.5,6.4,218.0,-1.829134463095592,-0.08659089667872914
GTEX-S33H-0526-SM-5SI83.1,HEART,34.5,6.4,218.0,-1.9210316886451004,-0.08022629691054887
GTEX-S33H-0526-SM-COH1W.1,HEART,34.5,6.4,218.0,-1.7268552674650142,-0.09793607822014577
GTEX-S33H-1026-SM-EZ6L6.1,SKIN,34.5,5.7,234.0,0.2737524991408877,0.04452445098601785
GTEX-S33H-1626-SM-4AD68.1,LIVER,34.5,6.6,248.0,0.2032297626639927,-0.05822757829509937
GTEX-S33H-2226-SM-2XCB7.1,MUSCLE,34.5,7.8,261.0,-1.9229643100938203,-0.09114782209311499
GTEX-S33H-2226-SM-5S2UF.1,MUSCLE,34.5,7.8,261.0,-2.113252488047084,-0.0624986215711838
GTEX-S33H-2226-SM-DKPOP.1,MUSCLE,34.5,7.8,261.0,-1.36218578935932,-0.057447207114545325
GTEX-S341-0008-SM-4AD6D.1,SKIN,44.5,9.6,225.0,1.0217199173707927,0.30344543284816367
GTEX-S341-1726-SM-3K2AK.1,SKIN,44.5,6.1,224.0,-0.4429452212411434,-0.1902953975297263
GTEX-S341-1826-SM-3K2AB.1,MUSCLE,44.5,7.8,225.0,0.2821437216351112,-0.10811736987156953
GTEX-S3LF-0526-SM-EZ6LK.1,MUSCLE,74.5,5.7,688.0,-1.261899628748841,0.15449149344859778
GTEX-S3XE-0008-SM-3NM8O.1,SKIN,54.5,9.1,207.0,0.7203598950860642,0.26228145516294915
GTEX-S3XE-0426-SM-3K2AC.1,HEART,54.5,8.8,90.0,-0.3525266466722959,-0.07429952118160378
GTEX-S3XE-1726-SM-3K2AM.1,SKIN,54.5,7.8,207.0,-2.085885146468992,-0.18619421285009594
GTEX-S3XE-2026-SM-3K2B5.1,MUSCLE,54.5,8.5,221.0,-1.0258603758231684,-0.02998678534234691
GTEX-S4P3-0008-SM-3NM8R.1,SKIN,54.5,9.1,230.0,-0.3850484550162385,0.24418686478915178
GTEX-S4P3-1626-SM-3K2AZ.1,MUSCLE,54.5,8.1,237.0,-0.5640708964954092,-0.09795661745934983
GTEX-S4Q7-0008-SM-3NM8A.1,SKIN,24.5,9.4,212.0,0.2050181512671803,0.35450175959474667
GTEX-S4Q7-1526-SM-3K2AG.1,MUSCLE,24.5,8.4,206.0,0.2269168865182302,-0.10840792130305882
GTEX-S4UY-0008-SM-3NM8H.1,SKIN,44.5,8.5,324.0,0.908314696150772,0.07338255830309307
GTEX-S4UY-0126-SM-3K2BB.1,SKIN,44.5,7.4,323.0,-0.7157334769804008,-0.0655581636916878
GTEX-S4UY-0526-SM-3K2AN.1,MUSCLE,44.5,9.0,362.0,-0.1522448027353234,0.04101923003749402
GTEX-S4Z8-0008-SM-33HAZ.1,SKIN,64.5,9.8,182.0,0.737497991889489,0.2450356701903433
GTEX-S4Z8-0526-SM-4AD4T.1,LIVER,64.5,8.7,127.0,1.1423192832153168,-0.019495241517521716
GTEX-S4Z8-1026-SM-3K2AI.1,HEART,64.5,7.4,151.0,0.0377729623063588,-0.2225762749339944
GTEX-S4Z8-1026-SM-72D6N.1,HEART,64.5,6.4,151.0,1.0979952130920725,-0.3657217970951389
GTEX-S4Z8-1026-SM-CM2RE.1,HEART,64.5,6.4,151.0,1.3494984564880252,-0.30686710233378606
GTEX-S4Z8-1826-SM-3K2BH.1,MUSCLE,64.5,8.5,189.0,0.1489467455125078,-0.10147808016607877
GTEX-S7PM-0008-SM-3NM9Q.1,SKIN,64.5,8.9,1267.0,1.1211556190189684,0.18484433280938112
GTEX-S7PM-0011-R5A-SM-3NM8G.1,BRAIN,64.5,6.3,1167.0,-2.893045003959253,0.03240085802609287
GTEX-S7PM-0011-R6A-SM-3NM8F.1,BRAIN,64.5,6.0,1167.0,-2.964460132572261,0.04268634326525546
GTEX-S7PM-0126-SM-4AD6S.1,SKIN,64.5,7.2,1266.0,0.1384431871094834,-0.09420512566445352
GTEX-S7PM-0526-SM-3NM92.1,MUSCLE,64.5,7.1,1278.0,0.770378940516797,-0.03535322027787144
GTEX-S7SE-0008-SM-33HB1.1,SKIN,54.5,9.5,937.0,-0.2312556667284055,0.2734716093691959
GTEX-S7SE-0011-R10A-SM-2XCDF.1,BRAIN,54.5,7.5,822.0,1.7347740453673213,-0.1022692993065973
GTEX-S7SE-0011-R11A-SM-2XCDD.1,BRAIN,54.5,8.0,822.0,2.582169517618162,-0.1060955733208942
GTEX-S7SE-0011-R1A-SM-2XCDE.1,BRAIN,54.5,6.7,822.0,-1.2852083910560643,0.01710651162021221
GTEX-S7SE-0011-R2A-SM-2XCDC.1,BRAIN,54.5,6.2,822.0,0.6481149964189583,-0.09491560357390093
GTEX-S7SE-0011-R4A-SM-2XCDB.1,BRAIN,54.5,7.7,822.0,0.055158310879065,-0.01773917734364545
GTEX-S7SE-0011-R5A-SM-2XCDA.1,BRAIN,54.5,8.2,822.0,-0.0589024885738684,0.12519439244517383
GTEX-S7SE-0011-R6A-SM-2XCD9.1,BRAIN,54.5,7.6,822.0,0.5806533174163713,0.1303320476768907
GTEX-S7SE-0011-R7A-SM-2XCDI.1,BRAIN,54.5,6.1,822.0,0.7029233524207199,0.022976828124162182
GTEX-S7SE-0011-R8A-SM-2XCDG.1,BRAIN,54.5,7.5,822.0,0.0104113083987942,-0.0996527838716491
GTEX-S7SE-0126-SM-2XCD5.1,SKIN,54.5,6.8,936.0,0.8519220322954093,-0.1734228053806305
GTEX-S7SE-2526-SM-2XCDL.1,BRAIN,54.5,6.9,1098.0,2.4224925664379158,-0.18326345925852433
GTEX-S7SF-0008-SM-3NM8T.1,SKIN,24.5,9.5,345.0,1.2545021953128628,0.2514016874600523
GTEX-S7SF-0526-SM-3K2BC.1,HEART,24.5,8.7,287.0,1.031893162386486,-0.177459234509845
GTEX-S7SF-1626-SM-3K2AY.1,SKIN,24.5,6.8,339.0,-0.2614007974329111,-0.08740772820788613
GTEX-S7SF-2026-SM-3K2AS.1,MUSCLE,24.5,8.2,355.0,-0.6484468912295245,0.011519711773887178
GTEX-S95S-0008-SM-4AT5M.1,SKIN,64.5,9.2,277.0,0.7154131115695409,0.22527311568538472
GTEX-S95S-1226-SM-4GICG.1,SKIN,64.5,5.8,275.0,-1.4297437158325268,-0.07838379972441813
GTEX-S95S-1426-SM-2XCDM.1,MUSCLE,64.5,7.0,279.0,-1.6665244963147128,-0.06272222215554477
GTEX-SE5C-0008-SM-4B64J.1,SKIN,44.5,10.0,230.0,1.1354329108262866,0.2599377032187547
GTEX-SE5C-0626-SM-2XCDV.1,HEART,44.5,8.6,167.0,0.4833504890773661,-0.17135301181428855
GTEX-SE5C-0626-SM-3P5ZJ.1,HEART,44.5,8.6,167.0,0.4521305785978453,-0.17112050643732407
GTEX-SE5C-0626-SM-4IHLJ.1,HEART,44.5,8.6,167.0,0.3557265588594311,-0.1551970942490587
GTEX-SE5C-1626-SM-2XCE3.1,SKIN,44.5,7.5,215.0,-0.3160889204284276,-0.08412425449207607
GTEX-SE5C-1826-SM-2XCE4.1,MUSCLE,44.5,7.7,223.0,0.3224243969513657,-0.34687369138192553
GTEX-SIU7-0426-SM-2XCDX.1,HEART,54.5,7.3,83.0,-0.3937855922917389,-0.08315188963047847
GTEX-SIU7-1726-SM-2XCDZ.1,SKIN,54.5,7.1,168.0,-0.5255015016438298,0.0878913594983612
GTEX-SIU7-1826-SM-2XCE2.1,MUSCLE,54.5,8.0,169.0,0.4240078552382904,-0.029033972351446564
GTEX-SIU8-0008-SM-4BRUC.1,SKIN,54.5,9.7,1232.0,0.2618957451675578,0.25515198498162467
GTEX-SIU8-0126-SM-2XCDT.1,SKIN,54.5,6.2,1231.0,-0.8744202649613296,-0.12996022447418715
GTEX-SIU8-0526-SM-2XCDP.1,MUSCLE,54.5,8.4,1263.0,-0.3374960951769024,-0.07227452531113561
GTEX-SIU8-0826-SM-2XCDQ.1,HEART,54.5,6.6,1310.0,-0.5170462571313188,-0.150194642885974
GTEX-SJXC-0008-SM-4DM7G.1,SKIN,64.5,10.0,974.0,1.7824749305800045,0.24498013483970071
GTEX-SJXC-0126-SM-2XCFF.1,SKIN,64.5,7.4,973.0,-0.1703862150687743,-0.1324481884796749
GTEX-SJXC-0526-SM-2XCFG.1,MUSCLE,64.5,8.2,1023.0,0.2751703929310768,0.08374062819522271
GTEX-SJXC-1226-SM-4DM78.1,LIVER,64.5,6.0,1060.0,-1.3214204298480123,0.040488750375337265
GTEX-SN8G-0008-SM-4DM4X.1,SKIN,54.5,9.5,1035.0,0.6984791045627795,0.1156583416961808
GTEX-SN8G-0126-SM-32PLI.1,SKIN,54.5,7.2,1034.0,2.565683150409126,-0.0023452305296090253
GTEX-SN8G-0326-SM-32PLG.1,MUSCLE,54.5,8.0,1040.0,0.1669308462245325,-0.127300736530519
GTEX-SNMC-0008-SM-4DM5A.1,SKIN,24.5,9.3,277.0,0.8349395416732179,0.2513214413070364
GTEX-SNMC-0126-SM-2XCFO.1,HEART,24.5,8.9,185.0,0.191667692290254,-0.08189165946861775
GTEX-SNMC-1226-SM-2XCFP.1,SKIN,24.5,7.7,269.0,-1.869162053923862,-0.09811299829496474
GTEX-SNMC-1426-SM-2XCFM.1,MUSCLE,24.5,7.9,274.0,0.5823922769901722,-0.026401439113985826
GTEX-SNOS-0008-SM-4DM6I.1,SKIN,44.5,9.1,191.0,1.1221754808464302,0.03893039730947427
GTEX-SNOS-1526-SM-32PLW.1,MUSCLE,44.5,8.4,201.0,-0.1110177680698476,-0.055619722963186305
GTEX-SSA3-0008-SM-47JWJ.1,SKIN,64.5,9.5,35.0,1.0358673792130113,0.25157558176591044
GTEX-SSA3-0126-SM-32QPU.1,SKIN,64.5,7.1,40.0,-1.0232849318354948,0.07982054705803782
GTEX-SSA3-0326-SM-32QPS.1,MUSCLE,64.5,8.2,55.0,1.2662358030199352,0.11430524715392232
GTEX-SSA3-0326-SM-47JWY.1,MUSCLE,64.5,8.2,55.0,1.23916247310398,0.12015708006767037
GTEX-SUCS-0008-SM-4DM53.1,SKIN,74.5,10.0,208.0,2.2642016288244053,0.10833997301211186
GTEX-SUCS-0326-SM-32PLL.1,HEART,74.5,8.9,146.0,1.5923689542334016,-0.28158408440253857
GTEX-SUCS-1626-SM-32PLS.1,MUSCLE,74.5,7.8,200.0,-0.2939062749540816,0.0022564296031955624
GTEX-SUCS-1926-SM-32PM3.1,SKIN,74.5,6.9,209.0,-0.4986343770704127,-0.15716361675021878
GTEX-T2IS-0008-SM-4DM75.1,SKIN,24.5,10.0,1077.0,1.488906103780702,0.23819372079662227
GTEX-T2IS-0011-R11A-SM-32QPC.1,BRAIN,24.5,8.5,1099.0,2.8345187193678925,-0.21440317070425735
GTEX-T2IS-0011-R2A-SM-32QPF.1,BRAIN,24.5,6.0,1099.0,0.4809416726441741,0.014005559896607131
GTEX-T2IS-0011-R3A-SM-32QPB.1,BRAIN,24.5,6.7,1099.0,1.230707082632097,-0.08387127771698633
GTEX-T2IS-0011-R5A-SM-32QP4.1,BRAIN,24.5,7.0,1099.0,0.563600242863293,-0.04183658716842572
GTEX-T2IS-0011-R6A-SM-32QP2.1,BRAIN,24.5,7.4,1099.0,0.4239330047363929,0.045171126124022486
GTEX-T2IS-0126-SM-4DM6O.1,SKIN,24.5,7.8,1076.0,-0.1439602297165308,-0.03855169643771619
GTEX-T2IS-0426-SM-32QPE.1,HEART,24.5,6.2,1119.0,-2.6481213481543997,0.059404909194949625
GTEX-T2IS-2626-SM-32QPP.1,MUSCLE,24.5,7.8,1224.0,-0.0250275977453643,-0.15728416286265978
GTEX-T2IS-2926-SM-32QPO.1,BRAIN,24.5,7.2,1232.0,1.77929283771702,-0.22528838060870315
GTEX-T2IS-3026-SM-32QPM.1,BRAIN,24.5,7.2,1235.0,-0.0419529839531904,-0.09306194170379475
GTEX-T2YK-0008-SM-4DM6M.1,SKIN,54.5,10.0,860.0,2.572240822537557,0.13622344702944406
GTEX-T2YK-0226-SM-4DM5O.1,MUSCLE,54.5,5.7,844.0,-4.352578701467943,0.13913941950035094
GTEX-T2YK-0526-SM-32QPJ.1,SKIN,54.5,7.0,859.0,-0.3679267134045029,-0.010935410259167425
GTEX-T5JC-0008-SM-4DM6A.1,SKIN,24.5,9.8,664.0,1.9185372333012256,0.16152411660975952
GTEX-T5JC-0011-R10A-SM-32PM2.1,BRAIN,24.5,9.4,483.0,1.7051030413589945,-0.1199665993809618
GTEX-T5JC-0011-R10A-SM-5S2TK.1,BRAIN,24.5,9.4,483.0,1.8129796575202168,-0.12623016147935875
GTEX-T5JC-0011-R11A-SM-32PMB.1,BRAIN,24.5,9.8,483.0,3.191722002786217,-0.2590476060584144
GTEX-T5JC-0011-R11A-SM-5S2RX.1,BRAIN,24.5,9.8,483.0,3.414125566087679,-0.22270865177748955
GTEX-T5JC-0011-R1A-SM-32PM6.1,BRAIN,24.5,8.3,483.0,-0.1005445025835364,0.003921859208379095
GTEX-T5JC-0011-R2A-SM-32PLZ.1,BRAIN,24.5,8.0,483.0,0.5236549028059386,-0.08594478637102185
GTEX-T5JC-0011-R4A-SM-32PLT.1,BRAIN,24.5,8.6,483.0,1.0831263206565007,0.06614329341409633
GTEX-T5JC-0011-R5A-SM-32PLK.1,BRAIN,24.5,8.9,483.0,-0.2939665138642523,-0.022091224338539227
GTEX-T5JC-0011-R6A-SM-32PMI.1,BRAIN,24.5,9.0,483.0,0.1379685814719916,0.13603038072854964
GTEX-T5JC-0011-R6A-SM-5SI89.1,BRAIN,24.5,9.0,483.0,-0.0508917499464292,0.10419448839982609
GTEX-T5JC-0011-R6A-SM-D3L87.1,BRAIN,24.5,9.0,483.0,0.503107818501926,0.10338520617348675
GTEX-T5JC-0011-R7A-SM-32PME.1,BRAIN,24.5,9.1,483.0,0.2490311242586587,-0.055326015401547655
GTEX-T5JC-0011-R8A-SM-32PLM.1,BRAIN,24.5,9.3,483.0,1.883981491807451,-0.09505305498271865
GTEX-T5JC-0011-R9A-SM-32PLV.1,BRAIN,24.5,8.9,483.0,2.5818993374845167,0.13982160724800666
GTEX-T5JC-0426-SM-32PLO.1,SKIN,24.5,8.2,663.0,-0.5771879216218373,-0.0900918467631773
GTEX-T5JC-0426-SM-5S2SL.1,SKIN,24.5,8.2,663.0,-0.3453053611050036,-0.03116363422785551
GTEX-T5JC-0626-SM-3NMA6.1,MUSCLE,24.5,8.0,669.0,1.4481648813939887,0.01992473377377168
GTEX-T5JC-0626-SM-5S2RW.1,MUSCLE,24.5,8.0,669.0,1.0088388978189444,-0.03536298379067682
GTEX-T5JC-2326-SM-32PMR.1,BRAIN,24.5,7.8,740.0,2.562511232208564,-0.22663872581182914
GTEX-T5JC-2426-SM-3NMDB.1,BRAIN,24.5,7.0,743.0,1.1969841439245557,-0.12303067691633848
GTEX-T5JW-0008-SM-4DM5X.1,SKIN,24.5,9.6,235.0,1.3309043049634166,0.22899937689914554
GTEX-T5JW-1626-SM-3GADZ.1,SKIN,24.5,6.8,235.0,-0.3054543428460705,-0.07618366995550496
GTEX-T5JW-1826-SM-3GAE1.1,MUSCLE,24.5,7.2,243.0,0.3767166785725188,-0.22284640647129994
GTEX-T6MN-0008-SM-4DM7H.1,SKIN,54.5,9.7,690.0,0.9433387389102488,0.3403607543096278
GTEX-T6MN-0011-R10A-SM-32QP7.1,BRAIN,54.5,8.0,570.0,2.4116449050601005,-0.13738654536962747
GTEX-T6MN-0011-R10A-SM-5S2SB.1,BRAIN,54.5,8.0,570.0,2.617181606469039,-0.16350683839886154
GTEX-T6MN-0011-R11A-SM-32QOX.1,BRAIN,54.5,8.9,570.0,4.1411248300464045,-0.20242500658605506
GTEX-T6MN-0011-R11A-SM-5S2TH.1,BRAIN,54.5,8.9,570.0,3.836376573044381,-0.21989068647452434
GTEX-T6MN-0011-R1A-SM-32QOY.1,BRAIN,54.5,6.4,570.0,1.74852388657539,0.014645459526223923
GTEX-T6MN-0011-R2A-SM-32QOW.1,BRAIN,54.5,6.1,570.0,0.8726551149144537,-0.046364940893788786
GTEX-T6MN-0011-R4A-SM-32QPG.1,BRAIN,54.5,7.4,570.0,-0.1352018760030089,0.20091209915891223
GTEX-T6MN-0011-R5A-SM-32QPD.1,BRAIN,54.5,7.7,570.0,1.4271522097676126,0.022692747416287507
GTEX-T6MN-0011-R6A-SM-32QP8.1,BRAIN,54.5,8.0,570.0,1.579998286037202,0.06285719414537394
GTEX-T6MN-0011-R7A-SM-32QP5.1,BRAIN,54.5,8.0,570.0,1.5245377533668314,0.050546911554526446
GTEX-T6MN-0011-R8A-SM-32QP3.1,BRAIN,54.5,6.7,570.0,1.3904965304867776,0.01813660233684851
GTEX-T6MN-0011-R9A-SM-32QOZ.1,BRAIN,54.5,7.1,570.0,-0.3317380499534135,0.08445090659998093
GTEX-T6MN-0126-SM-32PLP.1,SKIN,54.5,7.8,689.0,-0.2019793453243537,-0.08538388065551333
GTEX-T6MN-0126-SM-5S2TD.1,SKIN,54.5,7.8,689.0,-0.0685738902947889,-0.05589588673578608
GTEX-T6MN-0526-SM-32PMS.1,MUSCLE,54.5,8.5,743.0,0.3754326691859987,-0.15950398114892717
GTEX-T6MN-0926-SM-32PLX.1,HEART,54.5,7.6,820.0,1.4189336024142958,-0.14857842104053967
GTEX-T6MN-0926-SM-5S2S3.1,HEART,54.5,7.6,820.0,1.5534409429520757,-0.13415800749172807
GTEX-T6MN-1226-SM-3NMA5.1,LIVER,54.5,6.7,832.0,-0.5997614491499583,0.017702546810729566
GTEX-T6MN-2526-SM-32PMN.1,BRAIN,54.5,7.3,880.0,2.6905511026061912,-0.17822620344302167
GTEX-T6MN-2626-SM-32PMQ.1,BRAIN,54.5,7.0,882.0,0.5869515289558691,-0.06679108802766391
GTEX-T6MO-0008-SM-4DM6T.1,SKIN,44.5,9.8,181.0,0.9909842124766772,0.4161894757975581
GTEX-T6MO-1626-SM-32QOM.1,SKIN,44.5,7.0,182.0,-0.9028113596675712,-0.019970266762369734
GTEX-T8EM-1026-SM-3DB7M.1,SKIN,44.5,7.3,378.0,-1.2060499361200545,-0.11927239307968156
GTEX-T8EM-1326-SM-3DB7G.1,MUSCLE,44.5,6.3,389.0,-0.9184283852285076,0.003757718227721271
GTEX-TKQ1-0008-SM-4DXSO.1,SKIN,34.5,9.5,185.0,0.7866375394700589,0.1736963855988823
GTEX-TKQ1-1026-SM-4GICL.1,SKIN,34.5,7.8,186.0,-0.5579336449839437,-0.22015794327877838
GTEX-TKQ1-1426-SM-4GICK.1,MUSCLE,34.5,8.5,200.0,-0.1464854914591629,-0.07045829152853192
GTEX-TKQ2-0008-SM-4DM5L.1,SKIN,54.5,9.6,197.0,0.7345232771823984,0.2590779764867649
GTEX-TKQ2-0826-SM-33HB6.1,MUSCLE,54.5,8.1,213.0,-3.161911300804989,0.08031823480292609
GTEX-TKQ2-1726-SM-4DXUP.1,LIVER,54.5,8.4,235.0,0.8040983545054923,0.0871954984685707
GTEX-TMKS-0126-SM-3DB7S.1,SKIN,54.5,7.2,37.0,-1.1144504308934942,0.052749489519754014
GTEX-TMKS-0326-SM-3DB8A.1,MUSCLE,54.5,7.6,47.0,-1.768416810294062,0.1497587088525193
GTEX-TML8-0008-SM-4DXUI.1,SKIN,44.5,9.6,254.0,0.5111563185377466,0.40416925242403307
GTEX-TML8-1826-SM-32QOR.1,MUSCLE,44.5,8.6,254.0,1.2299983763630755,-0.04859417947449701
GTEX-TML8-1926-SM-32QOS.1,SKIN,44.5,7.2,256.0,-0.2001279310190633,0.01351418087612496
GTEX-TMMY-0008-SM-4DXU3.1,SKIN,44.5,9.5,360.0,0.9260680162064364,0.26846218583718084
GTEX-TMMY-0226-SM-33HBA.1,SKIN,44.5,6.8,359.0,-0.671569262319281,-0.1380854640254154
GTEX-TMMY-0426-SM-33HBB.1,MUSCLE,44.5,6.9,368.0,-1.3343911624863791,-0.05037633310054086
GTEX-TMZS-0008-SM-47JWM.1,SKIN,64.5,9.8,46.0,0.5239666892637813,0.32406711420439827
GTEX-TMZS-0126-SM-3DB9Q.1,SKIN,64.5,6.4,49.0,-2.378294234898965,-0.090525459133143
GTEX-TMZS-0326-SM-3DB9P.1,MUSCLE,64.5,8.1,56.0,-0.4635170822022671,-0.08991448540948797
GTEX-TSE9-0008-SM-4DXT8.1,SKIN,64.5,9.6,1024.0,1.2806411741216284,0.2927951430878284
GTEX-TSE9-0011-R10A-SM-3DB7O.1,BRAIN,64.5,7.0,900.0,0.1984760022831008,-0.024296687328915677
GTEX-TSE9-0011-R11A-SM-3DB7N.1,BRAIN,64.5,8.1,900.0,1.5235885063859411,-0.1314214087429404
GTEX-TSE9-0011-R1A-SM-3DB7E.1,BRAIN,64.5,6.4,900.0,-0.5557207860752911,0.13417609704809602
GTEX-TSE9-0011-R4A-SM-3DB7H.1,BRAIN,64.5,6.9,900.0,-0.0828819923027041,0.19873923664720497
GTEX-TSE9-0011-R5A-SM-3DB7J.1,BRAIN,64.5,7.6,900.0,-0.473369430529047,0.19621046395659208
GTEX-TSE9-0011-R6A-SM-3DB7L.1,BRAIN,64.5,7.5,900.0,-0.0945109771932989,0.14070207846292307
GTEX-TSE9-0011-R7A-SM-3DB7P.1,BRAIN,64.5,7.3,900.0,-1.2250996521390416,0.19287539916818275
GTEX-TSE9-0011-R8A-SM-3DB7R.1,BRAIN,64.5,6.8,900.0,0.5168272379965697,0.1727443219831469
GTEX-TSE9-0011-R9A-SM-3DB7Q.1,BRAIN,64.5,7.0,900.0,-0.7818677215883405,0.06311357078386111
GTEX-TSE9-0126-SM-3DB83.1,SKIN,64.5,8.0,1023.0,-0.7044550965452883,-0.12356030102795754
GTEX-TSE9-0526-SM-3DB7Z.1,MUSCLE,64.5,8.1,1071.0,-0.4051274467200398,0.012580315872417274
GTEX-TSE9-2926-SM-3DB77.1,BRAIN,64.5,7.6,1218.0,1.701357829334726,-0.16586338549528884
GTEX-TSE9-3026-SM-3DB76.1,BRAIN,64.5,7.2,1220.0,0.0980630023351377,0.042510291116675245
GTEX-U3ZG-0008-SM-47JWL.1,SKIN,54.5,10.0,37.0,1.1785522772987285,0.27553917690013
GTEX-U3ZG-0326-SM-47JXN.1,MUSCLE,54.5,6.8,46.0,-1.5806866543114273,-0.12292299519672574
GTEX-U3ZH-0008-SM-4DXT2.1,SKIN,34.5,9.1,249.0,0.8651872631021975,0.16866501504410666
GTEX-U3ZH-0326-SM-3DB7A.1,HEART,34.5,8.0,190.0,0.0149032780004865,-0.07942224787435913
GTEX-U3ZH-0326-SM-4WWDX.1,HEART,34.5,8.0,190.0,0.540855664956094,-0.13399070056085835
GTEX-U3ZH-0326-SM-51MS7.1,HEART,34.5,8.0,190.0,0.1253122702977793,-0.06051010807906526
GTEX-U3ZH-1926-SM-4DXTR.1,MUSCLE,34.5,7.6,246.0,1.9787695059225572,-0.2651169266796643
GTEX-U3ZH-2026-SM-3DB78.1,SKIN,34.5,8.0,248.0,-1.454548381000362,-0.07183681161543913
GTEX-U3ZM-0008-SM-4DXTQ.1,SKIN,44.5,9.3,241.0,1.1120916224591708,0.3078970689044861
GTEX-U3ZM-1226-SM-3DB9G.1,MUSCLE,44.5,8.4,239.0,0.8112892281690662,0.03318927186737871
GTEX-U3ZM-1526-SM-3DB9D.1,SKIN,44.5,6.3,249.0,-1.748709129085263,-0.13033401908184572
GTEX-U3ZN-0008-SM-4DXTL.1,SKIN,34.5,9.7,175.0,0.815623880752454,0.3318728545784256
GTEX-U3ZN-0226-SM-3DB8D.1,LIVER,34.5,9.1,114.0,0.3754441138060795,0.004202061543766664
GTEX-U3ZN-1426-SM-3DB87.1,HEART,34.5,9.0,138.0,1.2873732745014277,-0.17446564299853914
GTEX-U3ZN-2226-SM-3DB88.1,MUSCLE,34.5,8.5,175.0,-0.6691916585423456,-0.01698856055646365
GTEX-U3ZN-2326-SM-3DB7W.1,SKIN,34.5,6.7,176.0,-1.7377390616650086,-0.19220758072970323
GTEX-U412-0008-SM-4DXTE.1,SKIN,64.5,9.1,1360.0,1.1549693809907315,0.34985958455751953
GTEX-U412-0326-SM-3DB9L.1,MUSCLE,64.5,7.8,1349.0,-0.642192072168323,-0.020315580217327437
GTEX-U412-0326-SM-5BC7E.1,MUSCLE,64.5,7.8,1349.0,-0.7370608057126431,0.038154593892129024
GTEX-U412-0326-SM-5DUVP.1,MUSCLE,64.5,7.8,1349.0,-0.6172813145839209,0.05092033479597333
GTEX-U412-0426-SM-3DB9O.1,SKIN,64.5,6.8,1359.0,-0.7637931890806006,0.009475772901755428
GTEX-U4B1-0008-SM-4DXUW.1,SKIN,44.5,10.0,246.0,1.510460533743478,0.3870305664053925
GTEX-U4B1-0326-SM-3DB8K.1,HEART,44.5,8.7,118.0,0.4365274001429938,-0.10046403494401628
GTEX-U4B1-1626-SM-3DB8N.1,MUSCLE,44.5,7.9,240.0,-0.7922723970738995,-0.011565726795708902
GTEX-U4B1-1826-SM-4DXSU.1,SKIN,44.5,6.9,245.0,-0.6688094297688474,-0.1554685253959609
GTEX-U8T8-0008-SM-4DXSP.1,SKIN,64.5,9.8,976.0,1.014354239588107,0.2629133714422579
GTEX-U8T8-0126-SM-3DB94.1,SKIN,64.5,6.5,975.0,-0.4969300918872587,0.008117435982266104
GTEX-U8T8-1426-SM-3DB9H.1,MUSCLE,64.5,7.2,1125.0,-0.0208585556897737,-0.13599302417055673
GTEX-U8XE-0008-SM-4E3K4.1,SKIN,34.5,10.0,358.0,1.773137857453761,0.2999232085351399
GTEX-U8XE-0226-SM-4E3J3.1,SKIN,34.5,7.5,356.0,0.7766398322982863,0.140736185323794
GTEX-U8XE-0326-SM-3DB8P.1,SKIN,34.5,7.1,358.0,0.4486002368750078,0.06182875255498664
GTEX-U8XE-0726-SM-3DB8O.1,MUSCLE,34.5,8.2,384.0,-0.3958129170294751,-0.09945233832883048
GTEX-U8XE-0926-SM-3DB8V.1,HEART,34.5,7.9,402.0,0.3932585480276938,0.11441272101516059
GTEX-U8XE-1126-SM-3DB8W.1,HEART,34.5,8.1,406.0,0.5561057507909428,0.06450565883809327
GTEX-U8XE-1526-SM-4E3HT.1,LIVER,34.5,7.8,418.0,1.4152865558874732,0.029917409536036915
GTEX-UJHI-0008-SM-4IHL1.1,SKIN,54.5,10.0,310.0,1.401198970958029,0.28325885420421254
GTEX-UJHI-0426-SM-3DB8Y.1,HEART,54.5,8.7,169.0,0.5613884988469413,-0.11438747361006885
GTEX-UJHI-1526-SM-3DB99.1,SKIN,54.5,6.6,287.0,0.4652592900856507,-0.07993509960303957
GTEX-UJHI-1726-SM-3DB9B.1,MUSCLE,54.5,8.2,297.0,-0.1006053435517772,-0.062428167558783616
GTEX-UJMC-0008-SM-4IHKK.1,SKIN,54.5,10.0,237.0,2.3436027112139017,0.0556481113029891
GTEX-UJMC-0526-SM-3GAE3.1,HEART,54.5,8.4,156.0,1.060886039129149,0.025944003634505174
GTEX-UJMC-1826-SM-3GADT.1,MUSCLE,54.5,7.9,257.0,0.555947009247494,0.02105336355127556
GTEX-UPIC-0926-SM-4IHLV.1,LIVER,24.5,6.7,226.0,1.2370189773688625,-0.0825052470638434
GTEX-UPIC-1626-SM-4IHKT.1,SKIN,24.5,5.8,247.0,0.5710300662441579,-0.19830227256466182
GTEX-UPJH-0226-SM-3GADV.1,SKIN,54.5,7.7,795.0,-0.4890879843973247,-0.1583352650896602
GTEX-UPJH-0326-SM-3GADU.1,SKIN,54.5,7.5,799.0,-0.5090732176450252,-0.1155011649811286
GTEX-UPJH-0526-SM-4IHK8.1,MUSCLE,54.5,8.5,828.0,-0.4662398345554703,0.08098953053628069
GTEX-UPK5-0008-SM-4IHJD.1,SKIN,44.5,9.8,984.0,0.0991717169304913,0.16579333632667184
GTEX-UPK5-0226-SM-3GAEV.1,HEART,44.5,7.2,974.0,0.4790147761683437,0.014327957707083809
GTEX-UPK5-0326-SM-3GAF3.1,HEART,44.5,7.0,976.0,0.2460533178468934,-0.06213352620199688
GTEX-UPK5-0326-SM-5SI81.1,HEART,44.5,7.0,976.0,0.5774590564578098,-0.08180003110797501
GTEX-UPK5-0326-SM-CYPR4.1,HEART,44.5,7.0,976.0,0.775670044394729,-0.08969223185001626
GTEX-UPK5-0426-SM-3GAEK.1,SKIN,44.5,6.4,978.0,-0.131673539080746,-0.08987722226882777
GTEX-UPK5-0726-SM-4IHL7.1,SKIN,44.5,5.8,983.0,-0.1931610798733342,-0.11160127238534875
GTEX-UPK5-1426-SM-4JBHH.1,LIVER,44.5,7.3,1001.0,1.471579473536822,-0.054177263331662374
GTEX-UTHO-0008-SM-4JBID.1,SKIN,64.5,10.0,431.0,2.054229671716765,0.2815642327483456
GTEX-UTHO-0011-R10A-SM-3GIJQ.1,BRAIN,64.5,6.3,325.0,2.263615808531827,-0.02686839713457308
GTEX-UTHO-0011-R11A-SM-3GIJE.1,BRAIN,64.5,6.2,325.0,0.9977392601373098,-0.2014685999288928
GTEX-UTHO-0011-R1A-SM-3GIJO.1,BRAIN,64.5,7.1,325.0,-0.7645837961034485,-0.007810060967431668
GTEX-UTHO-0011-R2A-SM-3GIKC.1,BRAIN,64.5,7.2,325.0,0.0894486768432895,-0.04769438901012223
GTEX-UTHO-0011-R3A-SM-3GIK8.1,BRAIN,64.5,6.4,325.0,-0.13159451439022,-0.08037220324491659
GTEX-UTHO-0011-R4A-SM-3GIJP.1,BRAIN,64.5,6.8,325.0,-1.0986719105389824,-0.08815099904509836
GTEX-UTHO-0011-R5A-SM-3GIJD.1,BRAIN,64.5,7.5,325.0,-0.2037688360729226,-0.07428722320770624
GTEX-UTHO-0011-R6A-SM-3GIJW.1,BRAIN,64.5,7.4,325.0,0.2841187019414232,-0.033804246060302204
GTEX-UTHO-0726-SM-3GAEN.1,MUSCLE,64.5,8.1,446.0,-0.159693212683352,-0.0012006370088544812
GTEX-UTHO-1226-SM-3GAEE.1,HEART,64.5,6.7,461.0,-0.0570341675650839,-0.01717650001489829
GTEX-UTHO-2426-SM-4JBHD.1,LIVER,64.5,9.3,489.0,1.6035230208579718,-0.3296878857732268
GTEX-UTHO-2926-SM-3P5Z9.1,BRAIN,64.5,8.9,499.0,2.1123275991009343,-0.18172395518643963
GTEX-UTHO-2926-SM-3P5Z9.2,BRAIN,64.5,8.9,499.0,2.1123275991009343,-0.18172395518643963
GTEX-UTHO-2926-SM-3P5Z9.3,BRAIN,64.5,8.9,499.0,2.1123275991009343,-0.18172395518643963
GTEX-UTHO-3026-SM-3GAFB.1,BRAIN,64.5,8.7,502.0,0.5425383043279376,-0.001007458421549417
GTEX-V1D1-0008-SM-4JBIJ.1,SKIN,54.5,10.0,475.0,1.973555099417584,0.18725012200293897
GTEX-V1D1-0526-SM-4JBGW.1,HEART,54.5,6.1,334.0,-0.1366200116445035,-0.0750672296720464
GTEX-V1D1-0626-SM-4JBHN.1,HEART,54.5,5.8,338.0,-0.3345326872965398,0.019698094346378828
GTEX-V1D1-2026-SM-3GAF4.1,SKIN,54.5,6.2,427.0,-1.8511891408725816,-0.13066209491884723
GTEX-V1D1-2226-SM-3NMAX.1,SKIN,54.5,7.1,472.0,0.1510458818390017,-0.2033177952112228
GTEX-V1D1-2426-SM-3GAER.1,MUSCLE,54.5,8.0,480.0,-1.0663183986789575,-0.15477529210721364
GTEX-V955-0726-SM-3GAFG.1,HEART,64.5,8.4,135.0,-0.3242412023447361,0.01395624642157216
GTEX-V955-0826-SM-3GAF9.1,HEART,64.5,8.8,139.0,0.9814569593798292,-0.02765520742239959
GTEX-V955-0826-SM-5SI82.1,HEART,64.5,8.8,139.0,0.3745391918120712,0.028015204370781675
GTEX-V955-0826-SM-CYPR5.1,HEART,64.5,8.8,139.0,0.6145042023744101,-0.008744009188402294
GTEX-V955-2426-SM-3GAEF.1,MUSCLE,64.5,7.6,254.0,-0.0613207031809185,-0.005448762928131471
GTEX-VJWN-0126-SM-3GIK7.1,SKIN,54.5,7.5,1045.0,-0.4385476867297382,-0.047762982301386106
GTEX-VJWN-0426-SM-3GIJI.1,MUSCLE,54.5,6.8,1084.0,-0.37926076649263,-0.06004432236723074
GTEX-VJWN-1026-SM-4M1ZN.1,HEART,54.5,5.8,1104.0,0.9240827315222722,0.14651348351080032
GTEX-VJYA-1126-SM-3GIJU.1,SKIN,64.5,7.2,257.0,-1.2431482389745678,-0.06244403089949011
GTEX-VJYA-1526-SM-3GIJV.1,SKIN,64.5,7.6,265.0,-1.4465263912306745,-0.03808997934372602
GTEX-VJYA-1926-SM-3GIJJ.1,MUSCLE,64.5,8.0,275.0,-0.9637298081102608,-0.25485871628012935
GTEX-VUSG-0008-SM-4KL24.1,SKIN,54.5,9.3,288.0,-0.0406504570123598,0.2929108323045627
GTEX-VUSG-0126-SM-4KL1X.1,LIVER,54.5,8.2,128.0,0.5571085047599471,0.083005753967855
GTEX-VUSG-0726-SM-3GIK1.1,HEART,54.5,7.2,163.0,0.3304469771950843,0.0665612643262025
GTEX-VUSG-2326-SM-4KL1U.1,SKIN,54.5,6.2,273.0,-0.2137892801573727,-0.09749988901909627
GTEX-VUSG-2526-SM-4KL1V.1,SKIN,54.5,7.2,289.0,-0.2488381591954958,-0.043165615393606485
GTEX-VUSG-2526-SM-5S2S9.1,SKIN,54.5,7.2,289.0,-0.068462764729505,-0.014873925003182367
GTEX-VUSG-2626-SM-4KKZI.1,MUSCLE,54.5,8.3,293.0,0.9953246514848456,-0.1770990295694779
GTEX-VUSG-2626-SM-5S2TM.1,MUSCLE,54.5,8.3,293.0,1.544388642857911,-0.2582272838499296
GTEX-VUSH-0008-SM-47JWK.1,SKIN,34.5,10.0,55.0,1.463838281947223,0.35440817482489356
GTEX-VUSH-0326-SM-3NB2I.1,MUSCLE,34.5,7.0,81.0,-2.396561446657897,0.40319245862960507
GTEX-W5WG-0008-SM-4KL25.1,SKIN,54.5,9.2,297.0,-0.1454823177497506,0.21579220936392787
GTEX-W5WG-1826-SM-4KL2Y.1,SKIN,54.5,6.6,266.0,-0.5676089215444755,-0.05359104933102485
GTEX-W5WG-1926-SM-4KKZK.1,MUSCLE,54.5,8.0,272.0,-0.8179238677545329,-0.06601634695441165
GTEX-W5X1-0008-SM-4LMKA.1,SKIN,44.5,10.0,365.0,1.4693409079871165,0.3101680769388868
GTEX-W5X1-0826-SM-3GILN.1,HEART,44.5,6.5,231.0,0.2189470621934569,0.18300476918123051
GTEX-W5X1-2526-SM-3GILC.1,SKIN,44.5,7.1,344.0,-1.3192773281251111,-0.06396428532299007
GTEX-W5X1-3026-SM-EAZAX.1,SKIN,44.5,5.5,365.0,-0.5902738838732733,-0.06082206898911616
GTEX-WCDI-0008-SM-47JYE.1,SKIN,54.5,9.9,95.0,1.9446176804361928,-0.031007455989902764
GTEX-WEY5-0008-SM-4LMKC.1,SKIN,44.5,9.9,279.0,1.0380385063385036,0.1955267709257709
GTEX-WEY5-0226-SM-3GIKN.1,HEART,44.5,8.2,199.0,-0.2134074017582828,0.16724604780146363
GTEX-WEY5-0426-SM-3GIKT.1,HEART,44.5,8.7,206.0,-0.3240291932098716,0.09149630230377641
GTEX-WEY5-2026-SM-3GILE.1,MUSCLE,44.5,6.3,290.0,-2.6702967109616056,-0.05154076780151867
GTEX-WEY5-2026-SM-5SI8D.1,MUSCLE,44.5,6.3,290.0,-2.179214992218454,-0.03509031725194915
GTEX-WEY5-2026-SM-CYPRC.1,MUSCLE,44.5,6.3,290.0,-2.164599316273139,-0.046811493552119506
GTEX-WEY5-2326-SM-3GIKK.1,SKIN,44.5,6.8,299.0,-2.1479715996619344,-0.049524273482456894
GTEX-WFG7-0008-SM-4LMKB.1,SKIN,24.5,10.0,249.0,1.0341485226232925,0.3135612763951465
GTEX-WFG7-0726-SM-3GIKO.1,HEART,24.5,8.1,126.0,0.4310439865366308,-0.14431938464404492
GTEX-WFG7-0826-SM-3GIKU.1,HEART,24.5,8.2,129.0,-0.2841405492990941,0.08409294542121946
GTEX-WFG7-2026-SM-3GIL7.1,SKIN,24.5,6.3,215.0,-2.9841654822104693,0.09221797427698421
GTEX-WFG7-2026-SM-5SI7P.1,SKIN,24.5,6.3,215.0,-2.439126950106405,0.05592153857585142
GTEX-WFG7-2226-SM-3GIKP.1,MUSCLE,24.5,8.2,238.0,-0.3180818321395932,0.009746239370508676
GTEX-WFG8-0008-SM-4LVN6.1,SKIN,24.5,9.7,333.0,0.6894374782957788,0.3479092633920681
GTEX-WFG8-0626-SM-3GILJ.1,HEART,24.5,8.3,207.0,0.4374838718227815,-0.11393914694177289
GTEX-WFG8-0726-SM-3GILP.1,HEART,24.5,8.4,211.0,-0.2474164476794258,0.25196931882594126
GTEX-WFG8-2126-SM-3GIKQ.1,SKIN,24.5,7.0,309.0,-2.0077491885951524,-0.04553778985290129
GTEX-WFG8-2226-SM-3GIL9.1,SKIN,24.5,6.2,333.0,-1.977821409666039,-0.059829929020567135
GTEX-WFG8-2426-SM-3GILL.1,MUSCLE,24.5,8.0,320.0,-0.2290273649855704,0.15278576189823087
GTEX-WFJO-0008-SM-4LVN7.1,SKIN,34.5,9.9,286.0,0.6770790064359896,0.18196361978552614
GTEX-WFON-0226-SM-3GIKR.1,HEART,44.5,8.4,135.0,-0.6507572089825608,-0.00746320123966505
GTEX-WFON-0326-SM-3GIKX.1,HEART,44.5,8.2,148.0,-0.3754720291371715,-0.08023480244401791
GTEX-WFON-0326-SM-5S2TP.1,HEART,44.5,8.2,148.0,0.0461849079231936,-0.0634595483700982
GTEX-WFON-1726-SM-4LVMQ.1,LIVER,44.5,8.0,238.0,0.47151092084959,-0.10791012027025056
GTEX-WFON-1926-SM-3LK7L.1,SKIN,44.5,7.7,234.0,0.3742364481625202,-0.22779714342027726
GTEX-WFON-2126-SM-3LK7O.1,SKIN,44.5,7.7,219.0,0.3938013703876467,-0.162998363344592
GTEX-WFON-2126-SM-5S2T9.1,SKIN,44.5,7.7,219.0,0.1698230888386858,-0.12961476805230326
GTEX-WFON-2326-SM-3LK7M.1,MUSCLE,44.5,6.3,220.0,0.5171666668243734,0.0608550631942834
GTEX-WFON-2326-SM-5S2SF.1,MUSCLE,44.5,6.3,220.0,0.4607612900689362,0.057979179299606665
GTEX-WH7G-0008-SM-4LVNM.1,SKIN,44.5,9.7,371.0,1.559201402175895,0.28269988301694615
GTEX-WH7G-0326-SM-3NMBH.1,HEART,44.5,8.3,265.0,0.2384420768138128,0.021132407398405918
GTEX-WH7G-0426-SM-3NMBJ.1,HEART,44.5,8.4,268.0,0.2752069351570128,-0.19998081057563466
GTEX-WH7G-2026-SM-3NMBL.1,SKIN,44.5,7.0,329.0,0.1458112937333672,-0.10120592916998077
GTEX-WH7G-2326-SM-3NMBC.1,SKIN,44.5,6.2,376.0,-1.1417436038328022,-0.08777433277651012
GTEX-WHPG-0008-SM-4M1ZQ.1,SKIN,54.5,10.0,310.0,0.9982859001196308,0.2443664531370495
GTEX-WHPG-0826-SM-3NMBF.1,HEART,54.5,8.9,252.0,0.2557090296673516,-0.0435827258203395
GTEX-WHPG-1026-SM-3NMBA.1,HEART,54.5,7.8,257.0,0.2343384866554247,0.23196009680066548
GTEX-WHPG-2226-SM-3NMBO.1,MUSCLE,54.5,8.1,305.0,-0.5245472519106168,0.015584215589973202
GTEX-WHPG-2626-SM-3NMBR.1,SKIN,54.5,6.3,314.0,-1.6534730569033758,-0.053686903333221535
GTEX-WHSB-0008-SM-4M1ZP.1,SKIN,54.5,9.9,290.0,0.5702491350930341,0.2891464905059752
GTEX-WHSB-1326-SM-3LK6W.1,SKIN,54.5,6.5,285.0,-1.225022754646333,0.01705860949696253
GTEX-WHSB-1826-SM-3TW8M.1,MUSCLE,54.5,8.1,299.0,-1.8524078365992596,-0.029626859869934172
GTEX-WHSE-0008-SM-4M1ZO.1,SKIN,24.5,9.7,470.0,0.6532206795411525,0.19486643511533783
GTEX-WHSE-0011-R10A-SM-EYYVG.1,BRAIN,24.5,5.6,452.0,0.1724899093626907,-0.15722371134017143
GTEX-WHSE-0011-R11A-SM-3P5YY.1,BRAIN,24.5,7.2,452.0,0.8257516817313395,-0.205250925072218
GTEX-WHSE-0011-R11A-SM-3P5YY.2,BRAIN,24.5,7.2,452.0,0.8257516817313395,-0.205250925072218
GTEX-WHSE-0011-R11A-SM-3P5YY.3,BRAIN,24.5,7.2,452.0,0.8257516817313395,-0.205250925072218
GTEX-WHSE-0011-R1A-SM-3P5ZK.1,BRAIN,24.5,6.9,452.0,0.8506131260071407,-0.09808278005263238
GTEX-WHSE-0011-R1A-SM-3P5ZK.2,BRAIN,24.5,6.9,452.0,0.8506131260071407,-0.09808278005263238
GTEX-WHSE-0011-R1A-SM-3P5ZK.3,BRAIN,24.5,6.9,452.0,0.8506131260071407,-0.09808278005263238
GTEX-WHSE-0011-R2A-SM-3P5ZL.1,BRAIN,24.5,7.4,452.0,0.9538734673903582,-0.12462912904778158
GTEX-WHSE-0011-R3A-SM-3P5ZM.1,BRAIN,24.5,6.4,452.0,-0.1982531358905703,-0.11823217682281131
GTEX-WHSE-0011-R3A-SM-3P5ZM.2,BRAIN,24.5,6.4,452.0,-0.1982531358905703,-0.11823217682281131
GTEX-WHSE-0011-R3A-SM-3P5ZM.3,BRAIN,24.5,6.4,452.0,-0.1982531358905703,-0.11823217682281131
GTEX-WHSE-0011-R4A-SM-3P5ZN.1,BRAIN,24.5,7.1,452.0,1.0797167756818573,0.13777763437618548
GTEX-WHSE-0011-R4A-SM-3P5ZN.2,BRAIN,24.5,7.1,452.0,1.0797167756818573,0.13777763437618548
GTEX-WHSE-0011-R4A-SM-3P5ZN.3,BRAIN,24.5,7.1,452.0,1.0797167756818573,0.13777763437618548
GTEX-WHSE-0011-R5A-SM-3P5ZO.1,BRAIN,24.5,8.8,452.0,0.2400817674889137,0.08618771721261896
GTEX-WHSE-0011-R5A-SM-3P5ZO.2,BRAIN,24.5,8.8,452.0,0.2400817674889137,0.08618771721261896
GTEX-WHSE-0011-R5A-SM-3P5ZO.3,BRAIN,24.5,8.8,452.0,0.2400817674889137,0.08618771721261896
GTEX-WHSE-0011-R6A-SM-3P5ZP.1,BRAIN,24.5,7.4,452.0,0.1292730350959114,-0.11944347468593136
GTEX-WHSE-0011-R6A-SM-3P5ZP.2,BRAIN,24.5,7.4,452.0,0.1292730350959114,-0.11944347468593136
GTEX-WHSE-0011-R6A-SM-3P5ZP.3,BRAIN,24.5,7.4,452.0,0.1292730350959114,-0.11944347468593136
GTEX-WHSE-0011-R7A-SM-3P5YZ.1,BRAIN,24.5,7.9,452.0,-0.7124902051875244,-0.12575527113241866
GTEX-WHSE-0011-R7A-SM-3P5YZ.2,BRAIN,24.5,7.9,452.0,-0.7124902051875244,-0.12575527113241866
GTEX-WHSE-0011-R7A-SM-3P5YZ.3,BRAIN,24.5,7.9,452.0,-0.7124902051875244,-0.12575527113241866
GTEX-WHSE-0011-R8A-SM-3P5Z1.1,BRAIN,24.5,6.8,452.0,1.6864256553699724,-0.002627278577999295
GTEX-WHSE-0011-R8A-SM-3P5Z1.2,BRAIN,24.5,6.8,452.0,1.6864256553699724,-0.002627278577999295
GTEX-WHSE-0011-R8A-SM-3P5Z1.3,BRAIN,24.5,6.8,452.0,1.6864256553699724,-0.002627278577999295
GTEX-WHSE-0126-SM-3NMBT.1,SKIN,24.5,8.1,468.0,-0.579703779440346,-0.0647033110812852
GTEX-WHSE-0526-SM-4SOJ6.1,MUSCLE,24.5,8.3,489.0,1.16588709557992,0.4418832564581425
GTEX-WHSE-0526-SM-5GZZD.1,MUSCLE,24.5,8.3,489.0,1.0610088749409872,0.4438191590688934
GTEX-WHSE-0526-SM-5HL79.1,MUSCLE,24.5,8.3,489.0,0.4297871086625046,0.4750688579878747
GTEX-WHSE-0826-SM-4SOJU.1,HEART,24.5,8.1,524.0,-0.5507243123997456,0.33383300314491676
GTEX-WHSE-0926-SM-3NMBS.1,HEART,24.5,7.3,554.0,0.7008192212942347,0.19968643524807228
GTEX-WHSE-2926-SM-3NMBG.1,BRAIN,24.5,6.7,644.0,2.481388550543955,-0.21337448813263732
GTEX-WHSE-3026-SM-3P5ZH.1,BRAIN,24.5,6.7,647.0,1.2003818268736255,-0.06942606994181438
GTEX-WHSE-3026-SM-3P5ZH.2,BRAIN,24.5,6.7,647.0,1.2003818268736255,-0.06942606994181438
GTEX-WHSE-3026-SM-3P5ZH.3,BRAIN,24.5,6.7,647.0,1.2003818268736255,-0.06942606994181438
GTEX-WHWD-0008-SM-4OOSU.1,SKIN,54.5,9.9,327.0,0.8958792506377802,0.2458577879002357
GTEX-WHWD-0326-SM-3LK6L.1,HEART,54.5,8.0,233.0,1.3620557535554942,-0.11357233122569166
GTEX-WHWD-0426-SM-3LK83.1,HEART,54.5,8.4,239.0,1.1839763700710828,-0.205603554673942
GTEX-WHWD-1826-SM-3LK6I.1,SKIN,54.5,7.5,319.0,-0.6317027033032765,-0.23609897083119563
GTEX-WI4N-0008-SM-4OOSV.1,SKIN,44.5,9.9,689.0,0.8062222245901388,0.28758824874438493
GTEX-WI4N-0626-SM-3TW8Z.1,HEART,44.5,6.6,617.0,-0.7417944859196215,0.006953372443039757
GTEX-WI4N-0726-SM-3TW93.1,HEART,44.5,7.7,624.0,1.9581185217898147,0.06606327505533649
GTEX-WI4N-1026-SM-3LK7N.1,SKIN,44.5,7.0,688.0,-0.5641611596300566,0.06680613974336473
GTEX-WI4N-2726-SM-3LK7Y.1,SKIN,44.5,6.5,790.0,-1.2997573798648894,-0.05342290662953733
GTEX-WK11-0008-SM-4OOSX.1,SKIN,54.5,9.5,828.0,0.6147281008668193,0.15540089000499593
GTEX-WK11-0626-SM-3NMAV.1,HEART,54.5,7.7,915.0,1.5132288152201223,0.03962116981523702
GTEX-WK11-0826-SM-EZ6LH.1,HEART,54.5,5.7,924.0,-3.393893172581244,0.054745203644706336
GTEX-WK11-1326-SM-4OOSI.1,LIVER,54.5,6.4,943.0,-3.934345254643075,0.05766295712946365
GTEX-WK11-2526-SM-3NM9Y.1,MUSCLE,54.5,6.8,982.0,0.9333620800580688,0.0535394566499197
GTEX-WK11-2726-SM-3NMAQ.1,SKIN,54.5,7.6,1010.0,0.8942293931422518,-0.14711873001261946
GTEX-WL46-0008-SM-4OOSW.1,SKIN,54.5,10.0,943.0,0.4693091461038169,0.22728491330008835
GTEX-WL46-0011-R10A-SM-3MJFQ.1,BRAIN,54.5,7.6,865.0,1.430689053608151,-0.24881948397593331
GTEX-WL46-0011-R11A-SM-3MJFT.1,BRAIN,54.5,7.2,865.0,3.0568940928855497,-0.19597617947174914
GTEX-WL46-0011-R1A-SM-3LK6M.1,BRAIN,54.5,6.6,865.0,1.0869015047862254,-0.08816442822348686
GTEX-WL46-0011-R2A-SM-3LK6O.1,BRAIN,54.5,7.6,865.0,0.5246108310396673,-0.021629777113780016
GTEX-WL46-0011-R3A-SM-3TW8E.1,BRAIN,54.5,7.3,865.0,1.3430405788236668,-0.20271856343727324
GTEX-WL46-0011-R5A-SM-3LK6V.1,BRAIN,54.5,7.6,865.0,0.0428223209314821,-0.04166706032207974
GTEX-WL46-0011-R6A-SM-3LK6X.1,BRAIN,54.5,6.5,865.0,0.9796315779231172,-0.015042671341840341
GTEX-WL46-0011-R7A-SM-3LK7X.1,BRAIN,54.5,7.5,865.0,-0.7675223340913593,-0.09543978239178369
GTEX-WL46-0011-R9A-SM-3MJFP.1,BRAIN,54.5,7.4,865.0,1.3659355771818726,-0.10969780887777197
GTEX-WL46-0626-SM-3LK7R.1,MUSCLE,54.5,8.0,961.0,1.2468595199910084,-0.004073594410427487
GTEX-WL46-0726-SM-3LK5Z.1,HEART,54.5,7.4,970.0,0.7859628332805422,-0.07282143049083806
GTEX-WL46-0926-SM-3LK7T.1,HEART,54.5,6.8,977.0,-0.1310931111425168,-0.07314142937503232
GTEX-WL46-2826-SM-3LK81.1,BRAIN,54.5,7.7,1050.0,2.5744192772932952,-0.24412215782040883
GTEX-WL46-2926-SM-3LK82.1,BRAIN,54.5,7.0,1053.0,0.9703372932752772,-0.14285978775183292
GTEX-WOFL-0008-SM-4OOSZ.1,SKIN,64.5,10.0,577.0,1.314402123117107,0.24318446308517927
GTEX-WOFL-0126-SM-3MJG2.1,SKIN,64.5,7.4,576.0,0.0017150032390942,-0.13964619476060497
GTEX-WOFL-0626-SM-3MJG3.1,MUSCLE,64.5,6.5,614.0,-1.672708232406824,-0.1802979890092613
GTEX-WOFL-1226-SM-4OOST.1,HEART,64.5,5.7,636.0,-0.7326567771124884,0.031111891463443536
GTEX-WOFM-0008-SM-4OOSY.1,SKIN,24.5,10.0,218.0,0.72628135769345,0.25305121889613635
GTEX-WOFM-1326-SM-3MJFR.1,MUSCLE,24.5,7.0,224.0,-0.270578880297725,0.03436450537275155
GTEX-WQUQ-0008-SM-4OOT1.1,SKIN,64.5,10.0,405.0,0.1967455427659817,0.07650402657085376
GTEX-WQUQ-0426-SM-3MJFU.1,SKIN,64.5,7.1,404.0,0.1214557229326813,-0.13433982052165025
GTEX-WQUQ-1326-SM-3MJFF.1,HEART,64.5,7.0,484.0,0.2369027148864618,-0.016200576581280067
GTEX-WQUQ-1426-SM-3MJFD.1,HEART,64.5,6.9,486.0,-0.4254331154289402,-0.062093613991015054
GTEX-WQUQ-1926-SM-4OOSA.1,LIVER,64.5,6.7,494.0,0.1727504954081785,0.024100635960873123
GTEX-WRHK-0008-SM-4MVPA.1,SKIN,24.5,9.7,299.0,1.545126591534797,0.12371942200035413
GTEX-WRHK-1426-SM-3MJF9.1,SKIN,24.5,7.0,299.0,-0.5626245582876148,-0.12182977372258871
GTEX-WRHK-1626-SM-3MJFH.1,MUSCLE,24.5,7.3,303.0,-0.2071190409314755,0.030719923139532982
GTEX-WRHU-0008-SM-4MVPB.1,SKIN,54.5,9.8,556.0,1.6605140480132086,0.22732313795790673
GTEX-WRHU-0826-SM-3MJFN.1,MUSCLE,54.5,8.0,505.0,0.0596588433663037,-0.03058516704699378
GTEX-WRHU-1026-SM-4E3ID.1,HEART,54.5,7.4,518.0,-0.4524493207398369,0.03559331166107134
GTEX-WRHU-1226-SM-4E3IJ.1,HEART,54.5,6.7,521.0,-2.995277671395576,0.06520086492802778
GTEX-WRHU-2826-SM-3MJG8.1,SKIN,54.5,6.8,571.0,0.7064080770359037,-0.22302457341358764
GTEX-WVJS-0008-SM-4MVPC.1,SKIN,54.5,9.9,726.0,1.5959467896528738,0.23993696949091087
GTEX-WVJS-0126-SM-4MVOT.1,SKIN,54.5,6.2,726.0,-0.2743086727221078,-0.11231204660880538
GTEX-WVLH-0008-SM-4MVPD.1,SKIN,54.5,10.0,765.0,0.8915576806195435,0.0776279166254062
GTEX-WVLH-0011-R10A-SM-3MJFM.1,BRAIN,54.5,8.1,694.0,2.7559319763239625,-0.07647351410540351
GTEX-WVLH-0011-R11A-SM-3MJFO.1,BRAIN,54.5,8.6,694.0,3.926470971612726,-0.20077059009342446
GTEX-WVLH-0011-R1A-SM-4MVOK.1,BRAIN,54.5,5.9,694.0,-1.056667659404274,-0.027169030519036436
GTEX-WVLH-0011-R2A-SM-3MJFJ.1,BRAIN,54.5,6.8,694.0,1.34660593598235,-0.03463827360450773
GTEX-WVLH-0011-R4A-SM-3MJFS.1,BRAIN,54.5,7.3,694.0,0.8989886730322845,-0.014252871975055629
GTEX-WVLH-0011-R5A-SM-3MJFW.1,BRAIN,54.5,8.1,694.0,0.3744767614382858,0.06034551449385065
GTEX-WVLH-0011-R6A-SM-3MJFZ.1,BRAIN,54.5,7.7,694.0,0.6860677646513861,0.05331637735405924
GTEX-WVLH-0011-R7A-SM-3MJFB.1,BRAIN,54.5,7.0,694.0,-1.814910540621568,0.06943898640304903
GTEX-WVLH-0011-R8A-SM-3MJFC.1,BRAIN,54.5,6.0,694.0,-1.4108540198214214,-0.04434134082015286
GTEX-WVLH-2126-SM-EYYWD.1,LIVER,54.5,5.6,965.0,-1.2722505059918263,0.07454354860627309
GTEX-WVLH-2926-SM-3MJG5.1,BRAIN,54.5,6.3,1015.0,1.810907513088709,-0.20818015169080642
GTEX-WVLH-3026-SM-3MJG9.1,BRAIN,54.5,6.8,1017.0,0.7904477399601773,-0.0521944428311393
GTEX-WWTW-0008-SM-4MVPE.1,SKIN,54.5,9.7,621.0,2.0454358321704422,0.05563203649953067
GTEX-WWTW-0626-SM-4MVNS.1,MUSCLE,54.5,6.3,704.0,1.0948531040300422,-0.08266362928580029
GTEX-WWYW-0008-SM-4MVPF.1,SKIN,54.5,10.0,747.0,1.2265437430457702,0.2946964042775643
GTEX-WWYW-0011-R10A-SM-3NB35.1,BRAIN,54.5,8.1,725.0,3.182514399515032,0.02538179604261126
GTEX-WWYW-0011-R11A-SM-3NB38.1,BRAIN,54.5,7.1,725.0,3.4508703292779206,-0.09439131765765542
GTEX-WWYW-0011-R1A-SM-3TW8G.1,BRAIN,54.5,7.8,725.0,1.2771032133403597,-0.03539335743451663
GTEX-WWYW-0011-R5A-SM-3NB3E.1,BRAIN,54.5,8.5,725.0,1.316004324073073,0.17341265035237158
GTEX-WWYW-0011-R6A-SM-3NB3G.1,BRAIN,54.5,8.3,725.0,1.4071455854135402,0.12730792147810868
GTEX-WWYW-0011-R7A-SM-3NB3H.1,BRAIN,54.5,7.3,725.0,1.1474678492782426,0.13898075210647826
GTEX-WWYW-0011-R8A-SM-3NB3S.1,BRAIN,54.5,6.1,725.0,0.0741939451310285,0.11740837327453994
GTEX-WWYW-0526-SM-3NB2W.1,MUSCLE,54.5,8.7,753.0,2.686646150957352,0.33175864404670624
GTEX-WWYW-1126-SM-3NB2Q.1,HEART,54.5,6.8,817.0,2.03359180270354,0.08854751319171299
GTEX-WWYW-1326-SM-3NB2S.1,HEART,54.5,6.6,823.0,-1.3906001182032206,0.21332017419287833
GTEX-WWYW-3026-SM-3NB36.1,BRAIN,54.5,6.3,872.0,2.743950058867058,-0.14533657167790873
GTEX-WWYW-3126-SM-3NB39.1,BRAIN,54.5,6.8,874.0,1.067479854201951,-0.036558631307944386
GTEX-WXYG-0008-SM-4ONDU.1,SKIN,54.5,9.6,212.0,1.240265681400859,0.2677590149455212
GTEX-WXYG-2026-SM-4E3IY.1,SKIN,54.5,7.9,203.0,-0.8514276354193479,-0.0013731838735647809
GTEX-WXYG-2326-SM-4E3I6.1,SKIN,54.5,7.8,213.0,-0.6709845753993513,-0.07117030050606825
GTEX-WXYG-2526-SM-3NB3F.1,MUSCLE,54.5,8.6,223.0,2.488592545214558,0.054520581027618635
GTEX-WY7C-0008-SM-4ONDW.1,SKIN,54.5,10.0,234.0,1.415843683098342,0.2969106059187234
GTEX-WY7C-0526-SM-3NB3D.1,HEART,54.5,8.4,176.0,0.5318299550382716,-0.11817912062237138
GTEX-WY7C-0726-SM-4ONCB.1,LIVER,54.5,9.5,180.0,1.1078847907627185,-0.08114040459759723
GTEX-WY7C-1126-SM-3NB3A.1,HEART,54.5,9.1,190.0,0.7674939392918043,-0.007685872294500757
GTEX-WY7C-2126-SM-3NB2R.1,SKIN,54.5,7.7,221.0,-1.100599664982994,-0.07993248159572428
GTEX-WY7C-2326-SM-3NB2U.1,SKIN,54.5,7.1,235.0,-0.5701347729188397,-0.08280160096905213
GTEX-WY7C-2526-SM-3NB2N.1,MUSCLE,54.5,8.6,237.0,1.0772458367621605,0.0020861251959750815
GTEX-WYBS-0008-SM-4ONDX.1,SKIN,64.5,10.0,854.0,1.8611626687330447,0.2660788395071676
GTEX-WYBS-0626-SM-3NMAS.1,SKIN,64.5,8.1,867.0,0.4803457526678875,-0.004381150503682764
GTEX-WYBS-1226-SM-3NM9N.1,HEART,64.5,6.1,896.0,-1.033116027471661,0.02030254047947372
GTEX-WYJK-0008-SM-4ONDV.1,SKIN,54.5,9.9,705.0,1.6214911086353765,0.1841372223627873
GTEX-WYJK-0126-SM-3NMAB.1,SKIN,54.5,6.9,704.0,-0.400190941036429,-0.1261663968909291
GTEX-WYJK-0526-SM-3NM8Z.1,SKIN,54.5,8.6,748.0,-0.264435811541533,-0.24294210779695985
GTEX-WYJK-1026-SM-3NM8W.1,HEART,54.5,7.7,774.0,0.7772476884309889,-0.07809520733916801
GTEX-WYJK-1126-SM-3NM9Z.1,HEART,54.5,7.5,777.0,-0.3600140184154418,0.02692150931893912
GTEX-WYJK-1726-SM-3NM9U.1,MUSCLE,54.5,7.8,792.0,0.3260088744250684,-0.03804263261026616
GTEX-WYVS-0008-SM-4ONDY.1,SKIN,44.5,9.9,311.0,0.0606367005158064,0.16422100125950762
GTEX-WYVS-1626-SM-3NM9R.1,SKIN,44.5,8.0,282.0,-0.0098141791481698,-0.0037349222919920606
GTEX-WYVS-1926-SM-4PQZ2.1,LIVER,44.5,8.2,297.0,0.4077564803526504,-0.1492555602463664
GTEX-WYVS-1926-SM-4SOIC.1,LIVER,44.5,8.2,297.0,0.3567932388212617,-0.19893428865350643
GTEX-WYVS-2126-SM-3NMA3.1,SKIN,44.5,7.7,311.0,0.3714687862648895,-0.1389969739730113
GTEX-WYVS-2326-SM-3NMAI.1,MUSCLE,44.5,8.6,315.0,-1.90793664831884,0.08782460679351375
GTEX-WZTO-0008-SM-4PQZZ.1,SKIN,44.5,10.0,479.0,0.7245437475628916,0.22498471197915235
GTEX-WZTO-0011-R10B-SM-4E3KB.1,BRAIN,44.5,8.1,430.0,0.8167097875922265,-0.06054672884376386
GTEX-WZTO-0011-R11A-SM-4E3K9.1,BRAIN,44.5,8.6,430.0,2.644864368725281,-0.16565253755210432
GTEX-WZTO-0011-R1B-SM-3NMAR.1,BRAIN,44.5,7.2,430.0,1.1205370923877156,-0.02234685101385631
GTEX-WZTO-0011-R3B-SM-3NMC6.1,BRAIN,44.5,7.7,430.0,1.804857133534051,-0.012428703825337119
GTEX-WZTO-0011-R4A-SM-3NMC7.1,BRAIN,44.5,7.0,430.0,0.9576614346794372,-0.043024384855773
GTEX-WZTO-0011-R5B-SM-3NMC5.1,BRAIN,44.5,8.0,430.0,-0.0273609383201737,0.007884226685443255
GTEX-WZTO-0011-R6B-SM-4E3J6.1,BRAIN,44.5,7.5,430.0,0.3652615745609423,0.08218090550275847
GTEX-WZTO-0011-R7B-SM-4E3IS.1,BRAIN,44.5,7.9,430.0,-0.6405706131800342,0.08073836569333516
GTEX-WZTO-0011-R8A-SM-4E3II.1,BRAIN,44.5,7.4,430.0,1.0051703393122735,0.10675266993404817
GTEX-WZTO-0126-SM-3NM95.1,SKIN,44.5,7.7,478.0,-1.3826725372817976,-0.15785818441292565
GTEX-WZTO-0626-SM-4PQYY.1,LIVER,44.5,7.4,499.0,-1.9498820622340216,0.03222217603371522
GTEX-WZTO-0826-SM-3NM8Q.1,MUSCLE,44.5,8.3,508.0,-0.0855027005622081,-0.09060830866562958
GTEX-WZTO-1226-SM-3NMAZ.1,HEART,44.5,7.5,515.0,0.1353787622361102,0.11009810397836707
GTEX-WZTO-1326-SM-3NM8X.1,HEART,44.5,7.5,518.0,1.0150820508419658,-0.04298164076798167
GTEX-WZTO-2826-SM-3NM8P.1,BRAIN,44.5,7.9,583.0,1.8367508801981391,-0.14497432425233653
GTEX-WZTO-2926-SM-3NM9I.1,BRAIN,44.5,7.9,586.0,1.013069517844596,-0.09907841471184613
GTEX-X15G-0008-SM-4PR2D.1,SKIN,54.5,9.8,355.0,1.631023553517252,0.18297900567115558
GTEX-X15G-0426-SM-4PQZ6.1,HEART,54.5,5.9,217.0,0.8895422699177167,-0.06575449542451775
GTEX-X261-0008-SM-4PR11.1,SKIN,54.5,10.0,743.0,0.9759803601480586,0.19953849462469925
GTEX-X261-0011-R10B-SM-4E3JT.1,BRAIN,54.5,7.1,727.0,-0.8379546780691072,-0.03168270113393688
GTEX-X261-0011-R11A-SM-4E3JY.1,BRAIN,54.5,8.0,727.0,1.6817951229928876,-0.19620841953659085
GTEX-X261-0011-R5A-SM-3NMB4.1,BRAIN,54.5,6.6,727.0,-1.389345402635859,0.06386774190933275
GTEX-X261-0011-R6B-SM-4E3J8.1,BRAIN,54.5,5.9,727.0,-2.286244493387964,0.12501500515833494
GTEX-X261-0011-R7A-SM-4E3JJ.1,BRAIN,54.5,6.3,727.0,-2.5163579795224216,0.04470362554375782
GTEX-X261-0011-R8A-SM-4E3I5.1,BRAIN,54.5,7.4,727.0,1.830042232059141,0.1183318885047416
GTEX-X261-0126-SM-3NMD6.1,SKIN,54.5,8.0,741.0,-0.1145503489699718,-0.17662184306067796
GTEX-X261-0326-SM-3NMD4.1,MUSCLE,54.5,8.4,754.0,0.3762210852882235,-0.06925242136344006
GTEX-X261-0926-SM-3NMCY.1,HEART,54.5,6.7,836.0,0.0537740379487553,-0.07123517143597394
GTEX-X261-1426-SM-4PQZ1.1,HEART,54.5,5.9,850.0,-4.021317215236747,1.8850386550187903e-05
GTEX-X261-1726-SM-4PQYT.1,LIVER,54.5,5.8,858.0,-1.3038098948114722,-0.06396304491105435
GTEX-X261-3126-SM-4PQZC.1,BRAIN,54.5,5.8,990.0,1.2987172523540909,-0.22743746105468804
GTEX-X3Y1-0008-SM-4PR12.1,SKIN,44.5,10.0,175.0,1.4712978206633036,0.27769908767389445
GTEX-X3Y1-0226-SM-3P5Z5.1,HEART,44.5,7.1,182.0,1.0147739410756345,0.007314657251247916
GTEX-X3Y1-0226-SM-3P5Z5.2,HEART,44.5,7.1,182.0,1.014666285826101,0.007315880862040284
GTEX-X3Y1-0226-SM-3P5Z5.3,HEART,44.5,7.1,182.0,1.014666285826101,0.007315880862040284
GTEX-X3Y1-0426-SM-3P5Z4.1,HEART,44.5,8.1,189.0,0.4944942736634495,-0.1295122584901076
GTEX-X3Y1-0426-SM-3P5Z4.2,HEART,44.5,8.1,189.0,0.4944942736634495,-0.1295122584901076
GTEX-X3Y1-0426-SM-3P5Z4.3,HEART,44.5,8.1,189.0,0.4944942736634495,-0.1295122584901076
GTEX-X3Y1-2026-SM-3P5YM.1,SKIN,44.5,7.6,176.0,-0.9629206610866576,-0.012691465828428727
GTEX-X3Y1-2026-SM-3P5YM.2,SKIN,44.5,7.6,176.0,-0.9629206610866576,-0.012691465828428727
GTEX-X3Y1-2026-SM-3P5YM.3,SKIN,44.5,7.6,176.0,-0.9629206610866576,-0.012691465828428727
GTEX-X3Y1-2726-SM-4PQZH.1,LIVER,44.5,8.1,214.0,0.5261526909531629,-0.03301153781842808
GTEX-X4EO-0008-SM-4QASS.1,SKIN,64.5,10.0,780.0,0.6673791402037289,0.2419993910008396
GTEX-X4EO-0326-SM-3P5YO.1,SKIN,64.5,7.8,779.0,-0.0280535880510591,-0.06787107938533783
GTEX-X4EO-0326-SM-3P5YO.2,SKIN,64.5,7.8,779.0,-0.0280535880510591,-0.06787107938533783
GTEX-X4EO-0326-SM-3P5YO.3,SKIN,64.5,7.8,779.0,-0.0280535880510591,-0.06787107938533783
GTEX-X4EO-0526-SM-3P5Z3.1,MUSCLE,64.5,7.7,784.0,0.2481431498390013,0.023068638793235657
GTEX-X4EO-0526-SM-3P5Z3.2,MUSCLE,64.5,7.7,784.0,0.2481431498390013,0.023068638793235657
GTEX-X4EO-0526-SM-3P5Z3.3,MUSCLE,64.5,7.7,784.0,0.2481431498390013,0.023068638793235657
GTEX-X4EO-1126-SM-4QARQ.1,LIVER,64.5,7.1,804.0,-1.1940336872188373,-0.01787328499753721
GTEX-X4EO-2926-SM-4E3JH.1,SKIN,64.5,7.5,851.0,0.0657658445793311,-0.13333383685528166
GTEX-X4EP-0008-SM-4PQYO.1,SKIN,64.5,10.0,1104.0,0.7948254040712652,0.2585189376114958
GTEX-X4EP-0011-R10B-SM-4QASJ.1,BRAIN,64.5,7.2,1055.0,3.6432013733287913,0.1314053789959628
GTEX-X4EP-0011-R11B-SM-4QASK.1,BRAIN,64.5,7.8,1055.0,4.554456384548768,-0.2077032740607402
GTEX-X4EP-0011-R1A-SM-3P624.1,BRAIN,64.5,7.2,1055.0,3.289464328671802,0.4283924131794323
GTEX-X4EP-0011-R1A-SM-3P624.2,BRAIN,64.5,7.2,1055.0,3.289464328671802,0.4283924131794323
GTEX-X4EP-0011-R1A-SM-3P624.3,BRAIN,64.5,7.2,1055.0,3.289464328671802,0.4283924131794323
GTEX-X4EP-0011-R2B-SM-3P625.1,BRAIN,64.5,7.4,1055.0,5.090911602406523,0.41593307471365376
GTEX-X4EP-0011-R2B-SM-3P625.2,BRAIN,64.5,7.4,1055.0,5.090911602406523,0.41593307471365376
GTEX-X4EP-0011-R2B-SM-3P625.3,BRAIN,64.5,7.4,1055.0,5.090911602406523,0.41593307471365376
GTEX-X4EP-0011-R3A-SM-3P626.1,BRAIN,64.5,7.1,1055.0,4.263236909245493,0.30394000191048015
GTEX-X4EP-0011-R4B-SM-3P627.1,BRAIN,64.5,7.1,1055.0,5.932057071511576,0.2819835627152376
GTEX-X4EP-0011-R5A-SM-3P628.1,BRAIN,64.5,8.3,1055.0,7.49592454249869,0.31998598548019147
GTEX-X4EP-0011-R5A-SM-3P628.2,BRAIN,64.5,8.3,1055.0,7.495927086355497,0.31998810242460574
GTEX-X4EP-0011-R5A-SM-3P628.3,BRAIN,64.5,8.3,1055.0,7.495927086355497,0.31998810242460574
GTEX-X4EP-0011-R6A-SM-3P629.1,BRAIN,64.5,7.7,1055.0,5.965267082760138,0.39034969692092086
GTEX-X4EP-0011-R6A-SM-3P629.2,BRAIN,64.5,7.7,1055.0,5.965267082760138,0.39034969692092086
GTEX-X4EP-0011-R6A-SM-3P629.3,BRAIN,64.5,7.7,1055.0,5.965267082760138,0.39034969692092086
GTEX-X4EP-0011-R7B-SM-4PQZW.1,BRAIN,64.5,8.0,1055.0,5.899115966935449,0.1211363092534064
GTEX-X4EP-0011-R8B-SM-4QASL.1,BRAIN,64.5,7.7,1055.0,5.834211706814844,0.44107266504838094
GTEX-X4EP-0011-R9B-SM-4QASI.1,BRAIN,64.5,7.5,1055.0,3.6050051029446575,0.2856677897132378
GTEX-X4EP-0126-SM-3P5YV.1,SKIN,64.5,6.0,1104.0,-0.0238806016741862,-0.1650926343398101
GTEX-X4EP-0126-SM-3P5YV.2,SKIN,64.5,6.0,1104.0,-0.0238805494955301,-0.16509264330189138
GTEX-X4EP-0126-SM-3P5YV.3,SKIN,64.5,6.0,1104.0,-0.0238806016741862,-0.1650926343398101
GTEX-X4EP-0326-SM-3P5Z6.1,HEART,64.5,7.9,1119.0,0.9830723442807812,-0.0792876547978244
GTEX-X4EP-0626-SM-3P621.1,SKIN,64.5,7.0,1129.0,-0.097645192757961,-0.1927714117245546
GTEX-X4EP-1026-SM-4QAS5.1,LIVER,64.5,6.7,1137.0,-0.0135876811154789,0.0023504757482366687
GTEX-X4EP-3026-SM-3P5YP.1,BRAIN,64.5,7.1,1189.0,3.671648921827293,-0.1458425544764389
GTEX-X4EP-3026-SM-3P5YP.2,BRAIN,64.5,7.1,1189.0,3.671648921827293,-0.1458425544764389
GTEX-X4EP-3026-SM-3P5YP.3,BRAIN,64.5,7.1,1189.0,3.671648921827293,-0.1458425544764389
GTEX-X4LF-0008-SM-4QAST.1,SKIN,54.5,10.0,180.0,0.9074411927674964,0.331887516049248
GTEX-X4XX-0008-SM-46MVK.1,SKIN,64.5,10.0,288.0,1.1101924279722433,0.245904609008204
GTEX-X4XX-0011-R10B-SM-46MWO.1,BRAIN,64.5,7.9,223.0,1.6658072242823012,-0.1187936886631537
GTEX-X4XX-0011-R11A-SM-46MWQ.1,BRAIN,64.5,8.0,223.0,2.5300060682846923,-0.2398396709660818
GTEX-X4XX-0011-R1B-SM-3P622.1,BRAIN,64.5,7.8,223.0,-0.6963954868830715,-0.03666464565464134
GTEX-X4XX-0011-R1B-SM-3P622.2,BRAIN,64.5,7.8,223.0,-0.6963954868830715,-0.03666464565464134
GTEX-X4XX-0011-R1B-SM-3P622.3,BRAIN,64.5,7.8,223.0,-0.6963954868830715,-0.03666464565464134
GTEX-X4XX-0011-R2A-SM-3P623.1,BRAIN,64.5,7.6,223.0,3.039852779341895,-0.09307962156695722
GTEX-X4XX-0011-R2A-SM-3P623.2,BRAIN,64.5,7.6,223.0,3.039852779341895,-0.09307962156695722
GTEX-X4XX-0011-R2A-SM-3P623.3,BRAIN,64.5,7.6,223.0,3.039852779341895,-0.09307962156695722
GTEX-X4XX-0011-R3B-SM-46MWK.1,BRAIN,64.5,7.4,223.0,0.5454951615437962,-0.06726679273894647
GTEX-X4XX-0011-R4B-SM-46MWL.1,BRAIN,64.5,5.9,223.0,-1.323066378810786,-0.08620232444970008
GTEX-X4XX-0011-R5A-SM-46MWN.1,BRAIN,64.5,7.1,223.0,0.1524054287640191,0.026959359818029972
GTEX-X4XX-0011-R6B-SM-46MWP.1,BRAIN,64.5,7.6,223.0,0.1533748048348991,-0.028177286594888717
GTEX-X4XX-0011-R7A-SM-46MWR.1,BRAIN,64.5,6.2,223.0,-1.082879949397059,0.1046034091801942
GTEX-X4XX-0011-R8B-SM-46MWM.1,BRAIN,64.5,6.9,223.0,0.4048541213708381,-0.009057158333388993
GTEX-X4XX-0126-SM-3NMC2.1,SKIN,64.5,6.5,287.0,-0.8208995442846694,-0.1737796864322077
GTEX-X4XX-0626-SM-3NMC1.1,MUSCLE,64.5,8.3,302.0,1.321489267069209,-0.17050775934179294
GTEX-X4XX-1126-SM-3NMBY.1,HEART,64.5,6.8,323.0,0.9308899586887984,-0.04094938565961406
GTEX-X4XX-2926-SM-3NMB1.1,BRAIN,64.5,7.2,380.0,2.0729126564391422,-0.21713125499994346
GTEX-X4XX-3026-SM-3NMB2.1,BRAIN,64.5,7.0,383.0,1.059433551315927,-0.08572325083531837
GTEX-X4XY-0008-SM-46MVL.1,SKIN,64.5,10.0,610.0,1.3572570669087414,0.27046979403570387
GTEX-X4XY-0011-R10B-SM-46MWS.1,BRAIN,64.5,6.5,424.0,-2.481022137180513,-0.040068576680097834
GTEX-X4XY-0011-R3B-SM-EXOHI.1,BRAIN,64.5,5.5,424.0,-1.3882716526002037,-0.06839777624581786
GTEX-X4XY-0011-R6B-SM-46MVB.1,BRAIN,64.5,6.2,424.0,-3.842215932250199,0.11424791558850682
GTEX-X4XY-0011-R8A-SM-46MVC.1,BRAIN,64.5,6.1,424.0,-2.8408282122708446,0.11837274575489574
GTEX-X4XY-0226-SM-4E3IZ.1,SKIN,64.5,8.5,609.0,-0.5122820275317838,0.009969479135294198
GTEX-X4XY-0626-SM-4E3IN.1,MUSCLE,64.5,8.6,618.0,-0.3073051490111246,-0.0050579845252258174
GTEX-X4XY-1626-SM-46MVN.1,LIVER,64.5,6.7,653.0,-0.225120608200494,-0.13134290955030198
GTEX-X4XY-3026-SM-EWRM9.1,BRAIN,64.5,5.5,691.0,-0.5233571112123955,-0.1045380225128709
GTEX-X585-0008-SM-46MU4.1,SKIN,54.5,9.4,780.0,1.645071732850918,0.2032441016197498
GTEX-X585-0011-R10A-SM-46MUY.1,BRAIN,54.5,7.1,720.0,4.822091374010154,-0.07213966487987636
GTEX-X585-0011-R11B-SM-46MUZ.1,BRAIN,54.5,7.9,720.0,5.891416483735212,-0.2088787701976685
GTEX-X585-0011-R1B-SM-46MVE.1,BRAIN,54.5,8.0,720.0,2.087879447540656,-0.06342240369878238
GTEX-X585-0011-R2B-SM-46MVF.1,BRAIN,54.5,7.6,720.0,2.542953614600996,-0.09123939862939469
GTEX-X585-0011-R3B-SM-46MVG.1,BRAIN,54.5,8.1,720.0,2.3898929149200434,-0.06529309701250649
GTEX-X585-0011-R4B-SM-46MVH.1,BRAIN,54.5,7.7,720.0,2.038892961382529,0.008261693054013827
GTEX-X585-0011-R5A-SM-46MVI.1,BRAIN,54.5,7.7,720.0,1.8183729086282088,-0.13720212801710635
GTEX-X585-0011-R6A-SM-46MVJ.1,BRAIN,54.5,7.4,720.0,1.78946789509698,-0.15434503895237364
GTEX-X585-0011-R8A-SM-46MUX.1,BRAIN,54.5,6.9,720.0,3.932470926180503,-0.0016713932930342605
GTEX-X585-0226-SM-4QAS2.1,SKIN,54.5,5.7,780.0,-0.1685288436061806,-0.1455775271583951
GTEX-X585-2426-SM-46MW2.1,SKIN,54.5,6.8,847.0,0.1060786476690378,-0.14117165933472564
GTEX-X585-3026-SM-46MWF.1,BRAIN,54.5,6.5,864.0,4.701565244739553,-0.026378152338399463
GTEX-X5EB-0008-SM-46MU3.1,SKIN,44.5,9.9,276.0,0.8617802490454227,0.2991817273188145
GTEX-X5EB-0626-SM-46MVQ.1,HEART,44.5,8.6,206.0,0.2686959357119953,0.0121487312148139
GTEX-X5EB-0826-SM-46MVS.1,HEART,44.5,6.8,217.0,0.7849812339157838,0.07260007101371384
GTEX-X5EB-1926-SM-4E3IW.1,SKIN,44.5,8.4,257.0,-1.0216609966316446,0.08206191155620615
GTEX-X5EB-2226-SM-46MW4.1,SKIN,44.5,7.4,274.0,0.2272919148549617,-0.016188135287209613
GTEX-X5EB-2326-SM-46MW5.1,MUSCLE,44.5,8.2,279.0,-1.845564935947324,-0.035813481697627575
GTEX-X62O-0008-SM-46MU5.1,SKIN,54.5,7.8,852.0,0.3635695065527072,0.14126767234742418
GTEX-X62O-0126-SM-4E3JN.1,SKIN,54.5,6.4,851.0,-0.8236067340601168,-0.1635878092814611
GTEX-X62O-0826-SM-46MW8.1,HEART,54.5,8.5,893.0,3.641501769820409,-0.09515568891352694
GTEX-X638-0008-SM-47JZ7.1,SKIN,74.5,10.0,39.0,0.4999486483521977,0.3163536114290134
GTEX-X638-0126-SM-47JZ8.1,SKIN,74.5,7.4,42.0,-0.7959120885505242,0.08106858430088512
GTEX-X638-0326-SM-47JY1.1,MUSCLE,74.5,8.2,53.0,0.6351328993808749,0.0011850029036508314
GTEX-X88G-0008-SM-47JWN.1,SKIN,34.5,9.3,126.0,1.5255385227589917,0.3156922786821036
GTEX-X88G-0126-SM-47JZ3.1,SKIN,34.5,6.6,130.0,-0.475086007779988,-0.02581023072246246
GTEX-X88G-0326-SM-47JZ4.1,MUSCLE,34.5,7.4,138.0,1.2317782907030477,-0.2496685008327905
GTEX-X8HC-0008-SM-46MU6.1,SKIN,54.5,7.9,749.0,0.286874412580347,0.09921870236106563
GTEX-X8HC-0126-SM-4E3JW.1,SKIN,54.5,6.6,749.0,-0.8785411595920639,0.07454981941325119
GTEX-X8HC-0526-SM-4E3JA.1,MUSCLE,54.5,8.6,764.0,-0.3003385674097196,0.2772605337601621
GTEX-X8HC-0626-SM-4E3HQ.1,SKIN,54.5,7.7,769.0,-1.2204355397954427,0.018319145821866403
GTEX-X8HC-1026-SM-46MWH.1,HEART,54.5,7.6,785.0,0.9075659204616264,-0.040136631244827775
GTEX-X8HC-1626-SM-46MWE.1,HEART,54.5,7.0,801.0,-0.6861272549541994,-0.14280813727698677
GTEX-XAJ8-0008-SM-46MU7.1,SKIN,44.5,9.5,173.0,6.691239239636427,0.442668430221072
GTEX-XAJ8-0826-SM-47JY6.1,SKIN,44.5,8.0,168.0,-0.0768073410746514,-0.10820078623670112
GTEX-XAJ8-1026-SM-47JY9.1,MUSCLE,44.5,5.8,182.0,-0.6677947538356191,-0.151861538890336
GTEX-XAJ8-1426-SM-47JYM.1,SKIN,44.5,7.1,213.0,-1.2416697786376074,-0.09512284656397844
GTEX-XBEC-0008-SM-4AT3X.1,SKIN,54.5,10.0,424.0,1.4973296065831687,0.1452620426231752
GTEX-XBEC-0626-SM-4QARY.1,MUSCLE,54.5,7.2,477.0,-1.2471936171822957,0.05523069560328502
GTEX-XBEC-0726-SM-4QARZ.1,SKIN,54.5,5.8,497.0,-1.0056866534789952,-0.07118952139697905
GTEX-XBEC-1226-SM-4AT65.1,HEART,54.5,7.7,531.0,2.764591364861385,0.0023032188914618766
GTEX-XBEC-1326-SM-4AT69.1,HEART,54.5,6.3,532.0,-2.9169672618071525,-0.01744132867342596
GTEX-XBEC-1526-SM-4AT68.1,LIVER,54.5,6.3,536.0,-1.7011129764561057,-0.06053558276369801
GTEX-XBED-0008-SM-47JWO.1,SKIN,64.5,9.4,173.0,0.4319704674159929,0.25597502294275637
GTEX-XBED-0526-SM-47JY3.1,HEART,64.5,7.8,104.0,0.2857267437103329,-0.11446609500770848
GTEX-XBED-1926-SM-47JYP.1,SKIN,64.5,8.0,164.0,-0.6186139431238011,0.077771254058183
GTEX-XBED-2226-SM-47JYQ.1,SKIN,64.5,8.5,211.0,-0.6504966708187818,-0.04674614986113194
GTEX-XBED-2626-SM-4E3J5.1,MUSCLE,64.5,8.7,222.0,-0.8851502953134975,0.1198538086320823
GTEX-XBEW-0008-SM-4AT3Y.1,SKIN,44.5,9.8,440.0,0.8067067183672034,0.18400955369497954
GTEX-XBEW-0626-SM-4QASP.1,SKIN,44.5,8.9,439.0,-0.1422740866542768,-0.034224264712806256
GTEX-XBEW-1026-SM-4QARV.1,MUSCLE,44.5,8.3,447.0,0.4598218438859593,0.02594097846993867
GTEX-XBEW-1126-SM-4QARW.1,SKIN,44.5,7.2,449.0,-2.490052310691768,0.010151651799813118
GTEX-XGQ4-0008-SM-4AT3Z.1,SKIN,54.5,8.1,215.0,1.5525941331063606,0.28425408714316136
GTEX-XGQ4-0326-SM-4GIEE.1,HEART,54.5,7.7,143.0,0.0326381418469233,-0.1308878815086625
GTEX-XGQ4-0526-SM-4AT6C.1,HEART,54.5,7.6,145.0,-0.1015381763001204,-0.06681794267471383
GTEX-XGQ4-2326-SM-4AT53.1,MUSCLE,54.5,7.4,199.0,-0.4355274979405742,-0.11816082296020232
GTEX-XK95-0008-SM-4AT5G.1,SKIN,44.5,8.9,693.0,0.5064006964366279,0.2689001791460491
GTEX-XK95-0226-SM-4AT58.1,SKIN,44.5,6.4,691.0,-0.1778628363967605,-0.17052636813822072
GTEX-XLM4-0008-SM-4AT4W.1,SKIN,64.5,10.0,655.0,1.1363183855157493,0.24207384299997264
GTEX-XLM4-0011-R10A-SM-4AT5P.1,BRAIN,64.5,8.0,569.0,1.501319464352814,-0.01568893947426239
GTEX-XLM4-0011-R10A-SM-5S2TN.1,BRAIN,64.5,8.0,569.0,1.7841373385698438,-0.03917230967607007
GTEX-XLM4-0011-R11A-SM-4AT46.1,BRAIN,64.5,7.7,569.0,1.7287368425040146,-0.11284969466328228
GTEX-XLM4-0011-R11A-SM-5S2SY.1,BRAIN,64.5,7.7,569.0,2.0476592405921017,-0.13598604841501064
GTEX-XLM4-0011-R2B-SM-4AT5Z.1,BRAIN,64.5,6.5,569.0,0.0736137707820316,-0.06316428327338663
GTEX-XLM4-0011-R3B-SM-4AT6E.1,BRAIN,64.5,7.9,569.0,1.6413379733043247,-0.0043168809976561195
GTEX-XLM4-0011-R4B-SM-4AT5C.1,BRAIN,64.5,7.3,569.0,1.0964757184219882,-0.024926007223305537
GTEX-XLM4-0011-R6A-SM-4AT4B.1,BRAIN,64.5,8.6,569.0,1.482376632423235,0.005509700776470194
GTEX-XLM4-0011-R7A-SM-4AT5L.1,BRAIN,64.5,7.7,569.0,0.7751564161448179,-0.002439156798131352
GTEX-XLM4-0011-R8A-SM-4AT44.1,BRAIN,64.5,8.4,569.0,2.117608011064988,-0.0048370501047109585
GTEX-XLM4-0011-R9A-SM-4AT45.1,BRAIN,64.5,7.0,569.0,-1.4413397385460045,-0.0500096850745562
GTEX-XLM4-2026-SM-4AT4X.1,HEART,64.5,6.9,749.0,1.3976382564752343,0.032099383509923606
GTEX-XLM4-2926-SM-4AT59.1,BRAIN,64.5,6.3,786.0,1.9585765063989289,-0.227767727678375
GTEX-XLM4-3026-SM-4AT6L.1,BRAIN,64.5,6.1,789.0,0.779725779331468,-0.038195846663006454
GTEX-XMD1-0008-SM-4AT41.1,SKIN,64.5,9.7,918.0,2.1664851111363896,0.2275006371930481
GTEX-XMD1-0011-R10A-SM-4AT4A.1,BRAIN,64.5,6.9,820.0,1.09237450422837,-0.007782480807025566
GTEX-XMD1-0011-R11A-SM-4AT5J.1,BRAIN,64.5,6.8,820.0,0.9347365702539794,-0.15676677219252624
GTEX-XMD1-0011-R1A-SM-4AT4C.1,BRAIN,64.5,6.7,820.0,-0.6010405253157602,-0.049336631923348716
GTEX-XMD1-0011-R2B-SM-4AT5N.1,BRAIN,64.5,6.0,820.0,-1.372466597528208,-0.04194218725664179
GTEX-XMD1-0011-R3B-SM-4AT5R.1,BRAIN,64.5,6.7,820.0,-0.0947286220206937,0.02712221059444887
GTEX-XMD1-0011-R5A-SM-4AT47.1,BRAIN,64.5,7.8,820.0,0.4786269328592524,0.1628772010088751
GTEX-XMD1-0011-R6A-SM-4AT5K.1,BRAIN,64.5,7.4,820.0,0.1443818323679338,0.08222930650800878
GTEX-XMD1-0011-R8A-SM-4AT48.1,BRAIN,64.5,7.5,820.0,2.044379301956313,0.08511495500316166
GTEX-XMD1-0011-R9A-SM-4AT49.1,BRAIN,64.5,7.2,820.0,3.0705311755819373,0.12169460055764156
GTEX-XMD1-0626-SM-EZ6MC.1,MUSCLE,64.5,5.8,926.0,1.4143045556393314,-0.06556982560007325
GTEX-XMD1-2826-SM-4AT5F.1,BRAIN,64.5,6.4,987.0,1.209629248511739,-0.14776390503679016
GTEX-XMD1-2926-SM-4AT42.1,BRAIN,64.5,6.1,990.0,0.2620601120183764,-0.10781266637364653
GTEX-XMD2-0008-SM-4WWE7.1,SKIN,64.5,10.0,1340.0,1.264926902918836,0.2357390492701035
GTEX-XMD2-0126-SM-4YCDU.1,SKIN,64.5,7.7,1339.0,-0.1636232462570078,-0.13819509625483692
GTEX-XMD2-0526-SM-4YCDI.1,MUSCLE,64.5,8.7,1368.0,4.934239340380076,0.008050860454782186
GTEX-XMD2-2126-SM-4YCF8.1,SKIN,64.5,7.5,1420.0,-0.154008481598351,-0.19566651156203174
GTEX-XMD3-0008-SM-4AT4V.1,SKIN,54.5,10.0,1339.0,0.6234409527022022,0.2888211590888612
GTEX-XMK1-0008-SM-4GICF.1,SKIN,44.5,10.0,246.0,0.9087883394831272,0.01026785589585508
GTEX-XOT4-0008-SM-4B664.1,SKIN,64.5,10.0,640.0,1.4490876881555343,0.21540644080612026
GTEX-XOT4-0526-SM-4B66O.1,MUSCLE,64.5,7.6,665.0,0.0530712617562615,-0.039540123902051534
GTEX-XOT4-0626-SM-4B66L.1,SKIN,64.5,7.3,667.0,-1.0679453718304142,-0.035663173882218784
GTEX-XOT4-1126-SM-4B66E.1,HEART,64.5,8.0,686.0,2.478200959679181,0.025208032407417452
GTEX-XOTO-0008-SM-4GICE.1,SKIN,54.5,10.0,593.0,1.3184067275824811,0.3382998611092491
GTEX-XOTO-0011-R10B-SM-EZ6LM.1,BRAIN,54.5,5.7,503.0,0.1084105682152611,-0.004291901373319466
GTEX-XOTO-0011-R11B-SM-4B64O.1,BRAIN,54.5,6.8,503.0,1.1751815465987805,-0.1411036932686053
GTEX-XOTO-0011-R1B-SM-4B65C.1,BRAIN,54.5,7.1,503.0,0.4868691685203016,0.0845923389716501
GTEX-XOTO-0011-R3A-SM-4B64W.1,BRAIN,54.5,6.9,503.0,0.749800152023111,0.02594815334690095
GTEX-XOTO-0011-R4B-SM-EZ6LL.1,BRAIN,54.5,5.8,503.0,-1.0429330583159009,0.040060518060421754
GTEX-XOTO-0011-R5A-SM-4B657.1,BRAIN,54.5,6.9,503.0,-1.2476622146003769,0.12841179533637387
GTEX-XOTO-0011-R6B-SM-4B65X.1,BRAIN,54.5,6.7,503.0,-1.0863306531437464,0.0833456149217221
GTEX-XOTO-0011-R7B-SM-4B64R.1,BRAIN,54.5,7.7,503.0,-1.1696538691205434,0.06920181345871804
GTEX-XOTO-0011-R8A-SM-4B65J.1,BRAIN,54.5,6.4,503.0,-0.6518275071149855,0.09787137563555233
GTEX-XOTO-0011-R9A-SM-4GICI.1,BRAIN,54.5,6.5,503.0,-1.8149815671593323,0.01659100667163242
GTEX-XOTO-0126-SM-4B66N.1,SKIN,54.5,8.1,592.0,-0.8187038995284115,-0.11748502673276252
GTEX-XOTO-0526-SM-4B662.1,MUSCLE,54.5,8.6,616.0,0.635251608663741,0.06676493412053693
GTEX-XOTO-0726-SM-4B659.1,SKIN,54.5,7.5,646.0,-1.340518339784826,-0.008282879584104612
GTEX-XOTO-0826-SM-4B65O.1,LIVER,54.5,7.3,658.0,0.1481695075614484,0.06836508385642187
GTEX-XOTO-2926-SM-4B65G.1,BRAIN,54.5,6.9,718.0,0.3620076765675074,-0.12702190130473212
GTEX-XOTO-3026-SM-4B65M.1,BRAIN,54.5,7.1,721.0,0.1592442048246327,0.0013836784109469993
GTEX-XPT6-0008-SM-4B64Q.1,SKIN,24.5,10.0,250.0,1.6159525246395685,0.2850391527261108
GTEX-XPT6-0126-SM-4B65S.1,HEART,24.5,7.9,184.0,-0.1638504939969768,-0.061183230178649
GTEX-XPT6-0226-SM-4B65L.1,HEART,24.5,8.4,186.0,0.2474221182411098,0.139111437317453
GTEX-XPT6-2026-SM-4B64V.1,MUSCLE,24.5,8.9,254.0,-0.2446706424665231,-0.010903907738057429
GTEX-XPVG-0008-SM-4GICH.1,SKIN,54.5,10.0,223.0,1.2527839200545614,0.25215127670986537
GTEX-XPVG-0726-SM-4B658.1,HEART,54.5,8.0,93.0,-0.2138359604812754,-0.09496537264522228
GTEX-XPVG-0826-SM-4B654.1,HEART,54.5,8.3,98.0,-0.4382720078913651,-0.10910259389132851
GTEX-XPVG-2126-SM-4B667.1,SKIN,54.5,6.8,194.0,-1.6304024274882454,-0.21058908570924958
GTEX-XPVG-2526-SM-4B66D.1,MUSCLE,54.5,7.9,217.0,-1.545395766129472,-0.015270948713314159
GTEX-XPVG-2626-SM-4B669.1,SKIN,54.5,7.4,221.0,-1.3489736258948202,-0.06884027523994017
GTEX-XQ3S-0008-SM-4GIDZ.1,SKIN,24.5,9.9,895.0,0.2179014503812343,0.30268493661253043
GTEX-XQ3S-0426-SM-4BOOA.1,MUSCLE,24.5,8.4,852.0,0.2260471709314634,-0.12014176351428141
GTEX-XQ3S-0526-SM-4BOQA.1,HEART,24.5,7.5,854.0,1.0652357279552676,0.0038997534630317984
GTEX-XQ3S-0626-SM-4BOOB.1,HEART,24.5,7.7,857.0,0.8738321442049801,0.017470590303320873
GTEX-XQ3S-1426-SM-4BOPR.1,SKIN,24.5,7.7,882.0,-1.1120736599373575,-0.1848652080967956
GTEX-XQ3S-1526-SM-4BOOC.1,SKIN,24.5,7.1,894.0,-0.6673980682905666,-0.04599127352454654
GTEX-XQ8I-0008-SM-4WAWM.1,SKIN,54.5,9.5,413.0,1.0940253186744642,0.2384765148756148
GTEX-XQ8I-0126-SM-4BOPL.1,HEART,54.5,7.5,370.0,-0.4825605392118858,-0.14926836983683897
GTEX-XQ8I-0226-SM-4BOPM.1,HEART,54.5,7.5,373.0,0.5081477333791483,-0.06117275624434706
GTEX-XQ8I-0426-SM-4BOPO.1,SKIN,54.5,7.7,412.0,-0.5372709033051503,-0.19740880060430857
GTEX-XQ8I-0626-SM-4BOPT.1,MUSCLE,54.5,8.3,439.0,0.3875426792856805,-0.008598668919916463
GTEX-XQ8I-0926-SM-4BOOF.1,SKIN,54.5,7.8,464.0,-0.4177273751213863,0.13002181300083815
GTEX-XUJ4-0008-SM-4BOQI.1,SKIN,64.5,9.7,196.0,1.1318868032419225,0.40237065218346246
GTEX-XUJ4-0526-SM-4BOON.1,HEART,64.5,8.7,99.0,0.5588427433747197,-0.14759781598375532
GTEX-XUJ4-0626-SM-4BOOO.1,HEART,64.5,8.7,102.0,0.4257170075090348,-0.017907765995896382
GTEX-XUJ4-1826-SM-4BOOU.1,SKIN,64.5,7.1,150.0,-1.750922392937427,0.09644364013145607
GTEX-XUJ4-2426-SM-4BOO3.1,SKIN,64.5,6.2,197.0,-0.4199458369365946,0.01581469434219011
GTEX-XUJ4-2626-SM-4BOQ3.1,MUSCLE,64.5,7.9,201.0,-0.2507506426608915,0.007134909641384722
GTEX-XUW1-0008-SM-4BOQH.1,SKIN,54.5,9.9,338.0,0.6641663203046222,0.24917774688815253
GTEX-XUW1-0426-SM-4BOOT.1,SKIN,54.5,7.6,337.0,0.0711948657581548,-0.07032242596152007
GTEX-XUW1-0826-SM-4BOP6.1,MUSCLE,54.5,8.9,372.0,-0.3139962626370714,0.06720093221777997
GTEX-XUW1-0926-SM-4BONX.1,SKIN,54.5,6.1,379.0,-1.814842334933418,-0.04352326258710186
GTEX-XUYS-0008-SM-47JYZ.1,SKIN,54.5,10.0,27.0,1.042570929359781,0.3262760746541688
GTEX-XUYS-0126-SM-47JWZ.1,SKIN,54.5,8.8,27.0,-1.0533895591532352,-0.07533238901278093
GTEX-XUYS-0326-SM-47JX2.1,MUSCLE,54.5,8.0,41.0,-0.2620451613081554,-0.01203081934854153
GTEX-XUZC-0008-SM-4BOQG.1,SKIN,34.5,10.0,161.0,1.3358225111312385,0.26135802577534933
GTEX-XUZC-1726-SM-4BRWS.1,SKIN,34.5,6.3,163.0,-2.869702657661918,-0.07894049275517738
GTEX-XUZC-2126-SM-4BRW8.1,MUSCLE,34.5,7.9,170.0,1.0432549655467134,-0.00435541150793618
GTEX-XV7Q-0008-SM-4BRWL.1,SKIN,44.5,10.0,145.0,1.48641255464708,0.3082196572346106
GTEX-XV7Q-0726-SM-4BRV6.1,HEART,44.5,8.4,73.0,0.3521686731868179,0.07346197080143323
GTEX-XV7Q-0826-SM-4BRV7.1,HEART,44.5,8.2,74.0,1.799657867872866,-0.14297924323457978
GTEX-XV7Q-1826-SM-4BRUV.1,SKIN,44.5,6.9,108.0,-0.7287506227152029,-0.015984506393696276
GTEX-XV7Q-2526-SM-4BRV9.1,SKIN,44.5,6.7,146.0,-0.6799726509590066,-0.059011598112842824
GTEX-XV7Q-2926-SM-4BRUL.1,MUSCLE,44.5,7.3,155.0,2.774779354330408,-0.046478949834045144
GTEX-XXEK-0008-SM-4BRW7.1,SKIN,54.5,9.4,215.0,1.7554187450158134,0.18220948652813887
GTEX-XXEK-0926-SM-4BRWH.1,HEART,54.5,8.3,157.0,-0.412126885356355,0.01288645097541112
GTEX-XXEK-0926-SM-5S2T8.1,HEART,54.5,8.3,157.0,0.2012244670878376,-0.011699466698367926
GTEX-XXEK-1126-SM-4BRUX.1,LIVER,54.5,8.7,169.0,1.3814652308397473,0.010477257833835537
GTEX-XXEK-1626-SM-4BRUZ.1,SKIN,54.5,8.0,187.0,-1.0856357487390615,-0.07001449145890792
GTEX-XXEK-2026-SM-4BRVE.1,HEART,54.5,9.0,206.0,-0.0116148934862753,0.12917676842346554
GTEX-XXEK-2226-SM-4BRUM.1,SKIN,54.5,6.2,215.0,-1.094339356498815,-0.03151055932997638
GTEX-XXEK-2226-SM-5S2SA.1,SKIN,54.5,6.2,215.0,-1.1108548555954811,-0.008357186488332703
GTEX-XYKS-0008-SM-4BRW6.1,SKIN,64.5,9.7,222.0,1.177476007448295,0.28828626271313607
GTEX-XYKS-0226-SM-4BRW3.1,HEART,64.5,8.8,163.0,1.0526102591446935,0.05600756338659115
GTEX-XYKS-1426-SM-4BRUO.1,SKIN,64.5,7.0,204.0,0.3402576092308775,-0.171368102133115
GTEX-XYKS-2126-SM-4E3IB.1,SKIN,64.5,8.4,218.0,0.3084237943802137,-0.2644575058677895
GTEX-XYKS-2426-SM-4AT43.1,MUSCLE,64.5,8.0,222.0,1.4260959640903412,-0.1535893269844876
GTEX-Y111-0008-SM-4SOJ3.1,SKIN,54.5,10.0,1398.0,0.9034446888238946,0.19810122619943385
GTEX-Y111-0126-SM-4SOIV.1,SKIN,54.5,7.3,1399.0,-1.7832130709974765,-0.11626297114527831
GTEX-Y111-0326-SM-4SOIX.1,MUSCLE,54.5,8.1,1407.0,-0.7761729473064618,-0.01786440230623418
GTEX-Y111-0626-SM-4SOIT.1,SKIN,54.5,6.6,1472.0,-2.381377462760139,-0.08722983599825622
GTEX-Y111-0726-SM-EYYVM.1,LIVER,54.5,5.6,1476.0,-1.380493715266342,0.045233422520144916
GTEX-Y111-2726-SM-4TT3N.1,BRAIN,54.5,5.9,1668.0,-0.2142670382335368,-0.09753395028819901
GTEX-Y111-2826-SM-4TT3O.1,BRAIN,54.5,6.1,1669.0,1.696543829861777,-0.1967070941462999
GTEX-Y114-0008-SM-4TT8X.1,SKIN,54.5,9.6,227.0,1.048184693851487,0.4529066887794326
GTEX-Y114-0126-SM-4TT8K.1,HEART,54.5,8.4,91.0,-0.2412129003492549,0.18896484430042257
GTEX-Y114-0226-SM-4TT8W.1,HEART,54.5,8.4,93.0,0.2433771938897203,0.05863957059539266
GTEX-Y114-2126-SM-4TT8B.1,SKIN,54.5,8.0,202.0,-2.768835609308393,-0.0036245941556576106
GTEX-Y114-2426-SM-4TT8A.1,SKIN,54.5,7.6,228.0,-1.813501422018544,0.022633244875680116
GTEX-Y114-2526-SM-4TT8M.1,MUSCLE,54.5,8.1,235.0,-0.2226830204802882,0.08823424133363963
GTEX-Y3I4-0008-SM-4TT21.1,SKIN,54.5,9.6,178.0,0.7647748034279496,0.28063998820753644
GTEX-Y3I4-0526-SM-4TT6X.1,HEART,54.5,8.1,117.0,-0.6185286278935728,0.11172905068752237
GTEX-Y3I4-0626-SM-4TT7A.1,HEART,54.5,8.2,118.0,-0.2492918148261728,-0.07945003342447199
GTEX-Y3I4-1726-SM-4TT89.1,SKIN,54.5,7.6,162.0,-2.677128298207732,0.025937456062512878
GTEX-Y3I4-2126-SM-4TT7C.1,SKIN,54.5,7.7,179.0,-1.7455952064924778,-0.12550392410813854
GTEX-Y3I4-2326-SM-4TT81.1,MUSCLE,54.5,8.0,183.0,-2.9000556734231813,0.023291012316192503
GTEX-Y3IK-0008-SM-4WWDZ.1,SKIN,54.5,9.5,172.0,1.2387588133761065,0.21408694954303692
GTEX-Y3IK-0826-SM-51MT8.1,HEART,54.5,8.9,92.0,1.0820206087626645,-0.020157747168830734
GTEX-Y3IK-1026-SM-51MR7.1,HEART,54.5,8.6,95.0,0.1432400107692423,0.11516072939274927
GTEX-Y3IK-1626-SM-4YCF5.1,SKIN,54.5,7.1,122.0,-1.130921876307607,0.052395879155008214
GTEX-Y3IK-2426-SM-4WWDU.1,SKIN,54.5,8.3,174.0,-0.6829617699252946,-0.002116655460073812
GTEX-Y3IK-2626-SM-4WWDK.1,MUSCLE,54.5,7.9,183.0,-0.5683231956748424,0.09674248008896459
GTEX-Y5LM-0426-SM-4VBRO.1,LIVER,44.5,9.8,83.0,2.1509791462117795,0.028654720234636274
GTEX-Y5LM-0926-SM-6LLJG.1,SKIN,44.5,7.1,102.0,-0.1296435774445588,-0.16843790591631957
GTEX-Y5LM-1926-SM-5RQJH.1,SKIN,44.5,7.0,187.0,-1.1024662016121538,-0.0957935326396651
GTEX-Y5LM-2126-SM-4VDSY.1,MUSCLE,44.5,8.2,191.0,-0.4434744507891959,0.09417177114029185
GTEX-Y5V5-0126-SM-5S2NW.1,SKIN,64.5,7.4,138.0,-0.1134607105667684,-0.1280093900605872
GTEX-Y5V5-0626-SM-4VBPX.1,HEART,64.5,7.1,170.0,-0.7572535202505797,-0.04475188625897857
GTEX-Y5V5-0726-SM-4VBPY.1,HEART,64.5,7.2,175.0,-0.2750364800523152,0.12280006248304398
GTEX-Y5V5-0926-SM-4VBPZ.1,LIVER,64.5,7.0,188.0,-0.0361171120661669,-0.028888028003894353
GTEX-Y5V5-2326-SM-4V6GA.1,SKIN,64.5,8.4,266.0,0.1528090748089671,-0.18113790880809288
GTEX-Y5V5-2526-SM-4VBQ4.1,MUSCLE,64.5,8.8,272.0,1.3133970516870344,0.04445463745420032
GTEX-Y5V6-0008-SM-4V6FV.1,SKIN,64.5,9.7,210.0,1.8071526934599715,0.2514188906524616
GTEX-Y5V6-0826-SM-4VBRU.1,HEART,64.5,8.1,136.0,-0.0657248022996059,-0.11301031296212191
GTEX-Y5V6-2326-SM-4VDSA.1,SKIN,64.5,7.4,207.0,-1.1736917066967263,0.0038167375481003058
GTEX-Y5V6-2426-SM-4VDSB.1,SKIN,64.5,7.6,212.0,-0.7676347579100238,-0.11230864874723037
GTEX-Y5V6-2626-SM-5IFIX.1,MUSCLE,64.5,7.8,218.0,-1.4311896728760094,-0.06063049421909254
GTEX-Y8DK-0008-SM-4RGM2.1,SKIN,64.5,9.6,1096.0,1.3546636137974046,0.37268926542357467
GTEX-Y8DK-0011-R10A-SM-4SOK1.1,BRAIN,64.5,8.9,890.0,0.7128698768822579,-0.13273331331505162
GTEX-Y8DK-0011-R11A-SM-4SOK2.1,BRAIN,64.5,9.1,890.0,2.377320552053315,-0.1961497755419824
GTEX-Y8DK-0011-R1A-SM-4RGLO.1,BRAIN,64.5,7.1,890.0,-2.2363146402666523,-0.015481042418309878
GTEX-Y8DK-0011-R3A-SM-4RTW5.1,BRAIN,64.5,6.9,890.0,0.399936807475939,-0.027604021104194566
GTEX-Y8DK-0011-R4A-SM-EXUR1.1,BRAIN,64.5,5.5,890.0,-1.8168873915528585,0.0025270528588283068
GTEX-Y8DK-0011-R5B-SM-4RTW6.1,BRAIN,64.5,8.5,890.0,-0.4072354209164116,0.08942100321519082
GTEX-Y8DK-0011-R6A-SM-4V6EG.1,BRAIN,64.5,7.8,890.0,0.2232928088936667,0.012191167117698617
GTEX-Y8DK-0011-R7A-SM-4SOJZ.1,BRAIN,64.5,8.2,890.0,-1.7674849312193142,0.04426181010088075
GTEX-Y8DK-0011-R8B-SM-EYYVQ.1,BRAIN,64.5,5.6,890.0,-1.3723244413948694,0.07590852734090392
GTEX-Y8DK-0126-SM-4TT3L.1,SKIN,64.5,8.2,1100.0,-0.7852662884055405,-0.1113781712294891
GTEX-Y8DK-0326-SM-4TT3P.1,MUSCLE,64.5,8.6,1105.0,0.0141839097829992,-0.09185187843398923
GTEX-Y8DK-0726-SM-4TT3S.1,BRAIN,64.5,6.6,1277.0,1.5565295011314029,-0.17348453607751277
GTEX-Y8DK-0826-SM-4TT3T.1,BRAIN,64.5,7.1,1285.0,-0.013408078777762,-0.0988257057263534
GTEX-Y8E4-0008-SM-4V6FW.1,SKIN,44.5,9.8,377.0,1.511005760930891,0.24884752750212982
GTEX-Y8E4-0326-SM-4VBRR.1,HEART,44.5,7.6,369.0,-0.4792196802823928,-0.15366924761883127
GTEX-Y8E4-0426-SM-4V6GB.1,HEART,44.5,8.5,371.0,0.2443900703399324,-0.09429468586775262
GTEX-Y8E4-0626-SM-4WWDL.1,SKIN,44.5,8.0,376.0,-0.1145704608635843,-0.15206724004507388
GTEX-Y8E4-1026-SM-4VBQ5.1,MUSCLE,44.5,8.3,384.0,-0.5879059144467665,-0.033900900821481936
GTEX-Y8E4-2026-SM-5IFJB.1,SKIN,44.5,8.0,424.0,-1.7004943613577153,-0.16801051924717803
GTEX-Y8E5-0008-SM-57WBA.1,SKIN,64.5,9.3,53.0,1.4267701649263196,0.25674076831027604
GTEX-Y8E5-0326-SM-57WBM.1,MUSCLE,64.5,7.4,90.0,1.7720160965578446,-0.049456012603470094
GTEX-Y8LW-0008-SM-4V6G5.1,SKIN,54.5,9.0,342.0,0.3398455469137403,0.2818802318284164
GTEX-Y8LW-1526-SM-5IFHL.1,SKIN,54.5,6.9,275.0,-2.3348878526795014,0.015120018842545086
GTEX-Y8LW-1826-SM-5S2MV.1,SKIN,54.5,6.3,341.0,-0.6623914325628062,-0.06596213691123382
GTEX-Y8LW-2026-SM-4V6G8.1,MUSCLE,54.5,8.1,346.0,-1.432982487523332,0.04419533972977285
GTEX-Y9LG-0008-SM-4VBRJ.1,SKIN,34.5,10.0,159.0,1.635565452977244,0.3944114810115961
GTEX-Y9LG-1126-SM-4VBQ7.1,SKIN,34.5,6.1,94.0,-2.7662734083407656,0.09270578377586304
GTEX-Y9LG-1926-SM-5IFHY.1,MUSCLE,34.5,7.3,153.0,-2.649447186175199,-0.0384268175026249
GTEX-YB5E-0008-SM-4VDT7.1,SKIN,44.5,9.4,265.0,1.22720990330409,0.4084935363034834
GTEX-YB5E-0326-SM-5IFHU.1,LIVER,44.5,8.3,163.0,2.293287869563591,0.11007575766666589
GTEX-YB5E-2026-SM-5IFIS.1,SKIN,44.5,7.5,261.0,-1.3781812677993863,-0.07785498255534373
GTEX-YB5E-2226-SM-5IFJ5.1,MUSCLE,44.5,8.2,268.0,-0.7205669535815794,0.12445739223979187
GTEX-YB5K-0008-SM-4VDT8.1,SKIN,44.5,9.8,284.0,1.8165431382669968,0.1782815299134211
GTEX-YB5K-0126-SM-5IFJ2.1,HEART,44.5,8.2,160.0,0.0454154889869027,-0.07775588789406639
GTEX-YB5K-0226-SM-5IFJE.1,HEART,44.5,8.3,162.0,0.1596225142461028,0.13552665377381132
GTEX-YB5K-2026-SM-4VDT3.1,SKIN,44.5,7.4,269.0,-0.8295221580590125,0.0594088818063307
GTEX-YB5K-2126-SM-4WWDJ.1,SKIN,44.5,7.2,284.0,-1.5547272791153437,-0.11423658950339899
GTEX-YB5K-2326-SM-5IFHD.1,MUSCLE,44.5,8.5,291.0,-1.5414388806621648,0.07143989671620377
GTEX-YBZK-0008-SM-59HL6.1,SKIN,54.5,9.8,31.0,1.6729527172679248,0.11191249209788827
GTEX-YBZK-0326-SM-59HLN.1,MUSCLE,54.5,8.6,50.0,0.8522486147251259,-0.09484610064286994
GTEX-YEC3-0008-SM-4W1YF.1,SKIN,54.5,9.9,281.0,1.542613668582414,0.4356729688121934
GTEX-YEC3-0426-SM-4YCEP.1,HEART,54.5,8.6,239.0,-0.5832418992230197,0.011067707373737256
GTEX-YEC3-0426-SM-5IFK1.1,HEART,54.5,8.3,239.0,-0.5979131230541693,0.13710670218507243
GTEX-YEC3-0426-SM-CYPS8.1,HEART,54.5,8.3,239.0,-0.2272806095902648,0.10666604768624484
GTEX-YEC3-0726-SM-4YCD1.1,HEART,54.5,7.0,244.0,-0.3902606394555632,-0.02716265221125393
GTEX-YEC3-0726-SM-5IFIW.1,HEART,54.5,8.0,244.0,-0.5562993580681468,-0.09034912964633272
GTEX-YEC3-0726-SM-CMKFH.1,HEART,54.5,8.0,244.0,-0.3773479237295098,-0.10193876157051909
GTEX-YEC3-1326-SM-4WWEL.1,SKIN,54.5,6.5,258.0,-1.178360384831812,-0.17635724832041266
GTEX-YEC3-1326-SM-5PNXV.1,SKIN,54.5,6.0,258.0,-3.360733083832256,-0.20397544245821797
GTEX-YEC3-1326-SM-DO92X.1,SKIN,54.5,6.5,258.0,-0.8214759305727084,-0.20032685045726223
GTEX-YEC3-1826-101807-SM-EYYVR.1,SKIN,54.5,5.9,282.0,-2.987204758364679,-0.11698195423492593
GTEX-YEC3-2126-SM-4YCDB.1,MUSCLE,54.5,8.6,294.0,-1.9495230862337156,-0.10937000704159065
GTEX-YEC3-2126-SM-5CVLR.1,MUSCLE,54.5,6.7,294.0,-2.8221790331611007,-0.06449224388936331
GTEX-YEC4-0008-SM-4W1YR.1,SKIN,44.5,10.0,255.0,1.9173565949585885,0.4293771486351124
GTEX-YEC4-0226-SM-4W1YG.1,HEART,44.5,8.7,172.0,-0.3082034551707729,0.0014506300206903815
GTEX-YEC4-0326-SM-4W216.1,HEART,44.5,8.6,175.0,0.5267377074735008,-0.13500677564884198
GTEX-YEC4-0826-SM-5P9FV.1,LIVER,44.5,7.4,198.0,-0.3929170340272144,0.048386788340007016
GTEX-YEC4-1826-SM-4W1YP.1,SKIN,44.5,8.2,245.0,-0.3083070521277216,0.014771276605827466
GTEX-YEC4-2126-101817-SM-EYYVS.1,SKIN,44.5,5.9,253.0,-1.0705832423848862,-0.13212650131445788
GTEX-YEC4-2126-SM-5IFJH.1,SKIN,44.5,6.6,253.0,-1.1206908114875296,-0.05963206276447563
GTEX-YEC4-2226-SM-5IFJT.1,MUSCLE,44.5,7.2,260.0,-0.9286229036517212,-0.012667787563099674
GTEX-YECK-0008-SM-4W1ZG.1,SKIN,64.5,10.0,553.0,2.2206702293567413,0.27278268516122073
GTEX-YECK-0326-SM-4W1YS.1,SKIN,64.5,8.0,557.0,0.2127736503148653,-0.027514024108025843
GTEX-YECK-0626-SM-4W1ZE.1,MUSCLE,64.5,8.0,568.0,0.0630525819962348,0.06364603893872296
GTEX-YECK-1226-SM-4W21G.1,HEART,64.5,6.2,597.0,-1.319687372419294,0.023529438818174694
GTEX-YECK-1926-SM-4W21H.1,LIVER,64.5,6.4,608.0,-0.9408168909972672,0.08696553089021432
GTEX-YF7O-0008-SM-4W1ZS.1,SKIN,54.5,10.0,222.0,1.8811740658831928,0.1056555176546658
GTEX-YF7O-0426-SM-5P9FS.1,HEART,54.5,8.8,101.0,0.8766620138421902,-0.2505693527021245
GTEX-YF7O-0526-SM-5P9IO.1,HEART,54.5,8.6,103.0,0.059878717107676,-0.0055526385317863245
GTEX-YF7O-1526-SM-5IFI6.1,SKIN,54.5,8.1,156.0,-0.6664747519820675,-0.236111739980713
GTEX-YF7O-2326-101833-SM-5CVN9.1,SKIN,54.5,6.0,222.0,-0.693983762886398,-0.0792954083267014
GTEX-YF7O-2526-SM-5IFJX.1,MUSCLE,54.5,8.5,226.0,-0.7666691142586942,0.10379258151502901
GTEX-YFC4-0008-SM-4RGM3.1,SKIN,44.5,9.5,689.0,0.6976975728956878,0.2734816221165964
GTEX-YFC4-0011-R10a-SM-4SOK5.1,BRAIN,44.5,8.4,595.0,2.26100063018221,-0.07424437778610511
GTEX-YFC4-0011-R11a-SM-4SOK6.1,BRAIN,44.5,9.0,595.0,3.01877464957179,-0.1785225825250542
GTEX-YFC4-0011-R1a-SM-4V6EH.1,BRAIN,44.5,8.6,595.0,-0.3982470243523531,0.00033451546608762847
GTEX-YFC4-0011-R2a-SM-4V6DZ.1,BRAIN,44.5,7.2,595.0,0.303613082564772,-0.02770857105198022
GTEX-YFC4-0011-R3a-SM-4RGLP.1,BRAIN,44.5,8.8,595.0,2.15518861620313,-0.05531329547333461
GTEX-YFC4-0011-R4a-SM-4RGLQ.1,BRAIN,44.5,6.9,595.0,0.0541795942509087,0.08737534454659573
GTEX-YFC4-0011-R5a-SM-4RGLR.1,BRAIN,44.5,8.3,595.0,-1.1576110269411486,0.11822653285040256
GTEX-YFC4-0011-R6b-SM-4V6E1.1,BRAIN,44.5,7.7,595.0,0.0432589476592008,0.057906928975455595
GTEX-YFC4-0011-R7b-SM-4V6E2.1,BRAIN,44.5,7.9,595.0,-1.4529746661760448,0.045470546595259134
GTEX-YFC4-0011-R8a-SM-4SOK3.1,BRAIN,44.5,7.4,595.0,0.3938599676335613,0.030675722905074154
GTEX-YFC4-0011-R9a-SM-4SOK4.1,BRAIN,44.5,9.5,595.0,0.9741173060843522,0.13454827139262412
GTEX-YFC4-0126-101855-SM-5CVLZ.1,SKIN,44.5,7.4,688.0,-0.3326727866052642,-0.027488002052742565
GTEX-YFC4-0126-SM-5CVLY.1,SKIN,44.5,6.8,688.0,-0.7135097572170523,0.0027673493960495956
GTEX-YFC4-0426-SM-4TT3J.1,HEART,44.5,7.4,736.0,2.677034175020504,0.055991852901102125
GTEX-YFC4-0526-SM-5ZZVI.1,HEART,44.5,5.9,739.0,0.4376863361594305,-0.02333119424374505
GTEX-YFC4-1026-SM-5RQJM.1,MUSCLE,44.5,8.2,760.0,1.2851902483317297,-0.0021799671374722546
GTEX-YFC4-1526-SM-5IFJS.1,LIVER,44.5,6.0,772.0,-0.3513596275315354,0.01107394100462363
GTEX-YFC4-3026-SM-5IFJK.1,BRAIN,44.5,7.0,857.0,1.1665754455377064,-0.16599259244059633
GTEX-YFC4-3126-SM-5PNV6.1,BRAIN,44.5,6.3,858.0,0.6743129056191393,-0.055516460259773755
GTEX-YFCO-0008-SM-4W1Z4.1,SKIN,44.5,9.7,208.0,0.7154022164318523,0.4617884526052298
GTEX-YFCO-1226-SM-5LUAT.1,SKIN,44.5,6.5,140.0,-1.711309674028966,0.07350956476647562
GTEX-YFCO-1926-SM-4W212.1,MUSCLE,44.5,8.4,204.0,-0.7388233040965082,-0.10698084630330292
GTEX-YJ89-0008-SM-4RGM4.1,SKIN,64.5,10.0,1136.0,1.574001008822247,0.23498963145716475
GTEX-YJ89-0011-R10a-SM-4SOK9.1,BRAIN,64.5,8.2,1040.0,1.1579119955791777,-0.044780223182547256
GTEX-YJ89-0011-R11a-SM-4SOKA.1,BRAIN,64.5,7.9,1040.0,2.360992996776908,-0.186384044234713
GTEX-YJ89-0011-R1a-SM-4RGLS.1,BRAIN,64.5,8.0,1040.0,-3.04828003979891,0.010779091021601827
GTEX-YJ89-0011-R2b-SM-4RGLT.1,BRAIN,64.5,6.2,1040.0,-2.579192054366909,0.04638091479634085
GTEX-YJ89-0011-R3b-SM-4V6EF.1,BRAIN,64.5,8.5,1040.0,-0.1319431251031902,-0.02958969995166669
GTEX-YJ89-0011-R5a-SM-4V6GM.1,BRAIN,64.5,8.0,1040.0,-2.253261307962031,0.06461765142095453
GTEX-YJ89-0011-R6a-SM-4V6GN.1,BRAIN,64.5,7.0,1040.0,-0.7252996164241712,0.08060162397192354
GTEX-YJ89-0011-R7a-SM-4V6GO.1,BRAIN,64.5,7.3,1040.0,-2.30267331222258,0.060915879194453695
GTEX-YJ89-0011-R8b-SM-4SOK8.1,BRAIN,64.5,7.1,1040.0,-0.9585738382354884,0.08450476743378518
GTEX-YJ89-0011-R9a-SM-4SOK7.1,BRAIN,64.5,6.8,1040.0,1.4071287281239169,0.06898926524266188
GTEX-YJ89-0126-SM-4TT3X.1,SKIN,64.5,7.9,1135.0,-0.4894693760883605,-0.11816749028482788
GTEX-YJ89-2926-SM-5P9IT.1,BRAIN,64.5,7.0,1223.0,1.357319935111017,-0.20604527331685793
GTEX-YJ89-3026-SM-5IFJI.1,BRAIN,64.5,6.3,1225.0,-0.214334543310608,0.007553971232557848
GTEX-YJ8A-0426-SM-5IFID.1,SKIN,24.5,7.8,211.0,-0.2757036907794234,-0.015406113398966127
GTEX-YJ8O-0826-SM-5CVM3.1,HEART,44.5,6.1,727.0,-1.0718597563503924,0.12077597315507996
GTEX-YJ8O-0926-SM-EAZ2Z.1,HEART,44.5,5.5,729.0,-2.8347629285724496,-0.03717693279076019
GTEX-YJ8O-2526-SM-5HL85.1,SKIN,44.5,7.3,820.0,-0.4246668831063491,-0.05782990000936745
GTEX-YJ8O-2826-SM-5CVM4.1,MUSCLE,44.5,7.0,835.0,-1.1333006536474015,0.0035176294546519727
GTEX-Z93S-0008-SM-4RGM5.1,SKIN,54.5,9.8,1039.0,0.0510410683018829,0.21019599677135245
GTEX-Z93S-0011-R10a-SM-4RGNM.1,BRAIN,54.5,8.2,1015.0,0.5684601686498376,-0.013841056127542283
GTEX-Z93S-0011-R11a-SM-4RGNN.1,BRAIN,54.5,8.3,1015.0,2.318000510512525,-0.22924043040656
GTEX-Z93S-0011-R2a-SM-4RGNG.1,BRAIN,54.5,8.2,1015.0,1.066492285107843,0.024749715654875774
GTEX-Z93S-0011-R3b-SM-4RGNH.1,BRAIN,54.5,7.7,1015.0,0.5111928127204082,-0.06425834696880746
GTEX-Z93S-0011-R5b-SM-4RGNI.1,BRAIN,54.5,8.1,1015.0,-0.8584827793383513,-0.025550766160993246
GTEX-Z93S-0011-R6b-SM-4RGNJ.1,BRAIN,54.5,8.4,1015.0,0.6812178532407228,-0.006301867304774381
GTEX-Z93S-0011-R7b-SM-4RGNK.1,BRAIN,54.5,7.7,1015.0,-0.9994485595703084,-0.00038162973901609856
GTEX-Z93S-0011-R8a-SM-4RGNL.1,BRAIN,54.5,7.2,1015.0,0.4159034040802694,0.05145983799828764
GTEX-Z93S-0126-SM-5HL7M.1,SKIN,54.5,7.1,1038.0,-0.8254995085571208,-0.17154863805781428
GTEX-Z93S-0326-SM-5HL84.1,HEART,54.5,7.0,1046.0,-0.1852701312825567,0.009929794419602338
GTEX-Z93S-1326-SM-5CVMR.1,MUSCLE,54.5,7.6,1070.0,-0.001822438043135,-0.10887267372115407
GTEX-Z93S-1626-SM-5CVMB.1,SKIN,54.5,6.6,1088.0,-0.7347031279449767,-0.1475072690615225
GTEX-Z93S-2826-SM-57WBL.1,BRAIN,54.5,6.5,1139.0,1.5869475603679657,-0.1959414221497563
GTEX-Z93S-2926-SM-57WB9.1,BRAIN,54.5,6.6,1141.0,-0.0736516563905565,-0.09411488729576108
GTEX-Z93T-0126-SM-5HL5N.1,SKIN,54.5,6.9,17.0,-1.3194933287473014,0.01927024251313988
GTEX-Z9EW-0426-SM-5CVM9.1,LIVER,44.5,7.2,202.0,0.5010025810066288,0.13233112705339325
GTEX-Z9EW-1626-SM-5CVMN.1,SKIN,44.5,7.8,239.0,0.008140043302539,-0.05887940185585669
GTEX-Z9EW-1726-SM-5CVMO.1,MUSCLE,44.5,7.9,244.0,-1.5176108357486848,0.09902593840438191
GTEX-ZA64-1026-SM-5HL8R.1,SKIN,24.5,7.5,125.0,-2.471409632643983,0.09297110746417057
GTEX-ZA64-2026-SM-5PNXT.1,MUSCLE,24.5,8.2,198.0,-1.5209435037883707,0.0002730465626210869
GTEX-ZAB4-0008-SM-4RGM6.1,SKIN,44.5,10.0,467.0,1.082258190073094,0.2126282488875829
GTEX-ZAB4-0011-R10a-SM-4SOKH.1,BRAIN,44.5,7.1,337.0,1.1232600916373034,-0.09621130908779824
GTEX-ZAB4-0011-R11a-SM-4SOKI.1,BRAIN,44.5,8.9,337.0,2.4569870549054413,-0.30193091527706867
GTEX-ZAB4-0011-R1a-SM-4RGNO.1,BRAIN,44.5,7.7,337.0,0.609480351974115,0.01985895619325923
GTEX-ZAB4-0011-R2a-SM-4RGNP.1,BRAIN,44.5,8.2,337.0,1.725090291741466,-0.10044832125275424
GTEX-ZAB4-0011-R3a-SM-4RGNQ.1,BRAIN,44.5,8.9,337.0,1.1479000404658422,-0.021814404575222178
GTEX-ZAB4-0011-R4a-SM-4SOKB.1,BRAIN,44.5,6.2,337.0,0.1564067777511499,-0.14252261307499084
GTEX-ZAB4-0011-R5a-SM-4SOKC.1,BRAIN,44.5,8.2,337.0,0.9060476182842524,-0.06435364551655322
GTEX-ZAB4-0011-R6a-SM-4SOKD.1,BRAIN,44.5,6.8,337.0,-0.4230485299226698,-0.10539649634098536
GTEX-ZAB4-0011-R7a-SM-4SOKE.1,BRAIN,44.5,8.2,337.0,1.2373559337849438,-0.05106772287871938
GTEX-ZAB4-0011-R8b-SM-4SOKF.1,BRAIN,44.5,7.5,337.0,0.1500675915011449,-0.05828089135864875
GTEX-ZAB4-0011-R9a-SM-4SOKG.1,BRAIN,44.5,7.7,337.0,1.30990548970478,-0.06823684550281849
GTEX-ZAB4-0226-SM-5N9F5.1,SKIN,44.5,5.7,465.0,-1.1111527079680057,-0.09079208180154016
GTEX-ZAB4-0426-SM-5HL7N.1,MUSCLE,44.5,8.1,489.0,-0.5501698445080363,-0.07482044215087039
GTEX-ZAB4-0826-SM-5LU9D.1,LIVER,44.5,5.7,503.0,-0.6224893703662115,-0.27724009972183
GTEX-ZAB4-0926-SM-5CVN4.1,HEART,44.5,7.5,504.0,0.6977471983807825,-0.08081094841317618
GTEX-ZAB4-1026-SM-5HL7T.1,HEART,44.5,6.9,506.0,-0.5372995088164737,-0.13032492514458405
GTEX-ZAB4-2126-SM-5HL8U.1,SKIN,44.5,6.5,533.0,-1.1467664333640313,-0.14071221065818318
GTEX-ZAB4-2926-SM-57WCV.1,BRAIN,44.5,7.7,587.0,1.1383905047510487,-0.24090140599391688
GTEX-ZAB5-0126-SM-5CVMT.1,HEART,54.5,8.4,168.0,0.1820812731405329,-0.11283134009128769
GTEX-ZAB5-0226-SM-5CVMH.1,HEART,54.5,7.5,166.0,0.3406568707753994,-0.08553304514485688
GTEX-ZAB5-0426-SM-5CVMI.1,LIVER,54.5,7.8,177.0,0.7144397392067673,-0.08283610360428428
GTEX-ZAB5-1826-SM-5HL7C.1,SKIN,54.5,6.6,223.0,-0.6599611507974609,-0.1585674665772896
GTEX-ZAB5-2126-SM-5K7UN.1,MUSCLE,54.5,8.0,236.0,-1.194347477923122,-0.08144270792431617
GTEX-ZAB5-2626-SM-5KM3Y.1,SKIN,54.5,6.9,262.0,0.2437209213073085,-0.054453728423057575
GTEX-ZAJG-0126-SM-5HL94.1,SKIN,54.5,6.5,724.0,-1.6823487178019343,0.13055929508892106
GTEX-ZAJG-0526-SM-5S2MT.1,MUSCLE,54.5,8.4,731.0,0.7551336278886449,0.24301384212234262
GTEX-ZAJG-0826-SM-5PNVA.1,HEART,54.5,6.4,788.0,0.7580777355043959,-0.005529298579063207
GTEX-ZAJG-0926-SM-5Q5AB.1,HEART,54.5,5.9,790.0,0.6266954616847856,0.19129397364024833
GTEX-ZAJG-1526-SM-5CVML.1,SKIN,54.5,6.1,811.0,0.2602371389466467,-0.05301104885857971
GTEX-ZAJG-3026-SM-5HL92.1,BRAIN,54.5,7.0,891.0,2.2504056849330523,-0.16701228061391662
GTEX-ZAJG-3126-SM-5HL9J.1,BRAIN,54.5,6.3,893.0,0.4647360948984006,0.045642354469393465
GTEX-ZAK1-0011-R4a-SM-6AJBK.1,BRAIN,54.5,7.4,631.0,0.008013061160549,0.04805758985750106
GTEX-ZAK1-0126-SM-5IJD3.1,SKIN,54.5,7.3,710.0,-0.111433684905036,-0.002420123738047375
GTEX-ZAK1-0526-SM-5K7X4.1,MUSCLE,54.5,7.3,735.0,0.1236625709160479,0.005636582677587969
GTEX-ZAK1-0626-SM-5HL8E.1,SKIN,54.5,6.7,740.0,-1.3602379752404974,-0.06045124521571365
GTEX-ZAK1-1126-SM-5PNXU.1,HEART,54.5,7.0,791.0,3.072745297699436,-0.047217473516843946
GTEX-ZAK1-2926-SM-5HL9S.1,BRAIN,54.5,6.1,855.0,1.0870459410242608,-0.1891189512350225
GTEX-ZAK1-3026-SM-5S2MJ.1,BRAIN,54.5,7.1,856.0,0.5242517684283492,-0.0030260146556158243
GTEX-ZAKK-0326-SM-5EGHA.1,MUSCLE,74.5,8.0,35.0,0.2822558058089688,-0.008144074194875658
GTEX-ZC5H-0008-SM-4WAX8.1,SKIN,44.5,9.9,212.0,1.6635625711210411,0.2815596272003837
GTEX-ZC5H-0226-SM-4WAY9.1,SKIN,44.5,6.6,212.0,-0.0189842173150462,-0.029683517261489874
GTEX-ZC5H-0326-SM-5HL9F.1,MUSCLE,44.5,8.2,213.0,0.9767558174290336,0.22225530043333253
GTEX-ZC5H-1526-SM-5HL9Y.1,SKIN,44.5,7.4,281.0,-0.7431721070164035,-0.10649089034990575
GTEX-ZDTS-0008-SM-4E3I8.1,SKIN,64.5,10.0,630.0,1.1787246880204891,0.16365068703694843
GTEX-ZDTS-0126-SM-4WAY5.1,SKIN,64.5,7.5,628.0,-0.7294228509669258,-0.19325275160914668
GTEX-ZDTS-0526-SM-4WKH9.1,MUSCLE,64.5,8.0,638.0,-0.0497712029437167,0.029640807259094838
GTEX-ZDTS-0526-SM-62LFA.1,MUSCLE,64.5,8.0,638.0,-0.0417122505580113,0.0908120879037719
GTEX-ZDTS-0526-SM-6AJB8.1,MUSCLE,64.5,8.0,638.0,0.4344976571339251,0.07408262376157977
GTEX-ZDTS-0526-SM-6EU38.1,MUSCLE,64.5,8.0,638.0,1.5771324290712605,0.08518157510797282
GTEX-ZDTS-0826-SM-4WKHL.1,SKIN,64.5,7.3,645.0,-1.2398575531718052,-0.1877818031362428
GTEX-ZDTS-1226-SM-4WKGL.1,HEART,64.5,6.7,664.0,2.274803969923717,0.06317662025330378
GTEX-ZDTS-1326-SM-4WKGX.1,HEART,64.5,6.8,667.0,-0.0439210953337518,0.0551134296520251
GTEX-ZDTS-1326-SM-6LLHE.1,HEART,64.5,6.8,667.0,-0.0135715404935035,0.04935307818103109
GTEX-ZDTS-1326-SM-6M462.1,HEART,64.5,6.8,667.0,-0.0313093132641534,0.030743171625180116
GTEX-ZDTT-0008-SM-4E3K5.1,SKIN,64.5,9.8,183.0,0.956423997062878,0.21671468432626464
GTEX-ZDTT-0326-SM-4WKF9.1,HEART,64.5,8.3,96.0,0.4566822237035985,0.16649415649659294
GTEX-ZDTT-0426-SM-4WKFL.1,SKIN,64.5,6.8,97.0,-2.4727871760376883,-0.08691290076372045
GTEX-ZDTT-0726-SM-4WKFK.1,HEART,64.5,8.6,103.0,0.3954199061208024,-0.07873670682126453
GTEX-ZDTT-2726-SM-4WKF8.1,SKIN,64.5,6.7,183.0,-0.5570819696126553,-0.012188705520455277
GTEX-ZDXO-0008-SM-4E3HR.1,SKIN,64.5,10.0,1082.0,1.4844946273985766,0.35030577358228776
GTEX-ZDXO-0011-R10a-SM-4WWD8.1,BRAIN,64.5,7.7,993.0,1.128400159434357,-0.028324299035966755
GTEX-ZDXO-0011-R11a-SM-4WWD9.1,BRAIN,64.5,9.0,993.0,2.132874609780555,-0.1399334102835248
GTEX-ZDXO-0011-R1a-SM-4WKF4.1,BRAIN,64.5,8.1,993.0,-0.4765104841171403,0.0755563783501319
GTEX-ZDXO-0011-R2b-SM-4WKFG.1,BRAIN,64.5,5.7,993.0,-2.441736108190152,0.07669949189057935
GTEX-ZDXO-0011-R3a-SM-4WKFS.1,BRAIN,64.5,7.1,993.0,0.3145462394431276,-0.024255595411852553
GTEX-ZDXO-0011-R5a-SM-4WKG5.1,BRAIN,64.5,7.4,993.0,-1.2125604711417624,0.15470988026726692
GTEX-ZDXO-0011-R6a-SM-4WWCT.1,BRAIN,64.5,6.9,993.0,-0.1267311525207311,0.053244013709322156
GTEX-ZDXO-0011-R7a-SM-4WWCU.1,BRAIN,64.5,6.5,993.0,-1.8130800521777364,0.09851683942527165
GTEX-ZDXO-0011-R8a-SM-4WWD7.1,BRAIN,64.5,7.8,993.0,-0.7746806005439245,0.1976972210979919
GTEX-ZDXO-0326-SM-4WKHJ.1,MUSCLE,64.5,8.3,1078.0,0.8351455259915389,-0.06371123988590732
GTEX-ZDXO-0426-SM-4WKF6.1,HEART,64.5,6.0,1117.0,1.9944474158182344,0.026546271954778083
GTEX-ZDXO-0726-SM-57WBT.1,HEART,64.5,7.1,1126.0,0.2454518370705586,0.033007650589161865
GTEX-ZDXO-2126-SM-4WKFI.1,BRAIN,64.5,6.0,1261.0,-0.425644120554211,-0.017126969828227267
GTEX-ZDXO-2926-SM-4WKFM.1,BRAIN,64.5,6.8,1268.0,1.077796384479314,-0.13596330897810333
GTEX-ZDXO-3026-SM-5J1N5.1,SKIN,64.5,6.1,1073.0,-1.4942063846471014,0.022375840217523667
GTEX-ZDXO-3126-SM-5IJDF.1,SKIN,64.5,6.0,1218.0,-1.0210077611337018,-0.16154849913882738
GTEX-ZDYS-0008-SM-4E3IX.1,SKIN,54.5,10.0,206.0,0.5410304918433332,0.21504199829970355
GTEX-ZDYS-0226-SM-5HL4K.1,HEART,54.5,8.1,148.0,-0.3768153196261111,0.024674038019195488
GTEX-ZDYS-0326-SM-5HL4W.1,HEART,54.5,7.0,150.0,-0.595808455431492,0.059764116257253856
GTEX-ZDYS-1726-SM-5HL4Y.1,MUSCLE,54.5,7.9,197.0,-1.2176873107325097,0.041196408444656954
GTEX-ZDYS-2026-SM-5HL5L.1,SKIN,54.5,7.6,205.0,-2.302646722706812,-0.08280802994708507
GTEX-ZDYS-2426-SM-4WKGI.1,SKIN,54.5,8.1,216.0,-2.057497399414926,-0.06354158603947963
GTEX-ZE7O-0008-SM-4E3JQ.1,SKIN,54.5,10.0,1066.0,1.0413555238160417,-0.04673054229801915
GTEX-ZE7O-0011-R10a-SM-57WAZ.1,BRAIN,54.5,6.2,1039.0,0.8156824117979815,0.0075540391498955615
GTEX-ZE7O-0011-R11a-SM-57WBC.1,BRAIN,54.5,8.2,1039.0,0.5734382513060725,-0.17887887831881255
GTEX-ZE7O-0011-R1a-SM-57WDM.1,BRAIN,54.5,5.7,1039.0,-3.593919999026858,0.02779378173466743
GTEX-ZE7O-0011-R5a-SM-57WBO.1,BRAIN,54.5,8.0,1039.0,-1.1043293186766467,0.1072007244612658
GTEX-ZE7O-0011-R6a-SM-57WCI.1,BRAIN,54.5,6.9,1039.0,-2.082126526964821,0.0863003978714833
GTEX-ZE7O-0011-R7a-SM-57WCU.1,BRAIN,54.5,6.0,1039.0,-2.243836371112378,0.07761430768722374
GTEX-ZE7O-0126-SM-57WC1.1,SKIN,54.5,7.2,1065.0,-1.0225045006686595,-0.11025331705199469
GTEX-ZE7O-0326-SM-51MTH.1,MUSCLE,54.5,6.9,1074.0,0.8807751745645963,0.03126740292036686
GTEX-ZE7O-0626-SM-57WCD.1,HEART,54.5,6.5,1164.0,1.077191571119387,-0.02607410009270272
GTEX-ZE7O-2726-SM-51MT5.1,SKIN,54.5,7.5,1229.0,0.3016048840279722,0.07452070067687362
GTEX-ZE7O-3126-SM-5HL5X.1,BRAIN,54.5,5.8,1284.0,-0.0796233382409551,0.004400105291513038
GTEX-ZE9C-0008-SM-4E3K6.1,SKIN,64.5,9.7,683.0,1.2702286886950969,0.3735354018437907
GTEX-ZE9C-0011-R11a-SM-4WKGG.1,BRAIN,64.5,6.3,597.0,-0.3566732898111679,-0.12645768231224455
GTEX-ZE9C-0011-R2a-SM-4WKGH.1,BRAIN,64.5,6.0,597.0,-0.4187636829913723,0.1322845537774612
GTEX-ZE9C-0011-R3a-SM-4WKGT.1,BRAIN,64.5,6.2,597.0,-0.390948814450854,0.021001963957398857
GTEX-ZE9C-0011-R4a-SM-4WKH6.1,BRAIN,64.5,5.1,597.0,-2.742649105017382,0.06897701970456452
GTEX-ZE9C-0011-R5a-SM-5EGLO.1,BRAIN,64.5,8.0,597.0,-0.8188925354210208,0.0741845622747838
GTEX-ZE9C-0011-R6a-SM-4WWCW.1,BRAIN,64.5,7.6,597.0,-0.3680278479933284,0.04795052648971451
GTEX-ZE9C-0011-R7a-SM-4WWCX.1,BRAIN,64.5,6.7,597.0,-0.4968880672953562,0.10437098825177171
GTEX-ZE9C-0011-R9a-SM-4WWCY.1,BRAIN,64.5,6.2,597.0,2.07929683272956,0.35744957155302115
GTEX-ZE9C-2326-SM-5J1NT.1,MUSCLE,64.5,6.6,675.0,1.2339594132684202,0.04422311422290612
GTEX-ZE9C-2526-SM-5IJDR.1,SKIN,64.5,6.4,678.0,0.0369146728032901,-0.16809766235047707
GTEX-ZE9C-2726-SM-57WB5.1,SKIN,64.5,7.3,682.0,0.1092448416928786,-0.1386688911886999
GTEX-ZE9C-3026-SM-4WKHB.1,BRAIN,64.5,8.1,689.0,0.308491665903329,0.011501750371805248
GTEX-ZEX8-0008-SM-4E3JU.1,SKIN,54.5,10.0,195.0,1.4382730868729392,0.33742200338876777
GTEX-ZEX8-0326-SM-4WKGS.1,HEART,54.5,6.5,73.0,0.1555826988699686,-0.03725390744436464
GTEX-ZEX8-0326-SM-DO92C.1,HEART,54.5,6.5,73.0,0.5732164518660792,-0.09102512993314553
GTEX-ZEX8-0426-SM-4WWEN.1,HEART,54.5,7.0,74.0,0.3298309896710411,-0.07567674327607173
GTEX-ZEX8-0426-SM-DO92Y.1,HEART,54.5,7.0,74.0,0.3941731020324682,-0.06645516621434562
GTEX-ZEX8-0826-SM-4WKHK.1,LIVER,54.5,7.8,85.0,0.6583849424227282,-0.013345337952298116
GTEX-ZEX8-2426-SM-4WKG4.1,SKIN,54.5,5.7,195.0,-1.2634479166137875,-0.028915250385544794
GTEX-ZEX8-2526-SM-DO92M.1,MUSCLE,54.5,7.1,198.0,-1.0603254609731871,-0.20647334508963003
GTEX-ZF28-0008-SM-4E3K3.1,SKIN,64.5,10.0,464.0,2.7585005453715605,-0.12398183696638965
GTEX-ZF28-0011-R10a-SM-4WWEH.1,BRAIN,64.5,8.1,375.0,0.5822742044359883,-0.07627489142180786
GTEX-ZF28-0011-R11a-SM-4WWEI.1,BRAIN,64.5,6.3,375.0,-2.329585489873299,-0.06218959462935192
GTEX-ZF28-0011-R1a-SM-4WWD1.1,BRAIN,64.5,6.1,375.0,-2.66108142047188,-0.03728616774767883
GTEX-ZF28-0011-R3a-SM-4WWDA.1,BRAIN,64.5,7.3,375.0,-1.6260682208007458,-0.06819423412579413
GTEX-ZF28-0011-R5a-SM-4WWCZ.1,BRAIN,64.5,7.5,375.0,-1.2645870591213466,-0.009168667553351608
GTEX-ZF28-0011-R6a-SM-4WKHI.1,BRAIN,64.5,6.7,375.0,-1.562020655933421,0.05578359677721277
GTEX-ZF28-0011-R7a-SM-4WKF5.1,BRAIN,64.5,6.3,375.0,-2.5129583856121487,0.03452447699328558
GTEX-ZF28-0011-R8a-SM-4WWFW.1,BRAIN,64.5,6.2,375.0,-2.034921346476994,0.11071633538054493
GTEX-ZF28-0011-R9a-SM-4WWDY.1,BRAIN,64.5,7.3,375.0,-0.1727011840338115,-0.07389143911734736
GTEX-ZF28-0126-SM-4WKGK.1,SKIN,64.5,5.8,463.0,-1.2249881742812012,-0.049638000262321985
GTEX-ZF28-0526-SM-4WKGW.1,MUSCLE,64.5,8.3,486.0,0.2579848969165684,0.03461594270207256
GTEX-ZF28-2926-SM-4WKG1.1,BRAIN,64.5,6.1,595.0,-0.921437436936286,-0.14819292003067097
GTEX-ZF28-3026-SM-4WKHP.1,BRAIN,64.5,6.1,596.0,-0.4668107954612108,-0.09764863514591335
GTEX-ZF29-0226-SM-4WKHO.1,HEART,64.5,7.7,92.0,-0.2920972949046421,-0.08017798829455623
GTEX-ZF29-0426-SM-4WKFN.1,HEART,64.5,7.9,94.0,-0.2501631300078107,-0.06357945750446464
GTEX-ZF29-0926-SM-4WKFZ.1,SKIN,64.5,6.9,107.0,-0.7756939013097859,-0.011835508289945005
GTEX-ZF29-2026-SM-4WWB7.1,LIVER,64.5,9.1,164.0,0.8223175631349277,-0.10202101632428283
GTEX-ZF29-2026-SM-DNZYW.1,LIVER,64.5,9.1,164.0,0.9724456830585148,-0.11511902126887837
GTEX-ZF29-2326-SM-DO92K.1,SKIN,64.5,7.4,179.0,-0.1716615941957824,-0.17240453786601653
GTEX-ZF29-2426-SM-DO92G.1,MUSCLE,64.5,8.1,181.0,0.2115795709947864,-0.03687321497096241
GTEX-ZF2S-0008-SM-4E3IK.1,SKIN,54.5,9.9,184.0,1.6009703400515176,0.19857168081604945
GTEX-ZF2S-0826-SM-4WWBI.1,HEART,54.5,8.0,123.0,0.2076032998109132,-0.012932195203626602
GTEX-ZF2S-1026-SM-4WWB1.1,HEART,54.5,9.2,128.0,0.6592354938700512,-0.0708675190803531
GTEX-ZF2S-1026-SM-7KFSP.1,HEART,54.5,9.2,128.0,1.0971660697933752,-0.047184321747893124
GTEX-ZF2S-1026-SM-9QEGK.1,HEART,54.5,9.2,128.0,0.559647748805701,-0.07019866973242539
GTEX-ZF2S-1626-SM-57WES.1,SKIN,54.5,7.2,145.0,-1.5419082683777834,0.03292760387669869
GTEX-ZF2S-2126-SM-4WWAY.1,MUSCLE,54.5,9.0,178.0,-0.2604487630615303,0.05589249672010568
GTEX-ZF2S-2326-SM-4WWCE.1,SKIN,54.5,8.5,184.0,0.2809741882687321,-0.09081699781821169
GTEX-ZF2S-3026-SM-4WWCH.1,LIVER,54.5,9.5,89.0,1.003098022530038,-0.09075520710742939
GTEX-ZF3C-0008-SM-4E3IL.1,SKIN,54.5,9.9,453.0,1.1107449646286307,0.1324246319527689
GTEX-ZF3C-0126-SM-DO92D.1,SKIN,54.5,7.8,452.0,-0.9022792594844444,0.07199333659984546
GTEX-ZF3C-0326-SM-4WWBF.1,MUSCLE,54.5,8.4,477.0,0.5753110051316223,0.03837277140813144
GTEX-ZF3C-0626-SM-DO92O.1,SKIN,54.5,7.0,535.0,1.669558914466864,0.02704214796161533
GTEX-ZF3C-1126-SM-57WEG.1,HEART,54.5,6.0,559.0,-0.2078485884926642,-0.03896904079735171
GTEX-ZF3C-1226-SM-4WWCB.1,HEART,54.5,7.6,561.0,-3.1507118417635134,0.03199911514208173
GTEX-ZG7Y-0926-SM-5EQ6O.1,HEART,54.5,7.6,211.0,-0.1306752030857534,-0.17935499936250188
GTEX-ZG7Y-1426-SM-4WWBM.1,HEART,54.5,8.5,231.0,0.5028311525156708,0.06542716735289643
GTEX-ZGAY-0226-SM-4WWAL.1,HEART,44.5,7.8,147.0,0.2294259812376815,0.07015389514068515
GTEX-ZGAY-0326-SM-57WF5.1,HEART,44.5,8.6,149.0,-0.0264993250322926,-0.07714158332132877
GTEX-ZGAY-0526-SM-4WWBB.1,SKIN,44.5,8.0,229.0,-1.19360752406469,-0.10903318568714548
GTEX-ZGAY-0726-SM-DO91O.1,MUSCLE,44.5,8.4,234.0,-1.2913314355817054,-0.06766543441568455
GTEX-ZGAY-1826-SM-DO91Q.1,SKIN,44.5,7.3,271.0,-0.8612611584334433,0.06312555008231578
GTEX-ZLFU-0226-SM-4WWFH.1,HEART,44.5,5.9,91.0,0.165612567768253,-0.1199392031146458
GTEX-ZLFU-0326-SM-4WWBK.1,HEART,44.5,7.3,92.0,-1.2791412227620589,0.04634951873540686
GTEX-ZLFU-1826-SM-4WWBV.1,SKIN,44.5,6.1,164.0,-1.2832326075167595,0.129166403893992
GTEX-ZLFU-2526-SM-DO91K.1,MUSCLE,44.5,8.6,213.0,0.2967907597356711,-0.08947385773130735
GTEX-ZLV1-1526-SM-4WWBC.1,SKIN,64.5,7.0,1605.0,-1.2943791280223012,0.10373582770519597
GTEX-ZLV1-1526-SM-DO91J.1,SKIN,64.5,7.0,1605.0,-1.4296086151195642,0.132607636025019
GTEX-ZLV1-2126-SM-4WWD2.1,MUSCLE,64.5,8.2,1641.0,0.6620408968714363,-0.036629845394845026
GTEX-ZLWG-0008-SM-4E3J4.1,SKIN,54.5,10.0,176.0,1.766842246892715,0.3023315349652972
GTEX-ZLWG-0826-SM-59888.1,SKIN,54.5,7.0,99.0,-1.0615065584903465,-0.08114426203241705
GTEX-ZLWG-2126-SM-DO91M.1,MUSCLE,54.5,8.6,172.0,0.6107341378869188,0.024698827987836562
GTEX-ZP4G-0008-SM-4E3I4.1,SKIN,24.5,10.0,270.0,1.6042771560356337,0.3629271573796069
GTEX-ZP4G-1426-SM-4WWCL.1,SKIN,24.5,7.1,218.0,-1.7488344510766405,-0.01906179739868558
GTEX-ZP4G-2026-SM-57WEH.1,MUSCLE,24.5,8.0,258.0,-0.0149829771641153,-0.23456753623986226
GTEX-ZP4G-2426-SM-57WEY.1,SKIN,24.5,7.2,270.0,0.5962462631262098,0.07643584619178045
GTEX-ZPCL-0008-SM-4WWAU.1,SKIN,64.5,10.0,152.0,2.015292369861582,0.16800937674197253
GTEX-ZPCL-0426-SM-DNZZ4.1,HEART,64.5,8.9,81.0,0.8556233278306948,-0.10991563647165806
GTEX-ZPCL-0526-SM-DO91R.1,HEART,64.5,8.7,84.0,0.184540042566268,0.06031177098455012
GTEX-ZPCL-1126-SM-4WWFE.1,SKIN,64.5,6.3,104.0,-1.06293836074627,0.05372695188047677
GTEX-ZPCL-2026-SM-57WFD.1,MUSCLE,64.5,8.8,149.0,-1.0541809459998022,-0.027264763521710752
GTEX-ZPIC-0008-SM-4E3JF.1,SKIN,44.5,10.0,163.0,1.639167748807275,0.1867444088536538
GTEX-ZPIC-0426-SM-DO91V.1,HEART,44.5,8.3,130.0,0.3002842808016361,-0.06281851840323571
GTEX-ZPIC-0526-SM-DO91W.1,SKIN,44.5,7.3,132.0,-0.6872533814077142,-0.0751636255202779
GTEX-ZPIC-0826-SM-4WWFJ.1,HEART,44.5,8.7,139.0,0.8069497294918664,-0.18349512010071664
GTEX-ZPIC-1726-SM-57WF2.1,SKIN,44.5,7.5,162.0,0.6310867914246348,-0.09773784052639746
GTEX-ZPIC-1726-SM-DHXIU.1,SKIN,44.5,7.5,162.0,0.841194984341484,-0.11816703965030367
GTEX-ZPIC-2526-SM-57WDP.1,MUSCLE,44.5,8.4,185.0,0.2265117198242251,0.10885923443572007
GTEX-ZPU1-0008-SM-4E3IR.1,SKIN,44.5,10.0,175.0,1.10191796699447,0.3587068477151531
GTEX-ZPU1-0626-SM-4YCDM.1,HEART,44.5,7.3,96.0,-0.228530122264364,-0.13614479882726946
GTEX-ZPU1-0726-SM-5HL6O.1,HEART,44.5,7.3,111.0,-0.3529437611864668,0.015606190779385192
GTEX-ZPU1-0826-SM-57WG2.1,LIVER,44.5,9.6,103.0,1.5196223038999306,0.12541960612476086
GTEX-ZPU1-0826-SM-73KXI.1,LIVER,44.5,9.6,103.0,1.7990484753493354,0.0719492043876122
GTEX-ZPU1-0826-SM-7DHMN.1,LIVER,44.5,9.6,103.0,1.2071376075142632,0.11889822790804802
GTEX-ZPU1-1126-SM-4YCF3.1,SKIN,44.5,6.6,109.0,-1.5696686775554405,-0.05688163177948233
GTEX-ZQG8-0008-SM-4E3J9.1,SKIN,64.5,10.0,171.0,1.2299496530410892,0.2173655283519951
GTEX-ZQG8-0008-SM-4YCE7.1,SKIN,64.5,10.0,171.0,1.4156785924703366,0.17600494630612853
GTEX-ZQG8-0008-SM-C1YPW.1,SKIN,64.5,10.0,171.0,1.822079018096483,0.20890627108415677
GTEX-ZQG8-1226-SM-51MRX.1,MUSCLE,64.5,7.9,166.0,-1.556336879900588,0.09442171803705075
GTEX-ZQG8-1626-SM-5HL6H.1,SKIN,64.5,7.7,180.0,-0.4404111748700489,-0.08254376716098187
GTEX-ZQG8-1626-SM-DHXIT.1,SKIN,64.5,7.7,180.0,0.2245154490617984,-0.08630336909962448
GTEX-ZQG8-1926-SM-4YCEO.1,SKIN,64.5,7.3,183.0,1.03514256932356,-0.010615284443462554
GTEX-ZQUD-0008-SM-4YCCU.1,SKIN,34.5,10.0,219.0,2.3738622582056887,0.23137503769796477
GTEX-ZQUD-1426-SM-57WER.1,SKIN,34.5,6.5,221.0,-1.0724283521330105,-0.16201971950192084
GTEX-ZQUD-1526-SM-51MRE.1,HEART,34.5,6.7,223.0,-1.2362255301279084,0.11183143835693408
GTEX-ZQUD-1526-SM-7EWD9.1,HEART,34.5,6.7,223.0,-0.9483399188897266,0.023397147046275706
GTEX-ZQUD-1526-SM-7IGO2.1,HEART,34.5,6.7,223.0,-0.8870134887746042,0.04794519891802859
GTEX-ZQUD-1726-SM-51MRQ.1,MUSCLE,34.5,7.8,227.0,-1.2047799919652602,0.03744875734645265
GTEX-ZQUD-1726-SM-7P8ON.1,MUSCLE,34.5,7.8,227.0,5.004561858156981,0.08609208993221082
GTEX-ZT9W-0008-SM-4YCDJ.1,SKIN,54.5,10.0,181.0,1.970260946598989,0.14558481092346126
GTEX-ZT9W-0526-SM-57WFG.1,HEART,54.5,8.1,94.0,-0.8419754998740697,0.027511453914579074
GTEX-ZT9W-1126-SM-57WDR.1,SKIN,54.5,6.8,112.0,-2.5399193455950377,-0.13821208119911696
GTEX-ZT9W-2426-SM-57WFJ.1,SKIN,54.5,7.3,180.0,-0.5787921478656046,0.18486024694053904
GTEX-ZT9X-0008-SM-4YCD7.1,SKIN,44.5,10.0,247.0,1.3569399241350342,0.2513931713659435
GTEX-ZT9X-1526-SM-5DUXD.1,SKIN,44.5,7.5,190.0,-1.11611310600961,-0.06147639958915146
GTEX-ZT9X-1826-SM-57WDU.1,MUSCLE,44.5,8.8,250.0,-0.208649436432958,-0.06484703953759684
GTEX-ZTPG-0008-SM-4YCEK.1,SKIN,24.5,10.0,208.0,1.6588079180377784,0.09205765530812589
GTEX-ZTPG-0126-SM-5O9AL.1,MUSCLE,24.5,8.0,204.0,1.2734238384724472,-0.09675502116765716
GTEX-ZTPG-0326-SM-5O9AX.1,SKIN,24.5,7.3,208.0,-0.4587885919563854,-0.24154409050942469
GTEX-ZTPG-1226-SM-4YCDO.1,HEART,24.5,7.9,250.0,0.4906866779177808,-0.059370372734149426
GTEX-ZTPG-1326-SM-51MSQ.1,HEART,24.5,8.1,253.0,0.4914431824412003,0.1724252353281167
GTEX-ZTPG-1426-SM-51MT3.1,LIVER,24.5,6.8,254.0,1.929636500070449,-0.239457159274915
GTEX-ZTSS-0008-SM-4YCE8.1,SKIN,44.5,10.0,243.0,3.013731522729844,0.295725054962775
GTEX-ZTSS-1426-SM-5985P.1,SKIN,44.5,5.9,218.0,-2.3133339989555277,-0.03484013644691871
GTEX-ZTSS-1826-SM-57WEK.1,MUSCLE,44.5,7.0,240.0,2.767507617580574,-0.3832417060605736
GTEX-ZTSS-1926-SM-57WEW.1,SKIN,44.5,7.0,244.0,-0.4291606183161705,-0.02507716332008171
GTEX-ZTTD-0008-SM-51MQV.1,SKIN,54.5,10.0,241.0,1.6985200856781435,0.18907337763996973
GTEX-ZTTD-0326-SM-57WFW.1,MUSCLE,54.5,6.8,273.0,0.8810530047502549,-0.0493540651660223
GTEX-ZTTD-0526-SM-57WDV.1,HEART,54.5,7.1,277.0,5.1486529376817405,-0.08181612185904748
GTEX-ZTTD-0626-SM-4YCCY.1,HEART,54.5,6.8,280.0,2.9267672889737737,0.09988917775700037
GTEX-ZTTD-2826-SM-4YCFA.1,SKIN,54.5,7.3,384.0,0.9602084682185948,-0.15337902016738977
GTEX-ZTX8-0008-SM-4YCDV.1,SKIN,24.5,10.0,184.0,1.3930428851071883,0.2704444565060199
GTEX-ZTX8-1326-SM-4YCEL.1,SKIN,24.5,7.6,174.0,-3.431927841831561,0.05506886063149108
GTEX-ZTX8-1426-SM-5DUVO.1,SKIN,24.5,7.5,184.0,-0.6082968090120424,-0.024324678136730487
GTEX-ZTX8-1626-SM-51MRY.1,MUSCLE,24.5,8.3,187.0,-0.2256094269105176,0.005605862412117757
GTEX-ZU9S-0226-SM-5E441.1,SKIN,34.5,7.4,493.0,-0.2470775659214047,-0.12329959044261363
GTEX-ZU9S-1826-SM-5NQ9E.1,SKIN,34.5,6.4,619.0,-2.081726716330447,-0.09131227636329904
GTEX-ZUA1-0008-SM-4YCEW.1,SKIN,44.5,10.0,866.0,1.1933792904756135,0.17816567675771722
GTEX-ZUA1-0011-R10a-SM-51MT6.1,BRAIN,44.5,8.1,829.0,-0.4122762210928902,-0.021706028986653778
GTEX-ZUA1-0011-R11b-SM-51MTI.1,BRAIN,44.5,9.0,829.0,1.8323440359860448,-0.09750957141341471
GTEX-ZUA1-0011-R1a-SM-4YCE2.1,BRAIN,44.5,7.9,829.0,-0.587416063367009,0.0402381645664316
GTEX-ZUA1-0011-R3a-SM-4YCEE.1,BRAIN,44.5,6.6,829.0,0.1044523472694047,-0.02807612804153672
GTEX-ZUA1-0011-R5b-SM-51MTG.1,BRAIN,44.5,8.4,829.0,0.4139928768894342,0.04158972923809232
GTEX-ZUA1-0011-R6b-SM-4YCDD.1,BRAIN,44.5,7.3,829.0,0.2955402070559442,-0.008938157149210604
GTEX-ZUA1-0011-R7b-SM-4YCDP.1,BRAIN,44.5,8.9,829.0,-0.2455181708919057,-0.008351621999461838
GTEX-ZUA1-0011-R8b-SM-51MST.1,BRAIN,44.5,7.8,829.0,-0.2238619356298965,-0.028807762248294507
GTEX-ZUA1-0126-SM-5GU76.1,SKIN,44.5,6.1,865.0,0.8304280232354049,-0.11052132558996464
GTEX-ZUA1-0326-SM-5NQA3.1,MUSCLE,44.5,7.7,874.0,-0.7747381971165315,-0.09308588996504295
GTEX-ZUA1-0726-SM-4YCD9.1,HEART,44.5,7.5,889.0,-1.5892054009980328,0.0366130164040763
GTEX-ZUA1-0826-SM-4YCDL.1,HEART,44.5,8.5,891.0,-3.862998445078756,-0.02859670180347613
GTEX-ZUA1-2626-SM-5NQ92.1,SKIN,44.5,6.6,964.0,-2.0305297179074726,-0.30921989088736446
GTEX-ZUA1-2926-SM-59HL3.1,BRAIN,44.5,7.4,990.0,1.8788930349520752,-0.14056952734123582
GTEX-ZUA1-3026-SM-59HJC.1,BRAIN,44.5,7.5,992.0,0.038041211745364,-0.08706869928683082
GTEX-ZV68-0008-SM-4YCCV.1,SKIN,54.5,10.0,1262.0,1.2610011146004143,0.3293956804587443
GTEX-ZV68-0011-R10a-SM-51MT7.1,BRAIN,54.5,6.7,1176.0,-1.7639149526550209,0.09049152723921006
GTEX-ZV68-0011-R2a-SM-4YCDK.1,BRAIN,54.5,6.1,1176.0,-1.2916738042522216,0.15972223998842927
GTEX-ZV68-0011-R5a-SM-4YCDW.1,BRAIN,54.5,7.0,1176.0,-2.0202474298099515,0.1455619487316911
GTEX-ZV68-0011-R6a-SM-51MSR.1,BRAIN,54.5,5.9,1176.0,-2.203113571371428,0.21261412343257466
GTEX-ZV68-0011-R7a-SM-51MT4.1,BRAIN,54.5,6.3,1176.0,-2.389949914680828,0.20636984307519285
GTEX-ZV68-0126-SM-59HKS.1,SKIN,54.5,8.0,1237.0,-1.0108574735846028,-0.06691859336666495
GTEX-ZV68-0526-SM-59HKI.1,MUSCLE,54.5,5.9,1256.0,-0.7528672603896979,0.005689306181348606
GTEX-ZV6S-0008-SM-4YCF9.1,SKIN,44.5,10.0,433.0,1.5814562432665815,0.27539228341623323
GTEX-ZV6S-2126-SM-4YCEM.1,MUSCLE,44.5,7.5,429.0,0.1548571663379419,-0.09942262708670269
GTEX-ZV6S-2326-SM-4YCEY.1,SKIN,44.5,7.1,433.0,-0.3795163769574159,-0.021679410104070485
GTEX-ZV7C-0008-SM-57WCL.1,SKIN,54.5,10.0,165.0,1.726361956684511,0.16692422841113283
GTEX-ZV7C-0326-SM-57WB1.1,HEART,54.5,8.3,103.0,0.2203716786164449,-0.11419224495624969
GTEX-ZV7C-0526-SM-51MRB.1,HEART,54.5,8.0,105.0,0.1955446798242294,0.26801315665377484
GTEX-ZV7C-0526-SM-9WPNK.1,HEART,54.5,8.0,105.0,0.7097562954659012,0.23879490432590433
GTEX-ZV7C-0926-SM-59HL1.1,SKIN,54.5,7.8,116.0,-1.7739074145200222,0.3434759520020737
GTEX-ZV7C-2426-SM-5NQ7Q.1,MUSCLE,54.5,7.6,172.0,0.8925054381273958,-0.15340895023541473
GTEX-ZVE1-0008-SM-51MS9.1,SKIN,54.5,9.9,1068.0,1.0715471037901445,0.29395981402896726
GTEX-ZVE1-0526-SM-5NQ71.1,MUSCLE,54.5,6.0,1075.0,1.130203865346639,-0.029948601453111016
GTEX-ZVE1-0726-SM-51MRN.1,SKIN,54.5,5.9,1079.0,-0.3699464078203416,-0.15576409142291484
GTEX-ZVE2-0008-SM-51MRU.1,SKIN,54.5,10.0,522.0,1.2380765806497696,0.29315572129930273
GTEX-ZVE2-0226-SM-59HJB.1,SKIN,54.5,7.7,521.0,-0.0612008749680417,-0.1580400223084922
GTEX-ZVE2-0626-SM-5GU7I.1,MUSCLE,54.5,6.3,584.0,1.2184818673982731,-0.04899553613400533
GTEX-ZVE2-2826-SM-5GU51.1,SKIN,54.5,6.7,691.0,0.3786449590433304,-0.1946536109556995
GTEX-ZVP2-0008-SM-51MSL.1,SKIN,54.5,10.0,172.0,1.3256872264831605,0.28941823277755385
GTEX-ZVP2-0326-SM-57WBP.1,SKIN,54.5,5.8,134.0,-2.940446285602924,0.01778590820434125
GTEX-ZVP2-0626-SM-51MSO.1,LIVER,54.5,7.7,137.0,0.2155081860428403,-0.030294471053357197
GTEX-ZVP2-2126-SM-5GU6E.1,MUSCLE,54.5,7.7,177.0,0.751992905818376,-0.15555622820454548
GTEX-ZVT2-0008-SM-57WC9.1,SKIN,54.5,10.0,149.0,1.8604121254385748,0.05710148159439934
GTEX-ZVT2-0126-SM-5GIDQ.1,SKIN,54.5,6.9,85.0,-1.7586839101006857,0.0009944787386723546
GTEX-ZVT2-0926-SM-5GICE.1,HEART,54.5,8.7,99.0,-0.3013734934323108,-0.0015996394901642457
GTEX-ZVT2-1026-SM-5GU55.1,HEART,54.5,7.9,102.0,-0.2341273412996209,-0.09178765158394026
GTEX-ZVT2-2426-SM-57WCQ.1,MUSCLE,54.5,8.2,147.0,-1.475846927521782,0.021080187725923332
GTEX-ZVT2-2526-SM-51MT1.1,SKIN,54.5,7.8,149.0,-1.670205144309182,-0.033442603560205626
GTEX-ZVT3-0008-SM-51MRI.1,SKIN,64.5,9.9,573.0,1.0981333081731144,0.32050608304762535
GTEX-ZVT3-0011-R10b-SM-57WB6.1,BRAIN,64.5,6.6,524.0,0.0986813499948096,-0.011170466832239457
GTEX-ZVT3-0011-R11b-SM-57WBI.1,BRAIN,64.5,7.2,524.0,0.244029030383641,-0.12407869330812837
GTEX-ZVT3-0011-R3b-SM-51MTJ.1,BRAIN,64.5,6.4,524.0,-2.0483243395290254,0.04474681762437411
GTEX-ZVT3-0011-R5a-SM-51MSI.1,BRAIN,64.5,7.8,524.0,-2.2876085305855565,0.12018430716348315
GTEX-ZVT3-0011-R6a-SM-51MSU.1,BRAIN,64.5,7.5,524.0,-2.463355362385621,0.08351475924844473
GTEX-ZVT3-0011-R7a-SM-57WCO.1,BRAIN,64.5,6.9,524.0,-3.338376061301408,0.08755178146684975
GTEX-ZVT3-0011-R8b-SM-57WDJ.1,BRAIN,64.5,6.6,524.0,-0.5853306604924549,0.200718636302517
GTEX-ZVT3-0126-SM-5GU6I.1,SKIN,64.5,7.0,572.0,0.154475715404466,0.0013251877911481832
GTEX-ZVT3-0526-SM-5GIE9.1,MUSCLE,64.5,8.6,583.0,-0.1370590627083018,-0.009130184677164121
GTEX-ZVT3-0826-SM-5GIC8.1,HEART,64.5,7.2,609.0,2.189529482645599,0.03469122054098173
GTEX-ZVT3-1626-SM-5GU66.1,LIVER,64.5,6.0,623.0,-0.199184794322896,-0.006309614042077196
GTEX-ZVT3-2926-SM-5GU6M.1,BRAIN,64.5,6.1,661.0,0.2867129735511747,-0.1810794170434001
GTEX-ZVT3-3026-SM-5E43N.1,BRAIN,64.5,6.9,663.0,0.3440574327702745,0.002022059946457326
GTEX-ZVT4-0008-SM-57WCA.1,SKIN,54.5,10.0,603.0,1.2122120574465671,0.3538602545698422
GTEX-ZVT4-0126-SM-51MS1.1,SKIN,54.5,7.5,602.0,0.0322967888208862,0.039232976279005086
GTEX-ZVT4-0126-SM-DTXFN.1,SKIN,54.5,8.0,602.0,0.8032686628383343,-0.08269166441186487
GTEX-ZVT4-0326-SM-51MS5.1,MUSCLE,54.5,7.9,607.0,0.0839258665744466,0.14461093535482752
GTEX-ZVT4-0626-SM-5E45T.1,LIVER,54.5,5.9,615.0,-1.013648442924533,0.10729215974396368
GTEX-ZVT4-1326-SM-5NQ8E.1,HEART,54.5,5.7,642.0,0.904125214819276,0.30108516956146736
GTEX-ZVT4-2426-SM-5GIEI.1,SKIN,54.5,7.5,669.0,-0.3033695931038831,-0.10992086993010662
GTEX-ZVTK-0008-SM-57WDA.1,SKIN,24.5,10.0,946.0,1.0243294951035675,0.20842646145819618
GTEX-ZVTK-0226-SM-51MRG.1,SKIN,24.5,6.6,899.0,0.5154322355035922,-0.3773156040817382
GTEX-ZVTK-0426-SM-51MRS.1,SKIN,24.5,7.2,945.0,-1.6747791330983746,-0.020696971248459883
GTEX-ZVTK-0626-SM-5GU6Y.1,MUSCLE,24.5,8.2,956.0,-0.474846129319726,-0.17627037219094008
GTEX-ZVZO-0126-SM-5A5L9.1,SKIN,44.5,6.9,143.0,-1.3882583168375298,0.043167318796352765
GTEX-ZVZO-0326-SM-5HL4N.1,MUSCLE,44.5,7.8,147.0,1.2170306538034217,0.03397676399609367
GTEX-ZVZP-0008-SM-51MSX.1,SKIN,54.5,10.0,158.0,1.6752069709624835,0.22362434337414822
GTEX-ZVZP-0226-SM-5NQ73.1,HEART,54.5,9.1,64.0,-0.3742212944311459,-0.010660603819851929
GTEX-ZVZP-1226-SM-5GID7.1,SKIN,54.5,5.9,101.0,-1.31424194788072,0.027494083165252075
GTEX-ZVZP-2426-SM-59HKJ.1,SKIN,54.5,7.2,158.0,-0.4889704024351108,-0.10165843621730832
GTEX-ZVZP-2526-SM-57WBR.1,MUSCLE,54.5,7.5,162.0,-1.5077784040064612,0.03275770235546942
GTEX-ZVZQ-0008-SM-51MSK.1,SKIN,64.5,8.2,1111.0,2.0106116355312142,0.1790692920124016
GTEX-ZVZQ-0011-R10b-SM-51MRT.1,BRAIN,64.5,8.6,1005.0,0.6016865399935329,0.013602102045294561
GTEX-ZVZQ-0011-R11a-SM-51MS6.1,BRAIN,64.5,8.8,1005.0,1.257570561699148,-0.13447980928310246
GTEX-ZVZQ-0011-R1a-SM-57WBU.1,BRAIN,64.5,6.2,1005.0,-2.608300805442729,0.03922628192079056
GTEX-ZVZQ-0011-R3a-SM-57WC7.1,BRAIN,64.5,5.8,1005.0,-0.0091177686598089,0.04161164379267887
GTEX-ZVZQ-0011-R4b-SM-57WCZ.1,BRAIN,64.5,7.9,1005.0,-0.5035718357242555,0.00395509176348154
GTEX-ZVZQ-0011-R5b-SM-57WDC.1,BRAIN,64.5,7.9,1005.0,-1.6824239961335887,0.01960485859225123
GTEX-ZVZQ-0011-R6b-SM-57WAY.1,BRAIN,64.5,7.6,1005.0,-0.7090918797027808,-0.00409674357890889
GTEX-ZVZQ-0011-R7b-SM-57WBB.1,BRAIN,64.5,7.1,1005.0,-0.1300177389603312,0.10555819364458292
GTEX-ZVZQ-0011-R8a-SM-51MR5.1,BRAIN,64.5,7.5,1005.0,-1.5073172785529394,0.11372756852189876
GTEX-ZVZQ-0011-R9a-SM-51MRH.1,BRAIN,64.5,8.1,1005.0,0.5146610633655232,0.15617731469513524
GTEX-ZVZQ-0326-SM-59HLL.1,SKIN,64.5,7.7,1110.0,0.1461598764360391,-0.8991854546498974
GTEX-ZVZQ-0726-SM-51MR3.1,HEART,64.5,6.3,1129.0,0.7521776651044767,0.05764188702260026
GTEX-ZWKS-0126-SM-5SIAA.1,SKIN,34.5,7.1,954.0,-1.133070461818572,-0.12906533384096927
GTEX-ZWKS-0326-SM-5NQ7G.1,MUSCLE,34.5,6.2,958.0,-1.1971604836243992,-0.31265732050535355
GTEX-ZWKS-0626-SM-5GIDV.1,SKIN,34.5,6.2,964.0,0.0708031559562852,-0.25608013076896335
GTEX-ZXES-0008-SM-57WCX.1,SKIN,34.5,10.0,154.0,1.0416452004777883,0.3208461932717539
GTEX-ZXES-1826-SM-5E43S.1,SKIN,34.5,6.1,150.0,-2.2265400569724907,-0.07530872287670626
GTEX-ZXG5-0008-SM-57WDB.1,SKIN,64.5,10.0,1060.0,1.872353928470216,0.2336813039622369
GTEX-ZXG5-0011-R10a-SM-57WDD.1,BRAIN,64.5,6.3,965.0,-1.425382818172003,-0.03599479496678463
GTEX-ZXG5-0011-R5b-SM-57WBN.1,BRAIN,64.5,7.6,965.0,-1.53693115456132,0.06878361028485229
GTEX-ZXG5-0011-R6a-SM-57WBZ.1,BRAIN,64.5,7.9,965.0,-0.8888883984376296,0.03132421585635228
GTEX-ZXG5-0011-R7b-SM-57WCC.1,BRAIN,64.5,6.7,965.0,-2.335302060641731,0.06273050651800091
GTEX-ZXG5-0011-R8a-SM-57WD1.1,BRAIN,64.5,7.6,965.0,-2.2803024135196885,0.062273976778277645
GTEX-ZXG5-0126-SM-5GIEU.1,SKIN,64.5,6.9,1058.0,-0.5013371857193794,-0.11753385096935864
GTEX-ZXG5-0326-SM-5GICH.1,MUSCLE,64.5,6.2,1075.0,0.5795890370606943,-0.004733831533781061
GTEX-ZXG5-0626-SM-5NQ85.1,HEART,64.5,6.4,1173.0,-1.9353373682456136,-0.06514883126462502
GTEX-ZXG5-2126-SM-59HKD.1,SKIN,64.5,7.3,1266.0,-0.9604164950540536,-0.08842175096173989
GTEX-ZY6K-1426-SM-5GZX2.1,SKIN,54.5,8.2,199.0,-1.551214498868072,-0.13458207352175527
GTEX-ZY6K-1826-SM-5GZXK.1,SKIN,54.5,7.0,268.0,-1.9992016129008092,-0.07393874175404479
GTEX-ZY6K-2026-SM-5GZXQ.1,MUSCLE,54.5,8.3,262.0,1.4502567533835269,0.04102874617544653
GTEX-ZYFC-0226-SM-5NQ75.1,SKIN,54.5,7.6,1321.0,-0.5875762760893203,-0.13553136211012795
GTEX-ZYFC-0426-SM-5GICQ.1,SKIN,54.5,7.7,1325.0,-0.6256854876207956,-0.06827986127682506
GTEX-ZYFC-0526-SM-5GIDF.1,MUSCLE,54.5,8.1,1358.0,-0.3370536831248131,-0.04854630698610033
GTEX-ZYFC-1026-SM-5GZX9.1,HEART,54.5,7.5,1399.0,1.8232708732481009,0.08065125539701543
GTEX-ZYFC-1126-SM-5E44W.1,HEART,54.5,6.5,1401.0,-0.675546096354602,0.011342686860084368
GTEX-ZYFD-0126-SM-5GIDL.1,SKIN,54.5,8.2,525.0,-0.8057687565630686,0.07707985877597927
GTEX-ZYFD-0326-SM-5NQ8I.1,MUSCLE,54.5,8.0,532.0,-0.7359605598824792,0.26131376279305596
GTEX-ZYFD-0626-SM-5E44E.1,SKIN,54.5,6.9,579.0,-0.6147084780166614,0.05080219173424122
GTEX-ZYFD-2026-SM-5E459.1,HEART,54.5,8.1,639.0,1.112687294731909,0.37589063728091116
GTEX-ZYFD-2926-SM-5GID9.1,BRAIN,54.5,6.5,683.0,0.5581508125130282,-0.06883448658470874
GTEX-ZYFD-3026-SM-5E44C.1,BRAIN,54.5,6.7,684.0,0.4347166924632069,0.023253981046601507
GTEX-ZYFG-0426-SM-5E43M.1,HEART,64.5,8.7,55.0,-0.4093256291953724,-0.10772544919149919
GTEX-ZYFG-0526-SM-5GZXX.1,HEART,64.5,8.6,57.0,-0.7452379595714981,-0.024995961707340777
GTEX-ZYFG-1526-SM-5GZYM.1,SKIN,64.5,6.2,100.0,-1.813892659068323,0.038901426817229585
GTEX-ZYFG-2326-SM-5E44B.1,SKIN,64.5,5.9,147.0,-3.162026725091046,0.010350986896247036
GTEX-ZYFG-2426-SM-5GIE8.1,MUSCLE,64.5,8.6,149.0,-0.8286203742288738,0.021567345282516102
GTEX-ZYT6-0226-SM-5NQ6T.1,SKIN,34.5,8.3,1402.0,-0.0618243278901708,-0.07729762039592221
GTEX-ZYT6-0626-SM-5E45V.1,LIVER,34.5,6.6,1412.0,0.0035630320185719,0.013365451426503742
GTEX-ZYT6-0926-SM-5GIEM.1,HEART,34.5,7.2,1414.0,0.997091506880474,0.028623808522019765
GTEX-ZYT6-1626-SM-5E45R.1,MUSCLE,34.5,7.9,1424.0,-1.1038739086244531,-0.08295107401272328
GTEX-ZYT6-1726-SM-5E44P.1,HEART,34.5,7.5,1424.0,-3.718563075685456,0.061671409425474784
GTEX-ZYT6-2326-SM-5GZY3.1,SKIN,34.5,7.2,1430.0,0.5325524784409683,-0.21206726136649368
GTEX-ZYVF-0626-SM-5E43Q.1,MUSCLE,54.5,6.9,631.0,0.5739709012224579,-0.05530501667537385
GTEX-ZYVF-0926-SM-5E44J.1,SKIN,54.5,7.1,637.0,-0.4633596522884965,-0.14253242710325106
GTEX-ZYVF-1826-SM-5E44F.1,HEART,54.5,6.3,676.0,0.3177893218240683,0.02212824483967085
GTEX-ZYW4-0126-SM-5E44A.1,SKIN,64.5,7.4,745.0,-0.1838287419859329,0.01600642579820448
GTEX-ZYW4-0526-SM-5GZZ5.1,MUSCLE,64.5,8.5,759.0,0.0233069335342896,0.25172978054189543
GTEX-ZYW4-0626-SM-59HJR.1,SKIN,64.5,7.2,763.0,1.02015377703707,-0.04055475751559927
GTEX-ZYW4-0926-SM-59HJS.1,HEART,64.5,5.9,780.0,-1.3170587953699182,0.016451182918473584
GTEX-ZYW4-1026-SM-5SI8W.1,HEART,64.5,6.8,782.0,0.7457719928696274,0.001088081616413543
GTEX-ZYWO-0526-SM-5E45I.1,HEART,44.5,8.3,81.0,0.0053711560186885,0.10269026987175953
GTEX-ZYWO-0626-SM-5E45K.1,HEART,44.5,8.6,83.0,0.4982267772351873,-0.0036941585874089617
GTEX-ZYWO-2226-SM-5GZXR.1,SKIN,44.5,8.0,163.0,-0.8384172022362252,-0.12296041752068337
GTEX-ZYWO-2626-SM-5E43V.1,MUSCLE,44.5,7.9,189.0,-0.8687726205450199,-0.04577005249515784
GTEX-ZYY3-0126-SM-5GZY5.1,SKIN,64.5,6.6,484.0,0.2153814691981062,-0.11533613834538188
GTEX-ZYY3-0526-SM-5E45G.1,MUSCLE,64.5,8.4,491.0,-0.0848148920961384,-0.05961743734681711
GTEX-ZYY3-0626-SM-5NQ6W.1,LIVER,64.5,5.7,497.0,0.6242630854489993,-0.04034655729905599
GTEX-ZYY3-2926-SM-5GIEB.1,SKIN,64.5,6.0,541.0,-0.9776213714451448,-0.036949518508442955
GTEX-ZYY3-3026-SM-5GIEJ.1,BRAIN,64.5,5.9,545.0,0.8082948206375083,-0.09937009828603778
GTEX-ZYY3-3126-SM-5SI9L.1,BRAIN,64.5,6.8,547.0,0.241982507909951,-0.11375785512572524
GTEX-ZZ64-1026-SM-5GZXG.1,SKIN,24.5,8.3,195.0,-0.5003823747571811,-0.04779615312715497
GTEX-ZZ64-1526-SM-5E43K.1,MUSCLE,24.5,7.2,230.0,-0.3751427985737852,0.05469334989493347
GTEX-ZZ64-1726-SM-5GZYB.1,SKIN,24.5,8.0,236.0,-0.6311930430554655,-0.1323096259873399
GTEX-ZZPT-0226-SM-5E43X.1,SKIN,54.5,7.2,1094.0,-1.035787229440221,-0.1367835208293756
GTEX-ZZPT-0626-SM-5GZXT.1,MUSCLE,54.5,7.0,1125.0,1.0239578480781395,-0.13034927092949733
GTEX-ZZPT-0926-SM-5GICZ.1,HEART,54.5,5.8,1145.0,0.2134402236723958,-0.003065086283976714
GTEX-ZZPT-2926-SM-5EQ5S.1,BRAIN,54.5,6.8,1198.0,0.2587611117422029,-0.1479048918387908
GTEX-ZZPT-3026-SM-5GZXH.1,BRAIN,54.5,6.2,1200.0,-0.5364824405787172,0.015336758185749026
GTEX-ZZPU-0426-SM-5GZYH.1,LIVER,54.5,7.8,192.0,0.7404216804741675,-0.025584894920109874
GTEX-ZZPU-0826-SM-5GZX5.1,SKIN,54.5,7.2,202.0,-1.2491588761542376,0.05233570547444244
GTEX-ZZPU-0926-SM-5GZYT.1,HEART,54.5,8.7,204.0,0.4058856266251482,-0.08982864447521316
GTEX-ZZPU-1126-SM-5N9CW.1,HEART,54.5,8.6,208.0,0.6587700489676376,0.04214228240430035
GTEX-ZZPU-2626-SM-5E45Y.1,MUSCLE,54.5,8.5,248.0,-0.4946364967767148,-0.007466380670166467
